ISO-10303-21;
HEADER;
FILE_DESCRIPTION (( 'STEP AP214' ),
    '1' );
FILE_NAME ('ACCKIS2012NLD6.STEP',
    '2025-04-03T15:38:12',
    ( '' ),
    ( '' ),
    'SwSTEP 2.0',
    'SolidWorks 2024',
    '' );
FILE_SCHEMA (( 'AUTOMOTIVE_DESIGN' ));
ENDSEC;

DATA;
#1 = ADVANCED_FACE ( 'NONE', ( #3230 ), #4555, .F. ) ;
#2 = CARTESIAN_POINT ( 'NONE',  ( 3.847763700412489829, -2.952492930692300011, -1.513876697314419983 ) ) ;
#3 = ORIENTED_EDGE ( 'NONE', *, *, #2574, .F. ) ;
#4 =( NAMED_UNIT ( * ) PLANE_ANGLE_UNIT ( ) SI_UNIT ( $, .RADIAN. ) );
#5 = PRESENTATION_LAYER_ASSIGNMENT (  '', '', ( #3601 ) ) ;
#6 = CARTESIAN_POINT ( 'NONE',  ( -7.415483163629600583, -0.1671054223428529995, 37.78887821575370509 ) ) ;
#7 = CARTESIAN_POINT ( 'NONE',  ( -10.00000000000000000, 0.000000000000000000, 33.03887821575369799 ) ) ;
#8 = DIRECTION ( 'NONE',  ( 0.000000000000000000, 0.000000000000000000, -1.000000000000000000 ) ) ;
#9 = AXIS2_PLACEMENT_3D ( 'NONE', #2014, #4155, #2042 ) ;
#10 = EDGE_LOOP ( 'NONE', ( #1117, #5253, #350, #3316 ) ) ;
#11 = CARTESIAN_POINT ( 'NONE',  ( -4.493179676378881382, 5.901599742264560966, 44.44273301383612562 ) ) ;
#12 = SURFACE_STYLE_FILL_AREA ( #2148 ) ;
#13 = EDGE_CURVE ( 'NONE', #3197, #741, #1977, .T. ) ;
#14 = ORIENTED_EDGE ( 'NONE', *, *, #1025, .F. ) ;
#15 = UNCERTAINTY_MEASURE_WITH_UNIT (LENGTH_MEASURE( 1.000000000000000082E-05 ), #89, 'distance_accuracy_value', 'NONE');
#16 = LINE ( 'NONE', #3895, #4772 ) ;
#17 = CARTESIAN_POINT ( 'NONE',  ( -4.808507577662980204, -0.6330520322672440470, -1.513876697314419983 ) ) ;
#18 = ADVANCED_FACE ( 'NONE', ( #4879 ), #3710, .T. ) ;
#19 = FILL_AREA_STYLE ('',( #3079 ) ) ;
#20 = SURFACE_SIDE_STYLE ('',( #3872 ) ) ;
#21 = DIRECTION ( 'NONE',  ( 0.000000000000000000, 0.000000000000000000, 1.000000000000000000 ) ) ;
#22 = CARTESIAN_POINT ( 'NONE',  ( 2.743122632985812270, -1.216512258352758113, 14.66953856047497418 ) ) ;
#23 = VECTOR ( 'NONE', #437, 1000.000000000000000 ) ;
#24 = VECTOR ( 'NONE', #158, 1000.000000000000114 ) ;
#25 = SURFACE_STYLE_FILL_AREA ( #2137 ) ;
#26 = UNCERTAINTY_MEASURE_WITH_UNIT (LENGTH_MEASURE( 1.000000000000000082E-05 ), #2267, 'distance_accuracy_value', 'NONE');
#27 = VECTOR ( 'NONE', #5460, 1000.000000000000114 ) ;
#28 =( LENGTH_UNIT ( ) NAMED_UNIT ( * ) SI_UNIT ( .MILLI., .METRE. ) );
#29 = STYLED_ITEM ( 'NONE', ( #4010 ), #616 ) ;
#30 = CARTESIAN_POINT ( 'NONE',  ( 0.6330520322672490430, -4.808507577662980204, 10.80000000000000071 ) ) ;
#31 = EDGE_CURVE ( 'NONE', #3682, #1749, #3101, .T. ) ;
#32 = ORIENTED_EDGE ( 'NONE', *, *, #2852, .T. ) ;
#33 = B_SPLINE_CURVE_WITH_KNOTS ( 'NONE', 3,
 ( #627, #1408, #984, #1905, #4957, #2699, #2337, #5286 ),
 .UNSPECIFIED., .F., .F.,
 ( 4, 2, 2, 4 ),
 ( 0.001991178749145622404, 0.002488314323394562582, 0.002985449897643502326, 0.003979721046141377477 ),
 .UNSPECIFIED. ) ;
#34 = CARTESIAN_POINT ( 'NONE',  ( -2.204253788831489924, 3.817879555032340111, 19.00000000000000000 ) ) ;
#35 =( GEOMETRIC_REPRESENTATION_CONTEXT ( 3 ) GLOBAL_UNCERTAINTY_ASSIGNED_CONTEXT ( ( #5194 ) ) GLOBAL_UNIT_ASSIGNED_CONTEXT ( ( #3359, #1299, #1770 ) ) REPRESENTATION_CONTEXT ( 'NONE', 'WORKASPACE' ) );
#36 = CARTESIAN_POINT ( 'NONE',  ( 0.6330520322672510414, 4.808507577662980204, -1.513876697314419983 ) ) ;
#37 = DIRECTION ( 'NONE',  ( 0.000000000000000000, 0.000000000000000000, -1.000000000000000000 ) ) ;
#38 = DIRECTION ( 'NONE',  ( -0.4650407975841799324, -0.8852892502353508775, 0.000000000000000000 ) ) ;
#39 = MECHANICAL_DESIGN_GEOMETRIC_PRESENTATION_REPRESENTATION (  '', ( #4883 ), #3640 ) ;
#40 = VECTOR ( 'NONE', #5391, 1000.000000000000000 ) ;
#41 = ORIENTED_EDGE ( 'NONE', *, *, #2258, .F. ) ;
#42 = DIRECTION ( 'NONE',  ( 0.9510565162951488682, 0.000000000000000000, -0.3090169943749619397 ) ) ;
#43 = DIRECTION ( 'NONE',  ( 0.9754851657028645873, 0.2200651982791798911, 0.000000000000000000 ) ) ;
#44 = SURFACE_SIDE_STYLE ('',( #3890 ) ) ;
#45 = VERTEX_POINT ( 'NONE', #2674 ) ;
#46 =( GEOMETRIC_REPRESENTATION_CONTEXT ( 3 ) GLOBAL_UNCERTAINTY_ASSIGNED_CONTEXT ( ( #1105 ) ) GLOBAL_UNIT_ASSIGNED_CONTEXT ( ( #4836, #3674, #4382 ) ) REPRESENTATION_CONTEXT ( 'NONE', 'WORKASPACE' ) );
#47 = VECTOR ( 'NONE', #1450, 1000.000000000000000 ) ;
#48 = VERTEX_POINT ( 'NONE', #1822 ) ;
#49 = CARTESIAN_POINT ( 'NONE',  ( 7.664644660940670207, -0.3499999999999999778, 36.46712677362649657 ) ) ;
#50 = STYLED_ITEM ( 'NONE', ( #2859 ), #808 ) ;
#51 = PRESENTATION_STYLE_ASSIGNMENT (( #3896 ) ) ;
#52 = SURFACE_STYLE_USAGE ( .BOTH. , #5188 ) ;
#53 = CIRCLE ( 'NONE', #3196, 5.580736889921710464 ) ;
#54 = FACE_OUTER_BOUND ( 'NONE', #556, .T. ) ;
#55 = STYLED_ITEM ( 'NONE', ( #1916 ), #3002 ) ;
#56 = AXIS2_PLACEMENT_3D ( 'NONE', #3244, #5341, #260 ) ;
#57 = FACE_OUTER_BOUND ( 'NONE', #371, .T. ) ;
#58 = FILL_AREA_STYLE_COLOUR ( '', #2806 ) ;
#59 = STYLED_ITEM ( 'NONE', ( #527 ), #1675 ) ;
#60 = EDGE_CURVE ( 'NONE', #1519, #1359, #3045, .T. ) ;
#61 = STYLED_ITEM ( 'NONE', ( #4624 ), #4724 ) ;
#62 = DIRECTION ( 'NONE',  ( -1.000000000000000000, 0.000000000000000000, 0.000000000000000000 ) ) ;
#63 = DIRECTION ( 'NONE',  ( 1.000000000000000000, 0.000000000000000000, 0.000000000000000000 ) ) ;
#64 = FILL_AREA_STYLE_COLOUR ( '', #1731 ) ;
#65 = COLOUR_RGB ( '',0.8000000000000000444, 0.6627450980392156632, 0.3176470588235293935 ) ;
#66 = DIRECTION ( 'NONE',  ( 0.000000000000000000, 0.000000000000000000, 1.000000000000000000 ) ) ;
#67 = DIRECTION ( 'NONE',  ( 0.000000000000000000, 0.000000000000000000, 1.000000000000000000 ) ) ;
#68 = EDGE_LOOP ( 'NONE', ( #4019, #4446, #4755, #1636, #4180, #1102 ) ) ;
#69 = FACE_OUTER_BOUND ( 'NONE', #2227, .T. ) ;
#70 = EDGE_CURVE ( 'NONE', #3923, #2356, #871, .T. ) ;
#71 = PLANE ( 'NONE',  #194 ) ;
#72 = CARTESIAN_POINT ( 'NONE',  ( 0.000000000000000000, 0.000000000000000000, 44.93887821575369657 ) ) ;
#73 = ORIENTED_EDGE ( 'NONE', *, *, #415, .F. ) ;
#74 = CARTESIAN_POINT ( 'NONE',  ( -2.952492930692289796, 3.847763700412489829, -1.513876697314419983 ) ) ;
#75 = VERTEX_POINT ( 'NONE', #4312 ) ;
#76 = EDGE_LOOP ( 'NONE', ( #5468, #3333, #3734, #4594 ) ) ;
#77 =( LENGTH_UNIT ( ) NAMED_UNIT ( * ) SI_UNIT ( .MILLI., .METRE. ) );
#78 = CARTESIAN_POINT ( 'NONE',  ( 4.549988879738669389, 0.2239125645170751966, 13.75000000000000000 ) ) ;
#79 = LINE ( 'NONE', #2988, #3469 ) ;
#80 = PRODUCT_DEFINITION_SHAPE ( 'NONE', 'NONE',  #1908 ) ;
#81 = EDGE_CURVE ( 'NONE', #621, #2926, #4823, .T. ) ;
#82 = CARTESIAN_POINT ( 'NONE',  ( -4.480815732679739760, -1.856014646970679971, -1.513876697314419983 ) ) ;
#83 =( NAMED_UNIT ( * ) SI_UNIT ( $, .STERADIAN. ) SOLID_ANGLE_UNIT ( ) );
#84 = FACE_OUTER_BOUND ( 'NONE', #2084, .T. ) ;
#85 = CARTESIAN_POINT ( 'NONE',  ( -4.850000000000000533, 0.000000000000000000, 43.03887821575369799 ) ) ;
#86 = EDGE_CURVE ( 'NONE', #3415, #258, #315, .T. ) ;
#87 = UNCERTAINTY_MEASURE_WITH_UNIT (LENGTH_MEASURE( 1.000000000000000082E-05 ), #3099, 'distance_accuracy_value', 'NONE');
#88 = LINE ( 'NONE', #1784, #5227 ) ;
#89 =( LENGTH_UNIT ( ) NAMED_UNIT ( * ) SI_UNIT ( .MILLI., .METRE. ) );
#90 = VERTEX_POINT ( 'NONE', #1015 ) ;
#91 = CARTESIAN_POINT ( 'NONE',  ( 6.680798550640680844, 3.218123875153366509, 44.44273301383612562 ) ) ;
#92 = STYLED_ITEM ( 'NONE', ( #151 ), #376 ) ;
#93 = CARTESIAN_POINT ( 'NONE',  ( -4.258291324655739452, -1.141005721577959875, -1.513876697314419983 ) ) ;
#94 = DIRECTION ( 'NONE',  ( 0.000000000000000000, 0.000000000000000000, -1.000000000000000000 ) ) ;
#95 = CARTESIAN_POINT ( 'NONE',  ( -3.580282145367365665, 7.432636124523065213, 44.17158205686133954 ) ) ;
#96 = FILL_AREA_STYLE_COLOUR ( '', #3794 ) ;
#97 = EDGE_CURVE ( 'NONE', #3037, #4135, #1500, .T. ) ;
#98 = ORIENTED_EDGE ( 'NONE', *, *, #886, .F. ) ;
#99 = DIRECTION ( 'NONE',  ( 0.000000000000000000, 0.000000000000000000, -1.000000000000000000 ) ) ;
#100 = MECHANICAL_DESIGN_GEOMETRIC_PRESENTATION_REPRESENTATION (  '', ( #1785 ), #546 ) ;
#101 = EDGE_LOOP ( 'NONE', ( #4333, #1186, #1594, #894, #2039, #1384 ) ) ;
#102 = ORIENTED_EDGE ( 'NONE', *, *, #4262, .T. ) ;
#103 = DIRECTION ( 'NONE',  ( -0.8453817696217517108, -0.5341625816090038725, 0.000000000000000000 ) ) ;
#104 = SURFACE_STYLE_FILL_AREA ( #571 ) ;
#105 = CARTESIAN_POINT ( 'NONE',  ( -1.141005721577959875, 4.258291324655729682, 19.00000000000000000 ) ) ;
#106 = STYLED_ITEM ( 'NONE', ( #905 ), #3422 ) ;
#107 = SURFACE_STYLE_FILL_AREA ( #3075 ) ;
#108 = EDGE_CURVE ( 'NONE', #3969, #818, #1465, .T. ) ;
#109 = CIRCLE ( 'NONE', #1984, 3.000000000000000000 ) ;
#110 = ADVANCED_FACE ( 'NONE', ( #3223 ), #1080, .T. ) ;
#111 = B_SPLINE_CURVE_WITH_KNOTS ( 'NONE', 3,
 ( #4106, #1521, #3217, #1429, #3180, #2272, #5337, #623, #4895, #2725, #3986, #1938, #3574, #1849, #4013, #1545, #1044, #2333, #4043, #3672, #203, #979 ),
 .UNSPECIFIED., .F., .F.,
 ( 4, 2, 2, 2, 2, 2, 2, 2, 2, 2, 4 ),
 ( 3.674248369872280992E-18, 0.0002471067332572801731, 0.0004942134665145566600, 0.0009884269330291096337, 0.001482640399543662607, 0.001976853866058215364, 0.002223960599315491851, 0.002471067332572768338, 0.002965280799087326082, 0.003459494265601883393, 0.003953707732116441137 ),
 .UNSPECIFIED. ) ;
#112 = CARTESIAN_POINT ( 'NONE',  ( 0.6330520322672419375, -4.808507577662980204, -1.513876697314419983 ) ) ;
#113 = FACE_OUTER_BOUND ( 'NONE', #4517, .T. ) ;
#114 = DIRECTION ( 'NONE',  ( 0.000000000000000000, 0.000000000000000000, -1.000000000000000000 ) ) ;
#115 = LINE ( 'NONE', #3143, #4717 ) ;
#116 = CARTESIAN_POINT ( 'NONE',  ( 62.88314465327709968, -3.913326676722159714E-15, 16.25000000000000000 ) ) ;
#117 = CARTESIAN_POINT ( 'NONE',  ( -6.124993655072850096, 5.147291383062526648, 44.25347630657346087 ) ) ;
#118 = SURFACE_STYLE_USAGE ( .BOTH. , #1871 ) ;
#119 = ORIENTED_EDGE ( 'NONE', *, *, #508, .F. ) ;
#120 = LINE ( 'NONE', #3489, #2589 ) ;
#121 =( NAMED_UNIT ( * ) SI_UNIT ( $, .STERADIAN. ) SOLID_ANGLE_UNIT ( ) );
#122 = DIRECTION ( 'NONE',  ( -1.000000000000000000, 0.000000000000000000, 0.000000000000000000 ) ) ;
#123 = LINE ( 'NONE', #598, #2015 ) ;
#124 = CARTESIAN_POINT ( 'NONE',  ( 0.000000000000000000, 0.000000000000000000, 44.17158205686130401 ) ) ;
#125 = EDGE_CURVE ( 'NONE', #3387, #352, #4115, .T. ) ;
#126 = ORIENTED_EDGE ( 'NONE', *, *, #3572, .F. ) ;
#127 = DIRECTION ( 'NONE',  ( -1.000000000000000000, 0.000000000000000000, 0.000000000000000000 ) ) ;
#128 = MECHANICAL_DESIGN_GEOMETRIC_PRESENTATION_REPRESENTATION (  '', ( #5231 ), #4531 ) ;
#129 = ORIENTED_EDGE ( 'NONE', *, *, #516, .F. ) ;
#130 = VERTEX_POINT ( 'NONE', #4084 ) ;
#131 = CARTESIAN_POINT ( 'NONE',  ( -4.808507577662980204, 0.6330520322672500422, -1.513876697314419983 ) ) ;
#132 = DIRECTION ( 'NONE',  ( 1.000000000000000000, 1.227404181354499827E-33, 9.637352644315582917E-16 ) ) ;
#133 = VECTOR ( 'NONE', #5499, 1000.000000000000000 ) ;
#134 = SURFACE_SIDE_STYLE ('',( #1509 ) ) ;
#135 = PRESENTATION_LAYER_ASSIGNMENT (  '', '', ( #2185 ) ) ;
#136 = VECTOR ( 'NONE', #2222, 1000.000000000000114 ) ;
#137 = CARTESIAN_POINT ( 'NONE',  ( -4.258291324655729682, 1.141005721577959875, -1.513876697314419983 ) ) ;
#138 =( NAMED_UNIT ( * ) SI_UNIT ( $, .STERADIAN. ) SOLID_ANGLE_UNIT ( ) );
#139 = MECHANICAL_DESIGN_GEOMETRIC_PRESENTATION_REPRESENTATION (  '', ( #3902 ), #1826 ) ;
#140 = FILL_AREA_STYLE ('',( #4299 ) ) ;
#141 = DIRECTION ( 'NONE',  ( -0.9992033791931823616, 0.03990748061360611942, 0.000000000000000000 ) ) ;
#142 =( BOUNDED_CURVE ( )  B_SPLINE_CURVE ( 3, ( #3558, #5322, #3619, #1474 ),
 .UNSPECIFIED., .F., .T. ) 
 B_SPLINE_CURVE_WITH_KNOTS ( ( 4, 4 ),
 ( 5.243442014250409677, 5.862488473087475782 ),
 .UNSPECIFIED. ) 
 CURVE ( )  GEOMETRIC_REPRESENTATION_ITEM ( )  RATIONAL_B_SPLINE_CURVE ( ( 1.000000000000000000, 0.9683192697507486679, 0.9683192697507486679, 1.000000000000000000 ) ) 
 REPRESENTATION_ITEM ( '' )  );
#143 = AXIS2_PLACEMENT_3D ( 'NONE', #3490, #94, #4415 ) ;
#144 = CARTESIAN_POINT ( 'NONE',  ( -4.480815732679739760, -1.856014646970679971, 19.00000000000000000 ) ) ;
#145 = FILL_AREA_STYLE ('',( #199 ) ) ;
#146 = UNCERTAINTY_MEASURE_WITH_UNIT (LENGTH_MEASURE( 1.000000000000000082E-05 ), #3685, 'distance_accuracy_value', 'NONE');
#147 = CARTESIAN_POINT ( 'NONE',  ( 3.847763700412500043, 2.952492930692289796, -1.513876697314419983 ) ) ;
#148 = CARTESIAN_POINT ( 'NONE',  ( 0.000000000000000000, 0.000000000000000000, 86.48696279987521507 ) ) ;
#149 = ORIENTED_EDGE ( 'NONE', *, *, #2398, .T. ) ;
#150 = ADVANCED_FACE ( 'NONE', ( #5402 ), #1554, .T. ) ;
#151 = PRESENTATION_STYLE_ASSIGNMENT (( #4756 ) ) ;
#152 = ORIENTED_EDGE ( 'NONE', *, *, #3115, .F. ) ;
#153 = FILL_AREA_STYLE_COLOUR ( '', #5518 ) ;
#154 = VECTOR ( 'NONE', #4459, 1000.000000000000114 ) ;
#155 = MECHANICAL_DESIGN_GEOMETRIC_PRESENTATION_REPRESENTATION (  '', ( #1664 ), #2748 ) ;
#156 = UNCERTAINTY_MEASURE_WITH_UNIT (LENGTH_MEASURE( 1.000000000000000082E-05 ), #1603, 'distance_accuracy_value', 'NONE');
#157 = FILL_AREA_STYLE_COLOUR ( '', #3645 ) ;
#158 = DIRECTION ( 'NONE',  ( 0.9992033791931826947, 0.03990748061359829929, 0.000000000000000000 ) ) ;
#159 = FILL_AREA_STYLE_COLOUR ( '', #1091 ) ;
#160 = VERTEX_POINT ( 'NONE', #2453 ) ;
#161 = PRESENTATION_STYLE_ASSIGNMENT (( #630 ) ) ;
#162 = ORIENTED_EDGE ( 'NONE', *, *, #3288, .F. ) ;
#163 = ORIENTED_EDGE ( 'NONE', *, *, #903, .T. ) ;
#164 = DIRECTION ( 'NONE',  ( 0.5341625816090030954, -0.8453817696217521549, 0.000000000000000000 ) ) ;
#165 =( NAMED_UNIT ( * ) SI_UNIT ( $, .STERADIAN. ) SOLID_ANGLE_UNIT ( ) );
#166 =( NAMED_UNIT ( * ) PLANE_ANGLE_UNIT ( ) SI_UNIT ( $, .RADIAN. ) );
#167 = CARTESIAN_POINT ( 'NONE',  ( 2.316397117755299995, 10.15463411082389911, 36.58887821575369514 ) ) ;
#168 = EDGE_CURVE ( 'NONE', #3311, #4258, #1697, .T. ) ;
#169 =( LENGTH_UNIT ( ) NAMED_UNIT ( * ) SI_UNIT ( .MILLI., .METRE. ) );
#170 = CARTESIAN_POINT ( 'NONE',  ( 4.374256614262373333, 1.033947821405566625, 14.25021981857142706 ) ) ;
#171 = FACE_OUTER_BOUND ( 'NONE', #2032, .T. ) ;
#172 = FILL_AREA_STYLE ('',( #1487 ) ) ;
#173 = DIRECTION ( 'NONE',  ( 0.4650407975841740482, -0.8852892502353540971, 0.000000000000000000 ) ) ;
#174 = DIRECTION ( 'NONE',  ( 1.000000000000000000, 0.000000000000000000, 0.000000000000000000 ) ) ;
#175 = CARTESIAN_POINT ( 'NONE',  ( 4.480815732679739760, -1.856014646970690185, 10.80000000000000071 ) ) ;
#176 = EDGE_CURVE ( 'NONE', #1138, #794, #1169, .T. ) ;
#177 = VERTEX_POINT ( 'NONE', #2423 ) ;
#178 = ORIENTED_EDGE ( 'NONE', *, *, #1099, .T. ) ;
#179 =( NAMED_UNIT ( * ) PLANE_ANGLE_UNIT ( ) SI_UNIT ( $, .RADIAN. ) );
#180 = B_SPLINE_CURVE_WITH_KNOTS ( 'NONE', 3,
 ( #2575, #416, #444, #4779, #1347, #2139, #2112, #4304, #2633, #1734, #3057, #4754, #3830, #3878, #3939, #3385, #3408, #5096, #2217, #3461 ),
 .UNSPECIFIED., .F., .F.,
 ( 4, 2, 2, 2, 2, 2, 2, 2, 2, 4 ),
 ( 0.003924695309851972819, 0.004415149513246565197, 0.004905603716641157575, 0.005396057920035749952, 0.005886512123430342330, 0.006131739225127628978, 0.006376966326824915626, 0.006867420530219487187, 0.007357874733614058749, 0.007848328937008630310 ),
 .UNSPECIFIED. ) ;
#181 = FILL_AREA_STYLE_COLOUR ( '', #1254 ) ;
#182 = ORIENTED_EDGE ( 'NONE', *, *, #4006, .T. ) ;
#183 = CARTESIAN_POINT ( 'NONE',  ( -7.620015509216954364, 1.090854170987478833, 38.40725165405926589 ) ) ;
#184 = DIRECTION ( 'NONE',  ( 0.000000000000000000, 0.000000000000000000, -1.000000000000000000 ) ) ;
#185 = DIRECTION ( 'NONE',  ( -0.9548275336531450996, -0.2971605306527970169, 0.000000000000000000 ) ) ;
#186 = ORIENTED_EDGE ( 'NONE', *, *, #86, .T. ) ;
#187 = ORIENTED_EDGE ( 'NONE', *, *, #608, .F. ) ;
#188 = DIRECTION ( 'NONE',  ( -1.000000000000000000, 0.000000000000000000, 0.000000000000000000 ) ) ;
#189 =( NAMED_UNIT ( * ) PLANE_ANGLE_UNIT ( ) SI_UNIT ( $, .RADIAN. ) );
#190 = CARTESIAN_POINT ( 'NONE',  ( 0.000000000000000000, 0.000000000000000000, 36.58887821575369514 ) ) ;
#191 = CARTESIAN_POINT ( 'NONE',  ( -1.141005721577959875, -4.258291324655739452, 19.00000000000000000 ) ) ;
#192 = CARTESIAN_POINT ( 'NONE',  ( 0.000000000000000000, 0.000000000000000000, 44.93887821575369657 ) ) ;
#193 =( NAMED_UNIT ( * ) SI_UNIT ( $, .STERADIAN. ) SOLID_ANGLE_UNIT ( ) );
#194 = AXIS2_PLACEMENT_3D ( 'NONE', #2556, #4287, #868 ) ;
#195 = EDGE_CURVE ( 'NONE', #1682, #4936, #1613, .T. ) ;
#196 = PRESENTATION_LAYER_ASSIGNMENT (  '', '', ( #4603 ) ) ;
#197 = CARTESIAN_POINT ( 'NONE',  ( 0.6330520322672490430, -4.808507577662980204, 19.00000000000000000 ) ) ;
#198 = CARTESIAN_POINT ( 'NONE',  ( 2.677286178575209488E-16, 4.408507577662979848, -1.513876697314419983 ) ) ;
#199 = FILL_AREA_STYLE_COLOUR ( '', #922 ) ;
#200 = FILL_AREA_STYLE ('',( #1575 ) ) ;
#201 = LINE ( 'NONE', #2753, #2812 ) ;
#202 = ORIENTED_EDGE ( 'NONE', *, *, #2804, .T. ) ;
#203 = CARTESIAN_POINT ( 'NONE',  ( 3.000000000000000444, 0.1647367891277265184, 16.25000000000000355 ) ) ;
#204 = ORIENTED_EDGE ( 'NONE', *, *, #2919, .T. ) ;
#205 = FACE_OUTER_BOUND ( 'NONE', #5507, .T. ) ;
#206 = UNCERTAINTY_MEASURE_WITH_UNIT (LENGTH_MEASURE( 1.000000000000000082E-05 ), #2593, 'distance_accuracy_value', 'NONE');
#207 = LINE ( 'NONE', #562, #5426 ) ;
#208 = ORIENTED_EDGE ( 'NONE', *, *, #1099, .F. ) ;
#209 = CARTESIAN_POINT ( 'NONE',  ( 9.993873123068949482, 0.3500000000000119682, 34.83887821575369514 ) ) ;
#210 = ORIENTED_EDGE ( 'NONE', *, *, #3184, .F. ) ;
#211 = EDGE_LOOP ( 'NONE', ( #3251, #2425, #3463, #2415 ) ) ;
#212 = AXIS2_PLACEMENT_3D ( 'NONE', #1626, #2395, #1107 ) ;
#213 =( NAMED_UNIT ( * ) PLANE_ANGLE_UNIT ( ) SI_UNIT ( $, .RADIAN. ) );
#214 =( NAMED_UNIT ( * ) PLANE_ANGLE_UNIT ( ) SI_UNIT ( $, .RADIAN. ) );
#215 =( NAMED_UNIT ( * ) SI_UNIT ( $, .STERADIAN. ) SOLID_ANGLE_UNIT ( ) );
#216 = STYLED_ITEM ( 'NONE', ( #708 ), #4320 ) ;
#217 = ORIENTED_EDGE ( 'NONE', *, *, #5075, .F. ) ;
#218 = ORIENTED_EDGE ( 'NONE', *, *, #3465, .F. ) ;
#219 = DIRECTION ( 'NONE',  ( -0.6783246350500610200, 0.7347623353739640706, 0.000000000000000000 ) ) ;
#220 = COLOUR_RGB ( '',0.8000000000000000444, 0.6627450980392156632, 0.3176470588235293935 ) ;
#221 = LINE ( 'NONE', #3702, #501 ) ;
#222 = DIRECTION ( 'NONE',  ( 0.000000000000000000, 0.000000000000000000, 1.000000000000000000 ) ) ;
#223 = VECTOR ( 'NONE', #2546, 1000.000000000000000 ) ;
#224 = VECTOR ( 'NONE', #21, 1000.000000000000000 ) ;
#225 = FILL_AREA_STYLE ('',( #2323 ) ) ;
#226 = CARTESIAN_POINT ( 'NONE',  ( 4.258291324655739452, 1.141005721577950105, 15.51049578188889910 ) ) ;
#227 = AXIS2_PLACEMENT_3D ( 'NONE', #2935, #2531, #2089 ) ;
#228 = CYLINDRICAL_SURFACE ( 'NONE', #3803, 3.000000000000000000 ) ;
#229 =( GEOMETRIC_REPRESENTATION_CONTEXT ( 3 ) GLOBAL_UNCERTAINTY_ASSIGNED_CONTEXT ( ( #1943 ) ) GLOBAL_UNIT_ASSIGNED_CONTEXT ( ( #77, #3894, #3952 ) ) REPRESENTATION_CONTEXT ( 'NONE', 'WORKASPACE' ) );
#230 = ORIENTED_EDGE ( 'NONE', *, *, #4029, .T. ) ;
#231 = VECTOR ( 'NONE', #2779, 1000.000000000000000 ) ;
#232 = ORIENTED_EDGE ( 'NONE', *, *, #3503, .F. ) ;
#233 = CARTESIAN_POINT ( 'NONE',  ( 2.204253788831500138, 3.817879555032330341, 10.80000000000000071 ) ) ;
#234 = CARTESIAN_POINT ( 'NONE',  ( -0.6330520322672480438, 4.808507577662980204, 10.80000000000000071 ) ) ;
#235 = SURFACE_STYLE_USAGE ( .BOTH. , #2873 ) ;
#236 = PLANE ( 'NONE',  #428 ) ;
#237 = ORIENTED_EDGE ( 'NONE', *, *, #4656, .F. ) ;
#238 = CARTESIAN_POINT ( 'NONE',  ( -7.513338121479654852, 0.7693193098766084592, 40.03724983807983051 ) ) ;
#239 = VECTOR ( 'NONE', #3953, 1000.000000000000000 ) ;
#240 = AXIS2_PLACEMENT_3D ( 'NONE', #85, #4375, #63 ) ;
#241 = ORIENTED_EDGE ( 'NONE', *, *, #344, .T. ) ;
#242 = ORIENTED_EDGE ( 'NONE', *, *, #3147, .T. ) ;
#243 = COLOUR_RGB ( '',0.8000000000000000444, 0.6627450980392156632, 0.3176470588235293935 ) ;
#244 =( NAMED_UNIT ( * ) PLANE_ANGLE_UNIT ( ) SI_UNIT ( $, .RADIAN. ) );
#245 =( NAMED_UNIT ( * ) SI_UNIT ( $, .STERADIAN. ) SOLID_ANGLE_UNIT ( ) );
#246 = CARTESIAN_POINT ( 'NONE',  ( -4.480815732679739760, -1.856014646970679971, 10.80000000000000071 ) ) ;
#247 = VERTEX_POINT ( 'NONE', #351 ) ;
#248 = CARTESIAN_POINT ( 'NONE',  ( -2.204253788831489924, 3.817879555032340111, -1.513876697314419983 ) ) ;
#249 = DIRECTION ( 'NONE',  ( 0.000000000000000000, 0.000000000000000000, -1.000000000000000000 ) ) ;
#250 =( NAMED_UNIT ( * ) PLANE_ANGLE_UNIT ( ) SI_UNIT ( $, .RADIAN. ) );
#251 = SURFACE_STYLE_FILL_AREA ( #4435 ) ;
#252 = SURFACE_STYLE_FILL_AREA ( #3982 ) ;
#253 = SURFACE_STYLE_FILL_AREA ( #2866 ) ;
#254 = CARTESIAN_POINT ( 'NONE',  ( -6.899999999999999467, 0.000000000000000000, 86.48696279987521507 ) ) ;
#255 = EDGE_CURVE ( 'NONE', #5018, #4137, #4601, .T. ) ;
#256 = ORIENTED_EDGE ( 'NONE', *, *, #5446, .F. ) ;
#257 = SURFACE_STYLE_USAGE ( .BOTH. , #649 ) ;
#258 = VERTEX_POINT ( 'NONE', #5119 ) ;
#259 =( NAMED_UNIT ( * ) SI_UNIT ( $, .STERADIAN. ) SOLID_ANGLE_UNIT ( ) );
#260 = DIRECTION ( 'NONE',  ( -1.000000000000000000, 0.000000000000000000, 0.000000000000000000 ) ) ;
#261 = UNCERTAINTY_MEASURE_WITH_UNIT (LENGTH_MEASURE( 1.000000000000000082E-05 ), #3017, 'distance_accuracy_value', 'NONE');
#262 = ORIENTED_EDGE ( 'NONE', *, *, #2436, .F. ) ;
#263 = DIRECTION ( 'NONE',  ( 0.000000000000000000, 0.000000000000000000, 1.000000000000000000 ) ) ;
#264 = CARTESIAN_POINT ( 'NONE',  ( -8.043063720601669075, -1.836198787262099952, 36.58887821575369514 ) ) ;
#265 = EDGE_LOOP ( 'NONE', ( #3253, #4951, #1764, #2454, #4261, #542, #1962, #992 ) ) ;
#266 = VERTEX_POINT ( 'NONE', #2975 ) ;
#267 = EDGE_CURVE ( 'NONE', #2310, #2974, #5042, .T. ) ;
#268 = CARTESIAN_POINT ( 'NONE',  ( 5.020736889921710855, 0.3499999999999999778, 44.53887821575379746 ) ) ;
#269 = SURFACE_STYLE_USAGE ( .BOTH. , #5406 ) ;
#270 = FILL_AREA_STYLE ('',( #3741 ) ) ;
#271 = VERTEX_POINT ( 'NONE', #4225 ) ;
#272 = AXIS2_PLACEMENT_3D ( 'NONE', #3604, #4475, #1008 ) ;
#273 = FILL_AREA_STYLE ('',( #4610 ) ) ;
#274 = PLANE ( 'NONE',  #3258 ) ;
#275 = VECTOR ( 'NONE', #3237, 1000.000000000000000 ) ;
#276 = EDGE_CURVE ( 'NONE', #3950, #2348, #4632, .T. ) ;
#277 = AXIS2_PLACEMENT_3D ( 'NONE', #3668, #4008, #5364 ) ;
#278 = CARTESIAN_POINT ( 'NONE',  ( 0.000000000000000000, 0.000000000000000000, 43.03887821575379746 ) ) ;
#279 = PLANE ( 'NONE',  #488 ) ;
#280 = FILL_AREA_STYLE ('',( #4190 ) ) ;
#281 = CARTESIAN_POINT ( 'NONE',  ( 1.141005721577959875, -4.258291324655729682, -1.513876697314419983 ) ) ;
#282 = DIRECTION ( 'NONE',  ( 1.000000000000000000, 0.000000000000000000, 0.000000000000000000 ) ) ;
#283 =( NAMED_UNIT ( * ) PLANE_ANGLE_UNIT ( ) SI_UNIT ( $, .RADIAN. ) );
#284 = VERTEX_POINT ( 'NONE', #769 ) ;
#285 = VERTEX_POINT ( 'NONE', #4251 ) ;
#286 = CARTESIAN_POINT ( 'NONE',  ( -4.408507577662979848, -1.844623531421859995E-15, 19.00000000000000000 ) ) ;
#287 = PRESENTATION_LAYER_ASSIGNMENT (  '', '', ( #996 ) ) ;
#288 = FACE_OUTER_BOUND ( 'NONE', #889, .T. ) ;
#289 = DIRECTION ( 'NONE',  ( 0.000000000000000000, 0.000000000000000000, -1.000000000000000000 ) ) ;
#290 =( NAMED_UNIT ( * ) PLANE_ANGLE_UNIT ( ) SI_UNIT ( $, .RADIAN. ) );
#291 = ORIENTED_EDGE ( 'NONE', *, *, #3115, .T. ) ;
#292 = DIRECTION ( 'NONE',  ( 0.000000000000000000, 0.000000000000000000, -1.000000000000000000 ) ) ;
#293 = ORIENTED_EDGE ( 'NONE', *, *, #1585, .T. ) ;
#294 = EDGE_LOOP ( 'NONE', ( #293, #4202, #2510, #2065 ) ) ;
#295 = CARTESIAN_POINT ( 'NONE',  ( 8.242572413997988789, -0.3500000000000519917, 36.58887821575369514 ) ) ;
#296 = FILL_AREA_STYLE_COLOUR ( '', #4795 ) ;
#297 = CARTESIAN_POINT ( 'NONE',  ( 6.680798550640679956, 3.218123875153366065, 36.58887821575369514 ) ) ;
#298 = EDGE_CURVE ( 'NONE', #5351, #5395, #327, .T. ) ;
#299 = ORIENTED_EDGE ( 'NONE', *, *, #3062, .F. ) ;
#300 = PRESENTATION_LAYER_ASSIGNMENT (  '', '', ( #3188 ) ) ;
#301 = CIRCLE ( 'NONE', #3077, 8.250000000000090594 ) ;
#302 = VERTEX_POINT ( 'NONE', #2953 ) ;
#303 =( NAMED_UNIT ( * ) PLANE_ANGLE_UNIT ( ) SI_UNIT ( $, .RADIAN. ) );
#304 = SURFACE_STYLE_FILL_AREA ( #4153 ) ;
#305 = FACE_OUTER_BOUND ( 'NONE', #3225, .T. ) ;
#306 = EDGE_CURVE ( 'NONE', #177, #3395, #5098, .T. ) ;
#307 = STYLED_ITEM ( 'NONE', ( #1559 ), #3850 ) ;
#308 = CARTESIAN_POINT ( 'NONE',  ( -2.952492930692300011, 3.847763700412489829, 19.00000000000000000 ) ) ;
#309 = LINE ( 'NONE', #2020, #1125 ) ;
#310 = SURFACE_STYLE_USAGE ( .BOTH. , #3716 ) ;
#311 = MECHANICAL_DESIGN_GEOMETRIC_PRESENTATION_REPRESENTATION (  '', ( #2009 ), #676 ) ;
#312 = COLOUR_RGB ( '',0.8000000000000000444, 0.6627450980392156632, 0.3176470588235293935 ) ;
#313 = DIRECTION ( 'NONE',  ( -0.7071067811865489050, 0.000000000000000000, -0.7071067811865460184 ) ) ;
#314 = FACE_OUTER_BOUND ( 'NONE', #3879, .T. ) ;
#315 = B_SPLINE_CURVE_WITH_KNOTS ( 'NONE', 3,
 ( #1746, #3472, #2340, #3193, #2817, #3249, #3613, #4574, #183, #2311, #4548, #1053, #3649, #1879, #4455, #4515, #4987, #238, #603, #4960, #5314, #4020 ),
 .UNSPECIFIED., .F., .F.,
 ( 4, 2, 2, 2, 2, 2, 2, 2, 2, 2, 4 ),
 ( 2.055399694402486185E-19, 0.0002471067332572764869, 0.0004942134665145526485, 0.0009884269330290970570, 0.001482640399543641140, 0.001976853866058185007, 0.002223960599315457590, 0.002471067332572729740, 0.002965280799087293123, 0.003459494265601856938, 0.003953707732116420320 ),
 .UNSPECIFIED. ) ;
#316 = ORIENTED_EDGE ( 'NONE', *, *, #2538, .F. ) ;
#317 = PRESENTATION_STYLE_ASSIGNMENT (( #2443 ) ) ;
#318 = CIRCLE ( 'NONE', #3451, 3.000000000000000000 ) ;
#319 = VECTOR ( 'NONE', #3661, 1000.000000000000000 ) ;
#320 = DIRECTION ( 'NONE',  ( 0.000000000000000000, 0.000000000000000000, -1.000000000000000000 ) ) ;
#321 = UNCERTAINTY_MEASURE_WITH_UNIT (LENGTH_MEASURE( 1.000000000000000082E-05 ), #2955, 'distance_accuracy_value', 'NONE');
#322 = VECTOR ( 'NONE', #2412, 1000.000000000000000 ) ;
#323 = AXIS2_PLACEMENT_3D ( 'NONE', #3416, #2561, #4335 ) ;
#324 = CYLINDRICAL_SURFACE ( 'NONE', #2231, 4.850000000000000533 ) ;
#325 = EDGE_CURVE ( 'NONE', #3130, #522, #4203, .T. ) ;
#326 = VERTEX_POINT ( 'NONE', #2927 ) ;
#327 = LINE ( 'NONE', #5486, #4307 ) ;
#328 = MECHANICAL_DESIGN_GEOMETRIC_PRESENTATION_REPRESENTATION (  '', ( #55 ), #3459 ) ;
#329 = ORIENTED_EDGE ( 'NONE', *, *, #5005, .T. ) ;
#330 = AXIS2_PLACEMENT_3D ( 'NONE', #1011, #2728, #1135 ) ;
#331 = PRESENTATION_LAYER_ASSIGNMENT (  '', '', ( #3551 ) ) ;
#332 = MECHANICAL_DESIGN_GEOMETRIC_PRESENTATION_REPRESENTATION (  '', ( #3749 ), #4996 ) ;
#333 = ORIENTED_EDGE ( 'NONE', *, *, #3288, .T. ) ;
#334 = LINE ( 'NONE', #3342, #4086 ) ;
#335 = VECTOR ( 'NONE', #2766, 1000.000000000000000 ) ;
#336 = DIRECTION ( 'NONE',  ( 0.000000000000000000, 0.000000000000000000, -1.000000000000000000 ) ) ;
#337 = VECTOR ( 'NONE', #5396, 1000.000000000000000 ) ;
#338 =( NAMED_UNIT ( * ) SI_UNIT ( $, .STERADIAN. ) SOLID_ANGLE_UNIT ( ) );
#339 = FILL_AREA_STYLE_COLOUR ( '', #941 ) ;
#340 = SURFACE_STYLE_FILL_AREA ( #2097 ) ;
#341 = ADVANCED_FACE ( 'NONE', ( #393 ), #4681, .F. ) ;
#342 = DIRECTION ( 'NONE',  ( 0.000000000000000000, 0.000000000000000000, 1.000000000000000000 ) ) ;
#343 = CARTESIAN_POINT ( 'NONE',  ( 8.242572413997999448, 0.3499999999999469646, 86.48696279987521507 ) ) ;
#344 = EDGE_CURVE ( 'NONE', #2490, #4473, #120, .T. ) ;
#345 = LINE ( 'NONE', #1676, #224 ) ;
#346 = ORIENTED_EDGE ( 'NONE', *, *, #4906, .F. ) ;
#347 = FILL_AREA_STYLE_COLOUR ( '', #2914 ) ;
#348 = EDGE_CURVE ( 'NONE', #326, #4135, #2642, .T. ) ;
#349 =( NAMED_UNIT ( * ) PLANE_ANGLE_UNIT ( ) SI_UNIT ( $, .RADIAN. ) );
#350 = ORIENTED_EDGE ( 'NONE', *, *, #5137, .F. ) ;
#351 = CARTESIAN_POINT ( 'NONE',  ( -8.043063720601661970, -1.836198787262122156, 44.17158205686133954 ) ) ;
#352 = VERTEX_POINT ( 'NONE', #5198 ) ;
#353 = DIRECTION ( 'NONE',  ( 0.000000000000000000, 0.000000000000000000, 1.000000000000000000 ) ) ;
#354 = ORIENTED_EDGE ( 'NONE', *, *, #1122, .F. ) ;
#355 = DIRECTION ( 'NONE',  ( 0.000000000000000000, 0.000000000000000000, 1.000000000000000000 ) ) ;
#356 = SURFACE_STYLE_FILL_AREA ( #3366 ) ;
#357 = SURFACE_STYLE_FILL_AREA ( #4400 ) ;
#358 = CARTESIAN_POINT ( 'NONE',  ( 3.000000000000000000, -3.760245826828740779E-15, 13.75000000000000000 ) ) ;
#359 = CARTESIAN_POINT ( 'NONE',  ( 4.691787661597250469, 2.260022327643469886, 36.58887821575369514 ) ) ;
#360 = CARTESIAN_POINT ( 'NONE',  ( -7.687108815527038175, 1.290575467709381918, 44.32135513979276453 ) ) ;
#361 =( LENGTH_UNIT ( ) NAMED_UNIT ( * ) SI_UNIT ( .MILLI., .METRE. ) );
#362 = ADVANCED_FACE ( 'NONE', ( #1816, #953 ), #3917, .F. ) ;
#363 = ORIENTED_EDGE ( 'NONE', *, *, #5461, .T. ) ;
#364 = LINE ( 'NONE', #2481, #2924 ) ;
#365 = UNCERTAINTY_MEASURE_WITH_UNIT (LENGTH_MEASURE( 1.000000000000000082E-05 ), #1471, 'distance_accuracy_value', 'NONE');
#366 = VECTOR ( 'NONE', #1257, 1000.000000000000114 ) ;
#367 = CARTESIAN_POINT ( 'NONE',  ( 4.808507577662980204, -0.6330520322672540390, 13.92215718936280133 ) ) ;
#368 = COLOUR_RGB ( '',0.8000000000000000444, 0.6627450980392156632, 0.3176470588235293935 ) ;
#369 = ORIENTED_EDGE ( 'NONE', *, *, #3132, .F. ) ;
#370 = DIRECTION ( 'NONE',  ( 0.9510565162951488682, 0.000000000000000000, -0.3090169943749619397 ) ) ;
#371 = EDGE_LOOP ( 'NONE', ( #5548, #2528, #4088, #4457 ) ) ;
#372 = CARTESIAN_POINT ( 'NONE',  ( 3.817879555032340111, -2.204253788831480154, 10.80000000000000071 ) ) ;
#373 = DIRECTION ( 'NONE',  ( -1.000000000000000000, 0.000000000000000000, 0.000000000000000000 ) ) ;
#374 =( NAMED_UNIT ( * ) SI_UNIT ( $, .STERADIAN. ) SOLID_ANGLE_UNIT ( ) );
#375 = ORIENTED_EDGE ( 'NONE', *, *, #1492, .F. ) ;
#376 = ADVANCED_FACE ( 'NONE', ( #69 ), #3009, .F. ) ;
#377 = ORIENTED_EDGE ( 'NONE', *, *, #5089, .F. ) ;
#378 = CARTESIAN_POINT ( 'NONE',  ( 4.258291324655729682, -1.141005721577959875, 15.51049578188889910 ) ) ;
#379 = FILL_AREA_STYLE ('',( #798 ) ) ;
#380 = SURFACE_SIDE_STYLE ('',( #4213 ) ) ;
#381 = DIRECTION ( 'NONE',  ( 0.000000000000000000, -1.665334536937739741E-16, 1.000000000000000000 ) ) ;
#382 = STYLED_ITEM ( 'NONE', ( #906 ), #1668 ) ;
#383 = CARTESIAN_POINT ( 'NONE',  ( 9.540979117872440597E-15, -8.250000000000000000, 36.58887821575369514 ) ) ;
#384 = DIRECTION ( 'NONE',  ( 0.5341625816090079804, 0.8453817696217489353, 0.000000000000000000 ) ) ;
#385 =( GEOMETRIC_REPRESENTATION_CONTEXT ( 3 ) GLOBAL_UNCERTAINTY_ASSIGNED_CONTEXT ( ( #3509 ) ) GLOBAL_UNIT_ASSIGNED_CONTEXT ( ( #408, #3044, #2565 ) ) REPRESENTATION_CONTEXT ( 'NONE', 'WORKASPACE' ) );
#386 = VECTOR ( 'NONE', #3031, 1000.000000000000000 ) ;
#387 = EDGE_LOOP ( 'NONE', ( #3997, #3260, #2724, #2820, #162, #4355, #4523, #2787, #5041, #2195, #602, #354, #2422, #5012, #4291, #4482, #2760, #923, #1428, #4680, #1614, #2341, #692, #1326, #2875, #3671, #1387, #2877, #3, #3205, #4605, #3722, #928, #3104, #5543, #2530, #4915, #3780, #1171, #1648, #369, #5229, #1882, #5405, #1939, #3553, #4485, #217 ) ) ;
#388 = DIRECTION ( 'NONE',  ( 0.000000000000000000, 0.000000000000000000, -1.000000000000000000 ) ) ;
#389 = CARTESIAN_POINT ( 'NONE',  ( -8.043063720601669075, -1.836198787262099952, 36.58887821575369514 ) ) ;
#390 = VECTOR ( 'NONE', #3576, 1000.000000000000114 ) ;
#391 = ORIENTED_EDGE ( 'NONE', *, *, #1267, .F. ) ;
#392 = VECTOR ( 'NONE', #2477, 1000.000000000000114 ) ;
#393 = FACE_OUTER_BOUND ( 'NONE', #2526, .T. ) ;
#394 = ORIENTED_EDGE ( 'NONE', *, *, #4822, .F. ) ;
#396 = EDGE_CURVE ( 'NONE', #4768, #1821, #111, .T. ) ;
#395 = CARTESIAN_POINT ( 'NONE',  ( -7.669844630298329413, -1.209043735589298230, 39.36672252633074010 ) ) ;
#397 = CARTESIAN_POINT ( 'NONE',  ( -4.808507577662980204, 0.6330520322672470446, 10.80000000000000071 ) ) ;
#398 =( NAMED_UNIT ( * ) PLANE_ANGLE_UNIT ( ) SI_UNIT ( $, .RADIAN. ) );
#399 = SURFACE_STYLE_FILL_AREA ( #2582 ) ;
#400 = EDGE_CURVE ( 'NONE', #1413, #1556, #5368, .T. ) ;
#401 = CIRCLE ( 'NONE', #4892, 8.250000000000000000 ) ;
#402 = STYLED_ITEM ( 'NONE', ( #2844 ), #4590 ) ;
#403 = ORIENTED_EDGE ( 'NONE', *, *, #4249, .F. ) ;
#404 = CARTESIAN_POINT ( 'NONE',  ( 0.000000000000000000, 0.000000000000000000, 36.58887821575369514 ) ) ;
#405 = UNCERTAINTY_MEASURE_WITH_UNIT (LENGTH_MEASURE( 1.000000000000000082E-05 ), #473, 'distance_accuracy_value', 'NONE');
#406 = FILL_AREA_STYLE_COLOUR ( '', #4889 ) ;
#407 = SURFACE_STYLE_USAGE ( .BOTH. , #2963 ) ;
#408 =( LENGTH_UNIT ( ) NAMED_UNIT ( * ) SI_UNIT ( .MILLI., .METRE. ) );
#409 = SHAPE_DEFINITION_REPRESENTATION ( #80, #2246 ) ;
#410 = EDGE_CURVE ( 'NONE', #3831, #3216, #5382, .T. ) ;
#411 =( NAMED_UNIT ( * ) PLANE_ANGLE_UNIT ( ) SI_UNIT ( $, .RADIAN. ) );
#412 = DIRECTION ( 'NONE',  ( 0.000000000000000000, 0.000000000000000000, 1.000000000000000000 ) ) ;
#413 = CIRCLE ( 'NONE', #5352, 3.000000000000000000 ) ;
#414 = FACE_OUTER_BOUND ( 'NONE', #2331, .T. ) ;
#415 = EDGE_CURVE ( 'NONE', #1222, #4715, #4538, .T. ) ;
#416 = CARTESIAN_POINT ( 'NONE',  ( -4.850000000000001421, -0.1635352581544478046, 37.78887821575370509 ) ) ;
#417 = ORIENTED_EDGE ( 'NONE', *, *, #3503, .T. ) ;
#418 =( NAMED_UNIT ( * ) PLANE_ANGLE_UNIT ( ) SI_UNIT ( $, .RADIAN. ) );
#419 = COLOUR_RGB ( '',0.8000000000000000444, 0.6627450980392156632, 0.3176470588235293935 ) ;
#420 = DIRECTION ( 'NONE',  ( -0.6234703080455550328, -0.7818470278677158714, 0.000000000000000000 ) ) ;
#421 = CARTESIAN_POINT ( 'NONE',  ( 1.650460750547766864, -7.229479224741981902, 44.44273301383613273 ) ) ;
#422 = LINE ( 'NONE', #4383, #893 ) ;
#423 = EDGE_CURVE ( 'NONE', #1881, #2462, #2959, .T. ) ;
#424 = ORIENTED_EDGE ( 'NONE', *, *, #1711, .T. ) ;
#425 = DIRECTION ( 'NONE',  ( 0.000000000000000000, 0.000000000000000000, 1.000000000000000000 ) ) ;
#426 = ORIENTED_EDGE ( 'NONE', *, *, #4736, .T. ) ;
#427 = EDGE_CURVE ( 'NONE', #3711, #1161, #987, .T. ) ;
#428 = AXIS2_PLACEMENT_3D ( 'NONE', #5063, #2421, #740 ) ;
#429 = PRESENTATION_STYLE_ASSIGNMENT (( #4315 ) ) ;
#430 = DIRECTION ( 'NONE',  ( -1.000000000000000000, 0.000000000000000000, 0.000000000000000000 ) ) ;
#431 = DIRECTION ( 'NONE',  ( 0.000000000000000000, 0.000000000000000000, -1.000000000000000000 ) ) ;
#432 = DIRECTION ( 'NONE',  ( 0.6236067565976992633, -0.7817381998634184148, 0.000000000000000000 ) ) ;
#433 =( LENGTH_UNIT ( ) NAMED_UNIT ( * ) SI_UNIT ( .MILLI., .METRE. ) );
#434 = DIRECTION ( 'NONE',  ( -0.8852892502353539861, -0.4650407975841740482, 0.000000000000000000 ) ) ;
#435 = FILL_AREA_STYLE ('',( #3047 ) ) ;
#436 = ADVANCED_FACE ( 'NONE', ( #4481 ), #236, .F. ) ;
#437 = DIRECTION ( 'NONE',  ( 0.000000000000000000, 0.000000000000000000, 1.000000000000000000 ) ) ;
#438 = CYLINDRICAL_SURFACE ( 'NONE', #5419, 1.250000000000001110 ) ;
#439 = DIRECTION ( 'NONE',  ( 0.03990748061359929155, -0.9992033791931826947, 0.000000000000000000 ) ) ;
#440 = FACE_OUTER_BOUND ( 'NONE', #3289, .T. ) ;
#441 = DIRECTION ( 'NONE',  ( -1.000000000000000000, 0.000000000000000000, 0.000000000000000000 ) ) ;
#442 = B_SPLINE_CURVE_WITH_KNOTS ( 'NONE', 3,
 ( #3520, #1855, #5230, #3103, #540, #1824 ),
 .UNSPECIFIED., .F., .F.,
 ( 4, 2, 4 ),
 ( 1.084202172485504434E-17, 0.0009955893745728166232, 0.001991178749145622404 ),
 .UNSPECIFIED. ) ;
#443 = MECHANICAL_DESIGN_GEOMETRIC_PRESENTATION_REPRESENTATION (  '', ( #4134 ), #4397 ) ;
#444 = CARTESIAN_POINT ( 'NONE',  ( -4.841216673667417147, -0.3286582745783281356, 37.82188935998148338 ) ) ;
#445 = EDGE_LOOP ( 'NONE', ( #5458, #5197, #3361, #2583, #4508, #4959, #3700, #5183, #1853, #777, #1787 ) ) ;
#446 = COLOUR_RGB ( '',0.2000000000000000111, 0.2000000000000000111, 0.2000000000000000111 ) ;
#447 = DIRECTION ( 'NONE',  ( 0.000000000000000000, 0.000000000000000000, 1.000000000000000000 ) ) ;
#448 = ADVANCED_FACE ( 'NONE', ( #788 ), #2450, .F. ) ;
#449 = DIRECTION ( 'NONE',  ( 0.000000000000000000, -1.000000000000000000, 0.000000000000000000 ) ) ;
#450 =( NAMED_UNIT ( * ) SI_UNIT ( $, .STERADIAN. ) SOLID_ANGLE_UNIT ( ) );
#451 = STYLED_ITEM ( 'NONE', ( #2611 ), #2161 ) ;
#452 = CARTESIAN_POINT ( 'NONE',  ( -4.808507577662980204, -0.6330520322672440470, 10.80000000000000071 ) ) ;
#453 = MECHANICAL_DESIGN_GEOMETRIC_PRESENTATION_REPRESENTATION (  '', ( #3153 ), #2793 ) ;
#454 = ORIENTED_EDGE ( 'NONE', *, *, #4984, .T. ) ;
#455 = CARTESIAN_POINT ( 'NONE',  ( 0.000000000000000000, 0.000000000000000000, 34.83887821575380173 ) ) ;
#456 = CYLINDRICAL_SURFACE ( 'NONE', #5483, 5.000000000000000000 ) ;
#457 = FILL_AREA_STYLE_COLOUR ( '', #368 ) ;
#458 = VERTEX_POINT ( 'NONE', #1137 ) ;
#459 = ORIENTED_EDGE ( 'NONE', *, *, #1883, .F. ) ;
#460 = UNCERTAINTY_MEASURE_WITH_UNIT (LENGTH_MEASURE( 1.000000000000000082E-05 ), #1683, 'distance_accuracy_value', 'NONE');
#461 = EDGE_CURVE ( 'NONE', #2664, #4114, #1189, .T. ) ;
#462 = FACE_OUTER_BOUND ( 'NONE', #1251, .T. ) ;
#463 = CARTESIAN_POINT ( 'NONE',  ( 4.258291324655729682, -1.141005721577959875, 19.00000000000000000 ) ) ;
#464 = SURFACE_STYLE_FILL_AREA ( #3867 ) ;
#465 = FILL_AREA_STYLE ('',( #5133 ) ) ;
#466 = DIRECTION ( 'NONE',  ( 0.000000000000000000, 0.000000000000000000, -1.000000000000000000 ) ) ;
#467 = PLANE ( 'NONE',  #2965 ) ;
#468 = B_SPLINE_CURVE_WITH_KNOTS ( 'NONE', 3,
 ( #1515, #4533, #2968, #1645, #3375, #360, #4241, #4647 ),
 .UNSPECIFIED., .F., .F.,
 ( 4, 2, 2, 4 ),
 ( 0.001991178749145651895, 0.002488314323394598144, 0.002985449897643544393, 0.003979721046141432989 ),
 .UNSPECIFIED. ) ;
#469 = CARTESIAN_POINT ( 'NONE',  ( 4.808507577662980204, 0.6330520322672400502, -1.513876697314419983 ) ) ;
#470 = CARTESIAN_POINT ( 'NONE',  ( 2.848873329322608061, -0.9420910545984094719, 15.82557661348793765 ) ) ;
#471 = DIRECTION ( 'NONE',  ( 0.9992033791931823616, -0.03990748061360516880, 0.000000000000000000 ) ) ;
#472 = AXIS2_PLACEMENT_3D ( 'NONE', #1077, #5039, #1525 ) ;
#473 =( LENGTH_UNIT ( ) NAMED_UNIT ( * ) SI_UNIT ( .MILLI., .METRE. ) );
#474 = UNCERTAINTY_MEASURE_WITH_UNIT (LENGTH_MEASURE( 1.000000000000000082E-05 ), #5503, 'distance_accuracy_value', 'NONE');
#475 = MECHANICAL_DESIGN_GEOMETRIC_PRESENTATION_REPRESENTATION (  '', ( #29 ), #2095 ) ;
#476 = DIRECTION ( 'NONE',  ( 0.8852892502353539861, 0.4650407975841740482, 0.000000000000000000 ) ) ;
#477 = ORIENTED_EDGE ( 'NONE', *, *, #2321, .T. ) ;
#478 =( NAMED_UNIT ( * ) PLANE_ANGLE_UNIT ( ) SI_UNIT ( $, .RADIAN. ) );
#479 = DIRECTION ( 'NONE',  ( -7.634394998209189154E-32, -1.246832498358330099E-15, 1.000000000000000000 ) ) ;
#480 = CYLINDRICAL_SURFACE ( 'NONE', #1996, 10.00000000000000000 ) ;
#481 = EDGE_CURVE ( 'NONE', #4105, #1111, #4572, .T. ) ;
#482 = CIRCLE ( 'NONE', #4631, 3.000000000000000000 ) ;
#483 = ORIENTED_EDGE ( 'NONE', *, *, #276, .T. ) ;
#484 = DIRECTION ( 'NONE',  ( 0.2971605306527970169, -0.9548275336531450996, 0.000000000000000000 ) ) ;
#485 = CARTESIAN_POINT ( 'NONE',  ( 2.204253788831489924, -3.817879555032330341, 10.80000000000000071 ) ) ;
#486 = ORIENTED_EDGE ( 'NONE', *, *, #4528, .F. ) ;
#487 = VECTOR ( 'NONE', #447, 1000.000000000000000 ) ;
#488 = AXIS2_PLACEMENT_3D ( 'NONE', #1986, #381, #784 ) ;
#489 = ORIENTED_EDGE ( 'NONE', *, *, #2012, .F. ) ;
#490 = STYLED_ITEM ( 'NONE', ( #1319 ), #5531 ) ;
#491 = DIRECTION ( 'NONE',  ( 0.8453817696217484912, -0.5341625816090086465, 0.000000000000000000 ) ) ;
#492 = PLANE ( 'NONE',  #4280 ) ;
#493 = COLOUR_RGB ( '',0.2000000000000000111, 0.2000000000000000111, 0.2000000000000000111 ) ;
#494 =( LENGTH_UNIT ( ) NAMED_UNIT ( * ) SI_UNIT ( .MILLI., .METRE. ) );
#495 = LINE ( 'NONE', #3446, #1203 ) ;
#496 = ADVANCED_FACE ( 'NONE', ( #4545 ), #324, .F. ) ;
#497 = AXIS2_PLACEMENT_3D ( 'NONE', #167, #3206, #4824 ) ;
#498 = PRESENTATION_LAYER_ASSIGNMENT (  '', '', ( #3990 ) ) ;
#499 = FILL_AREA_STYLE ('',( #1394 ) ) ;
#500 = CARTESIAN_POINT ( 'NONE',  ( -3.817879555032340111, 2.204253788831489924, 19.00000000000000000 ) ) ;
#501 = VECTOR ( 'NONE', #1140, 1000.000000000000000 ) ;
#502 =( LENGTH_UNIT ( ) NAMED_UNIT ( * ) SI_UNIT ( .MILLI., .METRE. ) );
#503 = CIRCLE ( 'NONE', #3662, 3.000000000000000888 ) ;
#504 = EDGE_CURVE ( 'NONE', #1042, #1586, #916, .T. ) ;
#505 = DIRECTION ( 'NONE',  ( 0.000000000000000000, 0.000000000000000000, 1.000000000000000000 ) ) ;
#506 = CARTESIAN_POINT ( 'NONE',  ( -7.415483163629600583, -6.505213034913029562E-16, 36.58887821575369514 ) ) ;
#507 = AXIS2_PLACEMENT_3D ( 'NONE', #278, #1423, #1892 ) ;
#508 = EDGE_CURVE ( 'NONE', #1794, #247, #512, .T. ) ;
#509 = CARTESIAN_POINT ( 'NONE',  ( -2.952492930692300011, -3.847763700412480059, 19.00000000000000000 ) ) ;
#510 = MECHANICAL_DESIGN_GEOMETRIC_PRESENTATION_REPRESENTATION (  '', ( #5356 ), #1232 ) ;
#511 = CARTESIAN_POINT ( 'NONE',  ( -4.624345404275931770, 5.796966459453325449, 44.44273301383612562 ) ) ;
#512 = LINE ( 'NONE', #389, #4878 ) ;
#513 = VERTEX_POINT ( 'NONE', #4731 ) ;
#514 =( NAMED_UNIT ( * ) SI_UNIT ( $, .STERADIAN. ) SOLID_ANGLE_UNIT ( ) );
#515 = DIRECTION ( 'NONE',  ( 0.000000000000000000, 0.000000000000000000, 1.000000000000000000 ) ) ;
#516 = EDGE_CURVE ( 'NONE', #4071, #3950, #5142, .T. ) ;
#517 = B_SPLINE_CURVE_WITH_KNOTS ( 'NONE', 3,
 ( #4809, #3060, #1739, #4308, #4356, #3466 ),
 .UNSPECIFIED., .F., .F.,
 ( 4, 2, 4 ),
 ( 1.224332632975443077E-17, 0.0009955893745728164063, 0.001991178749145620670 ),
 .UNSPECIFIED. ) ;
#518 = ORIENTED_EDGE ( 'NONE', *, *, #4389, .T. ) ;
#519 = VECTOR ( 'NONE', #484, 1000.000000000000114 ) ;
#520 = CARTESIAN_POINT ( 'NONE',  ( 1.650460750547766864, -7.229479224741981902, 36.58887821575369514 ) ) ;
#521 = VERTEX_POINT ( 'NONE', #2164 ) ;
#522 = VERTEX_POINT ( 'NONE', #2523 ) ;
#523 = FILL_AREA_STYLE_COLOUR ( '', #1541 ) ;
#524 =( NAMED_UNIT ( * ) SI_UNIT ( $, .STERADIAN. ) SOLID_ANGLE_UNIT ( ) );
#525 = CARTESIAN_POINT ( 'NONE',  ( -4.623333572334805908, -5.797773471686923585, 36.58887821575369514 ) ) ;
#526 = PLANE ( 'NONE',  #2545 ) ;
#527 = PRESENTATION_STYLE_ASSIGNMENT (( #882 ) ) ;
#528 =( NAMED_UNIT ( * ) SI_UNIT ( $, .STERADIAN. ) SOLID_ANGLE_UNIT ( ) );
#529 = CARTESIAN_POINT ( 'NONE',  ( -4.624345404275931770, 5.796966459453325449, 44.44273301383612562 ) ) ;
#530 = FILL_AREA_STYLE_COLOUR ( '', #945 ) ;
#531 = UNCERTAINTY_MEASURE_WITH_UNIT (LENGTH_MEASURE( 1.000000000000000082E-05 ), #634, 'distance_accuracy_value', 'NONE');
#532 = EDGE_CURVE ( 'NONE', #4592, #1056, #180, .T. ) ;
#533 = EDGE_CURVE ( 'NONE', #1586, #737, #3430, .T. ) ;
#534 = DIRECTION ( 'NONE',  ( -1.000000000000000000, 0.000000000000000000, 0.000000000000000000 ) ) ;
#535 = ORIENTED_EDGE ( 'NONE', *, *, #3593, .F. ) ;
#536 = VECTOR ( 'NONE', #1438, 1000.000000000000000 ) ;
#537 = FILL_AREA_STYLE_COLOUR ( '', #3914 ) ;
#538 = CIRCLE ( 'NONE', #4766, 5.000000000000000000 ) ;
#539 = ORIENTED_EDGE ( 'NONE', *, *, #3332, .F. ) ;
#540 = CARTESIAN_POINT ( 'NONE',  ( 6.827130858689841375, -2.914203815249932550, 44.44273301383612562 ) ) ;
#541 = ORIENTED_EDGE ( 'NONE', *, *, #826, .F. ) ;
#542 = ORIENTED_EDGE ( 'NONE', *, *, #3632, .F. ) ;
#543 = FILL_AREA_STYLE_COLOUR ( '', #2478 ) ;
#544 = PRESENTATION_STYLE_ASSIGNMENT (( #4366 ) ) ;
#545 = CARTESIAN_POINT ( 'NONE',  ( -4.892499370206749632, -5.601006156712852402, 44.43633199414209400 ) ) ;
#546 =( GEOMETRIC_REPRESENTATION_CONTEXT ( 3 ) GLOBAL_UNCERTAINTY_ASSIGNED_CONTEXT ( ( #4350 ) ) GLOBAL_UNIT_ASSIGNED_CONTEXT ( ( #3265, #1489, #1096 ) ) REPRESENTATION_CONTEXT ( 'NONE', 'WORKASPACE' ) );
#547 =( GEOMETRIC_REPRESENTATION_CONTEXT ( 3 ) GLOBAL_UNCERTAINTY_ASSIGNED_CONTEXT ( ( #3960 ) ) GLOBAL_UNIT_ASSIGNED_CONTEXT ( ( #5160, #3022, #5550 ) ) REPRESENTATION_CONTEXT ( 'NONE', 'WORKASPACE' ) );
#548 = SURFACE_SIDE_STYLE ('',( #997 ) ) ;
#549 = CARTESIAN_POINT ( 'NONE',  ( -4.850000000000000533, 0.000000000000000000, 86.48696279987521507 ) ) ;
#550 = PRESENTATION_STYLE_ASSIGNMENT (( #4800 ) ) ;
#551 = EDGE_CURVE ( 'NONE', #750, #3612, #5174, .T. ) ;
#552 = APPLICATION_CONTEXT ( 'automotive_design' ) ;
#553 = CARTESIAN_POINT ( 'NONE',  ( 2.316397117755299995, 10.15463411082389911, 36.58887821575369514 ) ) ;
#554 = SURFACE_STYLE_USAGE ( .BOTH. , #4438 ) ;
#555 = AXIS2_PLACEMENT_3D ( 'NONE', #1891, #3627, #1033 ) ;
#556 = EDGE_LOOP ( 'NONE', ( #764, #5103, #73, #4870 ) ) ;
#557 = COLOUR_RGB ( '',0.8000000000000000444, 0.6627450980392156632, 0.3176470588235293935 ) ;
#558 = CARTESIAN_POINT ( 'NONE',  ( 2.318169400461249641, -10.15422966859710030, 36.58887821575369514 ) ) ;
#559 = ORIENTED_EDGE ( 'NONE', *, *, #2936, .F. ) ;
#560 = DIRECTION ( 'NONE',  ( -0.9548275336531433233, 0.2971605306528030677, 0.000000000000000000 ) ) ;
#561 = DIRECTION ( 'NONE',  ( 0.000000000000000000, 0.000000000000000000, -1.000000000000000000 ) ) ;
#562 = CARTESIAN_POINT ( 'NONE',  ( 3.000000000000000000, 0.000000000000000000, -1.513876697314419983 ) ) ;
#563 = AXIS2_PLACEMENT_3D ( 'NONE', #281, #4534, #2865 ) ;
#564 = SURFACE_SIDE_STYLE ('',( #5100 ) ) ;
#565 = VERTEX_POINT ( 'NONE', #2606 ) ;
#566 = CARTESIAN_POINT ( 'NONE',  ( 4.480815732679739760, -1.856014646970690185, 19.00000000000000000 ) ) ;
#567 = EDGE_CURVE ( 'NONE', #3197, #3801, #3487, .T. ) ;
#568 = ORIENTED_EDGE ( 'NONE', *, *, #3317, .T. ) ;
#569 = ORIENTED_EDGE ( 'NONE', *, *, #3330, .T. ) ;
#570 = COLOUR_RGB ( '',0.2000000000000000111, 0.2000000000000000111, 0.2000000000000000111 ) ;
#571 = FILL_AREA_STYLE ('',( #1446 ) ) ;
#572 = STYLED_ITEM ( 'NONE', ( #550 ), #5484 ) ;
#573 =( LENGTH_UNIT ( ) NAMED_UNIT ( * ) SI_UNIT ( .MILLI., .METRE. ) );
#574 = AXIS2_PLACEMENT_3D ( 'NONE', #4735, #1790, #2143 ) ;
#575 = VECTOR ( 'NONE', #3303, 1000.000000000000114 ) ;
#576 = PRODUCT_DEFINITION_FORMATION_WITH_SPECIFIED_SOURCE ( 'ANY', '', #908, .NOT_KNOWN. ) ;
#577 = CARTESIAN_POINT ( 'NONE',  ( 5.020736889921710855, 0.3499999999999999778, 44.53887821575379746 ) ) ;
#578 = DIRECTION ( 'NONE',  ( 0.000000000000000000, 0.000000000000000000, 1.000000000000000000 ) ) ;
#580 = LINE ( 'NONE', #3166, #1751 ) ;
#579 = VECTOR ( 'NONE', #3024, 1000.000000000000114 ) ;
#581 = EDGE_CURVE ( 'NONE', #1193, #3415, #2191, .T. ) ;
#582 = SURFACE_SIDE_STYLE ('',( #4432 ) ) ;
#583 = SURFACE_SIDE_STYLE ('',( #251 ) ) ;
#584 = STYLED_ITEM ( 'NONE', ( #3319 ), #2910 ) ;
#585 = COLOUR_RGB ( '',0.2000000000000000111, 0.2000000000000000111, 0.2000000000000000111 ) ;
#586 = PRESENTATION_STYLE_ASSIGNMENT (( #554 ) ) ;
#587 = AXIS2_PLACEMENT_3D ( 'NONE', #3583, #184, #3194 ) ;
#588 = FILL_AREA_STYLE ('',( #4441 ) ) ;
#589 = CARTESIAN_POINT ( 'NONE',  ( -4.747451693656998373, 0.9989107615172385657, 39.80766237753017123 ) ) ;
#590 = AXIS2_PLACEMENT_3D ( 'NONE', #3814, #5523, #4668 ) ;
#591 =( NAMED_UNIT ( * ) PLANE_ANGLE_UNIT ( ) SI_UNIT ( $, .RADIAN. ) );
#592 = ORIENTED_EDGE ( 'NONE', *, *, #5539, .T. ) ;
#593 = CARTESIAN_POINT ( 'NONE',  ( 5.501544669759439898, -0.3499999999999999778, 44.53887821575379746 ) ) ;
#594 = EDGE_LOOP ( 'NONE', ( #4243, #5357, #4107, #1055 ) ) ;
#595 = CARTESIAN_POINT ( 'NONE',  ( -4.850000000000000533, -2.178608318461550073E-16, 40.28887821575369799 ) ) ;
#596 = FACE_OUTER_BOUND ( 'NONE', #265, .T. ) ;
#597 = UNCERTAINTY_MEASURE_WITH_UNIT (LENGTH_MEASURE( 1.000000000000000082E-05 ), #4621, 'distance_accuracy_value', 'NONE');
#598 = CARTESIAN_POINT ( 'NONE',  ( -3.847763700412489829, 2.952492930692300011, -1.513876697314419983 ) ) ;
#599 = ADVANCED_FACE ( 'NONE', ( #5542 ), #2550, .T. ) ;
#600 = DIRECTION ( 'NONE',  ( -1.000000000000000000, 0.000000000000000000, 0.000000000000000000 ) ) ;
#601 =( GEOMETRIC_REPRESENTATION_CONTEXT ( 3 ) GLOBAL_UNCERTAINTY_ASSIGNED_CONTEXT ( ( #2532 ) ) GLOBAL_UNIT_ASSIGNED_CONTEXT ( ( #2943, #1206, #2046 ) ) REPRESENTATION_CONTEXT ( 'NONE', 'WORKASPACE' ) );
#602 = ORIENTED_EDGE ( 'NONE', *, *, #267, .F. ) ;
#603 = CARTESIAN_POINT ( 'NONE',  ( -7.478756393205534536, 0.6315044571477480551, 40.12983905804264850 ) ) ;
#604 = CARTESIAN_POINT ( 'NONE',  ( 8.242572413997999448, 0.3499999999999469646, 36.58887821575369514 ) ) ;
#605 = ORIENTED_EDGE ( 'NONE', *, *, #5047, .T. ) ;
#606 = ORIENTED_EDGE ( 'NONE', *, *, #1371, .T. ) ;
#607 = DIRECTION ( 'NONE',  ( -9.637352644315582917E-16, 0.000000000000000000, 1.000000000000000000 ) ) ;
#608 = EDGE_CURVE ( 'NONE', #1113, #1857, #201, .T. ) ;
#609 = LINE ( 'NONE', #2315, #335 ) ;
#610 = CARTESIAN_POINT ( 'NONE',  ( -3.117285603077779577, -3.117285603077769807, -1.513876697314419983 ) ) ;
#611 = LINE ( 'NONE', #5360, #3785 ) ;
#612 = DIRECTION ( 'NONE',  ( 1.000000000000000000, 0.000000000000000000, 0.000000000000000000 ) ) ;
#613 = DIRECTION ( 'NONE',  ( 0.000000000000000000, 0.000000000000000000, 1.000000000000000000 ) ) ;
#614 = PLANE ( 'NONE',  #5006 ) ;
#616 = ADVANCED_FACE ( 'NONE', ( #5335 ), #1847, .F. ) ;
#615 = STYLED_ITEM ( 'NONE', ( #3277 ), #448 ) ;
#617 = CARTESIAN_POINT ( 'NONE',  ( 4.563662550298626996, 0.8590903113608809871, 15.94508319992381651 ) ) ;
#618 = CARTESIAN_POINT ( 'NONE',  ( -4.887024664756731696, 5.587422443716940634, 44.44273301383612562 ) ) ;
#619 = LINE ( 'NONE', #1576, #1472 ) ;
#620 = DIRECTION ( 'NONE',  ( -0.6234703080455549218, -0.7818470278677159824, 0.000000000000000000 ) ) ;
#621 = VERTEX_POINT ( 'NONE', #1786 ) ;
#622 = DIRECTION ( 'NONE',  ( 0.000000000000000000, 1.000000000000000000, 0.000000000000000000 ) ) ;
#623 = CARTESIAN_POINT ( 'NONE',  ( 2.831513697320542811, 0.9983630802601123344, 14.23075600914263283 ) ) ;
#624 = ORIENTED_EDGE ( 'NONE', *, *, #4221, .F. ) ;
#625 = LINE ( 'NONE', #4072, #337 ) ;
#626 = LINE ( 'NONE', #1942, #847 ) ;
#627 = CARTESIAN_POINT ( 'NONE',  ( 6.681360117457032288, -3.216957806830736732, 44.44273301383612562 ) ) ;
#628 = SURFACE_STYLE_FILL_AREA ( #1877 ) ;
#629 = ORIENTED_EDGE ( 'NONE', *, *, #3516, .F. ) ;
#630 = SURFACE_STYLE_USAGE ( .BOTH. , #3582 ) ;
#631 = ORIENTED_EDGE ( 'NONE', *, *, #1258, .T. ) ;
#632 = VERTEX_POINT ( 'NONE', #951 ) ;
#633 = CARTESIAN_POINT ( 'NONE',  ( 6.449340148873199396, 5.144755741931018811, 36.58887821575369514 ) ) ;
#634 =( LENGTH_UNIT ( ) NAMED_UNIT ( * ) SI_UNIT ( .MILLI., .METRE. ) );
#635 = PRESENTATION_STYLE_ASSIGNMENT (( #4876 ) ) ;
#636 = VERTEX_POINT ( 'NONE', #5251 ) ;
#637 = ORIENTED_EDGE ( 'NONE', *, *, #1393, .T. ) ;
#638 = EDGE_CURVE ( 'NONE', #4329, #3711, #755, .T. ) ;
#639 = LINE ( 'NONE', #2349, #3096 ) ;
#640 = CARTESIAN_POINT ( 'NONE',  ( -3.817879555032340111, 2.204253788831489924, -1.513876697314419983 ) ) ;
#641 = PRESENTATION_LAYER_ASSIGNMENT (  '', '', ( #4232 ) ) ;
#642 = MECHANICAL_DESIGN_GEOMETRIC_PRESENTATION_REPRESENTATION (  '', ( #1704 ), #3510 ) ;
#643 = PLANE ( 'NONE',  #1843 ) ;
#644 = UNCERTAINTY_MEASURE_WITH_UNIT (LENGTH_MEASURE( 1.000000000000000082E-05 ), #3294, 'distance_accuracy_value', 'NONE');
#645 = SURFACE_STYLE_USAGE ( .BOTH. , #3324 ) ;
#646 = ADVANCED_FACE ( 'NONE', ( #3571 ), #4858, .T. ) ;
#647 = CARTESIAN_POINT ( 'NONE',  ( 0.000000000000000000, 0.000000000000000000, 86.48696279987521507 ) ) ;
#648 = ORIENTED_EDGE ( 'NONE', *, *, #826, .T. ) ;
#649 = SURFACE_SIDE_STYLE ('',( #4506 ) ) ;
#650 = VERTEX_POINT ( 'NONE', #4618 ) ;
#651 = DIRECTION ( 'NONE',  ( -0.2971605306528039558, -0.9548275336531429902, 0.000000000000000000 ) ) ;
#652 =( LENGTH_UNIT ( ) NAMED_UNIT ( * ) SI_UNIT ( .MILLI., .METRE. ) );
#653 = UNCERTAINTY_MEASURE_WITH_UNIT (LENGTH_MEASURE( 1.000000000000000082E-05 ), #1219, 'distance_accuracy_value', 'NONE');
#654 = SURFACE_STYLE_USAGE ( .BOTH. , #4077 ) ;
#655 = PLANE ( 'NONE',  #2357 ) ;
#656 = CIRCLE ( 'NONE', #4871, 8.250000000000000000 ) ;
#657 = ORIENTED_EDGE ( 'NONE', *, *, #108, .T. ) ;
#658 = ORIENTED_EDGE ( 'NONE', *, *, #13, .F. ) ;
#659 =( GEOMETRIC_REPRESENTATION_CONTEXT ( 3 ) GLOBAL_UNCERTAINTY_ASSIGNED_CONTEXT ( ( #5129 ) ) GLOBAL_UNIT_ASSIGNED_CONTEXT ( ( #4885, #4498, #1123 ) ) REPRESENTATION_CONTEXT ( 'NONE', 'WORKASPACE' ) );
#660 = EDGE_LOOP ( 'NONE', ( #2203, #4518, #1920, #4021, #2002, #3987, #4116, #3555, #2484, #776, #541 ) ) ;
#661 = FACE_OUTER_BOUND ( 'NONE', #4150, .T. ) ;
#662 = LINE ( 'NONE', #1885, #5398 ) ;
#663 =( NAMED_UNIT ( * ) PLANE_ANGLE_UNIT ( ) SI_UNIT ( $, .RADIAN. ) );
#664 = MECHANICAL_DESIGN_GEOMETRIC_PRESENTATION_REPRESENTATION (  '', ( #4619 ), #3530 ) ;
#665 = VECTOR ( 'NONE', #2440, 1000.000000000000000 ) ;
#666 =( LENGTH_UNIT ( ) NAMED_UNIT ( * ) SI_UNIT ( .MILLI., .METRE. ) );
#667 = EDGE_LOOP ( 'NONE', ( #98, #1306, #1678 ) ) ;
#668 = LINE ( 'NONE', #4210, #1578 ) ;
#669 = FILL_AREA_STYLE_COLOUR ( '', #1356 ) ;
#670 = MECHANICAL_DESIGN_GEOMETRIC_PRESENTATION_REPRESENTATION (  '', ( #3083 ), #4781 ) ;
#671 = ADVANCED_FACE ( 'NONE', ( #1577 ), #3325, .T. ) ;
#672 = DIRECTION ( 'NONE',  ( 0.000000000000000000, 0.000000000000000000, 1.000000000000000000 ) ) ;
#673 = VECTOR ( 'NONE', #4700, 1000.000000000000114 ) ;
#674 =( LENGTH_UNIT ( ) NAMED_UNIT ( * ) SI_UNIT ( .MILLI., .METRE. ) );
#675 = SURFACE_STYLE_FILL_AREA ( #4532 ) ;
#676 =( GEOMETRIC_REPRESENTATION_CONTEXT ( 3 ) GLOBAL_UNCERTAINTY_ASSIGNED_CONTEXT ( ( #1433 ) ) GLOBAL_UNIT_ASSIGNED_CONTEXT ( ( #2324, #2774, #4468 ) ) REPRESENTATION_CONTEXT ( 'NONE', 'WORKASPACE' ) );
#677 = FACE_OUTER_BOUND ( 'NONE', #5206, .T. ) ;
#678 = COLOUR_RGB ( '',0.8000000000000000444, 0.6627450980392156632, 0.3176470588235293935 ) ;
#679 = CARTESIAN_POINT ( 'NONE',  ( 4.258291324655739452, 1.141005721577950105, -1.513876697314419983 ) ) ;
#680 = SURFACE_STYLE_USAGE ( .BOTH. , #5421 ) ;
#681 = ORIENTED_EDGE ( 'NONE', *, *, #3160, .T. ) ;
#682 = DIRECTION ( 'NONE',  ( 0.000000000000000000, 0.000000000000000000, 1.000000000000000000 ) ) ;
#683 = EDGE_CURVE ( 'NONE', #48, #3226, #1185, .T. ) ;
#684 = ORIENTED_EDGE ( 'NONE', *, *, #4571, .T. ) ;
#685 = PRESENTATION_STYLE_ASSIGNMENT (( #3219 ) ) ;
#686 = AXIS2_PLACEMENT_3D ( 'NONE', #1180, #4612, #1202 ) ;
#687 = PRESENTATION_STYLE_ASSIGNMENT (( #2057 ) ) ;
#688 = ORIENTED_EDGE ( 'NONE', *, *, #2281, .F. ) ;
#689 = MECHANICAL_DESIGN_GEOMETRIC_PRESENTATION_REPRESENTATION (  '', ( #3110 ), #1839 ) ;
#690 = ORIENTED_EDGE ( 'NONE', *, *, #2258, .T. ) ;
#691 = EDGE_CURVE ( 'NONE', #3801, #2490, #3239, .T. ) ;
#692 = ORIENTED_EDGE ( 'NONE', *, *, #5509, .F. ) ;
#693 =( NAMED_UNIT ( * ) SI_UNIT ( $, .STERADIAN. ) SOLID_ANGLE_UNIT ( ) );
#694 =( GEOMETRIC_REPRESENTATION_CONTEXT ( 3 ) GLOBAL_UNCERTAINTY_ASSIGNED_CONTEXT ( ( #460 ) ) GLOBAL_UNIT_ASSIGNED_CONTEXT ( ( #1683, #2876, #1191 ) ) REPRESENTATION_CONTEXT ( 'NONE', 'WORKASPACE' ) );
#695 = PRESENTATION_LAYER_ASSIGNMENT (  '', '', ( #1146 ) ) ;
#696 = CARTESIAN_POINT ( 'NONE',  ( 9.993873123068949482, -0.3499999999999880429, 34.83887821575369514 ) ) ;
#697 = EDGE_CURVE ( 'NONE', #1274, #1042, #4194, .T. ) ;
#698 = CARTESIAN_POINT ( 'NONE',  ( 10.50000000000000000, -0.3499999999999999778, 33.03887821575369799 ) ) ;
#699 = PRESENTATION_LAYER_ASSIGNMENT (  '', '', ( #1671 ) ) ;
#700 = CARTESIAN_POINT ( 'NONE',  ( -4.480815732679739760, 1.856014646970690185, -1.513876697314419983 ) ) ;
#701 = ORIENTED_EDGE ( 'NONE', *, *, #1585, .F. ) ;
#702 = LINE ( 'NONE', #727, #1392 ) ;
#703 = SURFACE_STYLE_FILL_AREA ( #2407 ) ;
#704 = PRESENTATION_LAYER_ASSIGNMENT (  '', '', ( #3829 ) ) ;
#705 = DIRECTION ( 'NONE',  ( 0.000000000000000000, 0.000000000000000000, 1.000000000000000000 ) ) ;
#706 = FACE_BOUND ( 'NONE', #4082, .T. ) ;
#707 = CARTESIAN_POINT ( 'NONE',  ( 4.258291324655729682, -1.141005721577959875, -1.513876697314419983 ) ) ;
#708 = PRESENTATION_STYLE_ASSIGNMENT (( #1128 ) ) ;
#709 =( NAMED_UNIT ( * ) PLANE_ANGLE_UNIT ( ) SI_UNIT ( $, .RADIAN. ) );
#710 = ORIENTED_EDGE ( 'NONE', *, *, #2321, .F. ) ;
#711 = DIRECTION ( 'NONE',  ( 0.2200651982791789751, -0.9754851657028648093, 0.000000000000000000 ) ) ;
#712 = ORIENTED_EDGE ( 'NONE', *, *, #4403, .F. ) ;
#713 = LINE ( 'NONE', #785, #1936 ) ;
#714 = FILL_AREA_STYLE ('',( #4569 ) ) ;
#715 = ADVANCED_FACE ( 'NONE', ( #314 ), #3454, .T. ) ;
#716 = UNCERTAINTY_MEASURE_WITH_UNIT (LENGTH_MEASURE( 1.000000000000000082E-05 ), #2387, 'distance_accuracy_value', 'NONE');
#717 = DIRECTION ( 'NONE',  ( -0.6234703080455549218, -0.7818470278677159824, 0.000000000000000000 ) ) ;
#718 = FILL_AREA_STYLE ('',( #4626 ) ) ;
#719 = SURFACE_SIDE_STYLE ('',( #5505 ) ) ;
#720 = ORIENTED_EDGE ( 'NONE', *, *, #400, .T. ) ;
#721 = FILL_AREA_STYLE ('',( #3279 ) ) ;
#722 = ORIENTED_EDGE ( 'NONE', *, *, #348, .F. ) ;
#723 = ORIENTED_EDGE ( 'NONE', *, *, #4003, .F. ) ;
#724 = PRESENTATION_STYLE_ASSIGNMENT (( #5377 ) ) ;
#725 =( NAMED_UNIT ( * ) PLANE_ANGLE_UNIT ( ) SI_UNIT ( $, .RADIAN. ) );
#726 = ORIENTED_EDGE ( 'NONE', *, *, #3709, .F. ) ;
#727 = CARTESIAN_POINT ( 'NONE',  ( -1.856014646970690185, 4.480815732679739760, -1.513876697314419983 ) ) ;
#728 =( LENGTH_UNIT ( ) NAMED_UNIT ( * ) SI_UNIT ( .MILLI., .METRE. ) );
#729 = COLOUR_RGB ( '',0.8000000000000000444, 0.6627450980392156632, 0.3176470588235293935 ) ;
#730 = COLOUR_RGB ( '',0.8000000000000000444, 0.6627450980392156632, 0.3176470588235293935 ) ;
#731 = CARTESIAN_POINT ( 'NONE',  ( 4.408507577662979848, -3.913326676722159714E-15, -1.513876697314419983 ) ) ;
#732 = DIRECTION ( 'NONE',  ( -1.000000000000000000, 0.000000000000000000, 0.000000000000000000 ) ) ;
#733 = ADVANCED_FACE ( 'NONE', ( #2466 ), #5521, .T. ) ;
#734 =( LENGTH_UNIT ( ) NAMED_UNIT ( * ) SI_UNIT ( .MILLI., .METRE. ) );
#735 = STYLED_ITEM ( 'NONE', ( #5522 ), #3666 ) ;
#736 = DIRECTION ( 'NONE',  ( -0.4650407975841740482, 0.8852892502353540971, 0.000000000000000000 ) ) ;
#737 = VERTEX_POINT ( 'NONE', #2492 ) ;
#738 = DIRECTION ( 'NONE',  ( 0.000000000000000000, 0.000000000000000000, -1.000000000000000000 ) ) ;
#739 =( GEOMETRIC_REPRESENTATION_CONTEXT ( 3 ) GLOBAL_UNCERTAINTY_ASSIGNED_CONTEXT ( ( #1262 ) ) GLOBAL_UNIT_ASSIGNED_CONTEXT ( ( #1858, #930, #4024 ) ) REPRESENTATION_CONTEXT ( 'NONE', 'WORKASPACE' ) );
#740 = DIRECTION ( 'NONE',  ( 0.000000000000000000, -1.000000000000000000, 0.000000000000000000 ) ) ;
#741 = VERTEX_POINT ( 'NONE', #4666 ) ;
#742 = CARTESIAN_POINT ( 'NONE',  ( 4.808507577662980204, 0.6330520322672440470, -1.513876697314419983 ) ) ;
#743 = ORIENTED_EDGE ( 'NONE', *, *, #255, .T. ) ;
#744 = ORIENTED_EDGE ( 'NONE', *, *, #3491, .T. ) ;
#745 = CARTESIAN_POINT ( 'NONE',  ( 9.410144169084921018, -0.3499999999999880429, 35.42224952619159950 ) ) ;
#746 = SURFACE_SIDE_STYLE ('',( #2958 ) ) ;
#747 = EDGE_CURVE ( 'NONE', #177, #4806, #753, .T. ) ;
#748 = AXIS2_PLACEMENT_3D ( 'NONE', #1343, #439, #114 ) ;
#749 = STYLED_ITEM ( 'NONE', ( #3760 ), #4054 ) ;
#750 = VERTEX_POINT ( 'NONE', #797 ) ;
#751 =( LENGTH_UNIT ( ) NAMED_UNIT ( * ) SI_UNIT ( .MILLI., .METRE. ) );
#752 = PRESENTATION_STYLE_ASSIGNMENT (( #1637 ) ) ;
#753 = LINE ( 'NONE', #1152, #5432 ) ;
#754 = PRESENTATION_LAYER_ASSIGNMENT (  '', '', ( #1906 ) ) ;
#755 = CIRCLE ( 'NONE', #3275, 3.000000000000000444 ) ;
#756 = CARTESIAN_POINT ( 'NONE',  ( 0.000000000000000000, 0.000000000000000000, 0.000000000000000000 ) ) ;
#757 = CARTESIAN_POINT ( 'NONE',  ( 4.258291324655729682, -1.141005721577959875, 15.51049578188889910 ) ) ;
#758 = SURFACE_STYLE_USAGE ( .BOTH. , #3751 ) ;
#759 = EDGE_CURVE ( 'NONE', #4137, #2552, #1162, .T. ) ;
#760 = CARTESIAN_POINT ( 'NONE',  ( 6.365245435477624447, 4.500467925819702231, 44.32109513373159615 ) ) ;
#761 = DIRECTION ( 'NONE',  ( 0.000000000000000000, 0.000000000000000000, 1.000000000000000000 ) ) ;
#762 = PRESENTATION_STYLE_ASSIGNMENT (( #680 ) ) ;
#763 = LINE ( 'NONE', #3756, #575 ) ;
#764 = ORIENTED_EDGE ( 'NONE', *, *, #4932, .T. ) ;
#765 =( GEOMETRIC_REPRESENTATION_CONTEXT ( 3 ) GLOBAL_UNCERTAINTY_ASSIGNED_CONTEXT ( ( #206 ) ) GLOBAL_UNIT_ASSIGNED_CONTEXT ( ( #2593, #4371, #1255 ) ) REPRESENTATION_CONTEXT ( 'NONE', 'WORKASPACE' ) );
#766 = UNCERTAINTY_MEASURE_WITH_UNIT (LENGTH_MEASURE( 1.000000000000000082E-05 ), #4393, 'distance_accuracy_value', 'NONE');
#767 = SURFACE_SIDE_STYLE ('',( #5399 ) ) ;
#768 = VERTEX_POINT ( 'NONE', #3745 ) ;
#769 = CARTESIAN_POINT ( 'NONE',  ( 3.847763700412500043, 2.952492930692289796, 19.00000000000000000 ) ) ;
#770 = ORIENTED_EDGE ( 'NONE', *, *, #481, .F. ) ;
#771 = SURFACE_STYLE_FILL_AREA ( #4606 ) ;
#772 = PRESENTATION_LAYER_ASSIGNMENT (  '', '', ( #3379 ) ) ;
#773 = PLANE ( 'NONE',  #2368 ) ;
#774 =( LENGTH_UNIT ( ) NAMED_UNIT ( * ) SI_UNIT ( .MILLI., .METRE. ) );
#775 =( GEOMETRIC_REPRESENTATION_CONTEXT ( 3 ) GLOBAL_UNCERTAINTY_ASSIGNED_CONTEXT ( ( #3568 ) ) GLOBAL_UNIT_ASSIGNED_CONTEXT ( ( #728, #5052, #2493 ) ) REPRESENTATION_CONTEXT ( 'NONE', 'WORKASPACE' ) );
#776 = ORIENTED_EDGE ( 'NONE', *, *, #1805, .F. ) ;
#777 = ORIENTED_EDGE ( 'NONE', *, *, #4850, .T. ) ;
#778 = MECHANICAL_DESIGN_GEOMETRIC_PRESENTATION_REPRESENTATION (  '', ( #2298 ), #601 ) ;
#779 = EDGE_CURVE ( 'NONE', #1556, #2165, #4584, .T. ) ;
#780 =( NAMED_UNIT ( * ) PLANE_ANGLE_UNIT ( ) SI_UNIT ( $, .RADIAN. ) );
#781 = AXIS2_PLACEMENT_3D ( 'NONE', #1447, #4875, #1023 ) ;
#782 = CARTESIAN_POINT ( 'NONE',  ( 3.578984851118375055, 7.433260888430255342, 44.17158205686133954 ) ) ;
#783 = SURFACE_SIDE_STYLE ('',( #4156 ) ) ;
#784 = DIRECTION ( 'NONE',  ( 0.000000000000000000, -1.000000000000000000, -1.665334536937739741E-16 ) ) ;
#785 = CARTESIAN_POINT ( 'NONE',  ( -4.480815732679739760, -1.856014646970690185, 19.00000000000000000 ) ) ;
#786 = SURFACE_STYLE_USAGE ( .BOTH. , #1216 ) ;
#787 = PRESENTATION_STYLE_ASSIGNMENT (( #2364 ) ) ;
#788 = FACE_OUTER_BOUND ( 'NONE', #1464, .T. ) ;
#789 = ORIENTED_EDGE ( 'NONE', *, *, #516, .T. ) ;
#790 = ORIENTED_EDGE ( 'NONE', *, *, #3857, .F. ) ;
#791 = SURFACE_STYLE_USAGE ( .BOTH. , #4228 ) ;
#792 = SURFACE_STYLE_USAGE ( .BOTH. , #2931 ) ;
#793 = VERTEX_POINT ( 'NONE', #5050 ) ;
#794 = VERTEX_POINT ( 'NONE', #3812 ) ;
#795 = PLANE ( 'NONE',  #574 ) ;
#796 = FILL_AREA_STYLE_COLOUR ( '', #3292 ) ;
#797 = CARTESIAN_POINT ( 'NONE',  ( 3.252606517456509851E-16, 4.408507577662979848, 10.80000000000000071 ) ) ;
#798 = FILL_AREA_STYLE_COLOUR ( '', #4511 ) ;
#799 = CARTESIAN_POINT ( 'NONE',  ( -3.000000000000000000, 3.673940397442059868E-16, 19.00000000000000000 ) ) ;
#800 = DIRECTION ( 'NONE',  ( 0.000000000000000000, 0.000000000000000000, 1.000000000000000000 ) ) ;
#801 = LINE ( 'NONE', #2133, #23 ) ;
#802 = FILL_AREA_STYLE ('',( #4670 ) ) ;
#803 = DIRECTION ( 'NONE',  ( 0.7347623353739597407, -0.6783246350500656829, 0.000000000000000000 ) ) ;
#804 = CARTESIAN_POINT ( 'NONE',  ( -3.817879555032340111, -2.204253788831489924, 10.80000000000000071 ) ) ;
#805 = ORIENTED_EDGE ( 'NONE', *, *, #4389, .F. ) ;
#806 = DIRECTION ( 'NONE',  ( 0.4650407975841799879, 0.8852892502353509885, 0.000000000000000000 ) ) ;
#807 = UNCERTAINTY_MEASURE_WITH_UNIT (LENGTH_MEASURE( 1.000000000000000082E-05 ), #1059, 'distance_accuracy_value', 'NONE');
#808 = ADVANCED_FACE ( 'NONE', ( #821 ), #5449, .F. ) ;
#809 = VECTOR ( 'NONE', #5134, 1000.000000000000000 ) ;
#810 = FILL_AREA_STYLE ('',( #3915 ) ) ;
#811 = ORIENTED_EDGE ( 'NONE', *, *, #1914, .T. ) ;
#812 = FILL_AREA_STYLE_COLOUR ( '', #1526 ) ;
#813 = MECHANICAL_DESIGN_GEOMETRIC_PRESENTATION_REPRESENTATION (  '', ( #4603 ), #5487 ) ;
#814 = ORIENTED_EDGE ( 'NONE', *, *, #5461, .F. ) ;
#815 = ADVANCED_FACE ( 'NONE', ( #462 ), #3417, .T. ) ;
#816 =( LENGTH_UNIT ( ) NAMED_UNIT ( * ) SI_UNIT ( .MILLI., .METRE. ) );
#817 = CARTESIAN_POINT ( 'NONE',  ( 6.460745423339470328, 0.3499999999999999778, 44.74994642509809495 ) ) ;
#818 = VERTEX_POINT ( 'NONE', #3021 ) ;
#819 = ORIENTED_EDGE ( 'NONE', *, *, #3910, .T. ) ;
#820 = FILL_AREA_STYLE ('',( #4265 ) ) ;
#821 = FACE_OUTER_BOUND ( 'NONE', #4998, .T. ) ;
#822 = SURFACE_STYLE_USAGE ( .BOTH. , #783 ) ;
#823 = CIRCLE ( 'NONE', #4244, 8.250000000000000000 ) ;
#824 = CARTESIAN_POINT ( 'NONE',  ( 4.304217301330595546, -1.288573727809283920, 14.81933248585657203 ) ) ;
#825 = DIRECTION ( 'NONE',  ( 0.9548275336531429902, -0.2971605306528039558, 0.000000000000000000 ) ) ;
#826 = EDGE_CURVE ( 'NONE', #3652, #4551, #933, .T. ) ;
#827 =( GEOMETRIC_REPRESENTATION_CONTEXT ( 3 ) GLOBAL_UNCERTAINTY_ASSIGNED_CONTEXT ( ( #2054 ) ) GLOBAL_UNIT_ASSIGNED_CONTEXT ( ( #1039, #3599, #4442 ) ) REPRESENTATION_CONTEXT ( 'NONE', 'WORKASPACE' ) );
#828 = DIRECTION ( 'NONE',  ( -1.000000000000000000, 0.000000000000000000, 0.000000000000000000 ) ) ;
#829 = FILL_AREA_STYLE ('',( #58 ) ) ;
#830 = CARTESIAN_POINT ( 'NONE',  ( 9.993873123068949482, -0.3500000000000519917, 86.48696279987521507 ) ) ;
#831 = CARTESIAN_POINT ( 'NONE',  ( -4.480815732679739760, -1.856014646970690185, -1.513876697314419983 ) ) ;
#832 = COLOUR_RGB ( '',0.8000000000000000444, 0.6627450980392156632, 0.3176470588235293935 ) ;
#833 = PRESENTATION_STYLE_ASSIGNMENT (( #4303 ) ) ;
#834 = DIRECTION ( 'NONE',  ( -0.6783246350500656829, -0.7347623353739597407, 0.000000000000000000 ) ) ;
#835 = ADVANCED_FACE ( 'NONE', ( #2151 ), #492, .T. ) ;
#836 = VECTOR ( 'NONE', #2690, 1000.000000000000000 ) ;
#837 = VERTEX_POINT ( 'NONE', #2678 ) ;
#838 = MECHANICAL_DESIGN_GEOMETRIC_PRESENTATION_REPRESENTATION (  '', ( #490 ), #3190 ) ;
#839 =( LENGTH_UNIT ( ) NAMED_UNIT ( * ) SI_UNIT ( .MILLI., .METRE. ) );
#840 = VERTEX_POINT ( 'NONE', #3072 ) ;
#841 = CARTESIAN_POINT ( 'NONE',  ( 6.681360117457032288, -3.216957806830736732, 44.44273301383612562 ) ) ;
#842 = MECHANICAL_DESIGN_GEOMETRIC_PRESENTATION_REPRESENTATION (  '', ( #5512 ), #765 ) ;
#843 = FILL_AREA_STYLE ('',( #2083 ) ) ;
#844 = DIRECTION ( 'NONE',  ( -0.8453817696217521549, -0.5341625816090030954, 0.000000000000000000 ) ) ;
#845 = VERTEX_POINT ( 'NONE', #4972 ) ;
#846 = STYLED_ITEM ( 'NONE', ( #752 ), #2829 ) ;
#847 = VECTOR ( 'NONE', #2275, 1000.000000000000000 ) ;
#848 = ORIENTED_EDGE ( 'NONE', *, *, #5062, .F. ) ;
#849 = EDGE_CURVE ( 'NONE', #522, #177, #4921, .T. ) ;
#850 =( GEOMETRIC_REPRESENTATION_CONTEXT ( 3 ) GLOBAL_UNCERTAINTY_ASSIGNED_CONTEXT ( ( #261 ) ) GLOBAL_UNIT_ASSIGNED_CONTEXT ( ( #3017, #960, #895 ) ) REPRESENTATION_CONTEXT ( 'NONE', 'WORKASPACE' ) );
#851 = UNCERTAINTY_MEASURE_WITH_UNIT (LENGTH_MEASURE( 1.000000000000000082E-05 ), #2839, 'distance_accuracy_value', 'NONE');
#852 = DIRECTION ( 'NONE',  ( -0.9010013198097159837, 0.4338163455901010157, 0.000000000000000000 ) ) ;
#853 = DIRECTION ( 'NONE',  ( 0.2223993914986150400, 0.9749556454839604092, 0.000000000000000000 ) ) ;
#854 =( GEOMETRIC_REPRESENTATION_CONTEXT ( 3 ) GLOBAL_UNCERTAINTY_ASSIGNED_CONTEXT ( ( #1215 ) ) GLOBAL_UNIT_ASSIGNED_CONTEXT ( ( #5452, #1620, #5004 ) ) REPRESENTATION_CONTEXT ( 'NONE', 'WORKASPACE' ) );
#855 = VECTOR ( 'NONE', #2430, 1000.000000000000114 ) ;
#856 = MECHANICAL_DESIGN_GEOMETRIC_PRESENTATION_REPRESENTATION (  '', ( #1146 ), #4732 ) ;
#857 =( LENGTH_UNIT ( ) NAMED_UNIT ( * ) SI_UNIT ( .MILLI., .METRE. ) );
#858 = DIRECTION ( 'NONE',  ( 0.000000000000000000, -1.000000000000000000, 0.000000000000000000 ) ) ;
#859 = ADVANCED_FACE ( 'NONE', ( #171 ), #643, .T. ) ;
#860 = LINE ( 'NONE', #116, #5064 ) ;
#861 = UNCERTAINTY_MEASURE_WITH_UNIT (LENGTH_MEASURE( 1.000000000000000082E-05 ), #433, 'distance_accuracy_value', 'NONE');
#862 = CARTESIAN_POINT ( 'NONE',  ( 4.258291324655739452, 1.141005721577950105, 15.51049578188889910 ) ) ;
#863 = CARTESIAN_POINT ( 'NONE',  ( -1.685612795239709862E-15, -4.408507577662979848, 10.80000000000000071 ) ) ;
#864 = ORIENTED_EDGE ( 'NONE', *, *, #2394, .T. ) ;
#865 = DIRECTION ( 'NONE',  ( 0.000000000000000000, -1.665334536937739741E-16, 1.000000000000000000 ) ) ;
#866 = EDGE_CURVE ( 'NONE', #2000, #5067, #1036, .T. ) ;
#867 = CARTESIAN_POINT ( 'NONE',  ( -7.479269494239395577, -0.6344256688594039906, 37.94924858174194782 ) ) ;
#868 = DIRECTION ( 'NONE',  ( 0.000000000000000000, 0.000000000000000000, 1.000000000000000000 ) ) ;
#869 = SURFACE_STYLE_USAGE ( .BOTH. , #4288 ) ;
#870 =( LENGTH_UNIT ( ) NAMED_UNIT ( * ) SI_UNIT ( .MILLI., .METRE. ) );
#871 = LINE ( 'NONE', #2584, #4097 ) ;
#872 = VERTEX_POINT ( 'NONE', #4437 ) ;
#873 =( GEOMETRIC_REPRESENTATION_CONTEXT ( 3 ) GLOBAL_UNCERTAINTY_ASSIGNED_CONTEXT ( ( #653 ) ) GLOBAL_UNIT_ASSIGNED_CONTEXT ( ( #1219, #290, #4958 ) ) REPRESENTATION_CONTEXT ( 'NONE', 'WORKASPACE' ) );
#874 = ORIENTED_EDGE ( 'NONE', *, *, #5383, .T. ) ;
#875 = DIRECTION ( 'NONE',  ( -1.000000000000000000, 0.000000000000000000, 0.000000000000000000 ) ) ;
#876 = DIRECTION ( 'NONE',  ( 0.000000000000000000, -1.000000000000000000, 0.000000000000000000 ) ) ;
#877 = EDGE_CURVE ( 'NONE', #4258, #3311, #4562, .T. ) ;
#878 = CARTESIAN_POINT ( 'NONE',  ( 4.808507577662980204, -0.6330520322672640310, 10.80000000000000071 ) ) ;
#879 = CYLINDRICAL_SURFACE ( 'NONE', #4969, 3.000000000000000888 ) ;
#880 = PRESENTATION_STYLE_ASSIGNMENT (( #4341 ) ) ;
#881 = LINE ( 'NONE', #4296, #809 ) ;
#882 = SURFACE_STYLE_USAGE ( .BOTH. , #3452 ) ;
#883 = AXIS2_PLACEMENT_3D ( 'NONE', #3637, #3241, #4413 ) ;
#884 = CARTESIAN_POINT ( 'NONE',  ( 2.952492930692300011, 3.847763700412489829, 19.00000000000000000 ) ) ;
#885 = CARTESIAN_POINT ( 'NONE',  ( -2.204253788831489924, 3.817879555032340111, 10.80000000000000071 ) ) ;
#886 = EDGE_CURVE ( 'NONE', #5316, #3488, #1591, .T. ) ;
#887 = SURFACE_SIDE_STYLE ('',( #25 ) ) ;
#888 = AXIS2_PLACEMENT_3D ( 'NONE', #707, #1867, #2802 ) ;
#889 = EDGE_LOOP ( 'NONE', ( #4907, #4390, #811, #3838, #3039, #4250 ) ) ;
#890 =( GEOMETRIC_REPRESENTATION_CONTEXT ( 3 ) GLOBAL_UNCERTAINTY_ASSIGNED_CONTEXT ( ( #2898 ) ) GLOBAL_UNIT_ASSIGNED_CONTEXT ( ( #1282, #2655, #2623 ) ) REPRESENTATION_CONTEXT ( 'NONE', 'WORKASPACE' ) );
#891 = LINE ( 'NONE', #5546, #1567 ) ;
#892 = DIRECTION ( 'NONE',  ( -0.2971605306528039558, -0.9548275336531429902, 0.000000000000000000 ) ) ;
#893 = VECTOR ( 'NONE', #449, 1000.000000000000000 ) ;
#894 = ORIENTED_EDGE ( 'NONE', *, *, #4149, .T. ) ;
#895 =( NAMED_UNIT ( * ) SI_UNIT ( $, .STERADIAN. ) SOLID_ANGLE_UNIT ( ) );
#896 = ORIENTED_EDGE ( 'NONE', *, *, #4557, .F. ) ;
#897 = EDGE_LOOP ( 'NONE', ( #4325, #3302, #3128, #1159 ) ) ;
#898 = LINE ( 'NONE', #1361, #1742 ) ;
#899 = SURFACE_STYLE_USAGE ( .BOTH. , #4719 ) ;
#900 = DIRECTION ( 'NONE',  ( 0.000000000000000000, 0.000000000000000000, 1.000000000000000000 ) ) ;
#901 = CARTESIAN_POINT ( 'NONE',  ( -4.754517560186916292, -5.693163083207406494, 44.44273301383613273 ) ) ;
#902 = ADVANCED_FACE ( 'NONE', ( #4467 ), #614, .T. ) ;
#903 = EDGE_CURVE ( 'NONE', #3037, #90, #3757, .T. ) ;
#904 = CARTESIAN_POINT ( 'NONE',  ( -1.141005721577959875, 4.258291324655729682, 19.00000000000000000 ) ) ;
#905 = PRESENTATION_STYLE_ASSIGNMENT (( #1804 ) ) ;
#906 = PRESENTATION_STYLE_ASSIGNMENT (( #4726 ) ) ;
#907 = SURFACE_STYLE_FILL_AREA ( #3873 ) ;
#908 = PRODUCT ( 'Bague laiton D6 trou M3_oa_0', 'Bague laiton D6 trou M3_oa_0', '', ( #5494 ) ) ;
#909 = PLANE ( 'NONE',  #555 ) ;
#910 = CARTESIAN_POINT ( 'NONE',  ( 1.649198943259454486, 7.229767174372017990, 44.44273301383611852 ) ) ;
#911 = EDGE_CURVE ( 'NONE', #1750, #4176, #413, .T. ) ;
#912 = PRESENTATION_LAYER_ASSIGNMENT (  '', '', ( #4425 ) ) ;
#913 = CARTESIAN_POINT ( 'NONE',  ( -4.841233928450797031, 0.3287126898661815733, 40.25595448143771193 ) ) ;
#914 = CIRCLE ( 'NONE', #3799, 2.999999999999998668 ) ;
#915 = MECHANICAL_DESIGN_GEOMETRIC_PRESENTATION_REPRESENTATION (  '', ( #1561 ), #2537 ) ;
#916 = LINE ( 'NONE', #30, #3235 ) ;
#917 = EDGE_LOOP ( 'NONE', ( #2903, #4908, #3853, #1074, #2879, #2282, #2635, #4990, #5306, #637, #1946, #1190 ) ) ;
#918 = FACE_OUTER_BOUND ( 'NONE', #2339, .T. ) ;
#919 =( NAMED_UNIT ( * ) SI_UNIT ( $, .STERADIAN. ) SOLID_ANGLE_UNIT ( ) );
#920 = DIRECTION ( 'NONE',  ( 0.000000000000000000, -1.665334536937739741E-16, 1.000000000000000000 ) ) ;
#921 = CARTESIAN_POINT ( 'NONE',  ( 1.328801927239227521, -7.317247125331622470, 44.43633199414209400 ) ) ;
#922 = COLOUR_RGB ( '',0.8000000000000000444, 0.6627450980392156632, 0.3176470588235293935 ) ;
#923 = ORIENTED_EDGE ( 'NONE', *, *, #2001, .F. ) ;
#924 = CARTESIAN_POINT ( 'NONE',  ( -7.415483163629600583, -6.505214077724034434E-16, 44.44273301383613983 ) ) ;
#925 = ORIENTED_EDGE ( 'NONE', *, *, #1371, .F. ) ;
#926 = AXIS2_PLACEMENT_3D ( 'NONE', #404, #4664, #4264 ) ;
#927 = VECTOR ( 'NONE', #825, 1000.000000000000000 ) ;
#928 = ORIENTED_EDGE ( 'NONE', *, *, #5388, .F. ) ;
#929 = SURFACE_STYLE_FILL_AREA ( #829 ) ;
#930 =( NAMED_UNIT ( * ) PLANE_ANGLE_UNIT ( ) SI_UNIT ( $, .RADIAN. ) );
#931 = FILL_AREA_STYLE_COLOUR ( '', #678 ) ;
#932 = FACE_OUTER_BOUND ( 'NONE', #4763, .T. ) ;
#933 = CIRCLE ( 'NONE', #4083, 10.00000000000000000 ) ;
#934 = CYLINDRICAL_SURFACE ( 'NONE', #4276, 2.999999999999998668 ) ;
#935 = CARTESIAN_POINT ( 'NONE',  ( -7.687696742520765625, -1.292238290810088674, 44.32109513373160326 ) ) ;
#936 = VECTOR ( 'NONE', #4494, 1000.000000000000000 ) ;
#937 = CIRCLE ( 'NONE', #143, 8.250000000000001776 ) ;
#938 = EDGE_CURVE ( 'NONE', #1168, #5014, #3371, .T. ) ;
#939 = ADVANCED_FACE ( 'NONE', ( #5415 ), #2438, .F. ) ;
#940 =( NAMED_UNIT ( * ) PLANE_ANGLE_UNIT ( ) SI_UNIT ( $, .RADIAN. ) );
#941 = COLOUR_RGB ( '',1.000000000000000000, 1.000000000000000000, 1.000000000000000000 ) ;
#942 = CARTESIAN_POINT ( 'NONE',  ( 62.88314465327709968, -3.913326676722159714E-15, 15.00000000000000000 ) ) ;
#943 =( LENGTH_UNIT ( ) NAMED_UNIT ( * ) SI_UNIT ( .MILLI., .METRE. ) );
#944 = MECHANICAL_DESIGN_GEOMETRIC_PRESENTATION_REPRESENTATION (  '', ( #3211 ), #1315 ) ;
#945 = COLOUR_RGB ( '',0.8196078431372548767, 0.8196078431372548767, 0.8196078431372548767 ) ;
#946 = CARTESIAN_POINT ( 'NONE',  ( 5.000000000000000000, 0.000000000000000000, 44.93887821575369657 ) ) ;
#947 = CLOSED_SHELL ( 'NONE', ( #341, #2672, #5036, #3666, #2972, #3989, #4453, #4161, #3907, #1668, #616, #1294, #1, #448, #436, #1082, #3807, #3687, #4762, #2351, #2066, #2910, #3086, #3885, #1166, #1956, #1151, #496, #2460, #808, #4039, #3422, #3937, #3918, #4377, #5474, #4474, #1616, #1418, #2045, #1073, #3750, #5013, #2330, #4320, #599, #646, #715, #939, #4380, #5412, #4747, #4527, #376, #4918, #4775 ) ) ;
#948 = VECTOR ( 'NONE', #705, 1000.000000000000000 ) ;
#949 = LINE ( 'NONE', #1810, #223 ) ;
#950 = DIRECTION ( 'NONE',  ( 0.000000000000000000, 0.000000000000000000, 1.000000000000000000 ) ) ;
#951 = CARTESIAN_POINT ( 'NONE',  ( 4.258291324655739452, 1.141005721577950105, 19.00000000000000000 ) ) ;
#952 = ORIENTED_EDGE ( 'NONE', *, *, #1534, .T. ) ;
#953 = FACE_OUTER_BOUND ( 'NONE', #5313, .T. ) ;
#954 = LINE ( 'NONE', #3513, #4629 ) ;
#955 = CARTESIAN_POINT ( 'NONE',  ( 0.000000000000000000, 0.000000000000000000, 36.58887821575369514 ) ) ;
#956 = CARTESIAN_POINT ( 'NONE',  ( -1.141005721577959875, 4.258291324655729682, 10.80000000000000071 ) ) ;
#957 = ORIENTED_EDGE ( 'NONE', *, *, #2814, .T. ) ;
#958 = DIRECTION ( 'NONE',  ( 0.8852892502353509885, -0.4650407975841799879, 0.000000000000000000 ) ) ;
#959 = AXIS2_PLACEMENT_3D ( 'NONE', #2785, #2397, #2366 ) ;
#960 =( NAMED_UNIT ( * ) PLANE_ANGLE_UNIT ( ) SI_UNIT ( $, .RADIAN. ) );
#961 = ORIENTED_EDGE ( 'NONE', *, *, #567, .F. ) ;
#962 = VERTEX_POINT ( 'NONE', #3322 ) ;
#963 = EDGE_CURVE ( 'NONE', #4963, #2911, #1639, .T. ) ;
#964 = SURFACE_STYLE_FILL_AREA ( #2739 ) ;
#965 = DIRECTION ( 'NONE',  ( 0.000000000000000000, 0.000000000000000000, -1.000000000000000000 ) ) ;
#966 = DIRECTION ( 'NONE',  ( 0.000000000000000000, 0.000000000000000000, -1.000000000000000000 ) ) ;
#967 = CARTESIAN_POINT ( 'NONE',  ( -0.6330520322672510414, -4.808507577662980204, -1.513876697314419983 ) ) ;
#968 = DIRECTION ( 'NONE',  ( 0.000000000000000000, 0.000000000000000000, -1.000000000000000000 ) ) ;
#969 = CARTESIAN_POINT ( 'NONE',  ( 0.000000000000000000, 0.000000000000000000, 36.58887821575369514 ) ) ;
#970 = DIRECTION ( 'NONE',  ( 0.000000000000000000, 0.000000000000000000, 1.000000000000000000 ) ) ;
#971 = CARTESIAN_POINT ( 'NONE',  ( 3.000000000000000000, -3.760245826828740779E-15, 13.75000000000000000 ) ) ;
#972 = SURFACE_SIDE_STYLE ('',( #2600 ) ) ;
#973 = DIRECTION ( 'NONE',  ( 0.000000000000000000, 0.000000000000000000, -1.000000000000000000 ) ) ;
#974 = UNCERTAINTY_MEASURE_WITH_UNIT (LENGTH_MEASURE( 1.000000000000000082E-05 ), #734, 'distance_accuracy_value', 'NONE');
#975 = FILL_AREA_STYLE_COLOUR ( '', #729 ) ;
#976 = DIRECTION ( 'NONE',  ( 0.2971605306528030122, 0.9548275336531433233, 0.000000000000000000 ) ) ;
#977 = ADVANCED_FACE ( 'NONE', ( #1644 ), #5329, .T. ) ;
#978 = VERTEX_POINT ( 'NONE', #1034 ) ;
#979 = CARTESIAN_POINT ( 'NONE',  ( 3.000000000000000000, -3.913321534210503248E-15, 16.25000000000000000 ) ) ;
#980 = ORIENTED_EDGE ( 'NONE', *, *, #1092, .F. ) ;
#981 = VECTOR ( 'NONE', #682, 1000.000000000000000 ) ;
#982 = EDGE_CURVE ( 'NONE', #266, #5282, #1865, .T. ) ;
#983 =( LENGTH_UNIT ( ) NAMED_UNIT ( * ) SI_UNIT ( .MILLI., .METRE. ) );
#984 = CARTESIAN_POINT ( 'NONE',  ( 6.549436464021485271, -3.523166481839078212, 44.43633199414209400 ) ) ;
#985 = PRESENTATION_LAYER_ASSIGNMENT (  '', '', ( #5293 ) ) ;
#986 = LINE ( 'NONE', #2700, #24 ) ;
#987 = LINE ( 'NONE', #4081, #536 ) ;
#988 = ORIENTED_EDGE ( 'NONE', *, *, #5469, .T. ) ;
#989 = DIRECTION ( 'NONE',  ( 0.2225695499711609626, -0.9749168146183729844, 0.000000000000000000 ) ) ;
#990 = STYLED_ITEM ( 'NONE', ( #5475 ), #3339 ) ;
#991 = ORIENTED_EDGE ( 'NONE', *, *, #4662, .F. ) ;
#992 = ORIENTED_EDGE ( 'NONE', *, *, #4419, .F. ) ;
#993 = CARTESIAN_POINT ( 'NONE',  ( 9.993873123068960140, -0.3499999999999999778, 33.03887821575369799 ) ) ;
#994 = VECTOR ( 'NONE', #4212, 1000.000000000000000 ) ;
#995 = CYLINDRICAL_SURFACE ( 'NONE', #2024, 8.250000000000000000 ) ;
#996 = STYLED_ITEM ( 'NONE', ( #3133 ), #3033 ) ;
#997 = SURFACE_STYLE_FILL_AREA ( #2683 ) ;
#998 = CARTESIAN_POINT ( 'NONE',  ( -4.850000000000000533, 0.000000000000000000, 86.48696279987521507 ) ) ;
#999 = CARTESIAN_POINT ( 'NONE',  ( 2.727187588314023969, -1.249979143294127182, 15.08271349988445031 ) ) ;
#1000 = EDGE_CURVE ( 'NONE', #2442, #1898, #3595, .T. ) ;
#1001 =( LENGTH_UNIT ( ) NAMED_UNIT ( * ) SI_UNIT ( .MILLI., .METRE. ) );
#1002 = FACE_OUTER_BOUND ( 'NONE', #4841, .T. ) ;
#1003 = CARTESIAN_POINT ( 'NONE',  ( -30.72458299147439931, 0.000000000000000000, 39.03887821575369799 ) ) ;
#1004 = FILL_AREA_STYLE ('',( #3123 ) ) ;
#1005 =( GEOMETRIC_REPRESENTATION_CONTEXT ( 3 ) GLOBAL_UNCERTAINTY_ASSIGNED_CONTEXT ( ( #4478 ) ) GLOBAL_UNIT_ASSIGNED_CONTEXT ( ( #169, #1542, #3594 ) ) REPRESENTATION_CONTEXT ( 'NONE', 'WORKASPACE' ) );
#1006 = ORIENTED_EDGE ( 'NONE', *, *, #1598, .T. ) ;
#1007 = AXIS2_PLACEMENT_3D ( 'NONE', #4479, #920, #3550 ) ;
#1008 = DIRECTION ( 'NONE',  ( 0.000000000000000000, -1.000000000000000000, 0.000000000000000000 ) ) ;
#1009 = ORIENTED_EDGE ( 'NONE', *, *, #2192, .F. ) ;
#1010 = EDGE_CURVE ( 'NONE', #3676, #45, #1422, .T. ) ;
#1011 = CARTESIAN_POINT ( 'NONE',  ( 0.000000000000000000, 0.000000000000000000, 44.17158205686130401 ) ) ;
#1012 = CARTESIAN_POINT ( 'NONE',  ( 0.000000000000000000, 0.000000000000000000, 44.17158205686130401 ) ) ;
#1013 = DIRECTION ( 'NONE',  ( 0.000000000000000000, 0.000000000000000000, -1.000000000000000000 ) ) ;
#1014 = VERTEX_POINT ( 'NONE', #3628 ) ;
#1015 = CARTESIAN_POINT ( 'NONE',  ( 6.680798550640680844, 3.218123875153366509, 36.58887821575369514 ) ) ;
#1016 = LINE ( 'NONE', #1773, #2790 ) ;
#1017 = ORIENTED_EDGE ( 'NONE', *, *, #1959, .T. ) ;
#1018 = MECHANICAL_DESIGN_GEOMETRIC_PRESENTATION_REPRESENTATION (  '', ( #4627 ), #35 ) ;
#1019 = ORIENTED_EDGE ( 'NONE', *, *, #1000, .T. ) ;
#1020 = DIRECTION ( 'NONE',  ( 0.000000000000000000, 0.000000000000000000, -1.000000000000000000 ) ) ;
#1021 = AXIS2_PLACEMENT_3D ( 'NONE', #1398, #2689, #2238 ) ;
#1022 = FILL_AREA_STYLE_COLOUR ( '', #220 ) ;
#1023 = DIRECTION ( 'NONE',  ( 0.000000000000000000, 0.000000000000000000, 1.000000000000000000 ) ) ;
#1024 = SURFACE_STYLE_FILL_AREA ( #3287 ) ;
#1025 = EDGE_CURVE ( 'NONE', #5464, #5067, #4983, .T. ) ;
#1026 = COLOUR_RGB ( '',0.8000000000000000444, 0.6627450980392156632, 0.3176470588235293935 ) ;
#1027 = PRODUCT_DEFINITION_FORMATION_WITH_SPECIFIED_SOURCE ( 'ANY', '', #4783, .NOT_KNOWN. ) ;
#1028 = STYLED_ITEM ( 'NONE', ( #2938 ), #733 ) ;
#1029 = LINE ( 'NONE', #1419, #47 ) ;
#1030 = DIRECTION ( 'NONE',  ( 0.000000000000000000, 0.000000000000000000, -1.000000000000000000 ) ) ;
#1031 = CARTESIAN_POINT ( 'NONE',  ( 4.480815732679729102, -1.856014646970700177, 19.00000000000000000 ) ) ;
#1032 =( LENGTH_UNIT ( ) NAMED_UNIT ( * ) SI_UNIT ( .MILLI., .METRE. ) );
#1033 = DIRECTION ( 'NONE',  ( -0.03990748061359909032, 0.9992033791931825837, 0.000000000000000000 ) ) ;
#1034 = CARTESIAN_POINT ( 'NONE',  ( 4.480815732679749530, 1.856014646970669979, 19.00000000000000000 ) ) ;
#1035 = AXIS2_PLACEMENT_3D ( 'NONE', #131, #103, #3106 ) ;
#1036 = LINE ( 'NONE', #3688, #948 ) ;
#1037 = VECTOR ( 'NONE', #2945, 1000.000000000000000 ) ;
#1038 = MECHANICAL_DESIGN_GEOMETRIC_PRESENTATION_REPRESENTATION (  '', ( #3551 ), #850 ) ;
#1039 =( LENGTH_UNIT ( ) NAMED_UNIT ( * ) SI_UNIT ( .MILLI., .METRE. ) );
#1040 = DIRECTION ( 'NONE',  ( 0.9754851657028630330, -0.2200651982791869965, 0.000000000000000000 ) ) ;
#1041 = SURFACE_STYLE_FILL_AREA ( #4472 ) ;
#1042 = VERTEX_POINT ( 'NONE', #4886 ) ;
#1043 = DIRECTION ( 'NONE',  ( 0.6234703080455549218, 0.7818470278677159824, 0.000000000000000000 ) ) ;
#1044 = CARTESIAN_POINT ( 'NONE',  ( 2.831708547879882243, 0.9978600834227930871, 15.76998269508255568 ) ) ;
#1045 = EDGE_LOOP ( 'NONE', ( #4058, #333, #3058, #961 ) ) ;
#1046 = FILL_AREA_STYLE ('',( #3695 ) ) ;
#1047 = DIRECTION ( 'NONE',  ( -1.000000000000000000, 0.000000000000000000, 0.000000000000000000 ) ) ;
#1048 = CIRCLE ( 'NONE', #5527, 2.999999999999998224 ) ;
#1049 = STYLED_ITEM ( 'NONE', ( #685 ), #1073 ) ;
#1050 = CARTESIAN_POINT ( 'NONE',  ( 4.408507577662979848, -3.913326676722159714E-15, -1.513876697314419983 ) ) ;
#1051 = EDGE_CURVE ( 'NONE', #4839, #5403, #4466, .T. ) ;
#1052 = ORIENTED_EDGE ( 'NONE', *, *, #2618, .F. ) ;
#1053 = CARTESIAN_POINT ( 'NONE',  ( -7.688329607293868939, 1.250053392319362855, 39.12069227570180630 ) ) ;
#1054 = FACE_OUTER_BOUND ( 'NONE', #2946, .T. ) ;
#1055 = ORIENTED_EDGE ( 'NONE', *, *, #344, .F. ) ;
#1056 = VERTEX_POINT ( 'NONE', #595 ) ;
#1057 = SURFACE_STYLE_USAGE ( .BOTH. , #2764 ) ;
#1058 = PLANE ( 'NONE',  #781 ) ;
#1059 =( LENGTH_UNIT ( ) NAMED_UNIT ( * ) SI_UNIT ( .MILLI., .METRE. ) );
#1060 = EDGE_LOOP ( 'NONE', ( #720, #1504, #2170, #5288 ) ) ;
#1061 = VERTEX_POINT ( 'NONE', #3182 ) ;
#1062 = EDGE_CURVE ( 'NONE', #3415, #4592, #625, .T. ) ;
#1063 = DIRECTION ( 'NONE',  ( 0.000000000000000000, 0.000000000000000000, -1.000000000000000000 ) ) ;
#1064 = LINE ( 'NONE', #2712, #1260 ) ;
#1065 = CARTESIAN_POINT ( 'NONE',  ( 4.549988879738669389, -0.2239125645170852719, 16.25000000000000000 ) ) ;
#1066 = DIRECTION ( 'NONE',  ( 0.000000000000000000, 0.000000000000000000, 1.000000000000000000 ) ) ;
#1067 = DIRECTION ( 'NONE',  ( 0.5341625816090090906, 0.8453817696217482691, 0.000000000000000000 ) ) ;
#1068 =( LENGTH_UNIT ( ) NAMED_UNIT ( * ) SI_UNIT ( .MILLI., .METRE. ) );
#1069 =( LENGTH_UNIT ( ) NAMED_UNIT ( * ) SI_UNIT ( .MILLI., .METRE. ) );
#1070 = CARTESIAN_POINT ( 'NONE',  ( 4.258291324655739452, 1.141005721577950105, -1.513876697314419983 ) ) ;
#1071 = LINE ( 'NONE', #5420, #1646 ) ;
#1072 = ORIENTED_EDGE ( 'NONE', *, *, #1265, .T. ) ;
#1073 = ADVANCED_FACE ( 'NONE', ( #3151 ), #1547, .F. ) ;
#1074 = ORIENTED_EDGE ( 'NONE', *, *, #5023, .T. ) ;
#1075 = CARTESIAN_POINT ( 'NONE',  ( -7.415483163629600583, -6.505213034913029562E-16, 36.58887821575369514 ) ) ;
#1076 = SURFACE_SIDE_STYLE ('',( #3696 ) ) ;
#1077 = CARTESIAN_POINT ( 'NONE',  ( 0.000000000000000000, 0.000000000000000000, 44.17158205686130401 ) ) ;
#1078 = MECHANICAL_DESIGN_GEOMETRIC_PRESENTATION_REPRESENTATION (  '', ( #92 ), #3413 ) ;
#1079 = ORIENTED_EDGE ( 'NONE', *, *, #4856, .F. ) ;
#1080 = PLANE ( 'NONE',  #959 ) ;
#1081 = ORIENTED_EDGE ( 'NONE', *, *, #5509, .T. ) ;
#1082 = ADVANCED_FACE ( 'NONE', ( #205 ), #2390, .F. ) ;
#1083 = ORIENTED_EDGE ( 'NONE', *, *, #5404, .F. ) ;
#1084 = FACE_OUTER_BOUND ( 'NONE', #917, .T. ) ;
#1085 = DIRECTION ( 'NONE',  ( 0.000000000000000000, 0.000000000000000000, 1.000000000000000000 ) ) ;
#1086 = SURFACE_STYLE_USAGE ( .BOTH. , #5445 ) ;
#1087 = ORIENTED_EDGE ( 'NONE', *, *, #427, .T. ) ;
#1088 = CARTESIAN_POINT ( 'NONE',  ( 7.351668498693100240, -0.3499999999999999778, 44.46079367065190269 ) ) ;
#1089 = AXIS2_PLACEMENT_3D ( 'NONE', #5534, #803, #2944 ) ;
#1090 = CARTESIAN_POINT ( 'NONE',  ( 1.856014646970690185, 4.480815732679739760, 19.00000000000000000 ) ) ;
#1092 = EDGE_CURVE ( 'NONE', #3683, #4121, #3723, .T. ) ;
#1091 = COLOUR_RGB ( '',0.2000000000000000111, 0.2000000000000000111, 0.2000000000000000111 ) ;
#1093 = CIRCLE ( 'NONE', #4234, 6.899999999999999467 ) ;
#1094 = SURFACE_STYLE_FILL_AREA ( #4005 ) ;
#1095 = CARTESIAN_POINT ( 'NONE',  ( 9.500000000000000000, -0.3499999999999999778, 35.16669567505899607 ) ) ;
#1096 =( NAMED_UNIT ( * ) SI_UNIT ( $, .STERADIAN. ) SOLID_ANGLE_UNIT ( ) );
#1097 = FACE_OUTER_BOUND ( 'NONE', #1228, .T. ) ;
#1098 = CARTESIAN_POINT ( 'NONE',  ( -2.952492930692300011, -3.847763700412489829, -1.513876697314419983 ) ) ;
#1099 = EDGE_CURVE ( 'NONE', #258, #1948, #2360, .T. ) ;
#1100 = ORIENTED_EDGE ( 'NONE', *, *, #5425, .T. ) ;
#1101 = PLANE ( 'NONE',  #3254 ) ;
#1102 = ORIENTED_EDGE ( 'NONE', *, *, #81, .T. ) ;
#1103 = EDGE_CURVE ( 'NONE', #793, #3705, #1134, .T. ) ;
#1104 =( LENGTH_UNIT ( ) NAMED_UNIT ( * ) SI_UNIT ( .MILLI., .METRE. ) );
#1105 = UNCERTAINTY_MEASURE_WITH_UNIT (LENGTH_MEASURE( 1.000000000000000082E-05 ), #4836, 'distance_accuracy_value', 'NONE');
#1106 = DIRECTION ( 'NONE',  ( 0.000000000000000000, 0.000000000000000000, -1.000000000000000000 ) ) ;
#1107 = DIRECTION ( 'NONE',  ( 0.000000000000000000, 0.000000000000000000, -1.000000000000000000 ) ) ;
#1108 = VECTOR ( 'NONE', #1436, 1000.000000000000000 ) ;
#1109 = VERTEX_POINT ( 'NONE', #4568 ) ;
#1110 =( NAMED_UNIT ( * ) PLANE_ANGLE_UNIT ( ) SI_UNIT ( $, .RADIAN. ) );
#1111 = VERTEX_POINT ( 'NONE', #233 ) ;
#1112 = SHAPE_REPRESENTATION ( 'ACCKIS2012NLD6', ( #1569, #2732, #4345 ), #3368 ) ;
#1113 = VERTEX_POINT ( 'NONE', #1940 ) ;
#1114 = COLOUR_RGB ( '',0.8000000000000000444, 0.6627450980392156632, 0.3176470588235293935 ) ;
#1115 = DIRECTION ( 'NONE',  ( -0.9754851657028632550, 0.2200651982791860528, 0.000000000000000000 ) ) ;
#1116 = PRESENTATION_STYLE_ASSIGNMENT (( #5321 ) ) ;
#1117 = ORIENTED_EDGE ( 'NONE', *, *, #2489, .T. ) ;
#1118 =( LENGTH_UNIT ( ) NAMED_UNIT ( * ) SI_UNIT ( .MILLI., .METRE. ) );
#1119 = PRESENTATION_STYLE_ASSIGNMENT (( #5003 ) ) ;
#1120 = AXIS2_PLACEMENT_3D ( 'NONE', #4787, #5124, #373 ) ;
#1121 = VECTOR ( 'NONE', #1129, 1000.000000000000000 ) ;
#1122 = EDGE_CURVE ( 'NONE', #837, #2310, #713, .T. ) ;
#1123 =( NAMED_UNIT ( * ) SI_UNIT ( $, .STERADIAN. ) SOLID_ANGLE_UNIT ( ) );
#1124 = FILL_AREA_STYLE ('',( #1572 ) ) ;
#1125 = VECTOR ( 'NONE', #342, 1000.000000000000000 ) ;
#1126 = AXIS2_PLACEMENT_3D ( 'NONE', #4157, #1890, #1983 ) ;
#1127 = CARTESIAN_POINT ( 'NONE',  ( -4.258291324655739452, -1.141005721577959875, -1.513876697314419983 ) ) ;
#1128 = SURFACE_STYLE_USAGE ( .BOTH. , #1960 ) ;
#1129 = DIRECTION ( 'NONE',  ( 0.000000000000000000, 0.000000000000000000, 1.000000000000000000 ) ) ;
#1130 = FILL_AREA_STYLE ('',( #4536 ) ) ;
#1131 = PRESENTATION_LAYER_ASSIGNMENT (  '', '', ( #2378 ) ) ;
#1132 = ORIENTED_EDGE ( 'NONE', *, *, #97, .F. ) ;
#1133 = VERTEX_POINT ( 'NONE', #5538 ) ;
#1134 = LINE ( 'NONE', #2843, #3755 ) ;
#1135 = DIRECTION ( 'NONE',  ( -1.000000000000000000, 0.000000000000000000, 0.000000000000000000 ) ) ;
#1136 = LINE ( 'NONE', #4199, #4888 ) ;
#1137 = CARTESIAN_POINT ( 'NONE',  ( 4.808507577662980204, -0.6330520322672540390, 16.07784281063719689 ) ) ;
#1138 = VERTEX_POINT ( 'NONE', #4595 ) ;
#1139 =( LENGTH_UNIT ( ) NAMED_UNIT ( * ) SI_UNIT ( .MILLI., .METRE. ) );
#1140 = DIRECTION ( 'NONE',  ( 0.000000000000000000, 0.000000000000000000, 1.000000000000000000 ) ) ;
#1141 = AXIS2_PLACEMENT_3D ( 'NONE', #2824, #2402, #1416 ) ;
#1142 = COLOUR_RGB ( '',0.2000000000000000111, 0.2000000000000000111, 0.2000000000000000111 ) ;
#1143 = ORIENTED_EDGE ( 'NONE', *, *, #2520, .T. ) ;
#1144 = ORIENTED_EDGE ( 'NONE', *, *, #3132, .T. ) ;
#1145 = COLOUR_RGB ( '',0.8196078431372548767, 0.8196078431372548767, 0.8196078431372548767 ) ;
#1146 = STYLED_ITEM ( 'NONE', ( #2099 ), #977 ) ;
#1147 = CARTESIAN_POINT ( 'NONE',  ( 4.808507577662980204, 0.6330520322672400502, 16.07784281063719689 ) ) ;
#1148 = CARTESIAN_POINT ( 'NONE',  ( 1.650460750547766642, -7.229479224741981014, 36.58887821575369514 ) ) ;
#1149 = SURFACE_SIDE_STYLE ('',( #1024 ) ) ;
#1150 = ORIENTED_EDGE ( 'NONE', *, *, #3485, .T. ) ;
#1151 = ADVANCED_FACE ( 'NONE', ( #4623 ), #5092, .F. ) ;
#1152 = CARTESIAN_POINT ( 'NONE',  ( 2.952492930692289796, -3.847763700412489829, 10.80000000000000071 ) ) ;
#1153 =( NAMED_UNIT ( * ) PLANE_ANGLE_UNIT ( ) SI_UNIT ( $, .RADIAN. ) );
#1154 = PLANE ( 'NONE',  #590 ) ;
#1155 = CARTESIAN_POINT ( 'NONE',  ( 0.000000000000000000, 0.000000000000000000, 10.80000000000000071 ) ) ;
#1156 = PRESENTATION_STYLE_ASSIGNMENT (( #5455 ) ) ;
#1157 = CARTESIAN_POINT ( 'NONE',  ( 6.534974971088588269, 3.520852420329218191, 44.44273301383612562 ) ) ;
#1158 = DIRECTION ( 'NONE',  ( 0.000000000000000000, 0.000000000000000000, 1.000000000000000000 ) ) ;
#1159 = ORIENTED_EDGE ( 'NONE', *, *, #125, .F. ) ;
#1160 = DIRECTION ( 'NONE',  ( 0.000000000000000000, 1.000000000000000000, 0.000000000000000000 ) ) ;
#1161 = VERTEX_POINT ( 'NONE', #4828 ) ;
#1162 = B_SPLINE_CURVE_WITH_KNOTS ( 'NONE', 3,
 ( #2041, #3768, #4211, #3343, #4641, #2889, #3843, #782 ),
 .UNSPECIFIED., .F., .F.,
 ( 4, 2, 2, 4 ),
 ( 0.001991178749145592480, 0.002488314323394525719, 0.002985449897643458958, 0.003979721046141328905 ),
 .UNSPECIFIED. ) ;
#1163 = CARTESIAN_POINT ( 'NONE',  ( 6.899999999999999467, 8.450062914116736661E-16, 86.48696279987521507 ) ) ;
#1164 = UNCERTAINTY_MEASURE_WITH_UNIT (LENGTH_MEASURE( 1.000000000000000082E-05 ), #5473, 'distance_accuracy_value', 'NONE');
#1165 = CARTESIAN_POINT ( 'NONE',  ( 1.856014646970669979, -4.480815732679739760, 10.80000000000000071 ) ) ;
#1166 = ADVANCED_FACE ( 'NONE', ( #440 ), #5168, .F. ) ;
#1167 =( LENGTH_UNIT ( ) NAMED_UNIT ( * ) SI_UNIT ( .MILLI., .METRE. ) );
#1168 = VERTEX_POINT ( 'NONE', #3456 ) ;
#1169 = LINE ( 'NONE', #5544, #5114 ) ;
#1170 = ORIENTED_EDGE ( 'NONE', *, *, #5404, .T. ) ;
#1171 = ORIENTED_EDGE ( 'NONE', *, *, #779, .F. ) ;
#1172 = SURFACE_STYLE_USAGE ( .BOTH. , #2791 ) ;
#1173 = PLANE ( 'NONE',  #2461 ) ;
#1175 = VECTOR ( 'NONE', #3732, 1000.000000000000000 ) ;
#1174 = LINE ( 'NONE', #3707, #4095 ) ;
#1176 = EDGE_CURVE ( 'NONE', #3149, #2868, #1321, .T. ) ;
#1177 = ORIENTED_EDGE ( 'NONE', *, *, #3147, .F. ) ;
#1178 = SURFACE_STYLE_FILL_AREA ( #1669 ) ;
#1179 =( NAMED_UNIT ( * ) PLANE_ANGLE_UNIT ( ) SI_UNIT ( $, .RADIAN. ) );
#1180 = CARTESIAN_POINT ( 'NONE',  ( 0.000000000000000000, 0.000000000000000000, 86.48696279987521507 ) ) ;
#1181 = DIRECTION ( 'NONE',  ( -1.000000000000000000, 0.000000000000000000, 0.000000000000000000 ) ) ;
#1182 = DIRECTION ( 'NONE',  ( 1.000000000000000000, 0.000000000000000000, 0.000000000000000000 ) ) ;
#1183 = MECHANICAL_DESIGN_GEOMETRIC_PRESENTATION_REPRESENTATION (  '', ( #1792 ), #1353 ) ;
#1184 = VECTOR ( 'NONE', #4611, 1000.000000000000000 ) ;
#1185 = LINE ( 'NONE', #254, #665 ) ;
#1186 = ORIENTED_EDGE ( 'NONE', *, *, #2154, .T. ) ;
#1187 = CARTESIAN_POINT ( 'NONE',  ( 0.000000000000000000, 0.000000000000000000, 36.58887821575369514 ) ) ;
#1188 =( NAMED_UNIT ( * ) SI_UNIT ( $, .STERADIAN. ) SOLID_ANGLE_UNIT ( ) );
#1189 = LINE ( 'NONE', #4628, #4480 ) ;
#1190 = ORIENTED_EDGE ( 'NONE', *, *, #1534, .F. ) ;
#1191 =( NAMED_UNIT ( * ) SI_UNIT ( $, .STERADIAN. ) SOLID_ANGLE_UNIT ( ) );
#1192 = EDGE_CURVE ( 'NONE', #1898, #4137, #3647, .T. ) ;
#1193 = VERTEX_POINT ( 'NONE', #506 ) ;
#1194 =( NAMED_UNIT ( * ) SI_UNIT ( $, .STERADIAN. ) SOLID_ANGLE_UNIT ( ) );
#1195 = FACE_OUTER_BOUND ( 'NONE', #3522, .T. ) ;
#1196 = PRESENTATION_LAYER_ASSIGNMENT (  '', '', ( #3797 ) ) ;
#1197 = CIRCLE ( 'NONE', #472, 8.250000000000090594 ) ;
#1198 = EDGE_LOOP ( 'NONE', ( #363, #2847, #262, #5157, #3964, #4117, #2254, #5511, #2427, #4219, #1555, #1385 ) ) ;
#1199 = SURFACE_STYLE_USAGE ( .BOTH. , #3840 ) ;
#1200 = PLANE ( 'NONE',  #323 ) ;
#1201 = SURFACE_STYLE_USAGE ( .BOTH. , #2534 ) ;
#1202 = DIRECTION ( 'NONE',  ( -1.000000000000000000, 0.000000000000000000, 0.000000000000000000 ) ) ;
#1203 = VECTOR ( 'NONE', #1365, 1000.000000000000227 ) ;
#1204 = EDGE_CURVE ( 'NONE', #3969, #4329, #5258, .T. ) ;
#1205 = PRESENTATION_LAYER_ASSIGNMENT (  '', '', ( #4627 ) ) ;
#1206 =( NAMED_UNIT ( * ) PLANE_ANGLE_UNIT ( ) SI_UNIT ( $, .RADIAN. ) );
#1207 =( LENGTH_UNIT ( ) NAMED_UNIT ( * ) SI_UNIT ( .MILLI., .METRE. ) );
#1208 = VECTOR ( 'NONE', #1160, 1000.000000000000000 ) ;
#1209 = STYLED_ITEM ( 'NONE', ( #2022 ), #5304 ) ;
#1210 = PLANE ( 'NONE',  #3089 ) ;
#1211 = PRESENTATION_LAYER_ASSIGNMENT (  '', '', ( #4343 ) ) ;
#1212 = AXIS2_PLACEMENT_3D ( 'NONE', #4773, #2568, #3450 ) ;
#1213 =( GEOMETRIC_REPRESENTATION_CONTEXT ( 3 ) GLOBAL_UNCERTAINTY_ASSIGNED_CONTEXT ( ( #644 ) ) GLOBAL_UNIT_ASSIGNED_CONTEXT ( ( #3294, #250, #4561 ) ) REPRESENTATION_CONTEXT ( 'NONE', 'WORKASPACE' ) );
#1214 = FILL_AREA_STYLE ('',( #1261 ) ) ;
#1215 = UNCERTAINTY_MEASURE_WITH_UNIT (LENGTH_MEASURE( 1.000000000000000082E-05 ), #5452, 'distance_accuracy_value', 'NONE');
#1216 = SURFACE_SIDE_STYLE ('',( #3329 ) ) ;
#1217 = STYLED_ITEM ( 'NONE', ( #762 ), #715 ) ;
#1218 = COLOUR_RGB ( '',0.8000000000000000444, 0.6627450980392156632, 0.3176470588235293935 ) ;
#1219 =( LENGTH_UNIT ( ) NAMED_UNIT ( * ) SI_UNIT ( .MILLI., .METRE. ) );
#1220 = ORIENTED_EDGE ( 'NONE', *, *, #2957, .F. ) ;
#1221 = DIRECTION ( 'NONE',  ( 0.03990748061359929155, -0.9992033791931825837, 0.000000000000000000 ) ) ;
#1222 = VERTEX_POINT ( 'NONE', #3380 ) ;
#1223 = MECHANICAL_DESIGN_GEOMETRIC_PRESENTATION_REPRESENTATION (  '', ( #1486 ), #2380 ) ;
#1224 = FACE_OUTER_BOUND ( 'NONE', #5153, .T. ) ;
#1225 = PRESENTATION_LAYER_ASSIGNMENT (  '', '', ( #59 ) ) ;
#1226 = FILL_AREA_STYLE ('',( #1022 ) ) ;
#1227 = LINE ( 'NONE', #2932, #3014 ) ;
#1228 = EDGE_LOOP ( 'NONE', ( #3191, #4663, #4814, #187 ) ) ;
#1229 = PRESENTATION_LAYER_ASSIGNMENT (  '', '', ( #5002 ) ) ;
#1230 = ORIENTED_EDGE ( 'NONE', *, *, #1051, .F. ) ;
#1231 = DIRECTION ( 'NONE',  ( -0.4650407975841740482, 0.8852892502353539861, 0.000000000000000000 ) ) ;
#1232 =( GEOMETRIC_REPRESENTATION_CONTEXT ( 3 ) GLOBAL_UNCERTAINTY_ASSIGNED_CONTEXT ( ( #1425 ) ) GLOBAL_UNIT_ASSIGNED_CONTEXT ( ( #2038, #5126, #1273 ) ) REPRESENTATION_CONTEXT ( 'NONE', 'WORKASPACE' ) );
#1233 = DIRECTION ( 'NONE',  ( -1.000000000000000000, 0.000000000000000000, 0.000000000000000000 ) ) ;
#1234 = FACE_OUTER_BOUND ( 'NONE', #3354, .T. ) ;
#1235 =( NAMED_UNIT ( * ) PLANE_ANGLE_UNIT ( ) SI_UNIT ( $, .RADIAN. ) );
#1236 = APPLICATION_PROTOCOL_DEFINITION ( 'draft international standard', 'automotive_design', 1998, #4394 ) ;
#1237 = PRESENTATION_STYLE_ASSIGNMENT (( #5429 ) ) ;
#1238 = SURFACE_SIDE_STYLE ('',( #4126 ) ) ;
#1239 =( NAMED_UNIT ( * ) PLANE_ANGLE_UNIT ( ) SI_UNIT ( $, .RADIAN. ) );
#1240 = DIRECTION ( 'NONE',  ( 0.4650407975841787667, 0.8852892502353515436, 0.000000000000000000 ) ) ;
#1241 = STYLED_ITEM ( 'NONE', ( #161 ), #110 ) ;
#1242 = ORIENTED_EDGE ( 'NONE', *, *, #683, .T. ) ;
#1243 = PLANE ( 'NONE',  #4273 ) ;
#1244 = CARTESIAN_POINT ( 'NONE',  ( -3.817879555032340111, 2.204253788831489924, 10.80000000000000071 ) ) ;
#1245 = ORIENTED_EDGE ( 'NONE', *, *, #325, .T. ) ;
#1246 = DIRECTION ( 'NONE',  ( 0.000000000000000000, 0.000000000000000000, 1.000000000000000000 ) ) ;
#1247 = EDGE_LOOP ( 'NONE', ( #2558, #3310, #426, #2480 ) ) ;
#1248 = FACE_OUTER_BOUND ( 'NONE', #445, .T. ) ;
#1249 = FILL_AREA_STYLE ('',( #5101 ) ) ;
#1250 = EDGE_CURVE ( 'NONE', #632, #4227, #3725, .T. ) ;
#1251 = EDGE_LOOP ( 'NONE', ( #2253, #2677, #2008, #4893 ) ) ;
#1252 = CARTESIAN_POINT ( 'NONE',  ( 0.000000000000000000, 0.000000000000000000, 36.58887821575369514 ) ) ;
#1253 =( LENGTH_UNIT ( ) NAMED_UNIT ( * ) SI_UNIT ( .MILLI., .METRE. ) );
#1254 = COLOUR_RGB ( '',0.2000000000000000111, 0.2000000000000000111, 0.2000000000000000111 ) ;
#1255 =( NAMED_UNIT ( * ) SI_UNIT ( $, .STERADIAN. ) SOLID_ANGLE_UNIT ( ) );
#1256 = VECTOR ( 'NONE', #4992, 1000.000000000000000 ) ;
#1257 = DIRECTION ( 'NONE',  ( -0.8852892502353513215, 0.4650407975841791552, 0.000000000000000000 ) ) ;
#1258 = EDGE_CURVE ( 'NONE', #4329, #5065, #3274, .T. ) ;
#1259 = SURFACE_STYLE_USAGE ( .BOTH. , #1647 ) ;
#1260 = VECTOR ( 'NONE', #2684, 1000.000000000000000 ) ;
#1261 = FILL_AREA_STYLE_COLOUR ( '', #2482 ) ;
#1262 = UNCERTAINTY_MEASURE_WITH_UNIT (LENGTH_MEASURE( 1.000000000000000082E-05 ), #1858, 'distance_accuracy_value', 'NONE');
#1263 = AXIS2_PLACEMENT_3D ( 'NONE', #2516, #2864, #1182 ) ;
#1264 = LINE ( 'NONE', #4324, #5497 ) ;
#1265 = EDGE_CURVE ( 'NONE', #794, #3581, #4168, .T. ) ;
#1266 = PRESENTATION_LAYER_ASSIGNMENT (  '', '', ( #1540 ) ) ;
#1267 = EDGE_CURVE ( 'NONE', #2242, #2616, #1136, .T. ) ;
#1268 = ORIENTED_EDGE ( 'NONE', *, *, #1025, .T. ) ;
#1269 = ORIENTED_EDGE ( 'NONE', *, *, #2257, .F. ) ;
#1270 = CARTESIAN_POINT ( 'NONE',  ( -7.513411322259294423, -0.7696667953585688560, 38.04065300432384333 ) ) ;
#1271 = LINE ( 'NONE', #4256, #3956 ) ;
#1272 = SURFACE_STYLE_FILL_AREA ( #2956 ) ;
#1273 =( NAMED_UNIT ( * ) SI_UNIT ( $, .STERADIAN. ) SOLID_ANGLE_UNIT ( ) );
#1274 = VERTEX_POINT ( 'NONE', #1165 ) ;
#1275 = DIRECTION ( 'NONE',  ( 0.8453817696217524880, 0.5341625816090026513, 0.000000000000000000 ) ) ;
#1276 = LINE ( 'NONE', #4745, #5349 ) ;
#1277 = FACE_OUTER_BOUND ( 'NONE', #211, .T. ) ;
#1278 = DIRECTION ( 'NONE',  ( 1.000000000000000000, 0.000000000000000000, 0.000000000000000000 ) ) ;
#1279 = MECHANICAL_DESIGN_GEOMETRIC_PRESENTATION_REPRESENTATION (  '', ( #2085 ), #659 ) ;
#1280 = COLOUR_RGB ( '',0.2000000000000000111, 0.2000000000000000111, 0.2000000000000000111 ) ;
#1281 = VECTOR ( 'NONE', #950, 1000.000000000000000 ) ;
#1282 =( LENGTH_UNIT ( ) NAMED_UNIT ( * ) SI_UNIT ( .MILLI., .METRE. ) );
#1283 =( NAMED_UNIT ( * ) SI_UNIT ( $, .STERADIAN. ) SOLID_ANGLE_UNIT ( ) );
#1284 = SURFACE_STYLE_FILL_AREA ( #3348 ) ;
#1285 = EDGE_CURVE ( 'NONE', #4071, #4311, #2419, .T. ) ;
#1286 = AXIS2_PLACEMENT_3D ( 'NONE', #4554, #2853, #1115 ) ;
#1287 =( NAMED_UNIT ( * ) PLANE_ANGLE_UNIT ( ) SI_UNIT ( $, .RADIAN. ) );
#1288 = CARTESIAN_POINT ( 'NONE',  ( 0.000000000000000000, 0.000000000000000000, 86.48696279987521507 ) ) ;
#1289 = VECTOR ( 'NONE', #3965, 1000.000000000000227 ) ;
#1290 = VECTOR ( 'NONE', #466, 1000.000000000000000 ) ;
#1291 = EDGE_LOOP ( 'NONE', ( #1334, #4792, #952, #684, #454 ) ) ;
#1292 = SURFACE_SIDE_STYLE ('',( #1349 ) ) ;
#1293 =( GEOMETRIC_REPRESENTATION_CONTEXT ( 3 ) GLOBAL_UNCERTAINTY_ASSIGNED_CONTEXT ( ( #4076 ) ) GLOBAL_UNIT_ASSIGNED_CONTEXT ( ( #1253, #4692, #2206 ) ) REPRESENTATION_CONTEXT ( 'NONE', 'WORKASPACE' ) );
#1294 = ADVANCED_FACE ( 'NONE', ( #288 ), #1609, .F. ) ;
#1295 = SURFACE_SIDE_STYLE ('',( #1407 ) ) ;
#1296 = LINE ( 'NONE', #2166, #136 ) ;
#1297 = LINE ( 'NONE', #2555, #3142 ) ;
#1298 = AXIS2_PLACEMENT_3D ( 'NONE', #731, #3714, #4159 ) ;
#1299 =( NAMED_UNIT ( * ) PLANE_ANGLE_UNIT ( ) SI_UNIT ( $, .RADIAN. ) );
#1300 =( NAMED_UNIT ( * ) SI_UNIT ( $, .STERADIAN. ) SOLID_ANGLE_UNIT ( ) );
#1301 = CARTESIAN_POINT ( 'NONE',  ( -3.784840853149416429, 6.814118189167148287, 44.32135513979275032 ) ) ;
#1302 = DIRECTION ( 'NONE',  ( 0.000000000000000000, 0.000000000000000000, 1.000000000000000000 ) ) ;
#1303 = VECTOR ( 'NONE', #491, 1000.000000000000114 ) ;
#1304 = AXIS2_PLACEMENT_3D ( 'NONE', #5309, #4448, #1047 ) ;
#1305 = DIRECTION ( 'NONE',  ( 0.000000000000000000, 0.000000000000000000, -1.000000000000000000 ) ) ;
#1306 = ORIENTED_EDGE ( 'NONE', *, *, #4486, .F. ) ;
#1307 = VERTEX_POINT ( 'NONE', #3318 ) ;
#1308 =( GEOMETRIC_REPRESENTATION_CONTEXT ( 3 ) GLOBAL_UNCERTAINTY_ASSIGNED_CONTEXT ( ( #2845 ) ) GLOBAL_UNIT_ASSIGNED_CONTEXT ( ( #1795, #2675, #1332 ) ) REPRESENTATION_CONTEXT ( 'NONE', 'WORKASPACE' ) );
#1309 = UNCERTAINTY_MEASURE_WITH_UNIT (LENGTH_MEASURE( 1.000000000000000082E-05 ), #1068, 'distance_accuracy_value', 'NONE');
#1310 = CARTESIAN_POINT ( 'NONE',  ( 4.850000000000000533, 5.939536975864662969E-16, 34.83887821575380173 ) ) ;
#1311 = CARTESIAN_POINT ( 'NONE',  ( 0.000000000000000000, 0.000000000000000000, 34.83887821575369514 ) ) ;
#1312 = LINE ( 'NONE', #2592, #4357 ) ;
#1313 = CARTESIAN_POINT ( 'NONE',  ( 9.383575323194490281, 4.520044655286939772, 36.58887821575369514 ) ) ;
#1314 = EDGE_CURVE ( 'NONE', #2442, #636, #2469, .T. ) ;
#1315 =( GEOMETRIC_REPRESENTATION_CONTEXT ( 3 ) GLOBAL_UNCERTAINTY_ASSIGNED_CONTEXT ( ( #531 ) ) GLOBAL_UNIT_ASSIGNED_CONTEXT ( ( #634, #189, #215 ) ) REPRESENTATION_CONTEXT ( 'NONE', 'WORKASPACE' ) );
#1316 = COLOUR_RGB ( '',0.2000000000000000111, 0.2000000000000000111, 0.2000000000000000111 ) ;
#1317 = DIRECTION ( 'NONE',  ( 0.000000000000000000, 0.000000000000000000, -1.000000000000000000 ) ) ;
#1318 = AXIS2_PLACEMENT_3D ( 'NONE', #359, #2863, #4585 ) ;
#1319 = PRESENTATION_STYLE_ASSIGNMENT (( #2295 ) ) ;
#1320 = CARTESIAN_POINT ( 'NONE',  ( 3.000000000000000000, -0.1671054223428519447, 13.74999999999999822 ) ) ;
#1321 = LINE ( 'NONE', #885, #1588 ) ;
#1322 = DIRECTION ( 'NONE',  ( 0.000000000000000000, -1.000000000000000000, 0.000000000000000000 ) ) ;
#1323 = UNCERTAINTY_MEASURE_WITH_UNIT (LENGTH_MEASURE( 1.000000000000000082E-05 ), #3717, 'distance_accuracy_value', 'NONE');
#1324 = FILL_AREA_STYLE ('',( #5173 ) ) ;
#1325 = CARTESIAN_POINT ( 'NONE',  ( 2.677286178575209488E-16, 4.408507577662979848, -1.513876697314419983 ) ) ;
#1326 = ORIENTED_EDGE ( 'NONE', *, *, #1633, .F. ) ;
#1328 = ADVANCED_FACE ( 'NONE', ( #4689 ), #795, .T. ) ;
#1327 = CARTESIAN_POINT ( 'NONE',  ( 4.408507577662979848, -5.963999091485209771E-15, 10.80000000000000071 ) ) ;
#1329 = EDGE_CURVE ( 'NONE', #1014, #4622, #891, .T. ) ;
#1330 = LINE ( 'NONE', #1712, #2122 ) ;
#1331 = ORIENTED_EDGE ( 'NONE', *, *, #4971, .T. ) ;
#1332 =( NAMED_UNIT ( * ) SI_UNIT ( $, .STERADIAN. ) SOLID_ANGLE_UNIT ( ) );
#1333 = FACE_OUTER_BOUND ( 'NONE', #294, .T. ) ;
#1334 = ORIENTED_EDGE ( 'NONE', *, *, #410, .T. ) ;
#1335 = ORIENTED_EDGE ( 'NONE', *, *, #2088, .T. ) ;
#1336 = SURFACE_STYLE_USAGE ( .BOTH. , #5186 ) ;
#1337 = DIRECTION ( 'NONE',  ( 0.000000000000000000, 0.000000000000000000, 1.000000000000000000 ) ) ;
#1338 = EDGE_CURVE ( 'NONE', #2462, #3387, #1476, .T. ) ;
#1339 = LINE ( 'NONE', #1366, #4080 ) ;
#1340 =( LENGTH_UNIT ( ) NAMED_UNIT ( * ) SI_UNIT ( .MILLI., .METRE. ) );
#1341 = LINE ( 'NONE', #2656, #2196 ) ;
#1342 = AXIS2_PLACEMENT_3D ( 'NONE', #1659, #292, #5508 ) ;
#1343 = CARTESIAN_POINT ( 'NONE',  ( -2.952492930692300011, -3.847763700412489829, -1.513876697314419983 ) ) ;
#1344 = CARTESIAN_POINT ( 'NONE',  ( 5.236017089475189401, -0.3499999999999999778, 44.62515335648119930 ) ) ;
#1345 = DIRECTION ( 'NONE',  ( 0.000000000000000000, 0.000000000000000000, 1.000000000000000000 ) ) ;
#1346 = PRESENTATION_LAYER_ASSIGNMENT (  '', '', ( #4499 ) ) ;
#1347 = CARTESIAN_POINT ( 'NONE',  ( -4.790201638674796314, -0.7682571040091344949, 38.03945329256146834 ) ) ;
#1348 = EDGE_LOOP ( 'NONE', ( #539, #3499, #4549, #3758 ) ) ;
#1349 = SURFACE_STYLE_FILL_AREA ( #3545 ) ;
#1350 = SURFACE_STYLE_USAGE ( .BOTH. , #4782 ) ;
#1351 = DIRECTION ( 'NONE',  ( -0.5341625816090090906, -0.8453817696217481581, 0.000000000000000000 ) ) ;
#1352 =( LENGTH_UNIT ( ) NAMED_UNIT ( * ) SI_UNIT ( .MILLI., .METRE. ) );
#1353 =( GEOMETRIC_REPRESENTATION_CONTEXT ( 3 ) GLOBAL_UNCERTAINTY_ASSIGNED_CONTEXT ( ( #5430 ) ) GLOBAL_UNIT_ASSIGNED_CONTEXT ( ( #1710, #1743, #3011 ) ) REPRESENTATION_CONTEXT ( 'NONE', 'WORKASPACE' ) );
#1354 = SURFACE_SIDE_STYLE ('',( #399 ) ) ;
#1355 = EDGE_CURVE ( 'NONE', #258, #3415, #2157, .T. ) ;
#1356 = COLOUR_RGB ( '',0.8000000000000000444, 0.6627450980392156632, 0.3176470588235293935 ) ;
#1357 = ORIENTED_EDGE ( 'NONE', *, *, #2716, .T. ) ;
#1358 = FILL_AREA_STYLE_COLOUR ( '', #3007 ) ;
#1359 = VERTEX_POINT ( 'NONE', #95 ) ;
#1360 = ORIENTED_EDGE ( 'NONE', *, *, #2653, .F. ) ;
#1361 = CARTESIAN_POINT ( 'NONE',  ( 2.204253788831489924, -3.817879555032340111, -1.513876697314419983 ) ) ;
#1362 = DIRECTION ( 'NONE',  ( 0.000000000000000000, 0.000000000000000000, -1.000000000000000000 ) ) ;
#1363 = CARTESIAN_POINT ( 'NONE',  ( -3.578984851118339972, -7.433260888430149649, 36.58887821575369514 ) ) ;
#1364 = FILL_AREA_STYLE_COLOUR ( '', #4362 ) ;
#1365 = DIRECTION ( 'NONE',  ( 0.6783246350500656829, 0.7347623353739597407, 0.000000000000000000 ) ) ;
#1366 = CARTESIAN_POINT ( 'NONE',  ( 3.817879555032340111, -2.204253788831489924, 19.00000000000000000 ) ) ;
#1367 =( NAMED_UNIT ( * ) PLANE_ANGLE_UNIT ( ) SI_UNIT ( $, .RADIAN. ) );
#1368 = PRESENTATION_LAYER_ASSIGNMENT (  '', '', ( #4162 ) ) ;
#1369 = FILL_AREA_STYLE ('',( #3508 ) ) ;
#1370 = COLOUR_RGB ( '',0.8000000000000000444, 0.6627450980392156632, 0.3176470588235293935 ) ;
#1371 = EDGE_CURVE ( 'NONE', #4806, #302, #4710, .T. ) ;
#1372 = UNCERTAINTY_MEASURE_WITH_UNIT (LENGTH_MEASURE( 1.000000000000000082E-05 ), #3400, 'distance_accuracy_value', 'NONE');
#1373 = CARTESIAN_POINT ( 'NONE',  ( -4.695330232929761927, 1.216760680854389598, 39.36823079558367766 ) ) ;
#1374 = AXIS2_PLACEMENT_3D ( 'NONE', #190, #3198, #1861 ) ;
#1375 = VECTOR ( 'NONE', #4948, 1000.000000000000227 ) ;
#1376 = DIRECTION ( 'NONE',  ( 0.000000000000000000, 0.000000000000000000, -1.000000000000000000 ) ) ;
#1377 = VERTEX_POINT ( 'NONE', #34 ) ;
#1378 = CARTESIAN_POINT ( 'NONE',  ( 7.028687941204622369, 2.654080195280348331, 44.41157641377710519 ) ) ;
#1379 = LINE ( 'NONE', #4758, #4089 ) ;
#1380 = CARTESIAN_POINT ( 'NONE',  ( -7.479032882964390616, -0.6330634317020288337, 40.12912082013886561 ) ) ;
#1381 = DIRECTION ( 'NONE',  ( 0.9548275336531429902, -0.2971605306528039558, 0.000000000000000000 ) ) ;
#1382 = PRESENTATION_STYLE_ASSIGNMENT (( #1791 ) ) ;
#1383 = MECHANICAL_DESIGN_GEOMETRIC_PRESENTATION_REPRESENTATION (  '', ( #3981 ), #2463 ) ;
#1384 = ORIENTED_EDGE ( 'NONE', *, *, #1103, .F. ) ;
#1385 = ORIENTED_EDGE ( 'NONE', *, *, #3052, .T. ) ;
#1386 = COLOUR_RGB ( '',0.8000000000000000444, 0.6627450980392156632, 0.3176470588235293935 ) ;
#1387 = ORIENTED_EDGE ( 'NONE', *, *, #3491, .F. ) ;
#1388 =( NAMED_UNIT ( * ) SI_UNIT ( $, .STERADIAN. ) SOLID_ANGLE_UNIT ( ) );
#1389 =( NAMED_UNIT ( * ) SI_UNIT ( $, .STERADIAN. ) SOLID_ANGLE_UNIT ( ) );
#1390 = STYLED_ITEM ( 'NONE', ( #544 ), #835 ) ;
#1391 = CARTESIAN_POINT ( 'NONE',  ( -7.415483163629600583, -6.505214077724034434E-16, 44.44273301383613983 ) ) ;
#1392 = VECTOR ( 'NONE', #355, 1000.000000000000000 ) ;
#1393 = EDGE_CURVE ( 'NONE', #1061, #1522, #1296, .T. ) ;
#1394 = FILL_AREA_STYLE_COLOUR ( '', #4040 ) ;
#1395 = AXIS2_PLACEMENT_3D ( 'NONE', #4897, #3639, #1992 ) ;
#1396 = CARTESIAN_POINT ( 'NONE',  ( 2.731078189220350616, -1.241583518997456670, 15.16655032842767348 ) ) ;
#1397 = DIRECTION ( 'NONE',  ( 0.000000000000000000, -1.000000000000000000, 0.000000000000000000 ) ) ;
#1398 = CARTESIAN_POINT ( 'NONE',  ( 0.000000000000000000, 0.000000000000000000, 45.03887821575380457 ) ) ;
#1399 = CLOSED_SHELL ( 'NONE', ( #3589, #4590, #2495, #362, #3406, #3273, #2483, #1675, #150, #671, #3002, #2554, #4637, #2220, #2498, #4087, #3850, #3874, #1505, #5104, #3448, #5340, #2994, #902, #3339, #4300, #18, #977, #835, #2161, #4129, #3263, #1844, #815, #733, #4319, #4724, #5484, #1328, #5147, #2086, #110, #5304, #2829, #3252, #859, #3424, #4504, #3033, #4054, #5531, #4975, #1602, #2596, #3295, #3087, #3650, #2428 ) ) ;
#1400 = MECHANICAL_DESIGN_GEOMETRIC_PRESENTATION_REPRESENTATION (  '', ( #4812 ), #2388 ) ;
#1401 = DIRECTION ( 'NONE',  ( 0.000000000000000000, 0.000000000000000000, 1.000000000000000000 ) ) ;
#1402 = CARTESIAN_POINT ( 'NONE',  ( -4.258291324655739452, 1.141005721577959875, 19.00000000000000000 ) ) ;
#1403 = SURFACE_STYLE_USAGE ( .BOTH. , #5252 ) ;
#1404 = EDGE_CURVE ( 'NONE', #2000, #2705, #5178, .T. ) ;
#1405 = ORIENTED_EDGE ( 'NONE', *, *, #461, .T. ) ;
#1406 =( NAMED_UNIT ( * ) PLANE_ANGLE_UNIT ( ) SI_UNIT ( $, .RADIAN. ) );
#1407 = SURFACE_STYLE_FILL_AREA ( #3547 ) ;
#1408 = CARTESIAN_POINT ( 'NONE',  ( 6.608571251884255204, -3.368134369482647106, 44.44273301383612562 ) ) ;
#1409 = SURFACE_SIDE_STYLE ('',( #4384 ) ) ;
#1410 = ORIENTED_EDGE ( 'NONE', *, *, #5446, .T. ) ;
#1411 = MECHANICAL_DESIGN_GEOMETRIC_PRESENTATION_REPRESENTATION (  '', ( #3829 ), #3570 ) ;
#1412 = CARTESIAN_POINT ( 'NONE',  ( 4.480815732679739760, -1.856014646970690185, -1.513876697314419983 ) ) ;
#1413 = VERTEX_POINT ( 'NONE', #4784 ) ;
#1414 = SURFACE_STYLE_USAGE ( .BOTH. , #5267 ) ;
#1415 = CARTESIAN_POINT ( 'NONE',  ( -5.000000000000000000, 6.123233995736766282E-16, 45.03887821575380457 ) ) ;
#1416 = DIRECTION ( 'NONE',  ( -1.000000000000000000, 0.000000000000000000, 0.000000000000000000 ) ) ;
#1417 = LINE ( 'NONE', #610, #4270 ) ;
#1418 = ADVANCED_FACE ( 'NONE', ( #918 ), #3943, .F. ) ;
#1419 = CARTESIAN_POINT ( 'NONE',  ( -4.808507577662980204, 0.6330520322672470446, 19.00000000000000000 ) ) ;
#1420 = FILL_AREA_STYLE ('',( #3533 ) ) ;
#1421 = EDGE_CURVE ( 'NONE', #5395, #1061, #3548, .T. ) ;
#1422 = LINE ( 'NONE', #3979, #2385 ) ;
#1423 = DIRECTION ( 'NONE',  ( 0.000000000000000000, 0.000000000000000000, -1.000000000000000000 ) ) ;
#1424 = EDGE_CURVE ( 'NONE', #3131, #5232, #33, .T. ) ;
#1425 = UNCERTAINTY_MEASURE_WITH_UNIT (LENGTH_MEASURE( 1.000000000000000082E-05 ), #2038, 'distance_accuracy_value', 'NONE');
#1426 = DIRECTION ( 'NONE',  ( 0.8852892502353539861, 0.4650407975841740482, 0.000000000000000000 ) ) ;
#1427 = SURFACE_STYLE_FILL_AREA ( #1004 ) ;
#1428 = ORIENTED_EDGE ( 'NONE', *, *, #1801, .F. ) ;
#1429 = CARTESIAN_POINT ( 'NONE',  ( 2.983244267555047902, 0.3267835776696754180, 13.79067608869172545 ) ) ;
#1430 = ORIENTED_EDGE ( 'NONE', *, *, #1258, .F. ) ;
#1431 = CARTESIAN_POINT ( 'NONE',  ( 4.808507577662980204, -0.6330520322672570366, 10.80000000000000071 ) ) ;
#1432 = DIRECTION ( 'NONE',  ( -1.000000000000000000, 0.000000000000000000, 0.000000000000000000 ) ) ;
#1433 = UNCERTAINTY_MEASURE_WITH_UNIT (LENGTH_MEASURE( 1.000000000000000082E-05 ), #2324, 'distance_accuracy_value', 'NONE');
#1434 = DIRECTION ( 'NONE',  ( -1.000000000000000000, 0.000000000000000000, 0.000000000000000000 ) ) ;
#1435 = AXIS2_PLACEMENT_3D ( 'NONE', #4684, #4712, #3856 ) ;
#1436 = DIRECTION ( 'NONE',  ( -0.2200651982791860528, -0.9754851657028632550, 0.000000000000000000 ) ) ;
#1437 = EDGE_CURVE ( 'NONE', #4176, #4768, #207, .T. ) ;
#1438 = DIRECTION ( 'NONE',  ( 0.000000000000000000, 0.000000000000000000, 1.000000000000000000 ) ) ;
#1439 = VERTEX_POINT ( 'NONE', #2277 ) ;
#1440 = SURFACE_STYLE_USAGE ( .BOTH. , #5289 ) ;
#1441 = STYLED_ITEM ( 'NONE', ( #1513 ), #3448 ) ;
#1442 = DIRECTION ( 'NONE',  ( 0.000000000000000000, -1.665334536937739741E-16, 1.000000000000000000 ) ) ;
#1443 = ORIENTED_EDGE ( 'NONE', *, *, #2413, .T. ) ;
#1444 = ORIENTED_EDGE ( 'NONE', *, *, #5270, .T. ) ;
#1445 = PRESENTATION_LAYER_ASSIGNMENT (  '', '', ( #1792 ) ) ;
#1446 = FILL_AREA_STYLE_COLOUR ( '', #1727 ) ;
#1447 = CARTESIAN_POINT ( 'NONE',  ( -3.117285603077769807, 3.117285603077769807, -1.513876697314419983 ) ) ;
#1448 = STYLED_ITEM ( 'NONE', ( #4336 ), #3687 ) ;
#1449 = CYLINDRICAL_SURFACE ( 'NONE', #5081, 3.000000000000000444 ) ;
#1450 = DIRECTION ( 'NONE',  ( -0.5341625816090030954, 0.8453817696217521549, 0.000000000000000000 ) ) ;
#1451 = CARTESIAN_POINT ( 'NONE',  ( -3.817879555032340111, -2.204253788831489924, -1.513876697314419983 ) ) ;
#1452 =( NAMED_UNIT ( * ) SI_UNIT ( $, .STERADIAN. ) SOLID_ANGLE_UNIT ( ) );
#1453 = CARTESIAN_POINT ( 'NONE',  ( 4.808507577662980204, 0.6330520322672400502, 13.92215718936280133 ) ) ;
#1454 = FILL_AREA_STYLE_COLOUR ( '', #3779 ) ;
#1455 = EDGE_CURVE ( 'NONE', #5291, #3824, #2245, .T. ) ;
#1456 = DIRECTION ( 'NONE',  ( -0.6236067565976992633, 0.7817381998634184148, 0.000000000000000000 ) ) ;
#1457 = PRESENTATION_STYLE_ASSIGNMENT (( #2613 ) ) ;
#1458 =( NAMED_UNIT ( * ) SI_UNIT ( $, .STERADIAN. ) SOLID_ANGLE_UNIT ( ) );
#1459 = STYLED_ITEM ( 'NONE', ( #4941 ), #1616 ) ;
#1460 = ORIENTED_EDGE ( 'NONE', *, *, #3728, .F. ) ;
#1461 =( GEOMETRIC_REPRESENTATION_CONTEXT ( 3 ) GLOBAL_UNCERTAINTY_ASSIGNED_CONTEXT ( ( #2603 ) ) GLOBAL_UNIT_ASSIGNED_CONTEXT ( ( #4513, #4078, #1188 ) ) REPRESENTATION_CONTEXT ( 'NONE', 'WORKASPACE' ) );
#1462 = ORIENTED_EDGE ( 'NONE', *, *, #3019, .F. ) ;
#1463 = STYLED_ITEM ( 'NONE', ( #833 ), #4129 ) ;
#1464 = EDGE_LOOP ( 'NONE', ( #1797, #2643, #186, #178, #568, #3161 ) ) ;
#1465 = LINE ( 'NONE', #3995, #3675 ) ;
#1466 = VERTEX_POINT ( 'NONE', #5342 ) ;
#1467 =( GEOMETRIC_REPRESENTATION_CONTEXT ( 3 ) GLOBAL_UNCERTAINTY_ASSIGNED_CONTEXT ( ( #766 ) ) GLOBAL_UNIT_ASSIGNED_CONTEXT ( ( #4393, #2255, #165 ) ) REPRESENTATION_CONTEXT ( 'NONE', 'WORKASPACE' ) );
#1468 = ORIENTED_EDGE ( 'NONE', *, *, #1314, .F. ) ;
#1469 = DIRECTION ( 'NONE',  ( -0.8852892502353515436, 0.4650407975841787112, 0.000000000000000000 ) ) ;
#1470 = STYLED_ITEM ( 'NONE', ( #5033 ), #2220 ) ;
#1471 =( LENGTH_UNIT ( ) NAMED_UNIT ( * ) SI_UNIT ( .MILLI., .METRE. ) );
#1472 = VECTOR ( 'NONE', #282, 1000.000000000000000 ) ;
#1473 = PRESENTATION_STYLE_ASSIGNMENT (( #1533 ) ) ;
#1474 = CARTESIAN_POINT ( 'NONE',  ( 4.258291324655729682, -1.141005721577959875, 14.48950421811110090 ) ) ;
#1475 = EDGE_LOOP ( 'NONE', ( #2762, #3636, #5265, #3660 ) ) ;
#1476 = CIRCLE ( 'NONE', #4874, 8.250000000000001776 ) ;
#1477 = STYLED_ITEM ( 'NONE', ( #1156 ), #2495 ) ;
#1478 = ORIENTED_EDGE ( 'NONE', *, *, #2735, .F. ) ;
#1479 = AXIS2_PLACEMENT_3D ( 'NONE', #2746, #4919, #1066 ) ;
#1480 = CARTESIAN_POINT ( 'NONE',  ( 5.020736889921710855, 0.3499999999999999778, 44.53887821575379746 ) ) ;
#1481 = LINE ( 'NONE', #549, #3782 ) ;
#1482 = AXIS2_PLACEMENT_3D ( 'NONE', #1752, #4665, #852 ) ;
#1483 = EDGE_CURVE ( 'NONE', #2490, #4936, #123, .T. ) ;
#1484 =( NAMED_UNIT ( * ) SI_UNIT ( $, .STERADIAN. ) SOLID_ANGLE_UNIT ( ) );
#1485 =( NAMED_UNIT ( * ) PLANE_ANGLE_UNIT ( ) SI_UNIT ( $, .RADIAN. ) );
#1486 = STYLED_ITEM ( 'NONE', ( #2142 ), #4527 ) ;
#1487 = FILL_AREA_STYLE_COLOUR ( '', #570 ) ;
#1488 = CIRCLE ( 'NONE', #5082, 6.899999999999999467 ) ;
#1489 =( NAMED_UNIT ( * ) PLANE_ANGLE_UNIT ( ) SI_UNIT ( $, .RADIAN. ) );
#1490 = PLANE ( 'NONE',  #563 ) ;
#1491 = AXIS2_PLACEMENT_3D ( 'NONE', #2947, #5035, #5059 ) ;
#1492 = EDGE_CURVE ( 'NONE', #4600, #4290, #5069, .T. ) ;
#1493 = ORIENTED_EDGE ( 'NONE', *, *, #5539, .F. ) ;
#1494 = ORIENTED_EDGE ( 'NONE', *, *, #2237, .T. ) ;
#1495 = DIRECTION ( 'NONE',  ( 0.000000000000000000, 0.000000000000000000, 1.000000000000000000 ) ) ;
#1496 = CARTESIAN_POINT ( 'NONE',  ( 1.856014646970679971, -4.480815732679739760, -1.513876697314419983 ) ) ;
#1497 = DIRECTION ( 'NONE',  ( 0.000000000000000000, -1.000000000000000000, 0.000000000000000000 ) ) ;
#1498 = DIRECTION ( 'NONE',  ( 0.000000000000000000, 0.000000000000000000, -1.000000000000000000 ) ) ;
#1499 = EDGE_LOOP ( 'NONE', ( #5021, #5463, #4640, #5435 ) ) ;
#1500 = LINE ( 'NONE', #3701, #5261 ) ;
#1501 = DIRECTION ( 'NONE',  ( -0.6783246350500609090, 0.7347623353739640706, 0.000000000000000000 ) ) ;
#1502 = EDGE_CURVE ( 'NONE', #3488, #5048, #318, .T. ) ;
#1503 = ORIENTED_EDGE ( 'NONE', *, *, #423, .T. ) ;
#1504 = ORIENTED_EDGE ( 'NONE', *, *, #779, .T. ) ;
#1505 = ADVANCED_FACE ( 'NONE', ( #2540 ), #5552, .T. ) ;
#1506 = CARTESIAN_POINT ( 'NONE',  ( 4.549988879738669389, 0.2239125645170748913, 16.24999999999999289 ) ) ;
#1507 = DIRECTION ( 'NONE',  ( 0.000000000000000000, 0.000000000000000000, -1.000000000000000000 ) ) ;
#1508 = FACE_OUTER_BOUND ( 'NONE', #1247, .T. ) ;
#1509 = SURFACE_STYLE_FILL_AREA ( #2316 ) ;
#1510 = ORIENTED_EDGE ( 'NONE', *, *, #3402, .F. ) ;
#1511 = PRODUCT_RELATED_PRODUCT_CATEGORY ( 'part', '', ( #4746 ) ) ;
#1512 = LINE ( 'NONE', #112, #2999 ) ;
#1513 = PRESENTATION_STYLE_ASSIGNMENT (( #1835 ) ) ;
#1514 = PLANE ( 'NONE',  #1298 ) ;
#1515 = CARTESIAN_POINT ( 'NONE',  ( -7.415483163629600583, -6.505214077724034434E-16, 44.44273301383613983 ) ) ;
#1516 = SURFACE_STYLE_FILL_AREA ( #5365 ) ;
#1517 =( LENGTH_UNIT ( ) NAMED_UNIT ( * ) SI_UNIT ( .MILLI., .METRE. ) );
#1518 = DIRECTION ( 'NONE',  ( 0.000000000000000000, 0.000000000000000000, 1.000000000000000000 ) ) ;
#1519 = VERTEX_POINT ( 'NONE', #529 ) ;
#1520 =( NAMED_UNIT ( * ) PLANE_ANGLE_UNIT ( ) SI_UNIT ( $, .RADIAN. ) );
#1521 = CARTESIAN_POINT ( 'NONE',  ( 3.000000000000000444, 0.08362005272848803406, 13.75000000000000355 ) ) ;
#1522 = VERTEX_POINT ( 'NONE', #4321 ) ;
#1523 = CARTESIAN_POINT ( 'NONE',  ( 9.993873123068949482, 0.3500000000000119682, 34.83887821575369514 ) ) ;
#1524 = PRESENTATION_STYLE_ASSIGNMENT (( #654 ) ) ;
#1525 = DIRECTION ( 'NONE',  ( -1.000000000000000000, 0.000000000000000000, 0.000000000000000000 ) ) ;
#1526 = COLOUR_RGB ( '',0.2000000000000000111, 0.2000000000000000111, 0.2000000000000000111 ) ;
#1527 = VERTEX_POINT ( 'NONE', #946 ) ;
#1528 = DIRECTION ( 'NONE',  ( 0.000000000000000000, 0.000000000000000000, 1.000000000000000000 ) ) ;
#1529 = LINE ( 'NONE', #4421, #4354 ) ;
#1530 = ORIENTED_EDGE ( 'NONE', *, *, #2883, .F. ) ;
#1531 = ORIENTED_EDGE ( 'NONE', *, *, #2872, .T. ) ;
#1532 = CARTESIAN_POINT ( 'NONE',  ( 1.650460750547766864, -7.229479224741981902, 44.44273301383613273 ) ) ;
#1533 = SURFACE_STYLE_USAGE ( .BOTH. , #4427 ) ;
#1534 = EDGE_CURVE ( 'NONE', #845, #3832, #2657, .T. ) ;
#1535 = MECHANICAL_DESIGN_GEOMETRIC_PRESENTATION_REPRESENTATION (  '', ( #2156 ), #5116 ) ;
#1536 = ORIENTED_EDGE ( 'NONE', *, *, #1762, .T. ) ;
#1537 = FACE_OUTER_BOUND ( 'NONE', #3340, .T. ) ;
#1538 = MECHANICAL_DESIGN_GEOMETRIC_PRESENTATION_REPRESENTATION (  '', ( #3601 ), #5392 ) ;
#1539 = CARTESIAN_POINT ( 'NONE',  ( 4.408507577662979848, -3.913326676722159714E-15, -1.513876697314419983 ) ) ;
#1540 = STYLED_ITEM ( 'NONE', ( #2755 ), #2066 ) ;
#1541 = COLOUR_RGB ( '',0.2000000000000000111, 0.2000000000000000111, 0.2000000000000000111 ) ;
#1542 =( NAMED_UNIT ( * ) PLANE_ANGLE_UNIT ( ) SI_UNIT ( $, .RADIAN. ) );
#1543 = DIRECTION ( 'NONE',  ( -1.000000000000000000, 0.000000000000000000, 0.000000000000000000 ) ) ;
#1544 = ORIENTED_EDGE ( 'NONE', *, *, #1883, .T. ) ;
#1545 = CARTESIAN_POINT ( 'NONE',  ( 2.795827251713193018, 1.089992237774229933, 15.63371032263465032 ) ) ;
#1546 = ORIENTED_EDGE ( 'NONE', *, *, #5245, .F. ) ;
#1547 = PLANE ( 'NONE',  #4913 ) ;
#1548 = FILL_AREA_STYLE_COLOUR ( '', #1834 ) ;
#1549 = UNCERTAINTY_MEASURE_WITH_UNIT (LENGTH_MEASURE( 1.000000000000000082E-05 ), #674, 'distance_accuracy_value', 'NONE');
#1550 = CARTESIAN_POINT ( 'NONE',  ( 4.808507577662980204, 0.6330520322672400502, 19.00000000000000000 ) ) ;
#1551 =( GEOMETRIC_REPRESENTATION_CONTEXT ( 3 ) GLOBAL_UNCERTAINTY_ASSIGNED_CONTEXT ( ( #5094 ) ) GLOBAL_UNIT_ASSIGNED_CONTEXT ( ( #2639, #3579, #4451 ) ) REPRESENTATION_CONTEXT ( 'NONE', 'WORKASPACE' ) );
#1552 = EDGE_CURVE ( 'NONE', #1821, #4768, #5526, .T. ) ;
#1553 = EDGE_LOOP ( 'NONE', ( #477, #2826, #4923, #4521 ) ) ;
#1554 = PLANE ( 'NONE',  #4937 ) ;
#1555 = ORIENTED_EDGE ( 'NONE', *, *, #3761, .T. ) ;
#1556 = VERTEX_POINT ( 'NONE', #884 ) ;
#1557 = MECHANICAL_DESIGN_GEOMETRIC_PRESENTATION_REPRESENTATION (  '', ( #2719 ), #827 ) ;
#1558 = CARTESIAN_POINT ( 'NONE',  ( 0.000000000000000000, 0.000000000000000000, -1.513876697314419983 ) ) ;
#1559 = PRESENTATION_STYLE_ASSIGNMENT (( #792 ) ) ;
#1560 = CYLINDRICAL_SURFACE ( 'NONE', #2654, 3.000000000000000888 ) ;
#1561 = STYLED_ITEM ( 'NONE', ( #1763 ), #599 ) ;
#1562 = FILL_AREA_STYLE_COLOUR ( '', #4560 ) ;
#1563 = ORIENTED_EDGE ( 'NONE', *, *, #4581, .F. ) ;
#1564 =( GEOMETRIC_REPRESENTATION_CONTEXT ( 3 ) GLOBAL_UNCERTAINTY_ASSIGNED_CONTEXT ( ( #2266 ) ) GLOBAL_UNIT_ASSIGNED_CONTEXT ( ( #361, #4727, #2895 ) ) REPRESENTATION_CONTEXT ( 'NONE', 'WORKASPACE' ) );
#1565 = FACE_OUTER_BOUND ( 'NONE', #1198, .T. ) ;
#1566 = CARTESIAN_POINT ( 'NONE',  ( 0.000000000000000000, 0.000000000000000000, 45.03887821575380457 ) ) ;
#1567 = VECTOR ( 'NONE', #479, 1000.000000000000000 ) ;
#1568 = AXIS2_PLACEMENT_3D ( 'NONE', #4831, #5331, #973 ) ;
#1569 = AXIS2_PLACEMENT_3D ( 'NONE', #756, #800, #1278 ) ;
#1570 = SURFACE_SIDE_STYLE ('',( #703 ) ) ;
#1571 = EDGE_CURVE ( 'NONE', #2647, #4768, #3908, .T. ) ;
#1572 = FILL_AREA_STYLE_COLOUR ( '', #2194 ) ;
#1573 = AXIS2_PLACEMENT_3D ( 'NONE', #82, #5189, #1721 ) ;
#1574 = CARTESIAN_POINT ( 'NONE',  ( 3.580282145367372326, -7.432636124523057219, 44.17158205686133954 ) ) ;
#1575 = FILL_AREA_STYLE_COLOUR ( '', #3629 ) ;
#1576 = CARTESIAN_POINT ( 'NONE',  ( 0.000000000000000000, -0.3499999999999999778, 45.03887821575380457 ) ) ;
#1577 = FACE_OUTER_BOUND ( 'NONE', #1045, .T. ) ;
#1578 = VECTOR ( 'NONE', #1231, 1000.000000000000227 ) ;
#1579 = ORIENTED_EDGE ( 'NONE', *, *, #938, .T. ) ;
#1580 = SURFACE_SIDE_STYLE ('',( #3793 ) ) ;
#1581 = VECTOR ( 'NONE', #4051, 1000.000000000000000 ) ;
#1582 =( NAMED_UNIT ( * ) PLANE_ANGLE_UNIT ( ) SI_UNIT ( $, .RADIAN. ) );
#1583 = STYLED_ITEM ( 'NONE', ( #2130 ), #4775 ) ;
#1584 = CARTESIAN_POINT ( 'NONE',  ( -2.204253788831489924, -3.817879555032340111, 10.80000000000000071 ) ) ;
#1585 = EDGE_CURVE ( 'NONE', #1111, #4414, #2686, .T. ) ;
#1586 = VERTEX_POINT ( 'NONE', #1760 ) ;
#1587 = VECTOR ( 'NONE', #5514, 1000.000000000000000 ) ;
#1588 = VECTOR ( 'NONE', #471, 1000.000000000000114 ) ;
#1589 = ORIENTED_EDGE ( 'NONE', *, *, #2950, .F. ) ;
#1590 = ORIENTED_EDGE ( 'NONE', *, *, #2305, .T. ) ;
#1591 = CIRCLE ( 'NONE', #4098, 3.000000000000000000 ) ;
#1592 = CARTESIAN_POINT ( 'NONE',  ( -3.117285603077779577, -3.117285603077769807, -1.513876697314419983 ) ) ;
#1593 = LINE ( 'NONE', #4636, #855 ) ;
#1594 = ORIENTED_EDGE ( 'NONE', *, *, #3042, .F. ) ;
#1595 = SURFACE_STYLE_USAGE ( .BOTH. , #5448 ) ;
#1596 = CARTESIAN_POINT ( 'NONE',  ( 4.808507577662980204, 0.6330520322672440470, -1.513876697314419983 ) ) ;
#1597 = SURFACE_STYLE_FILL_AREA ( #5451 ) ;
#1598 = EDGE_CURVE ( 'NONE', #1109, #5121, #3084, .T. ) ;
#1599 = SURFACE_STYLE_FILL_AREA ( #802 ) ;
#1600 = DIRECTION ( 'NONE',  ( 0.000000000000000000, 0.000000000000000000, -1.000000000000000000 ) ) ;
#1601 = DIRECTION ( 'NONE',  ( 0.9009255908512697752, 0.4339735933778579580, 0.000000000000000000 ) ) ;
#1602 = ADVANCED_FACE ( 'NONE', ( #84 ), #909, .T. ) ;
#1603 =( LENGTH_UNIT ( ) NAMED_UNIT ( * ) SI_UNIT ( .MILLI., .METRE. ) );
#1604 = SURFACE_STYLE_FILL_AREA ( #2869 ) ;
#1605 = ORIENTED_EDGE ( 'NONE', *, *, #2692, .F. ) ;
#1606 = PRESENTATION_LAYER_ASSIGNMENT (  '', '', ( #4392 ) ) ;
#1607 = LINE ( 'NONE', #1163, #4645 ) ;
#1608 = UNCERTAINTY_MEASURE_WITH_UNIT (LENGTH_MEASURE( 1.000000000000000082E-05 ), #5027, 'distance_accuracy_value', 'NONE');
#1609 = CYLINDRICAL_SURFACE ( 'NONE', #227, 4.850000000000000533 ) ;
#1610 = FILL_AREA_STYLE ('',( #3309 ) ) ;
#1611 = SURFACE_STYLE_FILL_AREA ( #2504 ) ;
#1612 = ORIENTED_EDGE ( 'NONE', *, *, #3042, .T. ) ;
#1613 = LINE ( 'NONE', #4175, #2064 ) ;
#1614 = ORIENTED_EDGE ( 'NONE', *, *, #4679, .F. ) ;
#1615 = DIRECTION ( 'NONE',  ( 0.000000000000000000, 0.000000000000000000, 1.000000000000000000 ) ) ;
#1616 = ADVANCED_FACE ( 'NONE', ( #3264 ), #4033, .T. ) ;
#1617 = AXIS2_PLACEMENT_3D ( 'NONE', #2608, #2243, #4807 ) ;
#1618 = MANIFOLD_SOLID_BREP ( 'Bague laiton D6 trou M3_oa_0[1]', #1399 ) ;
#1619 = ORIENTED_EDGE ( 'NONE', *, *, #567, .T. ) ;
#1620 =( NAMED_UNIT ( * ) PLANE_ANGLE_UNIT ( ) SI_UNIT ( $, .RADIAN. ) );
#1621 = COLOUR_RGB ( '',0.8000000000000000444, 0.6627450980392156632, 0.3176470588235293935 ) ;
#1622 = CARTESIAN_POINT ( 'NONE',  ( -3.847763700412489829, 2.952492930692300011, 10.80000000000000071 ) ) ;
#1623 =( GEOMETRIC_REPRESENTATION_CONTEXT ( 3 ) GLOBAL_UNCERTAINTY_ASSIGNED_CONTEXT ( ( #716 ) ) GLOBAL_UNIT_ASSIGNED_CONTEXT ( ( #2387, #1520, #4894 ) ) REPRESENTATION_CONTEXT ( 'NONE', 'WORKASPACE' ) );
#1624 = FILL_AREA_STYLE_COLOUR ( '', #2823 ) ;
#1625 = CARTESIAN_POINT ( 'NONE',  ( 0.000000000000000000, 0.000000000000000000, 44.17158205686130401 ) ) ;
#1626 = CARTESIAN_POINT ( 'NONE',  ( -2.204253788831489924, 3.817879555032340111, -1.513876697314419983 ) ) ;
#1627 = CARTESIAN_POINT ( 'NONE',  ( -10.41548316362960058, -6.505213034913029562E-16, 36.58887821575369514 ) ) ;
#1628 = ORIENTED_EDGE ( 'NONE', *, *, #3113, .T. ) ;
#1629 = CARTESIAN_POINT ( 'NONE',  ( 1.649198943259454930, 7.229767174372019767, 36.58887821575369514 ) ) ;
#1630 = VERTEX_POINT ( 'NONE', #2514 ) ;
#1631 = FILL_AREA_STYLE ('',( #1709 ) ) ;
#1632 = PLANE ( 'NONE',  #3389 ) ;
#1633 = EDGE_CURVE ( 'NONE', #2807, #2087, #2406, .T. ) ;
#1634 = MECHANICAL_DESIGN_GEOMETRIC_PRESENTATION_REPRESENTATION (  '', ( #5496 ), #1005 ) ;
#1635 = MECHANICAL_DESIGN_GEOMETRIC_PRESENTATION_REPRESENTATION (  '', ( #749 ), #1461 ) ;
#1636 = ORIENTED_EDGE ( 'NONE', *, *, #4221, .T. ) ;
#1637 = SURFACE_STYLE_USAGE ( .BOTH. , #2827 ) ;
#1638 =( NAMED_UNIT ( * ) PLANE_ANGLE_UNIT ( ) SI_UNIT ( $, .RADIAN. ) );
#1639 =( BOUNDED_CURVE ( )  B_SPLINE_CURVE ( 3, ( #5472, #824, #3789, #757 ),
 .UNSPECIFIED., .F., .F. ) 
 B_SPLINE_CURVE_WITH_KNOTS ( ( 4, 4 ),
 ( 2.720895819497679113, 3.562289487681908451 ),
 .UNSPECIFIED. ) 
 CURVE ( )  GEOMETRIC_REPRESENTATION_ITEM ( )  RATIONAL_B_SPLINE_CURVE ( ( 1.000000000000000000, 0.9418697181749113856, 0.9418697181749113856, 1.000000000000000000 ) ) 
 REPRESENTATION_ITEM ( '' )  );
#1640 = VECTOR ( 'NONE', #1345, 1000.000000000000000 ) ;
#1641 =( GEOMETRIC_REPRESENTATION_CONTEXT ( 3 ) GLOBAL_UNCERTAINTY_ASSIGNED_CONTEXT ( ( #5259 ) ) GLOBAL_UNIT_ASSIGNED_CONTEXT ( ( #4378, #591, #5305 ) ) REPRESENTATION_CONTEXT ( 'NONE', 'WORKASPACE' ) );
#1642 = MANIFOLD_SOLID_BREP ( 'ACCKIS2012NLD6[1]', #947 ) ;
#1643 = AXIS2_PLACEMENT_3D ( 'NONE', #3617, #1507, #1859 ) ;
#1644 = FACE_OUTER_BOUND ( 'NONE', #4151, .T. ) ;
#1645 = CARTESIAN_POINT ( 'NONE',  ( -7.484125555797744411, 0.6591361944766011005, 44.41157641377712650 ) ) ;
#1646 = VECTOR ( 'NONE', #313, 1000.000000000000114 ) ;
#1647 = SURFACE_SIDE_STYLE ('',( #1284 ) ) ;
#1648 = ORIENTED_EDGE ( 'NONE', *, *, #4022, .F. ) ;
#1649 = PRESENTATION_LAYER_ASSIGNMENT (  '', '', ( #4079 ) ) ;
#1650 =( GEOMETRIC_REPRESENTATION_CONTEXT ( 3 ) GLOBAL_UNCERTAINTY_ASSIGNED_CONTEXT ( ( #4596 ) ) GLOBAL_UNIT_ASSIGNED_CONTEXT ( ( #4725, #940, #1779 ) ) REPRESENTATION_CONTEXT ( 'NONE', 'WORKASPACE' ) );
#1651 = COLOUR_RGB ( '',0.8000000000000000444, 0.6627450980392156632, 0.3176470588235293935 ) ;
#1652 = DIRECTION ( 'NONE',  ( 0.2200651982791848593, 0.9754851657028634770, 0.000000000000000000 ) ) ;
#1653 = UNCERTAINTY_MEASURE_WITH_UNIT (LENGTH_MEASURE( 1.000000000000000082E-05 ), #2488, 'distance_accuracy_value', 'NONE');
#1654 = COLOUR_RGB ( '',0.8000000000000000444, 0.6627450980392156632, 0.3176470588235293935 ) ;
#1655 = EDGE_CURVE ( 'NONE', #5316, #5232, #801, .T. ) ;
#1656 =( GEOMETRIC_REPRESENTATION_CONTEXT ( 3 ) GLOBAL_UNCERTAINTY_ASSIGNED_CONTEXT ( ( #3759 ) ) GLOBAL_UNIT_ASSIGNED_CONTEXT ( ( #2617, #3893, #1776 ) ) REPRESENTATION_CONTEXT ( 'NONE', 'WORKASPACE' ) );
#1657 = STYLED_ITEM ( 'NONE', ( #3095 ), #4504 ) ;
#1658 = ORIENTED_EDGE ( 'NONE', *, *, #3864, .T. ) ;
#1659 = CARTESIAN_POINT ( 'NONE',  ( 0.000000000000000000, 0.000000000000000000, 43.03887821575379746 ) ) ;
#1660 = EDGE_LOOP ( 'NONE', ( #1612, #5020, #4683, #5347 ) ) ;
#1661 = CARTESIAN_POINT ( 'NONE',  ( 0.000000000000000000, 0.000000000000000000, 45.03887821575380457 ) ) ;
#1662 = DIRECTION ( 'NONE',  ( 0.4650407975841787667, 0.8852892502353515436, 0.000000000000000000 ) ) ;
#1663 = ORIENTED_EDGE ( 'NONE', *, *, #903, .F. ) ;
#1664 = STYLED_ITEM ( 'NONE', ( #2628 ), #1166 ) ;
#1665 = MECHANICAL_DESIGN_GEOMETRIC_PRESENTATION_REPRESENTATION (  '', ( #1241 ), #2663 ) ;
#1666 = ORIENTED_EDGE ( 'NONE', *, *, #2413, .F. ) ;
#1667 = PRESENTATION_LAYER_ASSIGNMENT (  '', '', ( #4812 ) ) ;
#1668 = ADVANCED_FACE ( 'NONE', ( #3851 ), #3048, .T. ) ;
#1669 = FILL_AREA_STYLE ('',( #2857 ) ) ;
#1670 = DIRECTION ( 'NONE',  ( -1.000000000000000000, 0.000000000000000000, 0.000000000000000000 ) ) ;
#1671 = STYLED_ITEM ( 'NONE', ( #1457 ), #5147 ) ;
#1672 = DIRECTION ( 'NONE',  ( -0.2223993914986151232, -0.9749556454839604092, 0.000000000000000000 ) ) ;
#1673 = SURFACE_STYLE_FILL_AREA ( #200 ) ;
#1674 = EDGE_CURVE ( 'NONE', #4859, #4715, #3425, .T. ) ;
#1675 = ADVANCED_FACE ( 'NONE', ( #1724 ), #5216, .T. ) ;
#1676 = CARTESIAN_POINT ( 'NONE',  ( 3.117285603077779577, 3.117285603077769807, -1.513876697314419983 ) ) ;
#1677 = AXIS2_PLACEMENT_3D ( 'NONE', #5407, #2007, #4997 ) ;
#1678 = ORIENTED_EDGE ( 'NONE', *, *, #1502, .F. ) ;
#1679 = SURFACE_STYLE_USAGE ( .BOTH. , #2871 ) ;
#1680 = CARTESIAN_POINT ( 'NONE',  ( 4.304217301330607093, 1.288573727809272818, 15.18066751414342974 ) ) ;
#1681 = SURFACE_SIDE_STYLE ('',( #4279 ) ) ;
#1682 = VERTEX_POINT ( 'NONE', #500 ) ;
#1683 =( LENGTH_UNIT ( ) NAMED_UNIT ( * ) SI_UNIT ( .MILLI., .METRE. ) );
#1684 = ORIENTED_EDGE ( 'NONE', *, *, #2912, .F. ) ;
#1685 = CARTESIAN_POINT ( 'NONE',  ( -7.684404974409248190, -1.241583518997451563, 39.20542854418136614 ) ) ;
#1686 = DIRECTION ( 'NONE',  ( -0.9992033791931823616, 0.03990748061360611942, 0.000000000000000000 ) ) ;
#1687 = CARTESIAN_POINT ( 'NONE',  ( 5.020736889921710855, 0.1749999999999999889, 45.28887821575380457 ) ) ;
#1688 = PLANE ( 'NONE',  #5263 ) ;
#1689 = ORIENTED_EDGE ( 'NONE', *, *, #2249, .F. ) ;
#1690 = EDGE_LOOP ( 'NONE', ( #5318, #631, #3940, #1937 ) ) ;
#1691 = UNCERTAINTY_MEASURE_WITH_UNIT (LENGTH_MEASURE( 1.000000000000000082E-05 ), #4239, 'distance_accuracy_value', 'NONE');
#1692 = EDGE_CURVE ( 'NONE', #458, #3802, #3590, .T. ) ;
#1693 = DIRECTION ( 'NONE',  ( 0.000000000000000000, 0.000000000000000000, -1.000000000000000000 ) ) ;
#1694 = CARTESIAN_POINT ( 'NONE',  ( 2.318169400461249641, -10.15422966859710030, 36.58887821575369514 ) ) ;
#1695 = LINE ( 'NONE', #17, #2928 ) ;
#1696 =( NAMED_UNIT ( * ) SI_UNIT ( $, .STERADIAN. ) SOLID_ANGLE_UNIT ( ) );
#1697 = CIRCLE ( 'NONE', #1342, 4.850000000000000533 ) ;
#1698 = APPLICATION_CONTEXT ( 'automotive_design' ) ;
#1699 = FACE_OUTER_BOUND ( 'NONE', #3783, .T. ) ;
#1700 = VECTOR ( 'NONE', #1615, 1000.000000000000000 ) ;
#1701 = FACE_BOUND ( 'NONE', #5025, .T. ) ;
#1702 = COLOUR_RGB ( '',0.1843137254901960898, 0.7490196078431372584, 0.5803921568627450345 ) ;
#1703 = UNCERTAINTY_MEASURE_WITH_UNIT (LENGTH_MEASURE( 1.000000000000000082E-05 ), #1340, 'distance_accuracy_value', 'NONE');
#1704 = STYLED_ITEM ( 'NONE', ( #3526 ), #3750 ) ;
#1705 = CARTESIAN_POINT ( 'NONE',  ( 1.649198943259454486, 7.229767174372017990, 44.44273301383611852 ) ) ;
#1706 = CARTESIAN_POINT ( 'NONE',  ( -2.204253788831489924, -3.817879555032340111, -1.513876697314419983 ) ) ;
#1707 = ORIENTED_EDGE ( 'NONE', *, *, #4240, .T. ) ;
#1708 = CARTESIAN_POINT ( 'NONE',  ( -7.620058336618751760, -1.090973826841368677, 38.40730640916117267 ) ) ;
#1709 = FILL_AREA_STYLE_COLOUR ( '', #2878 ) ;
#1710 =( LENGTH_UNIT ( ) NAMED_UNIT ( * ) SI_UNIT ( .MILLI., .METRE. ) );
#1711 = EDGE_CURVE ( 'NONE', #4173, #741, #4032, .T. ) ;
#1712 = CARTESIAN_POINT ( 'NONE',  ( 1.856014646970679971, -4.480815732679739760, 10.80000000000000071 ) ) ;
#1713 = CARTESIAN_POINT ( 'NONE',  ( -4.151879321686058333, 6.261668623934864897, 44.41157641377709098 ) ) ;
#1714 = PRESENTATION_STYLE_ASSIGNMENT (( #4387 ) ) ;
#1715 = ORIENTED_EDGE ( 'NONE', *, *, #5388, .T. ) ;
#1716 = CARTESIAN_POINT ( 'NONE',  ( -4.258291324655739452, -1.141005721577959875, 19.00000000000000000 ) ) ;
#1717 = DIRECTION ( 'NONE',  ( -1.000000000000000000, 0.000000000000000000, 0.000000000000000000 ) ) ;
#1718 =( NAMED_UNIT ( * ) PLANE_ANGLE_UNIT ( ) SI_UNIT ( $, .RADIAN. ) );
#1719 = CARTESIAN_POINT ( 'NONE',  ( -4.808507577662980204, -0.6330520322672460454, 19.00000000000000000 ) ) ;
#1720 =( GEOMETRIC_REPRESENTATION_CONTEXT ( 3 ) GLOBAL_UNCERTAINTY_ASSIGNED_CONTEXT ( ( #2729 ) ) GLOBAL_UNIT_ASSIGNED_CONTEXT ( ( #5275, #3140, #4374 ) ) REPRESENTATION_CONTEXT ( 'NONE', 'WORKASPACE' ) );
#1721 = DIRECTION ( 'NONE',  ( -0.8852892502353513215, 0.4650407975841790997, 0.000000000000000000 ) ) ;
#1722 =( GEOMETRIC_REPRESENTATION_CONTEXT ( 3 ) GLOBAL_UNCERTAINTY_ASSIGNED_CONTEXT ( ( #5481 ) ) GLOBAL_UNIT_ASSIGNED_CONTEXT ( ( #5524, #4694, #4722 ) ) REPRESENTATION_CONTEXT ( 'NONE', 'WORKASPACE' ) );
#1723 = SURFACE_STYLE_USAGE ( .BOTH. , #20 ) ;
#1724 = FACE_OUTER_BOUND ( 'NONE', #2058, .T. ) ;
#1725 = CARTESIAN_POINT ( 'NONE',  ( -1.141005721577959875, -4.258291324655729682, -1.513876697314419983 ) ) ;
#1726 = EDGE_CURVE ( 'NONE', #302, #2807, #580, .T. ) ;
#1727 = COLOUR_RGB ( '',1.000000000000000000, 1.000000000000000000, 1.000000000000000000 ) ;
#1728 = CARTESIAN_POINT ( 'NONE',  ( 2.756199093448437942, -1.185126131512307168, 15.40575191993031723 ) ) ;
#1729 = CARTESIAN_POINT ( 'NONE',  ( 0.000000000000000000, 0.000000000000000000, 44.93887821575369657 ) ) ;
#1730 = CARTESIAN_POINT ( 'NONE',  ( -0.6330520322672650302, -4.808507577662980204, 19.00000000000000000 ) ) ;
#1731 = COLOUR_RGB ( '',1.000000000000000000, 1.000000000000000000, 1.000000000000000000 ) ;
#1732 = CIRCLE ( 'NONE', #3540, 5.000000000000000000 ) ;
#1733 = FACE_OUTER_BOUND ( 'NONE', #5447, .T. ) ;
#1734 = CARTESIAN_POINT ( 'NONE',  ( -4.686143677806800412, -1.250022972396514831, 39.12096654226830594 ) ) ;
#1735 = MECHANICAL_DESIGN_GEOMETRIC_PRESENTATION_REPRESENTATION (  '', ( #5332 ), #3170 ) ;
#1736 = ORIENTED_EDGE ( 'NONE', *, *, #1976, .T. ) ;
#1737 = DIRECTION ( 'NONE',  ( 0.9754851657028645873, 0.2200651982791798911, 0.000000000000000000 ) ) ;
#1738 = PRODUCT_DEFINITION ( 'UNKNOWN', '', #1027, #4127 ) ;
#1739 = CARTESIAN_POINT ( 'NONE',  ( -3.782717989253550961, -6.816275054527816124, 44.32109513373159615 ) ) ;
#1740 = CARTESIAN_POINT ( 'NONE',  ( -7.429791528517040611, -0.3303861670773016734, 40.25553068280371605 ) ) ;
#1741 = CARTESIAN_POINT ( 'NONE',  ( -6.899999999999999467, 0.000000000000000000, 33.03887821575369799 ) ) ;
#1742 = VECTOR ( 'NONE', #5105, 1000.000000000000000 ) ;
#1743 =( NAMED_UNIT ( * ) PLANE_ANGLE_UNIT ( ) SI_UNIT ( $, .RADIAN. ) );
#1744 = DIRECTION ( 'NONE',  ( 1.000000000000000000, 0.000000000000000000, 0.000000000000000000 ) ) ;
#1745 = ORIENTED_EDGE ( 'NONE', *, *, #3611, .T. ) ;
#1746 = CARTESIAN_POINT ( 'NONE',  ( -7.415483163629599694, -4.386898176736380162E-16, 37.78887821575369799 ) ) ;
#1747 = DIRECTION ( 'NONE',  ( 0.000000000000000000, 0.000000000000000000, -1.000000000000000000 ) ) ;
#1748 = AXIS2_PLACEMENT_3D ( 'NONE', #5353, #164, #2707 ) ;
#1749 = VERTEX_POINT ( 'NONE', #1031 ) ;
#1750 = VERTEX_POINT ( 'NONE', #3624 ) ;
#1751 = VECTOR ( 'NONE', #2379, 1000.000000000000114 ) ;
#1752 = CARTESIAN_POINT ( 'NONE',  ( 9.384364076886180683, -4.518406843601039391, 36.58887821575369514 ) ) ;
#1753 = SURFACE_STYLE_FILL_AREA ( #3865 ) ;
#1754 = DIRECTION ( 'NONE',  ( 0.5341625816090030954, -0.8453817696217521549, 0.000000000000000000 ) ) ;
#1755 = DIRECTION ( 'NONE',  ( 0.000000000000000000, 0.000000000000000000, -1.000000000000000000 ) ) ;
#1756 = COLOUR_RGB ( '',0.2000000000000000111, 0.2000000000000000111, 0.2000000000000000111 ) ;
#1757 = VECTOR ( 'NONE', #1919, 1000.000000000000114 ) ;
#1758 = LINE ( 'NONE', #3848, #1290 ) ;
#1759 = FACE_OUTER_BOUND ( 'NONE', #3124, .T. ) ;
#1760 = CARTESIAN_POINT ( 'NONE',  ( 0.6330520322672350542, -4.808507577662980204, 10.80000000000000071 ) ) ;
#1761 = UNCERTAINTY_MEASURE_WITH_UNIT (LENGTH_MEASURE( 1.000000000000000082E-05 ), #5233, 'distance_accuracy_value', 'NONE');
#1762 = EDGE_CURVE ( 'NONE', #1750, #4767, #221, .T. ) ;
#1763 = PRESENTATION_STYLE_ASSIGNMENT (( #5117 ) ) ;
#1764 = ORIENTED_EDGE ( 'NONE', *, *, #1552, .F. ) ;
#1765 = FILL_AREA_STYLE ('',( #4734 ) ) ;
#1766 = DIRECTION ( 'NONE',  ( 0.000000000000000000, 0.000000000000000000, -1.000000000000000000 ) ) ;
#1767 = PRODUCT_DEFINITION_SHAPE ( 'NONE', 'NONE',  #2666 ) ;
#1768 = CARTESIAN_POINT ( 'NONE',  ( -7.659284070181162640, -1.185126131512300729, 39.44463013568401522 ) ) ;
#1769 =( NAMED_UNIT ( * ) PLANE_ANGLE_UNIT ( ) SI_UNIT ( $, .RADIAN. ) );
#1770 =( NAMED_UNIT ( * ) SI_UNIT ( $, .STERADIAN. ) SOLID_ANGLE_UNIT ( ) );
#1771 = ORIENTED_EDGE ( 'NONE', *, *, #2398, .F. ) ;
#1772 = LINE ( 'NONE', #2225, #2204 ) ;
#1773 = CARTESIAN_POINT ( 'NONE',  ( -1.856014646970690185, -4.480815732679739760, 19.00000000000000000 ) ) ;
#1774 = ORIENTED_EDGE ( 'NONE', *, *, #849, .F. ) ;
#1775 = ORIENTED_EDGE ( 'NONE', *, *, #306, .F. ) ;
#1776 =( NAMED_UNIT ( * ) SI_UNIT ( $, .STERADIAN. ) SOLID_ANGLE_UNIT ( ) );
#1777 = CARTESIAN_POINT ( 'NONE',  ( 4.408507577662979848, -3.913326676722159714E-15, 13.75000000000000000 ) ) ;
#1778 = LINE ( 'NONE', #4520, #1813 ) ;
#1779 =( NAMED_UNIT ( * ) SI_UNIT ( $, .STERADIAN. ) SOLID_ANGLE_UNIT ( ) );
#1780 = DIRECTION ( 'NONE',  ( 0.5341625816090079804, 0.8453817696217489353, 0.000000000000000000 ) ) ;
#1781 = PRESENTATION_LAYER_ASSIGNMENT (  '', '', ( #4130 ) ) ;
#1782 = CARTESIAN_POINT ( 'NONE',  ( 2.782365848039503042, -1.122317993254463353, 15.55638196424555098 ) ) ;
#1783 =( NAMED_UNIT ( * ) SI_UNIT ( $, .STERADIAN. ) SOLID_ANGLE_UNIT ( ) );
#1784 = CARTESIAN_POINT ( 'NONE',  ( 4.480815732679739760, 1.856014646970679971, 10.80000000000000071 ) ) ;
#1785 = STYLED_ITEM ( 'NONE', ( #5302 ), #3295 ) ;
#1786 = CARTESIAN_POINT ( 'NONE',  ( -4.850000000000000533, 0.000000000000000000, 34.83887821575380173 ) ) ;
#1787 = ORIENTED_EDGE ( 'NONE', *, *, #2653, .T. ) ;
#1788 = DIRECTION ( 'NONE',  ( 0.2971605306528039558, 0.9548275336531429902, 0.000000000000000000 ) ) ;
#1789 = MECHANICAL_DESIGN_GEOMETRIC_PRESENTATION_REPRESENTATION (  '', ( #106 ), #890 ) ;
#1790 = DIRECTION ( 'NONE',  ( 0.2200651982791869965, 0.9754851657028630330, 0.000000000000000000 ) ) ;
#1791 = SURFACE_STYLE_USAGE ( .BOTH. , #1409 ) ;
#1792 = STYLED_ITEM ( 'NONE', ( #3038 ), #2086 ) ;
#1793 = VECTOR ( 'NONE', #4939, 1000.000000000000000 ) ;
#1794 = VERTEX_POINT ( 'NONE', #264 ) ;
#1795 =( LENGTH_UNIT ( ) NAMED_UNIT ( * ) SI_UNIT ( .MILLI., .METRE. ) );
#1796 = ORIENTED_EDGE ( 'NONE', *, *, #3465, .T. ) ;
#1797 = ORIENTED_EDGE ( 'NONE', *, *, #4581, .T. ) ;
#1798 = LINE ( 'NONE', #4391, #2701 ) ;
#1799 = CARTESIAN_POINT ( 'NONE',  ( 2.952492930692289796, -3.847763700412489829, -1.513876697314419983 ) ) ;
#1800 = SURFACE_SIDE_STYLE ('',( #104 ) ) ;
#1801 = EDGE_CURVE ( 'NONE', #2389, #2726, #1529, .T. ) ;
#1802 = DIRECTION ( 'NONE',  ( 0.000000000000000000, 0.000000000000000000, 1.000000000000000000 ) ) ;
#1803 = LINE ( 'NONE', #3137, #319 ) ;
#1804 = SURFACE_STYLE_USAGE ( .BOTH. , #2995 ) ;
#1805 = EDGE_CURVE ( 'NONE', #4551, #513, #2312, .T. ) ;
#1806 = COLOUR_RGB ( '',0.8000000000000000444, 0.6627450980392156632, 0.3176470588235293935 ) ;
#1807 =( NAMED_UNIT ( * ) PLANE_ANGLE_UNIT ( ) SI_UNIT ( $, .RADIAN. ) );
#1808 = SURFACE_SIDE_STYLE ('',( #3957 ) ) ;
#1809 = CARTESIAN_POINT ( 'NONE',  ( -8.043063720601669075, 1.836198787262089960, 36.58887821575369514 ) ) ;
#1810 = CARTESIAN_POINT ( 'NONE',  ( 6.681360117457032288, -3.216957806830736732, 36.58887821575369514 ) ) ;
#1811 = UNCERTAINTY_MEASURE_WITH_UNIT (LENGTH_MEASURE( 1.000000000000000082E-05 ), #774, 'distance_accuracy_value', 'NONE');
#1812 = PRESENTATION_STYLE_ASSIGNMENT (( #4778 ) ) ;
#1813 = VECTOR ( 'NONE', #3136, 1000.000000000000000 ) ;
#1814 = CARTESIAN_POINT ( 'NONE',  ( -6.493744496471469674, -8.143314555290071866, 36.58887821575369514 ) ) ;
#1815 = ORIENTED_EDGE ( 'NONE', *, *, #4557, .T. ) ;
#1816 = FACE_BOUND ( 'NONE', #1856, .T. ) ;
#1817 = DIRECTION ( 'NONE',  ( 0.000000000000000000, 0.000000000000000000, -1.000000000000000000 ) ) ;
#1818 = UNCERTAINTY_MEASURE_WITH_UNIT (LENGTH_MEASURE( 1.000000000000000082E-05 ), #5196, 'distance_accuracy_value', 'NONE');
#1819 = COLOUR_RGB ( '',0.2000000000000000111, 0.2000000000000000111, 0.2000000000000000111 ) ;
#1820 = EDGE_CURVE ( 'NONE', #2348, #3159, #4961, .T. ) ;
#1821 = VERTEX_POINT ( 'NONE', #5315 ) ;
#1822 = CARTESIAN_POINT ( 'NONE',  ( -6.899999999999999467, 0.000000000000000000, 34.83887821575380173 ) ) ;
#1823 = CARTESIAN_POINT ( 'NONE',  ( -3.117285603077769807, 3.117285603077769807, 19.00000000000000000 ) ) ;
#1824 = CARTESIAN_POINT ( 'NONE',  ( 6.681360117457032288, -3.216957806830736732, 44.44273301383612562 ) ) ;
#1825 = ORIENTED_EDGE ( 'NONE', *, *, #1941, .F. ) ;
#1826 =( GEOMETRIC_REPRESENTATION_CONTEXT ( 3 ) GLOBAL_UNCERTAINTY_ASSIGNED_CONTEXT ( ( #1164 ) ) GLOBAL_UNIT_ASSIGNED_CONTEXT ( ( #5473, #3323, #2835 ) ) REPRESENTATION_CONTEXT ( 'NONE', 'WORKASPACE' ) );
#1827 = ORIENTED_EDGE ( 'NONE', *, *, #608, .T. ) ;
#1828 = CARTESIAN_POINT ( 'NONE',  ( 9.993873123068949482, -0.3499999999999880429, 34.83887821575369514 ) ) ;
#1829 = LINE ( 'NONE', #2288, #2723 ) ;
#1830 = SURFACE_STYLE_USAGE ( .BOTH. , #134 ) ;
#1831 = AXIS2_PLACEMENT_3D ( 'NONE', #4381, #1788, #1817 ) ;
#1832 = EDGE_CURVE ( 'NONE', #285, #2896, #4271, .T. ) ;
#1833 =( NAMED_UNIT ( * ) PLANE_ANGLE_UNIT ( ) SI_UNIT ( $, .RADIAN. ) );
#1834 = COLOUR_RGB ( '',0.8000000000000000444, 0.6627450980392156632, 0.3176470588235293935 ) ;
#1835 = SURFACE_STYLE_USAGE ( .BOTH. , #4060 ) ;
#1836 = LINE ( 'NONE', #3116, #2106 ) ;
#1837 = PRODUCT_RELATED_PRODUCT_CATEGORY ( 'part', '', ( #908 ) ) ;
#1838 = VECTOR ( 'NONE', #2740, 1000.000000000000000 ) ;
#1839 =( GEOMETRIC_REPRESENTATION_CONTEXT ( 3 ) GLOBAL_UNCERTAINTY_ASSIGNED_CONTEXT ( ( #2587 ) ) GLOBAL_UNIT_ASSIGNED_CONTEXT ( ( #5308, #3243, #259 ) ) REPRESENTATION_CONTEXT ( 'NONE', 'WORKASPACE' ) );
#1840 = CARTESIAN_POINT ( 'NONE',  ( 2.902060811317961786, -0.7697416801320676738, 15.99822189188435750 ) ) ;
#1841 = DIRECTION ( 'NONE',  ( -0.6783246350500656829, -0.7347623353739597407, 0.000000000000000000 ) ) ;
#1842 = LINE ( 'NONE', #1809, #5327 ) ;
#1843 = AXIS2_PLACEMENT_3D ( 'NONE', #198, #1067, #3173 ) ;
#1844 = ADVANCED_FACE ( 'NONE', ( #1054 ), #4516, .T. ) ;
#1845 = SURFACE_STYLE_USAGE ( .BOTH. , #3597 ) ;
#1846 =( NAMED_UNIT ( * ) SI_UNIT ( $, .STERADIAN. ) SOLID_ANGLE_UNIT ( ) );
#1847 = CYLINDRICAL_SURFACE ( 'NONE', #3172, 6.899999999999999467 ) ;
#1848 = ORIENTED_EDGE ( 'NONE', *, *, #4340, .F. ) ;
#1849 = CARTESIAN_POINT ( 'NONE',  ( 2.745526627751755377, 1.209296722407081193, 15.32689799593806157 ) ) ;
#1850 = ORIENTED_EDGE ( 'NONE', *, *, #1979, .T. ) ;
#1851 = CARTESIAN_POINT ( 'NONE',  ( -4.624345404275932658, 5.796966459453326337, 36.58887821575369514 ) ) ;
#1852 = CARTESIAN_POINT ( 'NONE',  ( -6.450237979908649777, -5.143630041375839568, 36.58887821575369514 ) ) ;
#1853 = ORIENTED_EDGE ( 'NONE', *, *, #3968, .T. ) ;
#1854 = SURFACE_STYLE_FILL_AREA ( #721 ) ;
#1855 = CARTESIAN_POINT ( 'NONE',  ( 7.751606504534369613, -1.980593965378252719, 44.25347630657346798 ) ) ;
#1856 = EDGE_LOOP ( 'NONE', ( #182, #3916 ) ) ;
#1857 = VERTEX_POINT ( 'NONE', #5155 ) ;
#1858 =( LENGTH_UNIT ( ) NAMED_UNIT ( * ) SI_UNIT ( .MILLI., .METRE. ) );
#1859 = DIRECTION ( 'NONE',  ( -1.000000000000000000, 0.000000000000000000, 0.000000000000000000 ) ) ;
#1860 = LINE ( 'NONE', #2289, #1757 ) ;
#1861 = DIRECTION ( 'NONE',  ( 1.000000000000000000, 0.000000000000000000, 0.000000000000000000 ) ) ;
#1862 = PRESENTATION_LAYER_ASSIGNMENT (  '', '', ( #615 ) ) ;
#1863 = DIRECTION ( 'NONE',  ( 0.2971605306527970725, -0.9548275336531452107, 0.000000000000000000 ) ) ;
#1864 = DIRECTION ( 'NONE',  ( 1.000000000000000000, 0.000000000000000000, 0.000000000000000000 ) ) ;
#1865 = LINE ( 'NONE', #197, #4277 ) ;
#1866 = FACE_BOUND ( 'NONE', #2733, .T. ) ;
#1867 = DIRECTION ( 'NONE',  ( 0.6783246350500610200, -0.7347623353739640706, 0.000000000000000000 ) ) ;
#1868 = VECTOR ( 'NONE', #2059, 1000.000000000000114 ) ;
#1869 = CARTESIAN_POINT ( 'NONE',  ( -4.747365184022100948, 0.9994429615637183684, 38.27049967146768950 ) ) ;
#1870 = DIRECTION ( 'NONE',  ( 0.2971605306527970169, -0.9548275336531450996, 0.000000000000000000 ) ) ;
#1871 = SURFACE_SIDE_STYLE ('',( #1041 ) ) ;
#1872 = ORIENTED_EDGE ( 'NONE', *, *, #4003, .T. ) ;
#1873 = DIRECTION ( 'NONE',  ( 0.000000000000000000, 0.000000000000000000, 1.000000000000000000 ) ) ;
#1874 = VERTEX_POINT ( 'NONE', #485 ) ;
#1875 =( LENGTH_UNIT ( ) NAMED_UNIT ( * ) SI_UNIT ( .MILLI., .METRE. ) );
#1876 = AXIS2_PLACEMENT_3D ( 'NONE', #268, #4178, #2429 ) ;
#1877 = FILL_AREA_STYLE ('',( #181 ) ) ;
#1878 = ORIENTED_EDGE ( 'NONE', *, *, #5137, .T. ) ;
#1879 = CARTESIAN_POINT ( 'NONE',  ( -7.669956535877847870, 1.209296722407085412, 39.36577621169175956 ) ) ;
#1880 = PRESENTATION_LAYER_ASSIGNMENT (  '', '', ( #1441 ) ) ;
#1881 = VERTEX_POINT ( 'NONE', #520 ) ;
#1882 = ORIENTED_EDGE ( 'NONE', *, *, #176, .F. ) ;
#1883 = EDGE_CURVE ( 'NONE', #48, #130, #1488, .T. ) ;
#1884 = VECTOR ( 'NONE', #622, 1000.000000000000000 ) ;
#1885 = CARTESIAN_POINT ( 'NONE',  ( 8.242572413997988789, -0.3500000000000519917, 86.48696279987521507 ) ) ;
#1886 = FILL_AREA_STYLE_COLOUR ( '', #5090 ) ;
#1887 =( GEOMETRIC_REPRESENTATION_CONTEXT ( 3 ) GLOBAL_UNCERTAINTY_ASSIGNED_CONTEXT ( ( #3912 ) ) GLOBAL_UNIT_ASSIGNED_CONTEXT ( ( #2987, #1718, #2129 ) ) REPRESENTATION_CONTEXT ( 'NONE', 'WORKASPACE' ) );
#1888 = ORIENTED_EDGE ( 'NONE', *, *, #3113, .F. ) ;
#1889 = FILL_AREA_STYLE_COLOUR ( '', #3189 ) ;
#1890 = DIRECTION ( 'NONE',  ( 0.000000000000000000, 0.000000000000000000, -1.000000000000000000 ) ) ;
#1891 = CARTESIAN_POINT ( 'NONE',  ( -3.847763700412489829, 2.952492930692300011, -1.513876697314419983 ) ) ;
#1892 = DIRECTION ( 'NONE',  ( -1.000000000000000000, 0.000000000000000000, 0.000000000000000000 ) ) ;
#1893 = PLANE ( 'NONE',  #1568 ) ;
#1894 = LINE ( 'NONE', #1127, #275 ) ;
#1895 =( NAMED_UNIT ( * ) SI_UNIT ( $, .STERADIAN. ) SOLID_ANGLE_UNIT ( ) );
#1896 = EDGE_CURVE ( 'NONE', #3824, #2486, #1772, .T. ) ;
#1897 = PRESENTATION_LAYER_ASSIGNMENT (  '', '', ( #1459 ) ) ;
#1898 = VERTEX_POINT ( 'NONE', #4765 ) ;
#1899 = LINE ( 'NONE', #593, #1884 ) ;
#1900 = DIRECTION ( 'NONE',  ( 0.000000000000000000, 0.000000000000000000, 1.000000000000000000 ) ) ;
#1901 = EDGE_CURVE ( 'NONE', #4936, #1168, #4815, .T. ) ;
#1902 = VERTEX_POINT ( 'NONE', #4840 ) ;
#1903 = SURFACE_STYLE_FILL_AREA ( #1046 ) ;
#1904 = SURFACE_STYLE_USAGE ( .BOTH. , #2391 ) ;
#1905 = CARTESIAN_POINT ( 'NONE',  ( 6.457262948261423219, -3.840618579711446490, 44.41157641377709098 ) ) ;
#1906 = STYLED_ITEM ( 'NONE', ( #5236 ), #4377 ) ;
#1907 = LINE ( 'NONE', #5228, #1108 ) ;
#1908 = PRODUCT_DEFINITION ( 'UNKNOWN', '', #576, #2048 ) ;
#1909 = ORIENTED_EDGE ( 'NONE', *, *, #4495, .T. ) ;
#1910 =( NAMED_UNIT ( * ) SI_UNIT ( $, .STERADIAN. ) SOLID_ANGLE_UNIT ( ) );
#1911 = FILL_AREA_STYLE ('',( #4484 ) ) ;
#1912 = ORIENTED_EDGE ( 'NONE', *, *, #4070, .F. ) ;
#1913 = VECTOR ( 'NONE', #3338, 1000.000000000000000 ) ;
#1914 = EDGE_CURVE ( 'NONE', #2926, #621, #2648, .T. ) ;
#1915 = EDGE_LOOP ( 'NONE', ( #4674, #1963, #5492, #2175 ) ) ;
#1916 = PRESENTATION_STYLE_ASSIGNMENT (( #1057 ) ) ;
#1917 = MECHANICAL_DESIGN_GEOMETRIC_PRESENTATION_REPRESENTATION (  '', ( #1470 ), #3729 ) ;
#1918 = STYLED_ITEM ( 'NONE', ( #4298 ), #5412 ) ;
#1919 = DIRECTION ( 'NONE',  ( 0.8852892502353508775, -0.4650407975841799324, 0.000000000000000000 ) ) ;
#1920 = ORIENTED_EDGE ( 'NONE', *, *, #5125, .T. ) ;
#1921 = MECHANICAL_DESIGN_GEOMETRIC_PRESENTATION_REPRESENTATION (  '', ( #3816 ), #2470 ) ;
#1922 = ORIENTED_EDGE ( 'NONE', *, *, #267, .T. ) ;
#1923 = AXIS2_PLACEMENT_3D ( 'NONE', #2562, #1693, #1717 ) ;
#1924 = DIRECTION ( 'NONE',  ( 0.000000000000000000, 0.000000000000000000, 1.000000000000000000 ) ) ;
#1925 = DIRECTION ( 'NONE',  ( -0.9754851657028648093, -0.2200651982791789474, 0.000000000000000000 ) ) ;
#1926 =( GEOMETRIC_REPRESENTATION_CONTEXT ( 3 ) GLOBAL_UNCERTAINTY_ASSIGNED_CONTEXT ( ( #2215 ) ) GLOBAL_UNIT_ASSIGNED_CONTEXT ( ( #2040, #780, #3397 ) ) REPRESENTATION_CONTEXT ( 'NONE', 'WORKASPACE' ) );
#1927 = COLOUR_RGB ( '',0.2000000000000000111, 0.2000000000000000111, 0.2000000000000000111 ) ;
#1928 = DIRECTION ( 'NONE',  ( -1.000000000000000000, 0.000000000000000000, 0.000000000000000000 ) ) ;
#1929 = SURFACE_STYLE_USAGE ( .BOTH. , #583 ) ;
#1930 = PRESENTATION_LAYER_ASSIGNMENT (  '', '', ( #4186 ) ) ;
#1931 = SURFACE_STYLE_FILL_AREA ( #145 ) ;
#1932 = COLOUR_RGB ( '',0.8000000000000000444, 0.6627450980392156632, 0.3176470588235293935 ) ;
#1933 = PLANE ( 'NONE',  #277 ) ;
#1934 = FILL_AREA_STYLE_COLOUR ( '', #5141 ) ;
#1935 = CARTESIAN_POINT ( 'NONE',  ( 9.383575323194490281, 4.520044655286939772, 36.58887821575369514 ) ) ;
#1936 = VECTOR ( 'NONE', #3327, 1000.000000000000114 ) ;
#1937 = ORIENTED_EDGE ( 'NONE', *, *, #108, .F. ) ;
#1938 = CARTESIAN_POINT ( 'NONE',  ( 2.727153556335734308, 1.250053392319358636, 15.08181405994809587 ) ) ;
#1939 = ORIENTED_EDGE ( 'NONE', *, *, #2919, .F. ) ;
#1940 = CARTESIAN_POINT ( 'NONE',  ( -0.6330520322672650302, -4.808507577662970434, 10.80000000000000071 ) ) ;
#1941 = EDGE_CURVE ( 'NONE', #2521, #3066, #4993, .T. ) ;
#1942 = CARTESIAN_POINT ( 'NONE',  ( 9.500000000000000000, -0.3499999999999999778, 33.03887821575369799 ) ) ;
#1943 = UNCERTAINTY_MEASURE_WITH_UNIT (LENGTH_MEASURE( 1.000000000000000082E-05 ), #77, 'distance_accuracy_value', 'NONE');
#1944 = DIRECTION ( 'NONE',  ( 0.000000000000000000, 0.000000000000000000, -1.000000000000000000 ) ) ;
#1945 = SURFACE_SIDE_STYLE ('',( #628 ) ) ;
#1946 = ORIENTED_EDGE ( 'NONE', *, *, #2692, .T. ) ;
#1947 = ORIENTED_EDGE ( 'NONE', *, *, #5224, .T. ) ;
#1948 = VERTEX_POINT ( 'NONE', #924 ) ;
#1949 = PRESENTATION_STYLE_ASSIGNMENT (( #1172 ) ) ;
#1950 = CARTESIAN_POINT ( 'NONE',  ( 4.480815732679739760, 1.856014646970679971, -1.513876697314419983 ) ) ;
#1951 = PRESENTATION_LAYER_ASSIGNMENT (  '', '', ( #1241 ) ) ;
#1952 =( NAMED_UNIT ( * ) SI_UNIT ( $, .STERADIAN. ) SOLID_ANGLE_UNIT ( ) );
#1953 = EDGE_LOOP ( 'NONE', ( #3994, #5401, #1268, #3926 ) ) ;
#1954 = CARTESIAN_POINT ( 'NONE',  ( 1.141005721577959875, 4.258291324655729682, -1.513876697314419983 ) ) ;
#1955 = FILL_AREA_STYLE ('',( #5273 ) ) ;
#1956 = ADVANCED_FACE ( 'NONE', ( #2703 ), #456, .F. ) ;
#1957 = DIRECTION ( 'NONE',  ( 1.000000000000000000, 0.000000000000000000, 0.000000000000000000 ) ) ;
#1958 = SURFACE_STYLE_USAGE ( .BOTH. , #3689 ) ;
#1959 = EDGE_CURVE ( 'NONE', #3242, #962, #3473, .T. ) ;
#1960 = SURFACE_SIDE_STYLE ('',( #1516 ) ) ;
#1961 = PRESENTATION_STYLE_ASSIGNMENT (( #645 ) ) ;
#1962 = ORIENTED_EDGE ( 'NONE', *, *, #963, .F. ) ;
#1963 = ORIENTED_EDGE ( 'NONE', *, *, #1633, .T. ) ;
#1964 = CARTESIAN_POINT ( 'NONE',  ( -3.847763700412489829, -2.952492930692300011, 10.80000000000000071 ) ) ;
#1965 = FILL_AREA_STYLE ('',( #1548 ) ) ;
#1966 =( LENGTH_UNIT ( ) NAMED_UNIT ( * ) SI_UNIT ( .MILLI., .METRE. ) );
#1967 = PRESENTATION_LAYER_ASSIGNMENT (  '', '', ( #92 ) ) ;
#1968 = EDGE_LOOP ( 'NONE', ( #4146, #743, #3278, #2202 ) ) ;
#1969 = ORIENTED_EDGE ( 'NONE', *, *, #4856, .T. ) ;
#1970 = VECTOR ( 'NONE', #5547, 1000.000000000000000 ) ;
#1971 = EDGE_LOOP ( 'NONE', ( #3575, #5338, #2933, #3678 ) ) ;
#1972 = CYLINDRICAL_SURFACE ( 'NONE', #2426, 3.000000000000000000 ) ;
#1973 = SURFACE_STYLE_FILL_AREA ( #5466 ) ;
#1974 = CARTESIAN_POINT ( 'NONE',  ( 9.383575323194490281, 4.520044655286939772, 36.58887821575369514 ) ) ;
#1975 = PRESENTATION_LAYER_ASSIGNMENT (  '', '', ( #990 ) ) ;
#1976 = EDGE_CURVE ( 'NONE', #3612, #1138, #3067, .T. ) ;
#1977 = LINE ( 'NONE', #700, #3844 ) ;
#1978 = ORIENTED_EDGE ( 'NONE', *, *, #4497, .T. ) ;
#1979 = EDGE_CURVE ( 'NONE', #2896, #3131, #442, .T. ) ;
#1980 = DIRECTION ( 'NONE',  ( 0.000000000000000000, 0.000000000000000000, -1.000000000000000000 ) ) ;
#1981 = VECTOR ( 'NONE', #3165, 1000.000000000000000 ) ;
#1982 = CARTESIAN_POINT ( 'NONE',  ( -10.00000000000000000, 0.000000000000000000, 34.83887821575369514 ) ) ;
#1983 = DIRECTION ( 'NONE',  ( -1.000000000000000000, 0.000000000000000000, 0.000000000000000000 ) ) ;
#1984 = AXIS2_PLACEMENT_3D ( 'NONE', #2704, #1442, #3158 ) ;
#1985 = FILL_AREA_STYLE_COLOUR ( '', #3386 ) ;
#1986 = CARTESIAN_POINT ( 'NONE',  ( 0.000000000000000000, 2.817445810265809860E-15, 19.00000000000000000 ) ) ;
#1987 = EDGE_CURVE ( 'NONE', #4767, #3743, #109, .T. ) ;
#1988 = FACE_OUTER_BOUND ( 'NONE', #101, .T. ) ;
#1989 = EDGE_LOOP ( 'NONE', ( #1878, #744, #1775, #1774 ) ) ;
#1990 =( NAMED_UNIT ( * ) PLANE_ANGLE_UNIT ( ) SI_UNIT ( $, .RADIAN. ) );
#1991 = ORIENTED_EDGE ( 'NONE', *, *, #2181, .T. ) ;
#1992 = DIRECTION ( 'NONE',  ( 1.000000000000000000, 0.000000000000000000, 0.000000000000000000 ) ) ;
#1993 = CARTESIAN_POINT ( 'NONE',  ( 4.480815732679739760, 1.856014646970679971, -1.513876697314419983 ) ) ;
#1994 = UNCERTAINTY_MEASURE_WITH_UNIT (LENGTH_MEASURE( 1.000000000000000082E-05 ), #1875, 'distance_accuracy_value', 'NONE');
#1995 = LINE ( 'NONE', #4200, #3353 ) ;
#1996 = AXIS2_PLACEMENT_3D ( 'NONE', #5287, #1013, #600 ) ;
#1997 =( NAMED_UNIT ( * ) SI_UNIT ( $, .STERADIAN. ) SOLID_ANGLE_UNIT ( ) );
#1998 = VERTEX_POINT ( 'NONE', #4867 ) ;
#1999 = SURFACE_STYLE_USAGE ( .BOTH. , #5436 ) ;
#2000 = VERTEX_POINT ( 'NONE', #3497 ) ;
#2001 = EDGE_CURVE ( 'NONE', #2726, #2147, #1016, .T. ) ;
#2002 = ORIENTED_EDGE ( 'NONE', *, *, #2735, .T. ) ;
#2003 = SURFACE_SIDE_STYLE ('',( #771 ) ) ;
#2004 = SURFACE_SIDE_STYLE ('',( #1973 ) ) ;
#2005 = PRESENTATION_STYLE_ASSIGNMENT (( #269 ) ) ;
#2006 = CONICAL_SURFACE ( 'NONE', #5495, 8.250000000000000000, 0.7853981633974503884 ) ;
#2007 = DIRECTION ( 'NONE',  ( 0.000000000000000000, 0.000000000000000000, 1.000000000000000000 ) ) ;
#2008 = ORIENTED_EDGE ( 'NONE', *, *, #2814, .F. ) ;
#2009 = STYLED_ITEM ( 'NONE', ( #586 ), #2460 ) ;
#2010 =( LENGTH_UNIT ( ) NAMED_UNIT ( * ) SI_UNIT ( .MILLI., .METRE. ) );
#2011 = MECHANICAL_DESIGN_GEOMETRIC_PRESENTATION_REPRESENTATION (  '', ( #1209 ), #2189 ) ;
#2012 = EDGE_CURVE ( 'NONE', #3149, #5014, #3925, .T. ) ;
#2013 = CARTESIAN_POINT ( 'NONE',  ( 8.043384075242761000, -1.834794979863587194, 44.17158205686133954 ) ) ;
#2014 = CARTESIAN_POINT ( 'NONE',  ( 0.000000000000000000, 0.000000000000000000, -1.513876697314419983 ) ) ;
#2015 = VECTOR ( 'NONE', #3221, 1000.000000000000000 ) ;
#2016 = AXIS2_PLACEMENT_3D ( 'NONE', #4462, #5294, #5240 ) ;
#2017 =( GEOMETRIC_REPRESENTATION_CONTEXT ( 3 ) GLOBAL_UNCERTAINTY_ASSIGNED_CONTEXT ( ( #4587 ) ) GLOBAL_UNIT_ASSIGNED_CONTEXT ( ( #3626, #3664, #1452 ) ) REPRESENTATION_CONTEXT ( 'NONE', 'WORKASPACE' ) );
#2018 = PRESENTATION_LAYER_ASSIGNMENT (  '', '', ( #1028 ) ) ;
#2019 = FILL_AREA_STYLE ('',( #5529 ) ) ;
#2020 = CARTESIAN_POINT ( 'NONE',  ( 3.817879555032340111, -2.204253788831489924, -1.513876697314419983 ) ) ;
#2021 = CIRCLE ( 'NONE', #5438, 8.250000000000000000 ) ;
#2022 = PRESENTATION_STYLE_ASSIGNMENT (( #5366 ) ) ;
#2023 =( GEOMETRIC_REPRESENTATION_CONTEXT ( 3 ) GLOBAL_UNCERTAINTY_ASSIGNED_CONTEXT ( ( #2985 ) ) GLOBAL_UNIT_ASSIGNED_CONTEXT ( ( #1118, #4094, #2465 ) ) REPRESENTATION_CONTEXT ( 'NONE', 'WORKASPACE' ) );
#2024 = AXIS2_PLACEMENT_3D ( 'NONE', #3434, #1766, #122 ) ;
#2025 = CARTESIAN_POINT ( 'NONE',  ( 9.500000000000000000, -0.3499999999999999778, 34.63177143456719875 ) ) ;
#2026 = ORIENTED_EDGE ( 'NONE', *, *, #4283, .F. ) ;
#2027 = EDGE_CURVE ( 'NONE', #750, #3242, #3552, .T. ) ;
#2028 = AXIS2_PLACEMENT_3D ( 'NONE', #3947, #99, #4330 ) ;
#2029 = CARTESIAN_POINT ( 'NONE',  ( -2.952492930692300011, -3.847763700412489829, 10.80000000000000071 ) ) ;
#2030 = VECTOR ( 'NONE', #4770, 1000.000000000000000 ) ;
#2031 = SURFACE_STYLE_USAGE ( .BOTH. , #767 ) ;
#2032 = EDGE_LOOP ( 'NONE', ( #4204, #204, #3394, #3658 ) ) ;
#2033 = FILL_AREA_STYLE ('',( #812 ) ) ;
#2034 =( GEOMETRIC_REPRESENTATION_CONTEXT ( 3 ) GLOBAL_UNCERTAINTY_ASSIGNED_CONTEXT ( ( #4653 ) ) GLOBAL_UNIT_ASSIGNED_CONTEXT ( ( #4933, #663, #3257 ) ) REPRESENTATION_CONTEXT ( 'NONE', 'WORKASPACE' ) );
#2035 = ORIENTED_EDGE ( 'NONE', *, *, #1987, .T. ) ;
#2036 =( NAMED_UNIT ( * ) PLANE_ANGLE_UNIT ( ) SI_UNIT ( $, .RADIAN. ) );
#2037 = SURFACE_STYLE_FILL_AREA ( #1226 ) ;
#2038 =( LENGTH_UNIT ( ) NAMED_UNIT ( * ) SI_UNIT ( .MILLI., .METRE. ) );
#2039 = ORIENTED_EDGE ( 'NONE', *, *, #5292, .F. ) ;
#2040 =( LENGTH_UNIT ( ) NAMED_UNIT ( * ) SI_UNIT ( .MILLI., .METRE. ) );
#2041 = CARTESIAN_POINT ( 'NONE',  ( 1.649198943259454486, 7.229767174372017990, 44.44273301383611852 ) ) ;
#2042 = DIRECTION ( 'NONE',  ( 1.000000000000000000, 0.000000000000000000, 0.000000000000000000 ) ) ;
#2043 = SURFACE_STYLE_USAGE ( .BOTH. , #380 ) ;
#2044 = CONTEXT_DEPENDENT_SHAPE_REPRESENTATION ( #2747, #2179 ) ;
#2045 = ADVANCED_FACE ( 'NONE', ( #2280 ), #3993, .F. ) ;
#2046 =( NAMED_UNIT ( * ) SI_UNIT ( $, .STERADIAN. ) SOLID_ANGLE_UNIT ( ) );
#2047 = PRESENTATION_STYLE_ASSIGNMENT (( #3980 ) ) ;
#2048 = PRODUCT_DEFINITION_CONTEXT ( 'detailed design', #4394, 'design' ) ;
#2049 = SURFACE_STYLE_FILL_AREA ( #280 ) ;
#2050 = DIRECTION ( 'NONE',  ( -0.6783246350500610200, 0.7347623353739640706, 0.000000000000000000 ) ) ;
#2051 = ORIENTED_EDGE ( 'NONE', *, *, #2012, .T. ) ;
#2052 = AXIS2_PLACEMENT_3D ( 'NONE', #1627, #2815, #2902 ) ;
#2053 = LINE ( 'NONE', #2076, #3467 ) ;
#2054 = UNCERTAINTY_MEASURE_WITH_UNIT (LENGTH_MEASURE( 1.000000000000000082E-05 ), #1039, 'distance_accuracy_value', 'NONE');
#2055 = EDGE_CURVE ( 'NONE', #3923, #5351, #1899, .T. ) ;
#2056 = PLANE ( 'NONE',  #212 ) ;
#2057 = SURFACE_STYLE_USAGE ( .BOTH. , #5017 ) ;
#2058 = EDGE_LOOP ( 'NONE', ( #1689, #2303, #2810, #1230 ) ) ;
#2059 = DIRECTION ( 'NONE',  ( 0.2971605306528030122, 0.9548275336531433233, 0.000000000000000000 ) ) ;
#2060 = ORIENTED_EDGE ( 'NONE', *, *, #3356, .F. ) ;
#2061 = CARTESIAN_POINT ( 'NONE',  ( -4.808507577662980204, 0.6330520322672480438, 10.80000000000000071 ) ) ;
#2062 = CARTESIAN_POINT ( 'NONE',  ( 3.284374989986254878, -7.295412036477792128, 44.25347630657346798 ) ) ;
#2064 = VECTOR ( 'NONE', #4658, 1000.000000000000227 ) ;
#2063 = CARTESIAN_POINT ( 'NONE',  ( 7.351668455715830497, 0.3499999999999999778, 44.46079368460349457 ) ) ;
#2065 = ORIENTED_EDGE ( 'NONE', *, *, #5047, .F. ) ;
#2066 = ADVANCED_FACE ( 'NONE', ( #5283 ), #1101, .T. ) ;
#2067 = APPLICATION_CONTEXT ( 'automotive_design' ) ;
#2068 = SURFACE_SIDE_STYLE ('',( #356 ) ) ;
#2069 = CARTESIAN_POINT ( 'NONE',  ( 4.563662550298628773, -0.8590903113608908681, 15.94508319992381296 ) ) ;
#2070 = PRESENTATION_LAYER_ASSIGNMENT (  '', '', ( #2156 ) ) ;
#2071 = EDGE_CURVE ( 'NONE', #1902, #2521, #3784, .T. ) ;
#2072 = SURFACE_STYLE_USAGE ( .BOTH. , #4217 ) ;
#2073 = PRESENTATION_LAYER_ASSIGNMENT (  '', '', ( #451 ) ) ;
#2074 = DIRECTION ( 'NONE',  ( 0.000000000000000000, 0.000000000000000000, -1.000000000000000000 ) ) ;
#2075 = FILL_AREA_STYLE ('',( #2500 ) ) ;
#2076 = CARTESIAN_POINT ( 'NONE',  ( -1.685612795239709862E-15, -4.408507577662979848, 19.00000000000000000 ) ) ;
#2077 = DIRECTION ( 'NONE',  ( 0.000000000000000000, 1.000000000000000000, 0.000000000000000000 ) ) ;
#2078 = EDGE_CURVE ( 'NONE', #2521, #4290, #2173, .T. ) ;
#2079 = ORIENTED_EDGE ( 'NONE', *, *, #1176, .T. ) ;
#2080 = DIRECTION ( 'NONE',  ( 0.6783246350500666821, 0.7347623353739587415, 0.000000000000000000 ) ) ;
#2081 = ORIENTED_EDGE ( 'NONE', *, *, #5075, .T. ) ;
#2082 = SURFACE_STYLE_USAGE ( .BOTH. , #5146 ) ;
#2083 = FILL_AREA_STYLE_COLOUR ( '', #1819 ) ;
#2084 = EDGE_LOOP ( 'NONE', ( #5175, #2226, #5374, #3543 ) ) ;
#2085 = STYLED_ITEM ( 'NONE', ( #4465 ), #1602 ) ;
#2086 = ADVANCED_FACE ( 'NONE', ( #1333 ), #71, .T. ) ;
#2087 = VERTEX_POINT ( 'NONE', #5180 ) ;
#2088 = EDGE_CURVE ( 'NONE', #2242, #4622, #422, .T. ) ;
#2089 = DIRECTION ( 'NONE',  ( -1.000000000000000000, 0.000000000000000000, 0.000000000000000000 ) ) ;
#2090 = SURFACE_STYLE_FILL_AREA ( #2588 ) ;
#2091 = FILL_AREA_STYLE_COLOUR ( '', #1654 ) ;
#2092 = SURFACE_STYLE_FILL_AREA ( #379 ) ;
#2093 = PRESENTATION_STYLE_ASSIGNMENT (( #2043 ) ) ;
#2094 = PRESENTATION_LAYER_ASSIGNMENT (  '', '', ( #4530 ) ) ;
#2095 =( GEOMETRIC_REPRESENTATION_CONTEXT ( 3 ) GLOBAL_UNCERTAINTY_ASSIGNED_CONTEXT ( ( #15 ) ) GLOBAL_UNIT_ASSIGNED_CONTEXT ( ( #89, #2722, #3148 ) ) REPRESENTATION_CONTEXT ( 'NONE', 'WORKASPACE' ) );
#2096 = APPLICATION_PROTOCOL_DEFINITION ( 'draft international standard', 'automotive_design', 1998, #4761 ) ;
#2097 = FILL_AREA_STYLE ('',( #2468 ) ) ;
#2098 =( GEOMETRIC_REPRESENTATION_CONTEXT ( 3 ) GLOBAL_UNCERTAINTY_ASSIGNED_CONTEXT ( ( #4803 ) ) GLOBAL_UNIT_ASSIGNED_CONTEXT ( ( #4994, #4091, #245 ) ) REPRESENTATION_CONTEXT ( 'NONE', 'WORKASPACE' ) );
#2099 = PRESENTATION_STYLE_ASSIGNMENT (( #5030 ) ) ;
#2100 = SURFACE_STYLE_FILL_AREA ( #4216 ) ;
#2101 = CARTESIAN_POINT ( 'NONE',  ( 3.117285603077779577, -3.117285603077769807, 19.00000000000000000 ) ) ;
#2102 = STYLED_ITEM ( 'NONE', ( #1961 ), #5340 ) ;
#2103 = LINE ( 'NONE', #5136, #4187 ) ;
#2104 = ORIENTED_EDGE ( 'NONE', *, *, #1598, .F. ) ;
#2105 = PRESENTATION_LAYER_ASSIGNMENT (  '', '', ( #5512 ) ) ;
#2106 = VECTOR ( 'NONE', #4826, 1000.000000000000000 ) ;
#2107 = DIRECTION ( 'NONE',  ( 0.000000000000000000, 0.000000000000000000, -1.000000000000000000 ) ) ;
#2108 = UNCERTAINTY_MEASURE_WITH_UNIT (LENGTH_MEASURE( 1.000000000000000082E-05 ), #2205, 'distance_accuracy_value', 'NONE');
#2109 = MECHANICAL_DESIGN_GEOMETRIC_PRESENTATION_REPRESENTATION (  '', ( #1390 ), #2126 ) ;
#2110 = VECTOR ( 'NONE', #4181, 1000.000000000000114 ) ;
#2111 = MECHANICAL_DESIGN_GEOMETRIC_PRESENTATION_REPRESENTATION (  '', ( #402 ), #4643 ) ;
#2112 = CARTESIAN_POINT ( 'NONE',  ( -4.726173008707454493, -1.090885687358476464, 38.40673188181636988 ) ) ;
#2113 = ORIENTED_EDGE ( 'NONE', *, *, #5055, .T. ) ;
#2114 = PRESENTATION_STYLE_ASSIGNMENT (( #1999 ) ) ;
#2115 = EDGE_CURVE ( 'NONE', #768, #5291, #5226, .T. ) ;
#2116 = ORIENTED_EDGE ( 'NONE', *, *, #2716, .F. ) ;
#2117 = CIRCLE ( 'NONE', #3823, 8.250000000000000000 ) ;
#2118 = CARTESIAN_POINT ( 'NONE',  ( -7.633117315590094876, -1.122317993254457802, 39.59526017999925074 ) ) ;
#2119 = PRESENTATION_STYLE_ASSIGNMENT (( #2082 ) ) ;
#2120 = LINE ( 'NONE', #4713, #3178 ) ;
#2121 = FILL_AREA_STYLE_COLOUR ( '', #4813 ) ;
#2122 = VECTOR ( 'NONE', #38, 1000.000000000000114 ) ;
#2123 = ORIENTED_EDGE ( 'NONE', *, *, #1103, .T. ) ;
#2124 =( GEOMETRIC_REPRESENTATION_CONTEXT ( 3 ) GLOBAL_UNCERTAINTY_ASSIGNED_CONTEXT ( ( #3245 ) ) GLOBAL_UNIT_ASSIGNED_CONTEXT ( ( #5113, #4274, #2571 ) ) REPRESENTATION_CONTEXT ( 'NONE', 'WORKASPACE' ) );
#2125 = VERTEX_POINT ( 'NONE', #2671 ) ;
#2126 =( GEOMETRIC_REPRESENTATION_CONTEXT ( 3 ) GLOBAL_UNCERTAINTY_ASSIGNED_CONTEXT ( ( #4863 ) ) GLOBAL_UNIT_ASSIGNED_CONTEXT ( ( #4743, #2590, #2619 ) ) REPRESENTATION_CONTEXT ( 'NONE', 'WORKASPACE' ) );
#2127 = LINE ( 'NONE', #5159, #2918 ) ;
#2128 =( GEOMETRIC_REPRESENTATION_CONTEXT ( 3 ) GLOBAL_UNCERTAINTY_ASSIGNED_CONTEXT ( ( #3120 ) ) GLOBAL_UNIT_ASSIGNED_CONTEXT ( ( #870, #3886, #1300 ) ) REPRESENTATION_CONTEXT ( 'NONE', 'WORKASPACE' ) );
#2129 =( NAMED_UNIT ( * ) SI_UNIT ( $, .STERADIAN. ) SOLID_ANGLE_UNIT ( ) );
#2130 = PRESENTATION_STYLE_ASSIGNMENT (( #822 ) ) ;
#2131 = CARTESIAN_POINT ( 'NONE',  ( -7.415483163629601471, -0.3360194762475484098, 44.44273301383613983 ) ) ;
#2132 = CARTESIAN_POINT ( 'NONE',  ( 3.847763700412489829, -2.952492930692300011, 19.00000000000000000 ) ) ;
#2133 = CARTESIAN_POINT ( 'NONE',  ( 6.450237979908729713, -5.143630041375879536, 36.58887821575369514 ) ) ;
#2134 = FACE_OUTER_BOUND ( 'NONE', #4575, .T. ) ;
#2135 = VECTOR ( 'NONE', #1528, 1000.000000000000000 ) ;
#2136 = EDGE_CURVE ( 'NONE', #75, #5048, #5297, .T. ) ;
#2137 = FILL_AREA_STYLE ('',( #3428 ) ) ;
#2138 = FACE_OUTER_BOUND ( 'NONE', #10, .T. ) ;
#2139 = CARTESIAN_POINT ( 'NONE',  ( -4.747476241240582873, -0.9988593774297679362, 38.26988595371270918 ) ) ;
#2140 = STYLED_ITEM ( 'NONE', ( #687 ), #496 ) ;
#2141 = ORIENTED_EDGE ( 'NONE', *, *, #4909, .T. ) ;
#2142 = PRESENTATION_STYLE_ASSIGNMENT (( #3125 ) ) ;
#2143 = DIRECTION ( 'NONE',  ( 0.000000000000000000, 0.000000000000000000, -1.000000000000000000 ) ) ;
#2144 = CARTESIAN_POINT ( 'NONE',  ( -4.480815732679739760, 1.856014646970690185, 10.80000000000000071 ) ) ;
#2145 = LINE ( 'NONE', #2247, #3341 ) ;
#2146 = CARTESIAN_POINT ( 'NONE',  ( 3.117285603077779577, 3.117285603077769807, -1.513876697314419983 ) ) ;
#2147 = VERTEX_POINT ( 'NONE', #3944 ) ;
#2148 = FILL_AREA_STYLE ('',( #1358 ) ) ;
#2149 = DIRECTION ( 'NONE',  ( -0.6236067565976992633, 0.7817381998634184148, 0.000000000000000000 ) ) ;
#2150 = ORIENTED_EDGE ( 'NONE', *, *, #849, .T. ) ;
#2151 = FACE_OUTER_BOUND ( 'NONE', #2934, .T. ) ;
#2152 = LINE ( 'NONE', #3866, #2519 ) ;
#2153 = CARTESIAN_POINT ( 'NONE',  ( -4.623333572334805019, -5.797773471686923585, 44.44273301383612562 ) ) ;
#2154 = EDGE_CURVE ( 'NONE', #978, #632, #2145, .T. ) ;
#2155 = DIRECTION ( 'NONE',  ( -0.8453817696217489353, 0.5341625816090079804, 0.000000000000000000 ) ) ;
#2156 = STYLED_ITEM ( 'NONE', ( #3805 ), #3263 ) ;
#2157 = B_SPLINE_CURVE_WITH_KNOTS ( 'NONE', 3,
 ( #3880, #5223, #1740, #1380, #5144, #4309, #4359, #2610, #2118, #1768, #395, #1685, #4285, #5122, #3855, #1708, #2579, #1270, #867, #2977, #6, #3061 ),
 .UNSPECIFIED., .F., .F.,
 ( 4, 2, 2, 2, 2, 2, 2, 2, 2, 2, 4 ),
 ( 0.003953707732116420320, 0.004447523194763824093, 0.004941338657411227867, 0.005188246388734930187, 0.005435154120058631640, 0.005682061851382333960, 0.005928969582706035413, 0.006422785045353460870, 0.006916600508000885460, 0.007410415970648310049, 0.007904231433295735507 ),
 .UNSPECIFIED. ) ;
#2158 = LINE ( 'NONE', #830, #1037 ) ;
#2159 = MECHANICAL_DESIGN_GEOMETRIC_PRESENTATION_REPRESENTATION (  '', ( #990 ), #2694 ) ;
#2160 = CARTESIAN_POINT ( 'NONE',  ( 2.831236465045986694, -0.9931758686102559741, 15.76329723267445537 ) ) ;
#2161 = ADVANCED_FACE ( 'NONE', ( #3858 ), #3436, .T. ) ;
#2162 = UNCERTAINTY_MEASURE_WITH_UNIT (LENGTH_MEASURE( 1.000000000000000082E-05 ), #652, 'distance_accuracy_value', 'NONE');
#2163 =( NAMED_UNIT ( * ) SI_UNIT ( $, .STERADIAN. ) SOLID_ANGLE_UNIT ( ) );
#2164 = CARTESIAN_POINT ( 'NONE',  ( -5.000000000000000000, 6.123233995736766282E-16, 44.93887821575369657 ) ) ;
#2165 = VERTEX_POINT ( 'NONE', #4593 ) ;
#2166 = CARTESIAN_POINT ( 'NONE',  ( 7.664644660940670207, 0.3499999999999999778, 36.46712677362649657 ) ) ;
#2167 =( NAMED_UNIT ( * ) PLANE_ANGLE_UNIT ( ) SI_UNIT ( $, .RADIAN. ) );
#2168 = SURFACE_SIDE_STYLE ('',( #5200 ) ) ;
#2169 = FILL_AREA_STYLE_COLOUR ( '', #5504 ) ;
#2170 = ORIENTED_EDGE ( 'NONE', *, *, #5469, .F. ) ;
#2171 = DIRECTION ( 'NONE',  ( 0.000000000000000000, 0.000000000000000000, -1.000000000000000000 ) ) ;
#2172 = DIRECTION ( 'NONE',  ( 1.000000000000000000, 0.000000000000000000, 0.000000000000000000 ) ) ;
#2173 = LINE ( 'NONE', #3862, #2969 ) ;
#2174 = ORIENTED_EDGE ( 'NONE', *, *, #176, .T. ) ;
#2175 = ORIENTED_EDGE ( 'NONE', *, *, #5106, .F. ) ;
#2176 = SURFACE_STYLE_FILL_AREA ( #4316 ) ;
#2177 = LINE ( 'NONE', #3418, #4047 ) ;
#2178 = SURFACE_SIDE_STYLE ('',( #464 ) ) ;
#2179 = PRODUCT_DEFINITION_SHAPE ( 'NONE', 'NONE',  #5554 ) ;
#2180 =( GEOMETRIC_REPRESENTATION_CONTEXT ( 3 ) GLOBAL_UNCERTAINTY_ASSIGNED_CONTEXT ( ( #87 ) ) GLOBAL_UNIT_ASSIGNED_CONTEXT ( ( #3099, #3610, #4810 ) ) REPRESENTATION_CONTEXT ( 'NONE', 'WORKASPACE' ) );
#2181 = EDGE_CURVE ( 'NONE', #2506, #4173, #763, .T. ) ;
#2182 = FILL_AREA_STYLE_COLOUR ( '', #2374 ) ;
#2183 = CARTESIAN_POINT ( 'NONE',  ( -0.6330520322672480438, 4.808507577662980204, -1.513876697314419983 ) ) ;
#2184 = DIRECTION ( 'NONE',  ( 0.000000000000000000, 0.000000000000000000, -1.000000000000000000 ) ) ;
#2185 = STYLED_ITEM ( 'NONE', ( #5149 ), #3918 ) ;
#2186 = CARTESIAN_POINT ( 'NONE',  ( 62.88314465327709968, -3.760245826828740779E-15, 13.75000000000000000 ) ) ;
#2187 =( NAMED_UNIT ( * ) PLANE_ANGLE_UNIT ( ) SI_UNIT ( $, .RADIAN. ) );
#2188 = VECTOR ( 'NONE', #3566, 1000.000000000000000 ) ;
#2189 =( GEOMETRIC_REPRESENTATION_CONTEXT ( 3 ) GLOBAL_UNCERTAINTY_ASSIGNED_CONTEXT ( ( #3407 ) ) GLOBAL_UNIT_ASSIGNED_CONTEXT ( ( #1517, #709, #4163 ) ) REPRESENTATION_CONTEXT ( 'NONE', 'WORKASPACE' ) );
#2190 = SURFACE_SIDE_STYLE ('',( #4753 ) ) ;
#2191 = LINE ( 'NONE', #2951, #4709 ) ;
#2192 = EDGE_CURVE ( 'NONE', #4114, #1522, #2441, .T. ) ;
#2193 = MECHANICAL_DESIGN_GEOMETRIC_PRESENTATION_REPRESENTATION (  '', ( #4079 ), #3887 ) ;
#2194 = COLOUR_RGB ( '',0.8000000000000000444, 0.6627450980392156632, 0.3176470588235293935 ) ;
#2195 = ORIENTED_EDGE ( 'NONE', *, *, #3910, .F. ) ;
#2196 = VECTOR ( 'NONE', #4373, 1000.000000000000000 ) ;
#2197 = DIRECTION ( 'NONE',  ( 0.5341625816090030954, -0.8453817696217521549, 0.000000000000000000 ) ) ;
#2198 =( NAMED_UNIT ( * ) SI_UNIT ( $, .STERADIAN. ) SOLID_ANGLE_UNIT ( ) );
#2199 = PRESENTATION_LAYER_ASSIGNMENT (  '', '', ( #846 ) ) ;
#2200 = FILL_AREA_STYLE_COLOUR ( '', #3726 ) ;
#2201 = ORIENTED_EDGE ( 'NONE', *, *, #2071, .F. ) ;
#2202 = ORIENTED_EDGE ( 'NONE', *, *, #3686, .F. ) ;
#2203 = ORIENTED_EDGE ( 'NONE', *, *, #5317, .F. ) ;
#2204 = VECTOR ( 'NONE', #1302, 1000.000000000000000 ) ;
#2205 =( LENGTH_UNIT ( ) NAMED_UNIT ( * ) SI_UNIT ( .MILLI., .METRE. ) );
#2206 =( NAMED_UNIT ( * ) SI_UNIT ( $, .STERADIAN. ) SOLID_ANGLE_UNIT ( ) );
#2207 = CARTESIAN_POINT ( 'NONE',  ( 4.808507577662980204, 0.6330520322672400502, 13.92215718936280133 ) ) ;
#2208 = PRESENTATION_LAYER_ASSIGNMENT (  '', '', ( #4092 ) ) ;
#2209 = AXIS2_PLACEMENT_3D ( 'NONE', #3212, #4436, #141 ) ;
#2210 = MECHANICAL_DESIGN_GEOMETRIC_PRESENTATION_REPRESENTATION (  '', ( #3300 ), #3381 ) ;
#2211 = FACE_OUTER_BOUND ( 'NONE', #5128, .T. ) ;
#2212 = CARTESIAN_POINT ( 'NONE',  ( 2.985691635112556863, -0.3303861670773082237, 16.21665246705001451 ) ) ;
#2213 = CARTESIAN_POINT ( 'NONE',  ( -6.493744496471469674, -8.143314555290071866, 36.58887821575369514 ) ) ;
#2214 = FILL_AREA_STYLE ('',( #64 ) ) ;
#2215 = UNCERTAINTY_MEASURE_WITH_UNIT (LENGTH_MEASURE( 1.000000000000000082E-05 ), #2040, 'distance_accuracy_value', 'NONE');
#2216 = CARTESIAN_POINT ( 'NONE',  ( -4.779543377372986512, 0.8257909600989501442, 38.09692957309665928 ) ) ;
#2217 = CARTESIAN_POINT ( 'NONE',  ( -4.850000000000001421, -0.1658904716952033787, 40.28887821575371220 ) ) ;
#2218 = ORIENTED_EDGE ( 'NONE', *, *, #5491, .T. ) ;
#2219 = CARTESIAN_POINT ( 'NONE',  ( 8.043063720601661970, 1.836198787262104837, 44.17158205686133954 ) ) ;
#2220 = ADVANCED_FACE ( 'NONE', ( #4166 ), #4015, .T. ) ;
#2221 = SURFACE_STYLE_FILL_AREA ( #3034 ) ;
#2222 = DIRECTION ( 'NONE',  ( 0.7071067811865489050, 0.000000000000000000, -0.7071067811865460184 ) ) ;
#2223 = CARTESIAN_POINT ( 'NONE',  ( 0.000000000000000000, 0.000000000000000000, 36.58887821575369514 ) ) ;
#2224 = ORIENTED_EDGE ( 'NONE', *, *, #1655, .F. ) ;
#2225 = CARTESIAN_POINT ( 'NONE',  ( -0.6330520322672440470, 4.808507577662980204, -1.513876697314419983 ) ) ;
#2226 = ORIENTED_EDGE ( 'NONE', *, *, #195, .T. ) ;
#2227 = EDGE_LOOP ( 'NONE', ( #2849, #1825, #2201 ) ) ;
#2228 = FILL_AREA_STYLE ('',( #523 ) ) ;
#2229 = CARTESIAN_POINT ( 'NONE',  ( -5.801716694863918278, -5.205507695906766763, 44.32135513979275032 ) ) ;
#2230 = CARTESIAN_POINT ( 'NONE',  ( 9.384364076886180683, -4.518406843601039391, 36.58887821575369514 ) ) ;
#2231 = AXIS2_PLACEMENT_3D ( 'NONE', #1288, #4706, #3006 ) ;
#2232 = FACE_OUTER_BOUND ( 'NONE', #1968, .T. ) ;
#2233 =( NAMED_UNIT ( * ) PLANE_ANGLE_UNIT ( ) SI_UNIT ( $, .RADIAN. ) );
#2234 = SURFACE_SIDE_STYLE ('',( #907 ) ) ;
#2235 = VECTOR ( 'NONE', #1900, 1000.000000000000000 ) ;
#2236 = CARTESIAN_POINT ( 'NONE',  ( 0.4498640606267003683, 7.782556349436702270, 44.32109513373158904 ) ) ;
#2237 = EDGE_CURVE ( 'NONE', #5014, #1377, #3546, .T. ) ;
#2238 = DIRECTION ( 'NONE',  ( 1.000000000000000000, 0.000000000000000000, 0.000000000000000000 ) ) ;
#2239 = FACE_OUTER_BOUND ( 'NONE', #5205, .T. ) ;
#2240 = CARTESIAN_POINT ( 'NONE',  ( -4.790002966338075652, 0.7694100828258675362, 40.03730694196263329 ) ) ;
#2241 = DIRECTION ( 'NONE',  ( -0.6783246350500609090, 0.7347623353739640706, 0.000000000000000000 ) ) ;
#2242 = VERTEX_POINT ( 'NONE', #5285 ) ;
#2243 = DIRECTION ( 'NONE',  ( 0.000000000000000000, 0.000000000000000000, 1.000000000000000000 ) ) ;
#2244 = AXIS2_PLACEMENT_3D ( 'NONE', #942, #828, #3933 ) ;
#2245 = LINE ( 'NONE', #234, #1289 ) ;
#2246 = SHAPE_REPRESENTATION ( 'Bague laiton D6 trou M3_oa_0', ( #2543 ), #1213 ) ;
#2247 = CARTESIAN_POINT ( 'NONE',  ( 4.258291324655739452, 1.141005721577950105, 19.00000000000000000 ) ) ;
#2248 = DIRECTION ( 'NONE',  ( 0.000000000000000000, 0.000000000000000000, 1.000000000000000000 ) ) ;
#2249 = EDGE_CURVE ( 'NONE', #2705, #4839, #5255, .T. ) ;
#2250 = PRESENTATION_LAYER_ASSIGNMENT (  '', '', ( #3153 ) ) ;
#2251 = ORIENTED_EDGE ( 'NONE', *, *, #3078, .T. ) ;
#2252 = PRESENTATION_STYLE_ASSIGNMENT (( #4928 ) ) ;
#2253 = ORIENTED_EDGE ( 'NONE', *, *, #3572, .T. ) ;
#2254 = ORIENTED_EDGE ( 'NONE', *, *, #5491, .F. ) ;
#2255 =( NAMED_UNIT ( * ) PLANE_ANGLE_UNIT ( ) SI_UNIT ( $, .RADIAN. ) );
#2256 = CARTESIAN_POINT ( 'NONE',  ( -3.117285603077769807, 3.117285603077769807, 10.80000000000000071 ) ) ;
#2257 = EDGE_CURVE ( 'NONE', #4733, #2242, #954, .T. ) ;
#2258 = EDGE_CURVE ( 'NONE', #1998, #3767, #3898, .T. ) ;
#2259 =( LENGTH_UNIT ( ) NAMED_UNIT ( * ) SI_UNIT ( .MILLI., .METRE. ) );
#2260 = LINE ( 'NONE', #640, #3609 ) ;
#2261 = DIRECTION ( 'NONE',  ( 0.000000000000000000, 0.000000000000000000, -1.000000000000000000 ) ) ;
#2262 = CARTESIAN_POINT ( 'NONE',  ( 3.000000000000000000, -0.1646041220039619890, 16.25000000000000000 ) ) ;
#2263 =( GEOMETRIC_REPRESENTATION_CONTEXT ( 3 ) GLOBAL_UNCERTAINTY_ASSIGNED_CONTEXT ( ( #5037 ) ) GLOBAL_UNIT_ASSIGNED_CONTEXT ( ( #28, #2548, #2163 ) ) REPRESENTATION_CONTEXT ( 'NONE', 'WORKASPACE' ) );
#2264 = DIRECTION ( 'NONE',  ( 0.2223993914986150400, 0.9749556454839604092, 0.000000000000000000 ) ) ;
#2265 = DIRECTION ( 'NONE',  ( 0.000000000000000000, 0.000000000000000000, 1.000000000000000000 ) ) ;
#2266 = UNCERTAINTY_MEASURE_WITH_UNIT (LENGTH_MEASURE( 1.000000000000000082E-05 ), #361, 'distance_accuracy_value', 'NONE');
#2267 =( LENGTH_UNIT ( ) NAMED_UNIT ( * ) SI_UNIT ( .MILLI., .METRE. ) );
#2268 = LINE ( 'NONE', #4037, #1640 ) ;
#2269 = COLOUR_RGB ( '',0.2000000000000000111, 0.2000000000000000111, 0.2000000000000000111 ) ;
#2270 = EDGE_CURVE ( 'NONE', #2356, #2664, #4829, .T. ) ;
#2271 = ORIENTED_EDGE ( 'NONE', *, *, #747, .F. ) ;
#2272 = CARTESIAN_POINT ( 'NONE',  ( 2.936390374677990689, 0.6332701855372188104, 13.90992092169684113 ) ) ;
#2273 = ORIENTED_EDGE ( 'NONE', *, *, #3317, .F. ) ;
#2274 = STYLED_ITEM ( 'NONE', ( #4346 ), #5474 ) ;
#2275 = DIRECTION ( 'NONE',  ( -5.778241222992420033E-32, -1.000000000000000000, 6.123031769111888756E-17 ) ) ;
#2276 = UNCERTAINTY_MEASURE_WITH_UNIT (LENGTH_MEASURE( 1.000000000000000082E-05 ), #666, 'distance_accuracy_value', 'NONE');
#2277 = CARTESIAN_POINT ( 'NONE',  ( 3.117285603077779577, 3.117285603077769807, 10.80000000000000071 ) ) ;
#2278 = VECTOR ( 'NONE', #5311, 1000.000000000000000 ) ;
#2279 = AXIS2_PLACEMENT_3D ( 'NONE', #1344, #2572, #4301 ) ;
#2280 = FACE_OUTER_BOUND ( 'NONE', #2399, .T. ) ;
#2281 = EDGE_CURVE ( 'NONE', #636, #5018, #3088, .T. ) ;
#2282 = ORIENTED_EDGE ( 'NONE', *, *, #1267, .T. ) ;
#2283 =( NAMED_UNIT ( * ) SI_UNIT ( $, .STERADIAN. ) SOLID_ANGLE_UNIT ( ) );
#2284 = EDGE_LOOP ( 'NONE', ( #864, #1579, #489, #2505 ) ) ;
#2285 = VECTOR ( 'NONE', #4398, 1000.000000000000000 ) ;
#2286 = EDGE_LOOP ( 'NONE', ( #4052, #3020, #1170, #210 ) ) ;
#2287 = LINE ( 'NONE', #4843, #4185 ) ;
#2288 = CARTESIAN_POINT ( 'NONE',  ( 6.449340148873270451, 5.144755741931080095, 36.58887821575369514 ) ) ;
#2289 = CARTESIAN_POINT ( 'NONE',  ( 4.480815732679739760, 1.856014646970679971, 19.00000000000000000 ) ) ;
#2290 = PRESENTATION_LAYER_ASSIGNMENT (  '', '', ( #584 ) ) ;
#2291 =( GEOMETRIC_REPRESENTATION_CONTEXT ( 3 ) GLOBAL_UNCERTAINTY_ASSIGNED_CONTEXT ( ( #3351 ) ) GLOBAL_UNIT_ASSIGNED_CONTEXT ( ( #573, #166, #2198 ) ) REPRESENTATION_CONTEXT ( 'NONE', 'WORKASPACE' ) );
#2292 = VECTOR ( 'NONE', #1780, 1000.000000000000000 ) ;
#2293 = VECTOR ( 'NONE', #3795, 1000.000000000000000 ) ;
#2294 = SURFACE_STYLE_FILL_AREA ( #1955 ) ;
#2295 = SURFACE_STYLE_USAGE ( .BOTH. , #582 ) ;
#2296 = AXIS2_PLACEMENT_3D ( 'NONE', #2213, #1106, #717 ) ;
#2297 = PRESENTATION_STYLE_ASSIGNMENT (( #1929 ) ) ;
#2298 = STYLED_ITEM ( 'NONE', ( #5007 ), #939 ) ;
#2299 = DIRECTION ( 'NONE',  ( 0.000000000000000000, 0.000000000000000000, -1.000000000000000000 ) ) ;
#2300 = SURFACE_STYLE_FILL_AREA ( #588 ) ;
#2301 = CARTESIAN_POINT ( 'NONE',  ( -4.702868999719546750, 1.185991199564232712, 38.63554642546485951 ) ) ;
#2302 = CARTESIAN_POINT ( 'NONE',  ( -2.204253788831489924, -3.817879555032340111, -1.513876697314419983 ) ) ;
#2303 = ORIENTED_EDGE ( 'NONE', *, *, #4000, .T. ) ;
#2304 =( NAMED_UNIT ( * ) SI_UNIT ( $, .STERADIAN. ) SOLID_ANGLE_UNIT ( ) );
#2305 = EDGE_CURVE ( 'NONE', #160, #4173, #115, .T. ) ;
#2306 = ORIENTED_EDGE ( 'NONE', *, *, #481, .T. ) ;
#2307 = DIRECTION ( 'NONE',  ( 0.000000000000000000, 0.000000000000000000, -1.000000000000000000 ) ) ;
#2308 = DIRECTION ( 'NONE',  ( -1.000000000000000000, 0.000000000000000000, 0.000000000000000000 ) ) ;
#2309 = LINE ( 'NONE', #4018, #4616 ) ;
#2310 = VERTEX_POINT ( 'NONE', #144 ) ;
#2311 = CARTESIAN_POINT ( 'NONE',  ( -7.672183309762695913, 1.216103671979468448, 38.70720549333478999 ) ) ;
#2312 = B_SPLINE_CURVE_WITH_KNOTS ( 'NONE', 3,
 ( #209, #3157, #4866, #604 ),
 .UNSPECIFIED., .F., .F.,
 ( 4, 4 ),
 ( 0.007465767682628490082, 0.009941561212348329693 ),
 .UNSPECIFIED. ) ;
#2313 = ORIENTED_EDGE ( 'NONE', *, *, #5079, .T. ) ;
#2314 = EDGE_LOOP ( 'NONE', ( #3069, #3410, #1815, #2697 ) ) ;
#2315 = CARTESIAN_POINT ( 'NONE',  ( -1.141005721577959875, 4.258291324655729682, -1.513876697314419983 ) ) ;
#2316 = FILL_AREA_STYLE ('',( #5355 ) ) ;
#2317 =( GEOMETRIC_REPRESENTATION_CONTEXT ( 3 ) GLOBAL_UNCERTAINTY_ASSIGNED_CONTEXT ( ( #3442 ) ) GLOBAL_UNIT_ASSIGNED_CONTEXT ( ( #1966, #349, #1997 ) ) REPRESENTATION_CONTEXT ( 'NONE', 'WORKASPACE' ) );
#2318 = DIRECTION ( 'NONE',  ( 9.637352644315582917E-16, 0.000000000000000000, -1.000000000000000000 ) ) ;
#2319 = EDGE_CURVE ( 'NONE', #271, #4600, #1842, .T. ) ;
#2320 = LINE ( 'NONE', #4463, #5298 ) ;
#2321 = EDGE_CURVE ( 'NONE', #4311, #2348, #4063, .T. ) ;
#2322 =( LENGTH_UNIT ( ) NAMED_UNIT ( * ) SI_UNIT ( .MILLI., .METRE. ) );
#2323 = FILL_AREA_STYLE_COLOUR ( '', #243 ) ;
#2324 =( LENGTH_UNIT ( ) NAMED_UNIT ( * ) SI_UNIT ( .MILLI., .METRE. ) );
#2325 = PRESENTATION_LAYER_ASSIGNMENT (  '', '', ( #5029 ) ) ;
#2326 = CARTESIAN_POINT ( 'NONE',  ( -4.258291324655739452, -1.141005721577959875, 10.80000000000000071 ) ) ;
#2327 = CARTESIAN_POINT ( 'NONE',  ( -1.141005721577959875, -4.258291324655729682, -1.513876697314419983 ) ) ;
#2328 = SURFACE_STYLE_USAGE ( .BOTH. , #3215 ) ;
#2329 = SURFACE_STYLE_FILL_AREA ( #4011 ) ;
#2330 = ADVANCED_FACE ( 'NONE', ( #4136 ), #2602, .F. ) ;
#2331 = EDGE_LOOP ( 'NONE', ( #3860, #1715, #126, #3648 ) ) ;
#2332 = DIRECTION ( 'NONE',  ( 1.000000000000000000, 0.000000000000000000, 0.000000000000000000 ) ) ;
#2333 = CARTESIAN_POINT ( 'NONE',  ( 2.902145042149947063, 0.7693193098766036853, 15.99837162232613252 ) ) ;
#2334 = EDGE_LOOP ( 'NONE', ( #957, #3270, #232, #4224 ) ) ;
#2335 = CARTESIAN_POINT ( 'NONE',  ( 62.88314465327709968, -3.913326676722159714E-15, 15.00000000000000000 ) ) ;
#2336 = UNCERTAINTY_MEASURE_WITH_UNIT (LENGTH_MEASURE( 1.000000000000000082E-05 ), #3063, 'distance_accuracy_value', 'NONE');
#2337 = CARTESIAN_POINT ( 'NONE',  ( 6.382335057410624124, -4.824966662167050835, 44.25338606636911010 ) ) ;
#2338 = DIRECTION ( 'NONE',  ( -0.2225695499711609626, 0.9749168146183727623, 0.000000000000000000 ) ) ;
#2339 = EDGE_LOOP ( 'NONE', ( #5264, #2342, #4281 ) ) ;
#2340 = CARTESIAN_POINT ( 'NONE',  ( -7.418970324435902874, 0.1656643325582509707, 37.79718293992529965 ) ) ;
#2341 = ORIENTED_EDGE ( 'NONE', *, *, #982, .F. ) ;
#2342 = ORIENTED_EDGE ( 'NONE', *, *, #4850, .F. ) ;
#2343 = AXIS2_PLACEMENT_3D ( 'NONE', #2358, #1873, #1043 ) ;
#2344 = CARTESIAN_POINT ( 'NONE',  ( 8.043063720601569599, 1.836198787262089960, 36.58887821575369514 ) ) ;
#2345 = CARTESIAN_POINT ( 'NONE',  ( -0.6330520322672510414, 4.808507577662989974, 10.80000000000000071 ) ) ;
#2346 = FILL_AREA_STYLE ('',( #1886 ) ) ;
#2347 = CIRCLE ( 'NONE', #3055, 3.000000000000001332 ) ;
#2348 = VERTEX_POINT ( 'NONE', #509 ) ;
#2349 = CARTESIAN_POINT ( 'NONE',  ( 3.847763700412500043, 2.952492930692289796, 10.80000000000000071 ) ) ;
#2350 = DIRECTION ( 'NONE',  ( 0.000000000000000000, 0.000000000000000000, 1.000000000000000000 ) ) ;
#2351 = ADVANCED_FACE ( 'NONE', ( #2239 ), #3000, .T. ) ;
#2352 = CARTESIAN_POINT ( 'NONE',  ( 4.374256614262374221, 1.033947821405565515, 15.74978018142857117 ) ) ;
#2353 = LINE ( 'NONE', #3598, #4034 ) ;
#2354 = SURFACE_STYLE_USAGE ( .BOTH. , #3298 ) ;
#2355 = CARTESIAN_POINT ( 'NONE',  ( 0.6330520322672350542, -4.808507577662980204, 19.00000000000000000 ) ) ;
#2356 = VERTEX_POINT ( 'NONE', #4751 ) ;
#2357 = AXIS2_PLACEMENT_3D ( 'NONE', #2973, #3383, #66 ) ;
#2358 = CARTESIAN_POINT ( 'NONE',  ( -6.493744496471469674, -8.143314555290071866, 36.58887821575369514 ) ) ;
#2359 = ORIENTED_EDGE ( 'NONE', *, *, #1437, .T. ) ;
#2360 = LINE ( 'NONE', #1075, #5084 ) ;
#2361 = FACE_OUTER_BOUND ( 'NONE', #4195, .T. ) ;
#2362 = AXIS2_PLACEMENT_3D ( 'NONE', #2, #4676, #388 ) ;
#2363 = MECHANICAL_DESIGN_GEOMETRIC_PRESENTATION_REPRESENTATION (  '', ( #4620 ), #1641 ) ;
#2364 = SURFACE_STYLE_USAGE ( .BOTH. , #2899 ) ;
#2365 = ORIENTED_EDGE ( 'NONE', *, *, #415, .T. ) ;
#2366 = DIRECTION ( 'NONE',  ( 0.000000000000000000, 0.000000000000000000, -1.000000000000000000 ) ) ;
#2367 = ORIENTED_EDGE ( 'NONE', *, *, #2765, .F. ) ;
#2368 = AXIS2_PLACEMENT_3D ( 'NONE', #1592, #3765, #3314 ) ;
#2369 = EDGE_CURVE ( 'NONE', #3802, #1821, #860, .T. ) ;
#2370 = ORIENTED_EDGE ( 'NONE', *, *, #5086, .T. ) ;
#2371 = DIRECTION ( 'NONE',  ( 0.000000000000000000, 0.000000000000000000, 1.000000000000000000 ) ) ;
#2372 = VECTOR ( 'NONE', #3177, 1000.000000000000000 ) ;
#2373 = PRESENTATION_STYLE_ASSIGNMENT (( #1086 ) ) ;
#2374 = COLOUR_RGB ( '',0.8000000000000000444, 0.6627450980392156632, 0.3176470588235293935 ) ;
#2375 = ORIENTED_EDGE ( 'NONE', *, *, #60, .F. ) ;
#2376 = MECHANICAL_DESIGN_GEOMETRIC_PRESENTATION_REPRESENTATION (  '', ( #5073 ), #229 ) ;
#2377 = DIRECTION ( 'NONE',  ( 0.7347623353739640706, 0.6783246350500610200, 0.000000000000000000 ) ) ;
#2379 = DIRECTION ( 'NONE',  ( -0.9992033791931823616, 0.03990748061360611942, 0.000000000000000000 ) ) ;
#2378 = STYLED_ITEM ( 'NONE', ( #2797 ), #2672 ) ;
#2380 =( GEOMETRIC_REPRESENTATION_CONTEXT ( 3 ) GLOBAL_UNCERTAINTY_ASSIGNED_CONTEXT ( ( #4245 ) ) GLOBAL_UNIT_ASSIGNED_CONTEXT ( ( #983, #4, #2578 ) ) REPRESENTATION_CONTEXT ( 'NONE', 'WORKASPACE' ) );
#2381 = FILL_AREA_STYLE_COLOUR ( '', #5053 ) ;
#2382 =( GEOMETRIC_REPRESENTATION_CONTEXT ( 3 ) GLOBAL_UNCERTAINTY_ASSIGNED_CONTEXT ( ( #474 ) ) GLOBAL_UNIT_ASSIGNED_CONTEXT ( ( #5503, #1582, #5093 ) ) REPRESENTATION_CONTEXT ( 'NONE', 'WORKASPACE' ) );
#2383 = CARTESIAN_POINT ( 'NONE',  ( -4.850000000000000533, 0.000000000000000000, 43.03887821575379746 ) ) ;
#2384 = PRESENTATION_LAYER_ASSIGNMENT (  '', '', ( #3300 ) ) ;
#2385 = VECTOR ( 'NONE', #3141, 1000.000000000000114 ) ;
#2386 = ORIENTED_EDGE ( 'NONE', *, *, #81, .F. ) ;
#2387 =( LENGTH_UNIT ( ) NAMED_UNIT ( * ) SI_UNIT ( .MILLI., .METRE. ) );
#2388 =( GEOMETRIC_REPRESENTATION_CONTEXT ( 3 ) GLOBAL_UNCERTAINTY_ASSIGNED_CONTEXT ( ( #3697 ) ) GLOBAL_UNIT_ASSIGNED_CONTEXT ( ( #5109, #411, #2891 ) ) REPRESENTATION_CONTEXT ( 'NONE', 'WORKASPACE' ) );
#2389 = VERTEX_POINT ( 'NONE', #1730 ) ;
#2390 = CYLINDRICAL_SURFACE ( 'NONE', #1395, 3.000000000000000000 ) ;
#2391 = SURFACE_SIDE_STYLE ('',( #3577 ) ) ;
#2392 = CIRCLE ( 'NONE', #5537, 8.250000000000000000 ) ;
#2393 = UNCERTAINTY_MEASURE_WITH_UNIT (LENGTH_MEASURE( 1.000000000000000082E-05 ), #943, 'distance_accuracy_value', 'NONE');
#2394 = EDGE_CURVE ( 'NONE', #4473, #1168, #3486, .T. ) ;
#2395 = DIRECTION ( 'NONE',  ( 0.03990748061360522431, 0.9992033791931824727, 0.000000000000000000 ) ) ;
#2396 = ORIENTED_EDGE ( 'NONE', *, *, #5453, .T. ) ;
#2397 = DIRECTION ( 'NONE',  ( 0.8852892502353546522, 0.4650407975841728270, 0.000000000000000000 ) ) ;
#2398 = EDGE_CURVE ( 'NONE', #3488, #3131, #949, .T. ) ;
#2399 = EDGE_LOOP ( 'NONE', ( #1430, #2676, #1087, #1909 ) ) ;
#2400 = ORIENTED_EDGE ( 'NONE', *, *, #533, .T. ) ;
#2401 = CARTESIAN_POINT ( 'NONE',  ( 2.309286135508505033, -7.135849366675999228, 44.41712914212488528 ) ) ;
#2402 = DIRECTION ( 'NONE',  ( 0.000000000000000000, 0.000000000000000000, -1.000000000000000000 ) ) ;
#2403 = DIRECTION ( 'NONE',  ( 0.000000000000000000, 0.000000000000000000, 1.000000000000000000 ) ) ;
#2404 = ORIENTED_EDGE ( 'NONE', *, *, #877, .T. ) ;
#2405 = CARTESIAN_POINT ( 'NONE',  ( 0.000000000000000000, 0.000000000000000000, 36.58887821575369514 ) ) ;
#2406 = LINE ( 'NONE', #4158, #3625 ) ;
#2407 = FILL_AREA_STYLE ('',( #4564 ) ) ;
#2408 = PRESENTATION_STYLE_ASSIGNMENT (( #4100 ) ) ;
#2409 =( NAMED_UNIT ( * ) SI_UNIT ( $, .STERADIAN. ) SOLID_ANGLE_UNIT ( ) );
#2410 = SURFACE_STYLE_USAGE ( .BOTH. , #3815 ) ;
#2411 = LINE ( 'NONE', #679, #1121 ) ;
#2412 = DIRECTION ( 'NONE',  ( -0.9548275336531429902, 0.2971605306528039558, 0.000000000000000000 ) ) ;
#2413 = EDGE_CURVE ( 'NONE', #1857, #1133, #3538, .T. ) ;
#2414 = EDGE_LOOP ( 'NONE', ( #4604, #149, #4556, #2224 ) ) ;
#2415 = ORIENTED_EDGE ( 'NONE', *, *, #3401, .T. ) ;
#2416 = FILL_AREA_STYLE_COLOUR ( '', #1316 ) ;
#2417 = B_SPLINE_CURVE_WITH_KNOTS ( 'NONE', 3,
 ( #3954, #3529, #935, #2651, #2131, #1391 ),
 .UNSPECIFIED., .F., .F.,
 ( 4, 2, 4 ),
 ( 2.776912483567713316E-18, 0.0009955893745728274652, 0.001991178749145651895 ),
 .UNSPECIFIED. ) ;
#2418 = SURFACE_STYLE_FILL_AREA ( #714 ) ;
#2419 = LINE ( 'NONE', #2029, #4439 ) ;
#2420 = FILL_AREA_STYLE ('',( #5016 ) ) ;
#2421 = DIRECTION ( 'NONE',  ( 0.000000000000000000, 0.000000000000000000, -1.000000000000000000 ) ) ;
#2422 = ORIENTED_EDGE ( 'NONE', *, *, #5055, .F. ) ;
#2423 = CARTESIAN_POINT ( 'NONE',  ( 3.117285603077779577, -3.117285603077769807, 10.80000000000000071 ) ) ;
#2424 = EDGE_CURVE ( 'NONE', #4986, #2310, #4703, .T. ) ;
#2425 = ORIENTED_EDGE ( 'NONE', *, *, #5244, .T. ) ;
#2426 = AXIS2_PLACEMENT_3D ( 'NONE', #1558, #2908, #3283 ) ;
#2427 = ORIENTED_EDGE ( 'NONE', *, *, #5245, .T. ) ;
#2428 = ADVANCED_FACE ( 'NONE', ( #414 ), #1893, .T. ) ;
#2429 = DIRECTION ( 'NONE',  ( 0.000000000000000000, 1.246832498358330099E-15, -1.000000000000000000 ) ) ;
#2430 = DIRECTION ( 'NONE',  ( 0.9992033791931826947, 0.03990748061359829929, 0.000000000000000000 ) ) ;
#2431 = VERTEX_POINT ( 'NONE', #4007 ) ;
#2432 = PRESENTATION_STYLE_ASSIGNMENT (( #1199 ) ) ;
#2433 = SURFACE_STYLE_FILL_AREA ( #273 ) ;
#2434 =( LENGTH_UNIT ( ) NAMED_UNIT ( * ) SI_UNIT ( .MILLI., .METRE. ) );
#2435 = FILL_AREA_STYLE_COLOUR ( '', #4402 ) ;
#2436 = EDGE_CURVE ( 'NONE', #4114, #2125, #3567, .T. ) ;
#2437 = AXIS2_PLACEMENT_3D ( 'NONE', #4872, #1020, #188 ) ;
#2438 = PLANE ( 'NONE',  #1318 ) ;
#2439 = CARTESIAN_POINT ( 'NONE',  ( 6.381418000473693120, 4.825728977062701652, 44.25347630657346798 ) ) ;
#2440 = DIRECTION ( 'NONE',  ( 0.000000000000000000, 0.000000000000000000, -1.000000000000000000 ) ) ;
#2441 = LINE ( 'NONE', #2025, #1208 ) ;
#2442 = VERTEX_POINT ( 'NONE', #4854 ) ;
#2443 = SURFACE_STYLE_USAGE ( .BOTH. , #1580 ) ;
#2444 = FACE_OUTER_BOUND ( 'NONE', #2960, .T. ) ;
#2445 = UNCERTAINTY_MEASURE_WITH_UNIT (LENGTH_MEASURE( 1.000000000000000082E-05 ), #3337, 'distance_accuracy_value', 'NONE');
#2446 = CARTESIAN_POINT ( 'NONE',  ( -4.623333572334805019, -5.797773471686922697, 36.58887821575369514 ) ) ;
#2447 =( GEOMETRIC_REPRESENTATION_CONTEXT ( 3 ) GLOBAL_UNCERTAINTY_ASSIGNED_CONTEXT ( ( #3578 ) ) GLOBAL_UNIT_ASSIGNED_CONTEXT ( ( #4112, #3762, #4201 ) ) REPRESENTATION_CONTEXT ( 'NONE', 'WORKASPACE' ) );
#2448 = FACE_OUTER_BOUND ( 'NONE', #5485, .T. ) ;
#2449 = STYLED_ITEM ( 'NONE', ( #3187 ), #3937 ) ;
#2450 = CYLINDRICAL_SURFACE ( 'NONE', #2052, 3.000000000000000000 ) ;
#2451 = ORIENTED_EDGE ( 'NONE', *, *, #4830, .F. ) ;
#2452 = VECTOR ( 'NONE', #4982, 1000.000000000000000 ) ;
#2453 = CARTESIAN_POINT ( 'NONE',  ( -4.258291324655729682, 1.141005721577959875, 10.80000000000000071 ) ) ;
#2454 = ORIENTED_EDGE ( 'NONE', *, *, #2369, .F. ) ;
#2455 = ORIENTED_EDGE ( 'NONE', *, *, #1176, .F. ) ;
#2456 = MECHANICAL_DESIGN_GEOMETRIC_PRESENTATION_REPRESENTATION (  '', ( #1906 ), #4331 ) ;
#2457 = COLOUR_RGB ( '',0.2000000000000000111, 0.2000000000000000111, 0.2000000000000000111 ) ;
#2458 = SURFACE_STYLE_FILL_AREA ( #4607 ) ;
#2459 = PRESENTATION_STYLE_ASSIGNMENT (( #4120 ) ) ;
#2460 = ADVANCED_FACE ( 'NONE', ( #4406, #1866 ), #3174, .F. ) ;
#2461 = AXIS2_PLACEMENT_3D ( 'NONE', #1687, #2507, #3012 ) ;
#2462 = VERTEX_POINT ( 'NONE', #4887 ) ;
#2463 =( GEOMETRIC_REPRESENTATION_CONTEXT ( 3 ) GLOBAL_UNCERTAINTY_ASSIGNED_CONTEXT ( ( #405 ) ) GLOBAL_UNIT_ASSIGNED_CONTEXT ( ( #473, #2187, #5169 ) ) REPRESENTATION_CONTEXT ( 'NONE', 'WORKASPACE' ) );
#2464 = COLOUR_RGB ( '',0.1843137254901960898, 0.7490196078431372584, 0.5803921568627450345 ) ;
#2465 =( NAMED_UNIT ( * ) SI_UNIT ( $, .STERADIAN. ) SOLID_ANGLE_UNIT ( ) );
#2466 = FACE_OUTER_BOUND ( 'NONE', #1660, .T. ) ;
#2467 = PRODUCT_CONTEXT ( 'NONE', #1698, 'mechanical' ) ;
#2468 = FILL_AREA_STYLE_COLOUR ( '', #4785 ) ;
#2469 = CIRCLE ( 'NONE', #926, 8.250000000000001776 ) ;
#2470 =( GEOMETRIC_REPRESENTATION_CONTEXT ( 3 ) GLOBAL_UNCERTAINTY_ASSIGNED_CONTEXT ( ( #4017 ) ) GLOBAL_UNIT_ASSIGNED_CONTEXT ( ( #2917, #3790, #3372 ) ) REPRESENTATION_CONTEXT ( 'NONE', 'WORKASPACE' ) );
#2471 = AXIS2_PLACEMENT_3D ( 'NONE', #1596, #3320, #336 ) ;
#2472 = EDGE_CURVE ( 'NONE', #4966, #872, #3234, .T. ) ;
#2473 = DIRECTION ( 'NONE',  ( 0.000000000000000000, -1.665334536937739741E-16, 1.000000000000000000 ) ) ;
#2474 = PRESENTATION_STYLE_ASSIGNMENT (( #758 ) ) ;
#2475 = VECTOR ( 'NONE', #3365, 1000.000000000000000 ) ;
#2476 = CYLINDRICAL_SURFACE ( 'NONE', #2244, 1.250000000000001110 ) ;
#2477 = DIRECTION ( 'NONE',  ( -0.7347623353739640706, -0.6783246350500609090, 0.000000000000000000 ) ) ;
#2478 = COLOUR_RGB ( '',0.8000000000000000444, 0.6627450980392156632, 0.3176470588235293935 ) ;
#2479 = AXIS2_PLACEMENT_3D ( 'NONE', #2335, #1432, #5371 ) ;
#2480 = ORIENTED_EDGE ( 'NONE', *, *, #427, .F. ) ;
#2481 = CARTESIAN_POINT ( 'NONE',  ( -2.952492930692300011, 3.847763700412489829, 10.80000000000000071 ) ) ;
#2482 = COLOUR_RGB ( '',0.8000000000000000444, 0.6627450980392156632, 0.3176470588235293935 ) ;
#2483 = ADVANCED_FACE ( 'NONE', ( #5362 ), #1514, .T. ) ;
#2484 = ORIENTED_EDGE ( 'NONE', *, *, #2894, .T. ) ;
#2485 = DIRECTION ( 'NONE',  ( 0.6783246350500609090, -0.7347623353739640706, 0.000000000000000000 ) ) ;
#2486 = VERTEX_POINT ( 'NONE', #3347 ) ;
#2487 =( LENGTH_UNIT ( ) NAMED_UNIT ( * ) SI_UNIT ( .MILLI., .METRE. ) );
#2488 =( LENGTH_UNIT ( ) NAMED_UNIT ( * ) SI_UNIT ( .MILLI., .METRE. ) );
#2489 = EDGE_CURVE ( 'NONE', #3130, #4420, #309, .T. ) ;
#2490 = VERTEX_POINT ( 'NONE', #1622 ) ;
#2491 = DIRECTION ( 'NONE',  ( 0.000000000000000000, 0.000000000000000000, 1.000000000000000000 ) ) ;
#2492 = CARTESIAN_POINT ( 'NONE',  ( -1.734723475976809855E-15, -4.408507577662979848, 10.80000000000000071 ) ) ;
#2493 =( NAMED_UNIT ( * ) SI_UNIT ( $, .STERADIAN. ) SOLID_ANGLE_UNIT ( ) );
#2494 = DIRECTION ( 'NONE',  ( 0.9010013198097159837, -0.4338163455901009047, 0.000000000000000000 ) ) ;
#2495 = ADVANCED_FACE ( 'NONE', ( #706, #2892 ), #279, .T. ) ;
#2496 = SURFACE_STYLE_FILL_AREA ( #2019 ) ;
#2497 = FILL_AREA_STYLE_COLOUR ( '', #1386 ) ;
#2498 = ADVANCED_FACE ( 'NONE', ( #5416 ), #5008, .T. ) ;
#2499 = CARTESIAN_POINT ( 'NONE',  ( 1.158198558877649997, 5.077317055411930014, 36.58887821575369514 ) ) ;
#2500 = FILL_AREA_STYLE_COLOUR ( '', #1142 ) ;
#2501 = DIRECTION ( 'NONE',  ( 0.000000000000000000, 0.000000000000000000, -1.000000000000000000 ) ) ;
#2502 = UNCERTAINTY_MEASURE_WITH_UNIT (LENGTH_MEASURE( 1.000000000000000082E-05 ), #3752, 'distance_accuracy_value', 'NONE');
#2503 = CARTESIAN_POINT ( 'NONE',  ( 1.856014646970690185, 4.480815732679739760, 10.80000000000000071 ) ) ;
#2504 = FILL_AREA_STYLE ('',( #4655 ) ) ;
#2505 = ORIENTED_EDGE ( 'NONE', *, *, #4677, .F. ) ;
#2506 = VERTEX_POINT ( 'NONE', #3932 ) ;
#2507 = DIRECTION ( 'NONE',  ( 1.000000000000000000, 0.000000000000000000, 0.000000000000000000 ) ) ;
#2509 =( GEOMETRIC_REPRESENTATION_CONTEXT ( 3 ) GLOBAL_UNCERTAINTY_ASSIGNED_CONTEXT ( ( #5310 ) ) GLOBAL_UNIT_ASSIGNED_CONTEXT ( ( #839, #418, #3854 ) ) REPRESENTATION_CONTEXT ( 'NONE', 'WORKASPACE' ) );
#2508 = CARTESIAN_POINT ( 'NONE',  ( -4.623333572334805019, -5.797773471686923585, 44.44273301383612562 ) ) ;
#2510 = ORIENTED_EDGE ( 'NONE', *, *, #400, .F. ) ;
#2511 = ORIENTED_EDGE ( 'NONE', *, *, #3203, .F. ) ;
#2512 = CYLINDRICAL_SURFACE ( 'NONE', #1482, 3.000000000000000000 ) ;
#2513 = CARTESIAN_POINT ( 'NONE',  ( 4.258291324655729682, -1.141005721577959875, -1.513876697314419983 ) ) ;
#2514 = CARTESIAN_POINT ( 'NONE',  ( 6.449340148873271339, 5.144755741931089865, 44.17158205686133954 ) ) ;
#2515 = CIRCLE ( 'NONE', #3703, 5.000000000000000000 ) ;
#2516 = CARTESIAN_POINT ( 'NONE',  ( 0.000000000000000000, 0.000000000000000000, 36.58887821575369514 ) ) ;
#2517 = CARTESIAN_POINT ( 'NONE',  ( 4.258291324655739452, 1.141005721577950105, 14.48950421811110090 ) ) ;
#2518 = EDGE_CURVE ( 'NONE', #4258, #2926, #1758, .T. ) ;
#2519 = VECTOR ( 'NONE', #1754, 1000.000000000000000 ) ;
#2520 = EDGE_CURVE ( 'NONE', #3824, #750, #4697, .T. ) ;
#2521 = VERTEX_POINT ( 'NONE', #5530 ) ;
#2522 = LINE ( 'NONE', #3306, #2293 ) ;
#2523 = CARTESIAN_POINT ( 'NONE',  ( 3.847763700412480059, -2.952492930692309780, 10.80000000000000071 ) ) ;
#2524 = ORIENTED_EDGE ( 'NONE', *, *, #4736, .F. ) ;
#2525 = SURFACE_STYLE_FILL_AREA ( #2033 ) ;
#2526 = EDGE_LOOP ( 'NONE', ( #1707, #3362, #3100, #3282 ) ) ;
#2527 = LINE ( 'NONE', #5181, #4174 ) ;
#2528 = ORIENTED_EDGE ( 'NONE', *, *, #4322, .T. ) ;
#2529 = PRESENTATION_LAYER_ASSIGNMENT (  '', '', ( #1463 ) ) ;
#2530 = ORIENTED_EDGE ( 'NONE', *, *, #4971, .F. ) ;
#2531 = DIRECTION ( 'NONE',  ( 0.000000000000000000, 0.000000000000000000, -1.000000000000000000 ) ) ;
#2532 = UNCERTAINTY_MEASURE_WITH_UNIT (LENGTH_MEASURE( 1.000000000000000082E-05 ), #2943, 'distance_accuracy_value', 'NONE');
#2533 = SURFACE_STYLE_FILL_AREA ( #820 ) ;
#2534 = SURFACE_SIDE_STYLE ('',( #4182 ) ) ;
#2535 = CARTESIAN_POINT ( 'NONE',  ( 3.847763700412500043, 2.952492930692289796, 10.80000000000000071 ) ) ;
#2536 = CIRCLE ( 'NONE', #1374, 8.250000000000090594 ) ;
#2537 =( GEOMETRIC_REPRESENTATION_CONTEXT ( 3 ) GLOBAL_UNCERTAINTY_ASSIGNED_CONTEXT ( ( #1818 ) ) GLOBAL_UNIT_ASSIGNED_CONTEXT ( ( #5196, #5219, #1458 ) ) REPRESENTATION_CONTEXT ( 'NONE', 'WORKASPACE' ) );
#2538 = EDGE_CURVE ( 'NONE', #3743, #4767, #3646, .T. ) ;
#2539 =( GEOMETRIC_REPRESENTATION_CONTEXT ( 3 ) GLOBAL_UNCERTAINTY_ASSIGNED_CONTEXT ( ( #4704 ) ) GLOBAL_UNIT_ASSIGNED_CONTEXT ( ( #502, #1807, #83 ) ) REPRESENTATION_CONTEXT ( 'NONE', 'WORKASPACE' ) );
#2540 = FACE_OUTER_BOUND ( 'NONE', #4582, .T. ) ;
#2541 =( NAMED_UNIT ( * ) PLANE_ANGLE_UNIT ( ) SI_UNIT ( $, .RADIAN. ) );
#2542 = PRESENTATION_LAYER_ASSIGNMENT (  '', '', ( #4883 ) ) ;
#2543 = AXIS2_PLACEMENT_3D ( 'NONE', #4124, #672, #612 ) ;
#2544 = DIRECTION ( 'NONE',  ( -0.03990748061360652188, -0.9992033791931823616, 0.000000000000000000 ) ) ;
#2545 = AXIS2_PLACEMENT_3D ( 'NONE', #137, #219, #1924 ) ;
#2546 = DIRECTION ( 'NONE',  ( 0.000000000000000000, 0.000000000000000000, 1.000000000000000000 ) ) ;
#2547 = UNCERTAINTY_MEASURE_WITH_UNIT (LENGTH_MEASURE( 1.000000000000000082E-05 ), #5191, 'distance_accuracy_value', 'NONE');
#2548 =( NAMED_UNIT ( * ) PLANE_ANGLE_UNIT ( ) SI_UNIT ( $, .RADIAN. ) );
#2549 = STYLED_ITEM ( 'NONE', ( #2986 ), #2994 ) ;
#2550 = CYLINDRICAL_SURFACE ( 'NONE', #3804, 8.250000000000000000 ) ;
#2551 = PRESENTATION_LAYER_ASSIGNMENT (  '', '', ( #382 ) ) ;
#2552 = VERTEX_POINT ( 'NONE', #3046 ) ;
#2553 = ORIENTED_EDGE ( 'NONE', *, *, #2115, .T. ) ;
#2554 = ADVANCED_FACE ( 'NONE', ( #54 ), #3904, .T. ) ;
#2555 = CARTESIAN_POINT ( 'NONE',  ( 2.204253788831489924, -3.817879555032340111, 10.80000000000000071 ) ) ;
#2556 = CARTESIAN_POINT ( 'NONE',  ( 2.952492930692300011, 3.847763700412489829, -1.513876697314419983 ) ) ;
#2557 = MECHANICAL_DESIGN_GEOMETRIC_PRESENTATION_REPRESENTATION (  '', ( #5257 ), #4460 ) ;
#2558 = ORIENTED_EDGE ( 'NONE', *, *, #3968, .F. ) ;
#2559 = ORIENTED_EDGE ( 'NONE', *, *, #2055, .T. ) ;
#2560 = COLOUR_RGB ( '',0.2000000000000000111, 0.2000000000000000111, 0.2000000000000000111 ) ;
#2561 = DIRECTION ( 'NONE',  ( 0.000000000000000000, 1.000000000000000000, 1.246832498358330099E-15 ) ) ;
#2562 = CARTESIAN_POINT ( 'NONE',  ( 0.000000000000000000, 0.000000000000000000, 86.48696279987521507 ) ) ;
#2563 = DIRECTION ( 'NONE',  ( -1.000000000000000000, 0.000000000000000000, 0.000000000000000000 ) ) ;
#2564 = DIRECTION ( 'NONE',  ( -1.000000000000000000, 0.000000000000000000, 0.000000000000000000 ) ) ;
#2565 =( NAMED_UNIT ( * ) SI_UNIT ( $, .STERADIAN. ) SOLID_ANGLE_UNIT ( ) );
#2566 = APPLICATION_PROTOCOL_DEFINITION ( 'draft international standard', 'automotive_design', 1998, #3504 ) ;
#2567 = EDGE_CURVE ( 'NONE', #3704, #4927, #2967, .T. ) ;
#2568 = DIRECTION ( 'NONE',  ( 0.000000000000000000, -1.665334536937739741E-16, 1.000000000000000000 ) ) ;
#2569 = DIRECTION ( 'NONE',  ( 0.000000000000000000, 0.000000000000000000, -1.000000000000000000 ) ) ;
#2570 = CARTESIAN_POINT ( 'NONE',  ( -1.856014646970690185, 4.480815732679739760, 10.80000000000000071 ) ) ;
#2571 =( NAMED_UNIT ( * ) SI_UNIT ( $, .STERADIAN. ) SOLID_ANGLE_UNIT ( ) );
#2572 = DIRECTION ( 'NONE',  ( 0.3090169943749619397, 0.000000000000000000, 0.9510565162951488682 ) ) ;
#2573 = SURFACE_STYLE_FILL_AREA ( #4278 ) ;
#2574 = EDGE_CURVE ( 'NONE', #1749, #4420, #1339, .T. ) ;
#2575 = CARTESIAN_POINT ( 'NONE',  ( -4.850000000000000533, -1.714551312174418550E-21, 37.78887821575369799 ) ) ;
#2576 = MECHANICAL_DESIGN_GEOMETRIC_PRESENTATION_REPRESENTATION (  '', ( #4392 ), #2317 ) ;
#2577 = ORIENTED_EDGE ( 'NONE', *, *, #2078, .T. ) ;
#2578 =( NAMED_UNIT ( * ) SI_UNIT ( $, .STERADIAN. ) SOLID_ANGLE_UNIT ( ) );
#2579 = CARTESIAN_POINT ( 'NONE',  ( -7.584180120075834530, -0.9990650749151224197, 38.27030191850235497 ) ) ;
#2580 = CARTESIAN_POINT ( 'NONE',  ( -3.117285603077779577, -3.117285603077779577, 19.00000000000000000 ) ) ;
#2581 = FILL_AREA_STYLE ('',( #5148 ) ) ;
#2582 = FILL_AREA_STYLE ('',( #2121 ) ) ;
#2583 = ORIENTED_EDGE ( 'NONE', *, *, #3052, .F. ) ;
#2584 = CARTESIAN_POINT ( 'NONE',  ( 5.236017089475189401, -0.3499999999999999778, 44.62515335648119930 ) ) ;
#2585 = CARTESIAN_POINT ( 'NONE',  ( 0.000000000000000000, 0.000000000000000000, 36.58887821575369514 ) ) ;
#2586 = ORIENTED_EDGE ( 'NONE', *, *, #4070, .T. ) ;
#2587 = UNCERTAINTY_MEASURE_WITH_UNIT (LENGTH_MEASURE( 1.000000000000000082E-05 ), #5308, 'distance_accuracy_value', 'NONE');
#2588 = FILL_AREA_STYLE ('',( #796 ) ) ;
#2589 = VECTOR ( 'NONE', #1737, 1000.000000000000000 ) ;
#2590 =( NAMED_UNIT ( * ) PLANE_ANGLE_UNIT ( ) SI_UNIT ( $, .RADIAN. ) );
#2591 = CARTESIAN_POINT ( 'NONE',  ( 4.258291324655739452, 1.141005721577950105, 10.80000000000000071 ) ) ;
#2592 = CARTESIAN_POINT ( 'NONE',  ( 3.117285603077779577, 3.117285603077769807, 10.80000000000000071 ) ) ;
#2593 =( LENGTH_UNIT ( ) NAMED_UNIT ( * ) SI_UNIT ( .MILLI., .METRE. ) );
#2594 = AXIS2_PLACEMENT_3D ( 'NONE', #4469, #173, #2720 ) ;
#2595 = SURFACE_STYLE_FILL_AREA ( #435 ) ;
#2596 = ADVANCED_FACE ( 'NONE', ( #1699 ), #526, .T. ) ;
#2597 = DIRECTION ( 'NONE',  ( -1.000000000000000000, 0.000000000000000000, 0.000000000000000000 ) ) ;
#2598 = VECTOR ( 'NONE', #4849, 1000.000000000000114 ) ;
#2599 = SURFACE_STYLE_USAGE ( .BOTH. , #1808 ) ;
#2600 = SURFACE_STYLE_FILL_AREA ( #3427 ) ;
#2601 =( GEOMETRIC_REPRESENTATION_CONTEXT ( 3 ) GLOBAL_UNCERTAINTY_ASSIGNED_CONTEXT ( ( #4140 ) ) GLOBAL_UNIT_ASSIGNED_CONTEXT ( ( #4952, #1406, #2304 ) ) REPRESENTATION_CONTEXT ( 'NONE', 'WORKASPACE' ) );
#2602 = PLANE ( 'NONE',  #3811 ) ;
#2603 = UNCERTAINTY_MEASURE_WITH_UNIT (LENGTH_MEASURE( 1.000000000000000082E-05 ), #4513, 'distance_accuracy_value', 'NONE');
#2604 = MECHANICAL_DESIGN_GEOMETRIC_PRESENTATION_REPRESENTATION (  '', ( #1448 ), #547 ) ;
#2605 = CARTESIAN_POINT ( 'NONE',  ( 9.500000000000000000, -0.3499999999999999778, 34.63177143456719875 ) ) ;
#2606 = CARTESIAN_POINT ( 'NONE',  ( -3.847763700412500043, -2.952492930692289796, 19.00000000000000000 ) ) ;
#2607 = ORIENTED_EDGE ( 'NONE', *, *, #4838, .F. ) ;
#2608 = CARTESIAN_POINT ( 'NONE',  ( -6.495165674069029116, 8.142181059043581470, 36.58887821575369514 ) ) ;
#2609 = DIRECTION ( 'NONE',  ( -0.2971605306527970169, 0.9548275336531450996, 0.000000000000000000 ) ) ;
#2610 = CARTESIAN_POINT ( 'NONE',  ( -7.617425972975098603, -1.083131656273818466, 39.66804177682166710 ) ) ;
#2611 = PRESENTATION_STYLE_ASSIGNMENT (( #3097 ) ) ;
#2612 = DIRECTION ( 'NONE',  ( 0.000000000000000000, 0.000000000000000000, -1.000000000000000000 ) ) ;
#2613 = SURFACE_STYLE_USAGE ( .BOTH. , #1354 ) ;
#2614 = ORIENTED_EDGE ( 'NONE', *, *, #2088, .F. ) ;
#2615 =( NAMED_UNIT ( * ) PLANE_ANGLE_UNIT ( ) SI_UNIT ( $, .RADIAN. ) );
#2616 = VERTEX_POINT ( 'NONE', #577 ) ;
#2617 =( LENGTH_UNIT ( ) NAMED_UNIT ( * ) SI_UNIT ( .MILLI., .METRE. ) );
#2618 = EDGE_CURVE ( 'NONE', #2616, #5351, #5272, .T. ) ;
#2619 =( NAMED_UNIT ( * ) SI_UNIT ( $, .STERADIAN. ) SOLID_ANGLE_UNIT ( ) );
#2620 = CARTESIAN_POINT ( 'NONE',  ( -5.181473740336418388, -5.440489475775021511, 44.41157641377709808 ) ) ;
#2621 =( NAMED_UNIT ( * ) PLANE_ANGLE_UNIT ( ) SI_UNIT ( $, .RADIAN. ) );
#2622 = SURFACE_STYLE_FILL_AREA ( #19 ) ;
#2623 =( NAMED_UNIT ( * ) SI_UNIT ( $, .STERADIAN. ) SOLID_ANGLE_UNIT ( ) );
#2624 =( NAMED_UNIT ( * ) SI_UNIT ( $, .STERADIAN. ) SOLID_ANGLE_UNIT ( ) );
#2625 = SURFACE_STYLE_USAGE ( .BOTH. , #2234 ) ;
#2626 = MECHANICAL_DESIGN_GEOMETRIC_PRESENTATION_REPRESENTATION (  '', ( #5061 ), #3635 ) ;
#2627 = CARTESIAN_POINT ( 'NONE',  ( 2.902071841370306604, -0.7696667953585719646, 14.00177478857013824 ) ) ;
#2628 = PRESENTATION_STYLE_ASSIGNMENT (( #2687 ) ) ;
#2629 = PRESENTATION_STYLE_ASSIGNMENT (( #4323 ) ) ;
#2630 = VECTOR ( 'NONE', #4349, 1000.000000000000000 ) ;
#2631 = VECTOR ( 'NONE', #1240, 1000.000000000000000 ) ;
#2632 = CARTESIAN_POINT ( 'NONE',  ( -4.726030566191933957, 1.091486556621832804, 38.40787605195454546 ) ) ;
#2633 = CARTESIAN_POINT ( 'NONE',  ( -4.686162100021559418, -1.249953908987155859, 38.87365435281713388 ) ) ;
#2634 = PRESENTATION_LAYER_ASSIGNMENT (  '', '', ( #4344 ) ) ;
#2635 = ORIENTED_EDGE ( 'NONE', *, *, #2618, .T. ) ;
#2636 = AXIS2_PLACEMENT_3D ( 'NONE', #4940, #3169, #4968 ) ;
#2637 = CARTESIAN_POINT ( 'NONE',  ( 2.952492930692289796, -3.847763700412500043, -1.513876697314419983 ) ) ;
#2638 = MECHANICAL_DESIGN_GEOMETRIC_PRESENTATION_REPRESENTATION (  '', ( #2549 ), #4899 ) ;
#2639 =( LENGTH_UNIT ( ) NAMED_UNIT ( * ) SI_UNIT ( .MILLI., .METRE. ) );
#2640 = EDGE_CURVE ( 'NONE', #1586, #5282, #1512, .T. ) ;
#2641 = CARTESIAN_POINT ( 'NONE',  ( 0.4527126256473664179, -7.781534441110359523, 44.32135513979274322 ) ) ;
#2642 = B_SPLINE_CURVE_WITH_KNOTS ( 'NONE', 3,
 ( #91, #4282, #3941, #1378, #5222, #3464, #3093, #2219 ),
 .UNSPECIFIED., .F., .F.,
 ( 4, 2, 2, 4 ),
 ( 0.001991178749145616333, 0.002488314323394553041, 0.002985449897643490183, 0.003979721046141360997 ),
 .UNSPECIFIED. ) ;
#2643 = ORIENTED_EDGE ( 'NONE', *, *, #581, .T. ) ;
#2644 = DIRECTION ( 'NONE',  ( 0.000000000000000000, 0.000000000000000000, -1.000000000000000000 ) ) ;
#2645 = AXIS2_PLACEMENT_3D ( 'NONE', #1625, #2107, #4197 ) ;
#2646 = ORIENTED_EDGE ( 'NONE', *, *, #1959, .F. ) ;
#2647 = VERTEX_POINT ( 'NONE', #2711 ) ;
#2648 = CIRCLE ( 'NONE', #2028, 4.850000000000000533 ) ;
#2649 = CYLINDRICAL_SURFACE ( 'NONE', #4409, 3.000000000000001332 ) ;
#2650 = CARTESIAN_POINT ( 'NONE',  ( -6.495165674069029116, 8.142181059043581470, 36.58887821575369514 ) ) ;
#2651 = CARTESIAN_POINT ( 'NONE',  ( -7.470836310091031329, -0.6631391010692673227, 44.41712914212489238 ) ) ;
#2652 = VECTOR ( 'NONE', #5480, 1000.000000000000000 ) ;
#2653 = EDGE_CURVE ( 'NONE', #3969, #1794, #5434, .T. ) ;
#2654 = AXIS2_PLACEMENT_3D ( 'NONE', #1974, #3286, #4207 ) ;
#2655 =( NAMED_UNIT ( * ) PLANE_ANGLE_UNIT ( ) SI_UNIT ( $, .RADIAN. ) );
#2656 = CARTESIAN_POINT ( 'NONE',  ( 1.141005721577959875, -4.258291324655739452, 19.00000000000000000 ) ) ;
#2657 = LINE ( 'NONE', #3875, #3715 ) ;
#2658 = CARTESIAN_POINT ( 'NONE',  ( -0.001439896625589974543, 8.249999874345423478, 44.17158205686133954 ) ) ;
#2659 = DIRECTION ( 'NONE',  ( -1.000000000000000000, 0.000000000000000000, 0.000000000000000000 ) ) ;
#2660 = EDGE_CURVE ( 'NONE', #4715, #2506, #1029, .T. ) ;
#2661 = UNCERTAINTY_MEASURE_WITH_UNIT (LENGTH_MEASURE( 1.000000000000000082E-05 ), #494, 'distance_accuracy_value', 'NONE');
#2662 = DIRECTION ( 'NONE',  ( 0.8852892502353508775, -0.4650407975841799324, 0.000000000000000000 ) ) ;
#2663 =( GEOMETRIC_REPRESENTATION_CONTEXT ( 3 ) GLOBAL_UNCERTAINTY_ASSIGNED_CONTEXT ( ( #3841 ) ) GLOBAL_UNIT_ASSIGNED_CONTEXT ( ( #1139, #1110, #1910 ) ) REPRESENTATION_CONTEXT ( 'NONE', 'WORKASPACE' ) );
#2664 = VERTEX_POINT ( 'NONE', #3561 ) ;
#2665 = PRESENTATION_STYLE_ASSIGNMENT (( #5254 ) ) ;
#2666 = PRODUCT_DEFINITION ( 'UNKNOWN', '', #4980, #5087 ) ;
#2667 = PLANE ( 'NONE',  #1831 ) ;
#2668 = PRODUCT_DEFINITION_SHAPE ( 'NONE', 'NONE',  #5555 ) ;
#2669 = FILL_AREA_STYLE ('',( #157 ) ) ;
#2670 = EDGE_CURVE ( 'NONE', #737, #1113, #1803, .T. ) ;
#2671 = CARTESIAN_POINT ( 'NONE',  ( 9.500000000000000000, -0.3499999999999999778, 33.03887821575369799 ) ) ;
#2672 = ADVANCED_FACE ( 'NONE', ( #2232 ), #4848, .F. ) ;
#2673 = EDGE_LOOP ( 'NONE', ( #2370, #1144, #701, #770 ) ) ;
#2674 = CARTESIAN_POINT ( 'NONE',  ( 3.817879555032340111, 2.204253788831480154, 10.80000000000000071 ) ) ;
#2675 =( NAMED_UNIT ( * ) PLANE_ANGLE_UNIT ( ) SI_UNIT ( $, .RADIAN. ) );
#2676 = ORIENTED_EDGE ( 'NONE', *, *, #638, .T. ) ;
#2677 = ORIENTED_EDGE ( 'NONE', *, *, #3679, .T. ) ;
#2678 = CARTESIAN_POINT ( 'NONE',  ( -3.817879555032340111, -2.204253788831489924, 19.00000000000000000 ) ) ;
#2679 = SURFACE_STYLE_USAGE ( .BOTH. , #1800 ) ;
#2680 = CARTESIAN_POINT ( 'NONE',  ( -10.41548316362960058, -6.505213034913029562E-16, 36.58887821575369514 ) ) ;
#2681 = CARTESIAN_POINT ( 'NONE',  ( 3.817879555032340111, -2.204253788831480154, 19.00000000000000000 ) ) ;
#2682 = B_SPLINE_CURVE_WITH_KNOTS ( 'NONE', 3,
 ( #3737, #2062, #5378, #2401, #4119, #1532 ),
 .UNSPECIFIED., .F., .F.,
 ( 4, 2, 4 ),
 ( 9.471733149469371773E-18, 0.0009955893745728190084, 0.001991178749145628476 ),
 .UNSPECIFIED. ) ;
#2683 = FILL_AREA_STYLE ('',( #1889 ) ) ;
#2684 = DIRECTION ( 'NONE',  ( 0.000000000000000000, 0.000000000000000000, 1.000000000000000000 ) ) ;
#2685 =( GEOMETRIC_REPRESENTATION_CONTEXT ( 3 ) GLOBAL_UNCERTAINTY_ASSIGNED_CONTEXT ( ( #4292 ) ) GLOBAL_UNIT_ASSIGNED_CONTEXT ( ( #3334, #5019, #514 ) ) REPRESENTATION_CONTEXT ( 'NONE', 'WORKASPACE' ) );
#2686 = LINE ( 'NONE', #5217, #4160 ) ;
#2687 = SURFACE_STYLE_USAGE ( .BOTH. , #972 ) ;
#2688 =( GEOMETRIC_REPRESENTATION_CONTEXT ( 3 ) GLOBAL_UNCERTAINTY_ASSIGNED_CONTEXT ( ( #2445 ) ) GLOBAL_UNIT_ASSIGNED_CONTEXT ( ( #3337, #244, #3680 ) ) REPRESENTATION_CONTEXT ( 'NONE', 'WORKASPACE' ) );
#2689 = DIRECTION ( 'NONE',  ( 0.000000000000000000, 0.000000000000000000, -1.000000000000000000 ) ) ;
#2690 = DIRECTION ( 'NONE',  ( 9.637352644315582917E-16, 0.000000000000000000, -1.000000000000000000 ) ) ;
#2691 = SURFACE_STYLE_FILL_AREA ( #2930 ) ;
#2692 = EDGE_CURVE ( 'NONE', #1522, #3832, #3164, .T. ) ;
#2693 = CARTESIAN_POINT ( 'NONE',  ( -4.725930465259973623, 1.091885428176937234, 39.66877176870431754 ) ) ;
#2694 =( GEOMETRIC_REPRESENTATION_CONTEXT ( 3 ) GLOBAL_UNCERTAINTY_ASSIGNED_CONTEXT ( ( #5540 ) ) GLOBAL_UNIT_ASSIGNED_CONTEXT ( ( #1207, #1239, #2409 ) ) REPRESENTATION_CONTEXT ( 'NONE', 'WORKASPACE' ) );
#2695 = ORIENTED_EDGE ( 'NONE', *, *, #691, .T. ) ;
#2696 = CARTESIAN_POINT ( 'NONE',  ( 2.952492930692300011, 3.847763700412489829, -1.513876697314419983 ) ) ;
#2697 = ORIENTED_EDGE ( 'NONE', *, *, #3773, .F. ) ;
#2698 = AXIS2_PLACEMENT_3D ( 'NONE', #2939, #431, #2563 ) ;
#2699 = CARTESIAN_POINT ( 'NONE',  ( 6.366222455200881924, -4.497603654225589942, 44.32135513979275032 ) ) ;
#2700 = CARTESIAN_POINT ( 'NONE',  ( 2.952492930692300011, 3.847763700412480059, 19.00000000000000000 ) ) ;
#2701 = VECTOR ( 'NONE', #2880, 1000.000000000000000 ) ;
#2702 = ORIENTED_EDGE ( 'NONE', *, *, #5170, .F. ) ;
#2703 = FACE_OUTER_BOUND ( 'NONE', #2286, .T. ) ;
#2704 = CARTESIAN_POINT ( 'NONE',  ( 0.000000000000000000, 0.000000000000000000, 19.00000000000000000 ) ) ;
#2705 = VERTEX_POINT ( 'NONE', #4030 ) ;
#2706 = EDGE_LOOP ( 'NONE', ( #5143, #3621, #3305, #1510 ) ) ;
#2707 = DIRECTION ( 'NONE',  ( 0.000000000000000000, 0.000000000000000000, -1.000000000000000000 ) ) ;
#2708 = CARTESIAN_POINT ( 'NONE',  ( 9.500000000000000000, 0.3499999999999999778, 33.03887821575369799 ) ) ;
#2709 = FACE_OUTER_BOUND ( 'NONE', #3694, .T. ) ;
#2710 = PRESENTATION_STYLE_ASSIGNMENT (( #1830 ) ) ;
#2711 = CARTESIAN_POINT ( 'NONE',  ( 4.408507577662979848, -3.913326676722159714E-15, 13.75000000000000000 ) ) ;
#2712 = CARTESIAN_POINT ( 'NONE',  ( 4.258291324655729682, -1.141005721577959875, -1.513876697314419983 ) ) ;
#2713 = CARTESIAN_POINT ( 'NONE',  ( -4.480815732679739760, 1.856014646970690185, 19.00000000000000000 ) ) ;
#2714 = VECTOR ( 'NONE', #2248, 1000.000000000000000 ) ;
#2715 = FILL_AREA_STYLE_COLOUR ( '', #1651 ) ;
#2716 = EDGE_CURVE ( 'NONE', #5048, #2896, #3622, .T. ) ;
#2717 = SURFACE_SIDE_STYLE ('',( #3171 ) ) ;
#2718 = CARTESIAN_POINT ( 'NONE',  ( 4.258291324655739452, 1.141005721577950105, 14.48950421811110090 ) ) ;
#2719 = STYLED_ITEM ( 'NONE', ( #1812 ), #4161 ) ;
#2720 = DIRECTION ( 'NONE',  ( 0.000000000000000000, 0.000000000000000000, -1.000000000000000000 ) ) ;
#2721 = CARTESIAN_POINT ( 'NONE',  ( 3.000000000000000000, 0.000000000000000000, 10.80000000000000071 ) ) ;
#2722 =( NAMED_UNIT ( * ) PLANE_ANGLE_UNIT ( ) SI_UNIT ( $, .RADIAN. ) );
#2723 = VECTOR ( 'NONE', #3162, 1000.000000000000000 ) ;
#2724 = ORIENTED_EDGE ( 'NONE', *, *, #1901, .F. ) ;
#2725 = CARTESIAN_POINT ( 'NONE',  ( 2.743299853866906446, 1.216103671979464673, 14.66832727758109201 ) ) ;
#2726 = VERTEX_POINT ( 'NONE', #191 ) ;
#2727 = VECTOR ( 'NONE', #2544, 1000.000000000000114 ) ;
#2728 = DIRECTION ( 'NONE',  ( 0.000000000000000000, 0.000000000000000000, -1.000000000000000000 ) ) ;
#2729 = UNCERTAINTY_MEASURE_WITH_UNIT (LENGTH_MEASURE( 1.000000000000000082E-05 ), #5275, 'distance_accuracy_value', 'NONE');
#2730 = DIRECTION ( 'NONE',  ( 0.000000000000000000, 0.000000000000000000, -1.000000000000000000 ) ) ;
#2731 = AXIS2_PLACEMENT_3D ( 'NONE', #1012, #1944, #1434 ) ;
#2732 = AXIS2_PLACEMENT_3D ( 'NONE', #3210, #222, #1864 ) ;
#2733 = EDGE_LOOP ( 'NONE', ( #2386, #5266 ) ) ;
#2734 = MECHANICAL_DESIGN_GEOMETRIC_PRESENTATION_REPRESENTATION (  '', ( #1217 ), #3369 ) ;
#2735 = EDGE_CURVE ( 'NONE', #3066, #2442, #3819, .T. ) ;
#2736 = ORIENTED_EDGE ( 'NONE', *, *, #3544, .T. ) ;
#2737 = COLOUR_RGB ( '',1.000000000000000000, 1.000000000000000000, 1.000000000000000000 ) ;
#2738 = ORIENTED_EDGE ( 'NONE', *, *, #1285, .F. ) ;
#2739 = FILL_AREA_STYLE ('',( #3654 ) ) ;
#2740 = DIRECTION ( 'NONE',  ( 1.000000000000000000, -1.246832498358330099E-15, 9.436895709313830594E-16 ) ) ;
#2741 =( GEOMETRIC_REPRESENTATION_CONTEXT ( 3 ) GLOBAL_UNCERTAINTY_ASSIGNED_CONTEXT ( ( #4302 ) ) GLOBAL_UNIT_ASSIGNED_CONTEXT ( ( #4327, #478, #5256 ) ) REPRESENTATION_CONTEXT ( 'NONE', 'WORKASPACE' ) );
#2742 = VECTOR ( 'NONE', #43, 1000.000000000000000 ) ;
#2743 = AXIS2_PLACEMENT_3D ( 'NONE', #3074, #1755, #3445 ) ;
#2744 = DIRECTION ( 'NONE',  ( 0.000000000000000000, 0.000000000000000000, -1.000000000000000000 ) ) ;
#2745 = EDGE_CURVE ( 'NONE', #1439, #3676, #639, .T. ) ;
#2746 = CARTESIAN_POINT ( 'NONE',  ( -2.952492930692300011, 3.847763700412489829, -1.513876697314419983 ) ) ;
#2747 =( REPRESENTATION_RELATIONSHIP ('NONE','NONE', #1112, #5517 ) REPRESENTATION_RELATIONSHIP_WITH_TRANSFORMATION ( #4613 )SHAPE_REPRESENTATION_RELATIONSHIP( ) );
#2748 =( GEOMETRIC_REPRESENTATION_CONTEXT ( 3 ) GLOBAL_UNCERTAINTY_ASSIGNED_CONTEXT ( ( #3126 ) ) GLOBAL_UNIT_ASSIGNED_CONTEXT ( ( #3535, #1287, #3085 ) ) REPRESENTATION_CONTEXT ( 'NONE', 'WORKASPACE' ) );
#2749 = CARTESIAN_POINT ( 'NONE',  ( -0.001439896625592129937, 8.249999874345409268, 36.58887821575369514 ) ) ;
#2750 = DIRECTION ( 'NONE',  ( 0.9010013198097159837, -0.4338163455901009047, 0.000000000000000000 ) ) ;
#2751 = CARTESIAN_POINT ( 'NONE',  ( -6.899999999999999467, 0.000000000000000000, 34.83887821575380173 ) ) ;
#2752 = CARTESIAN_POINT ( 'NONE',  ( -4.809665272300133410, 0.6279178277322862156, 37.95498202009746080 ) ) ;
#2753 = CARTESIAN_POINT ( 'NONE',  ( -1.141005721577959875, -4.258291324655729682, 10.80000000000000071 ) ) ;
#2754 = ORIENTED_EDGE ( 'NONE', *, *, #2027, .F. ) ;
#2755 = PRESENTATION_STYLE_ASSIGNMENT (( #257 ) ) ;
#2756 =( LENGTH_UNIT ( ) NAMED_UNIT ( * ) SI_UNIT ( .MILLI., .METRE. ) );
#2757 = ORIENTED_EDGE ( 'NONE', *, *, #4679, .T. ) ;
#2758 = CARTESIAN_POINT ( 'NONE',  ( 7.750000000000099476, 0.3499999999999999778, 44.67118044726429815 ) ) ;
#2759 = DIRECTION ( 'NONE',  ( -1.000000000000000000, 0.000000000000000000, 0.000000000000000000 ) ) ;
#2760 = ORIENTED_EDGE ( 'NONE', *, *, #2852, .F. ) ;
#2761 = FILL_AREA_STYLE_COLOUR ( '', #4570 ) ;
#2762 = ORIENTED_EDGE ( 'NONE', *, *, #5425, .F. ) ;
#2763 = EDGE_LOOP ( 'NONE', ( #1771, #4687, #1357, #1850 ) ) ;
#2764 = SURFACE_SIDE_STYLE ('',( #4910 ) ) ;
#2765 = EDGE_CURVE ( 'NONE', #4659, #285, #4586, .T. ) ;
#2766 = DIRECTION ( 'NONE',  ( 0.000000000000000000, 0.000000000000000000, 1.000000000000000000 ) ) ;
#2767 =( NAMED_UNIT ( * ) SI_UNIT ( $, .STERADIAN. ) SOLID_ANGLE_UNIT ( ) );
#2768 = ORIENTED_EDGE ( 'NONE', *, *, #508, .T. ) ;
#2769 = ORIENTED_EDGE ( 'NONE', *, *, #4109, .F. ) ;
#2770 = DIRECTION ( 'NONE',  ( -1.000000000000000000, 0.000000000000000000, 0.000000000000000000 ) ) ;
#2771 = DIRECTION ( 'NONE',  ( -1.000000000000000000, 0.000000000000000000, 0.000000000000000000 ) ) ;
#2772 = CARTESIAN_POINT ( 'NONE',  ( 0.000000000000000000, 0.000000000000000000, 24.03887821575399997 ) ) ;
#2773 = SURFACE_STYLE_USAGE ( .BOTH. , #5330 ) ;
#2774 =( NAMED_UNIT ( * ) PLANE_ANGLE_UNIT ( ) SI_UNIT ( $, .RADIAN. ) );
#2775 = MECHANICAL_DESIGN_GEOMETRIC_PRESENTATION_REPRESENTATION (  '', ( #4130 ), #2509 ) ;
#2776 = VERTEX_POINT ( 'NONE', #5359 ) ;
#2777 = FILL_AREA_STYLE ('',( #4068 ) ) ;
#2778 = ORIENTED_EDGE ( 'NONE', *, *, #348, .T. ) ;
#2779 = DIRECTION ( 'NONE',  ( 0.000000000000000000, 0.000000000000000000, 1.000000000000000000 ) ) ;
#2780 = UNCERTAINTY_MEASURE_WITH_UNIT (LENGTH_MEASURE( 1.000000000000000082E-05 ), #4028, 'distance_accuracy_value', 'NONE');
#2781 = STYLED_ITEM ( 'NONE', ( #724 ), #3087 ) ;
#2782 = CARTESIAN_POINT ( 'NONE',  ( 0.000000000000000000, 0.000000000000000000, 36.58887821575369514 ) ) ;
#2783 = CARTESIAN_POINT ( 'NONE',  ( 0.6330520322672510414, 4.808507577662980204, 10.80000000000000071 ) ) ;
#2784 = ORIENTED_EDGE ( 'NONE', *, *, #2489, .F. ) ;
#2785 = CARTESIAN_POINT ( 'NONE',  ( 2.204253788831500138, 3.817879555032340111, -1.513876697314419983 ) ) ;
#2786 =( GEOMETRIC_REPRESENTATION_CONTEXT ( 3 ) GLOBAL_UNCERTAINTY_ASSIGNED_CONTEXT ( ( #2502 ) ) GLOBAL_UNIT_ASSIGNED_CONTEXT ( ( #3752, #5054, #4774 ) ) REPRESENTATION_CONTEXT ( 'NONE', 'WORKASPACE' ) );
#2787 = ORIENTED_EDGE ( 'NONE', *, *, #2660, .F. ) ;
#2788 = B_SPLINE_CURVE_WITH_KNOTS ( 'NONE', 3,
 ( #2153, #901, #545, #2620, #3973, #2229, #3023, #3419 ),
 .UNSPECIFIED., .F., .F.,
 ( 4, 2, 2, 4 ),
 ( 0.001991178749145620670, 0.002488314323394556511, 0.002985449897643492351, 0.003979721046141361865 ),
 .UNSPECIFIED. ) ;
#2789 = ORIENTED_EDGE ( 'NONE', *, *, #2424, .T. ) ;
#2790 = VECTOR ( 'NONE', #185, 1000.000000000000114 ) ;
#2791 = SURFACE_SIDE_STYLE ('',( #3227 ) ) ;
#2792 = CARTESIAN_POINT ( 'NONE',  ( 2.318169400461249641, -10.15422966859710030, 36.58887821575369514 ) ) ;
#2793 =( GEOMETRIC_REPRESENTATION_CONTEXT ( 3 ) GLOBAL_UNCERTAINTY_ASSIGNED_CONTEXT ( ( #1608 ) ) GLOBAL_UNIT_ASSIGNED_CONTEXT ( ( #5027, #1153, #5051 ) ) REPRESENTATION_CONTEXT ( 'NONE', 'WORKASPACE' ) );
#2794 = FACE_OUTER_BOUND ( 'NONE', #1690, .T. ) ;
#2795 = VERTEX_POINT ( 'NONE', #4583 ) ;
#2796 = ORIENTED_EDGE ( 'NONE', *, *, #3562, .F. ) ;
#2797 = PRESENTATION_STYLE_ASSIGNMENT (( #4430 ) ) ;
#2798 = FACE_OUTER_BOUND ( 'NONE', #3441, .T. ) ;
#2799 = CARTESIAN_POINT ( 'NONE',  ( 4.408507577662979848, -3.913326676722159714E-15, 16.25000000000000000 ) ) ;
#2800 = CARTESIAN_POINT ( 'NONE',  ( 0.000000000000000000, 0.000000000000000000, 86.48696279987521507 ) ) ;
#2801 = SURFACE_SIDE_STYLE ('',( #1094 ) ) ;
#2802 = DIRECTION ( 'NONE',  ( 0.000000000000000000, 0.000000000000000000, -1.000000000000000000 ) ) ;
#2803 = PLANE ( 'NONE',  #4902 ) ;
#2804 = EDGE_CURVE ( 'NONE', #2868, #1377, #3712, .T. ) ;
#2805 = FILL_AREA_STYLE ('',( #2867 ) ) ;
#2806 = COLOUR_RGB ( '',0.2000000000000000111, 0.2000000000000000111, 0.2000000000000000111 ) ;
#2807 = VERTEX_POINT ( 'NONE', #4122 ) ;
#2808 = MECHANICAL_DESIGN_GEOMETRIC_PRESENTATION_REPRESENTATION (  '', ( #1463 ), #2263 ) ;
#2809 = CARTESIAN_POINT ( 'NONE',  ( -4.408507577662979848, -5.421010862427520198E-16, -1.513876697314419983 ) ) ;
#2810 = ORIENTED_EDGE ( 'NONE', *, *, #4108, .T. ) ;
#2811 = DIRECTION ( 'NONE',  ( 0.000000000000000000, 0.000000000000000000, 1.000000000000000000 ) ) ;
#2812 = VECTOR ( 'NONE', #2241, 1000.000000000000114 ) ;
#2813 = CARTESIAN_POINT ( 'NONE',  ( -10.00000000000000000, 0.000000000000000000, 33.03887821575369799 ) ) ;
#2814 = EDGE_CURVE ( 'NONE', #458, #5074, #2937, .T. ) ;
#2815 = DIRECTION ( 'NONE',  ( 0.000000000000000000, 0.000000000000000000, 1.000000000000000000 ) ) ;
#2816 = EDGE_LOOP ( 'NONE', ( #3730, #1736, #237, #2754 ) ) ;
#2817 = CARTESIAN_POINT ( 'NONE',  ( -7.442194205367243853, 0.4067034063949298561, 37.85406041522973197 ) ) ;
#2818 = EDGE_LOOP ( 'NONE', ( #1220, #3653, #230, #3105 ) ) ;
#2819 = PRESENTATION_LAYER_ASSIGNMENT (  '', '', ( #3083 ) ) ;
#2820 = ORIENTED_EDGE ( 'NONE', *, *, #195, .F. ) ;
#2821 = PRESENTATION_LAYER_ASSIGNMENT (  '', '', ( #1470 ) ) ;
#2822 = PRESENTATION_STYLE_ASSIGNMENT (( #4964 ) ) ;
#2823 = COLOUR_RGB ( '',0.2000000000000000111, 0.2000000000000000111, 0.2000000000000000111 ) ;
#2824 = CARTESIAN_POINT ( 'NONE',  ( 0.000000000000000000, 0.000000000000000000, 86.48696279987521507 ) ) ;
#2825 = MECHANICAL_DESIGN_GEOMETRIC_PRESENTATION_REPRESENTATION (  '', ( #1477 ), #4723 ) ;
#2826 = ORIENTED_EDGE ( 'NONE', *, *, #1820, .T. ) ;
#2827 = SURFACE_SIDE_STYLE ('',( #2433 ) ) ;
#2828 = DIRECTION ( 'NONE',  ( 0.000000000000000000, 0.000000000000000000, -1.000000000000000000 ) ) ;
#2829 = ADVANCED_FACE ( 'NONE', ( #1537 ), #5080, .T. ) ;
#2830 = CIRCLE ( 'NONE', #1304, 3.000000000000000888 ) ;
#2831 = AXIS2_PLACEMENT_3D ( 'NONE', #2585, #1747, #989 ) ;
#2832 =( NAMED_UNIT ( * ) PLANE_ANGLE_UNIT ( ) SI_UNIT ( $, .RADIAN. ) );
#2833 = MECHANICAL_DESIGN_GEOMETRIC_PRESENTATION_REPRESENTATION (  '', ( #61 ), #2382 ) ;
#2834 = CARTESIAN_POINT ( 'NONE',  ( 3.117285603077769807, -3.117285603077779577, 10.80000000000000071 ) ) ;
#2835 =( NAMED_UNIT ( * ) SI_UNIT ( $, .STERADIAN. ) SOLID_ANGLE_UNIT ( ) );
#2836 = PRESENTATION_STYLE_ASSIGNMENT (( #1958 ) ) ;
#2837 = SURFACE_SIDE_STYLE ('',( #4503 ) ) ;
#2838 = PRESENTATION_LAYER_ASSIGNMENT (  '', '', ( #5257 ) ) ;
#2839 =( LENGTH_UNIT ( ) NAMED_UNIT ( * ) SI_UNIT ( .MILLI., .METRE. ) );
#2840 = EDGE_LOOP ( 'NONE', ( #3150, #5336, #1019, #4305 ) ) ;
#2841 = MECHANICAL_DESIGN_GEOMETRIC_PRESENTATION_REPRESENTATION (  '', ( #5535 ), #3112 ) ;
#2842 = EDGE_CURVE ( 'NONE', #5074, #3682, #3261, .T. ) ;
#2843 = CARTESIAN_POINT ( 'NONE',  ( 4.258291324655739452, 1.141005721577950105, 10.80000000000000071 ) ) ;
#2844 = PRESENTATION_STYLE_ASSIGNMENT (( #1904 ) ) ;
#2845 = UNCERTAINTY_MEASURE_WITH_UNIT (LENGTH_MEASURE( 1.000000000000000082E-05 ), #1795, 'distance_accuracy_value', 'NONE');
#2846 =( NAMED_UNIT ( * ) SI_UNIT ( $, .STERADIAN. ) SOLID_ANGLE_UNIT ( ) );
#2847 = ORIENTED_EDGE ( 'NONE', *, *, #4984, .F. ) ;
#2848 = CARTESIAN_POINT ( 'NONE',  ( 1.040834085586079997E-14, -8.250000000000090594, 36.58887821575369514 ) ) ;
#2849 = ORIENTED_EDGE ( 'NONE', *, *, #4240, .F. ) ;
#2850 = ORIENTED_EDGE ( 'NONE', *, *, #2670, .T. ) ;
#2851 = LINE ( 'NONE', #5489, #2964 ) ;
#2852 = EDGE_CURVE ( 'NONE', #2147, #3950, #668, .T. ) ;
#2853 = DIRECTION ( 'NONE',  ( -0.2200651982791860528, -0.9754851657028632550, 0.000000000000000000 ) ) ;
#2854 = FILL_AREA_STYLE ('',( #4661 ) ) ;
#2855 = SURFACE_STYLE_USAGE ( .BOTH. , #1149 ) ;
#2856 = ORIENTED_EDGE ( 'NONE', *, *, #4109, .T. ) ;
#2857 = FILL_AREA_STYLE_COLOUR ( '', #3736 ) ;
#2858 = CARTESIAN_POINT ( 'NONE',  ( 4.258291324655729682, -1.141005721577969867, 19.00000000000000000 ) ) ;
#2859 = PRESENTATION_STYLE_ASSIGNMENT (( #3786 ) ) ;
#2860 = SURFACE_SIDE_STYLE ('',( #2092 ) ) ;
#2861 = FILL_AREA_STYLE ('',( #3345 ) ) ;
#2862 = COLOUR_RGB ( '',0.2000000000000000111, 0.2000000000000000111, 0.2000000000000000111 ) ;
#2863 = DIRECTION ( 'NONE',  ( 0.000000000000000000, 0.000000000000000000, -1.000000000000000000 ) ) ;
#2864 = DIRECTION ( 'NONE',  ( 0.000000000000000000, 0.000000000000000000, -1.000000000000000000 ) ) ;
#2865 = DIRECTION ( 'NONE',  ( -0.9548275336531429902, 0.2971605306528039558, 0.000000000000000000 ) ) ;
#2866 = FILL_AREA_STYLE ('',( #4038 ) ) ;
#2867 = FILL_AREA_STYLE_COLOUR ( '', #3081 ) ;
#2868 = VERTEX_POINT ( 'NONE', #5410 ) ;
#2869 = FILL_AREA_STYLE ('',( #5457 ) ) ;
#2870 = ORIENTED_EDGE ( 'NONE', *, *, #532, .F. ) ;
#2871 = SURFACE_SIDE_STYLE ('',( #3724 ) ) ;
#2872 = EDGE_CURVE ( 'NONE', #768, #3704, #702, .T. ) ;
#2873 = SURFACE_SIDE_STYLE ('',( #4169 ) ) ;
#2874 = FILL_AREA_STYLE ('',( #3727 ) ) ;
#2875 = ORIENTED_EDGE ( 'NONE', *, *, #1726, .F. ) ;
#2876 =( NAMED_UNIT ( * ) PLANE_ANGLE_UNIT ( ) SI_UNIT ( $, .RADIAN. ) );
#2877 = ORIENTED_EDGE ( 'NONE', *, *, #3431, .F. ) ;
#2878 = COLOUR_RGB ( '',0.8000000000000000444, 0.6627450980392156632, 0.3176470588235293935 ) ;
#2879 = ORIENTED_EDGE ( 'NONE', *, *, #2257, .T. ) ;
#2880 = DIRECTION ( 'NONE',  ( 0.000000000000000000, 0.000000000000000000, 1.000000000000000000 ) ) ;
#2881 = FILL_AREA_STYLE_COLOUR ( '', #3897 ) ;
#2882 = CARTESIAN_POINT ( 'NONE',  ( 4.808507577662980204, -0.6330520322672560374, 19.00000000000000000 ) ) ;
#2883 = EDGE_CURVE ( 'NONE', #1133, #4071, #334, .T. ) ;
#2884 = MECHANICAL_DESIGN_GEOMETRIC_PRESENTATION_REPRESENTATION (  '', ( #1441 ), #4947 ) ;
#2885 = VERTEX_POINT ( 'NONE', #4967 ) ;
#2886 = COLOUR_RGB ( '',0.8000000000000000444, 0.6627450980392156632, 0.3176470588235293935 ) ;
#2887 = CARTESIAN_POINT ( 'NONE',  ( 4.808507577662980204, -0.6330520322672540390, -1.513876697314419983 ) ) ;
#2888 = PRESENTATION_LAYER_ASSIGNMENT (  '', '', ( #735 ) ) ;
#2889 = CARTESIAN_POINT ( 'NONE',  ( 2.967862161123196341, 7.207566938446074545, 44.32135513979274322 ) ) ;
#2890 = CARTESIAN_POINT ( 'NONE',  ( 1.141005721577959875, -4.258291324655729682, -1.513876697314419983 ) ) ;
#2891 =( NAMED_UNIT ( * ) SI_UNIT ( $, .STERADIAN. ) SOLID_ANGLE_UNIT ( ) );
#2892 = FACE_OUTER_BOUND ( 'NONE', #387, .T. ) ;
#2893 = FILL_AREA_STYLE ('',( #5009 ) ) ;
#2894 = EDGE_CURVE ( 'NONE', #3037, #513, #2021, .T. ) ;
#2895 =( NAMED_UNIT ( * ) SI_UNIT ( $, .STERADIAN. ) SOLID_ANGLE_UNIT ( ) );
#2896 = VERTEX_POINT ( 'NONE', #2013 ) ;
#2897 = DIRECTION ( 'NONE',  ( 0.000000000000000000, 0.000000000000000000, -1.000000000000000000 ) ) ;
#2898 = UNCERTAINTY_MEASURE_WITH_UNIT (LENGTH_MEASURE( 1.000000000000000082E-05 ), #1282, 'distance_accuracy_value', 'NONE');
#2899 = SURFACE_SIDE_STYLE ('',( #3331 ) ) ;
#2900 = PRESENTATION_LAYER_ASSIGNMENT (  '', '', ( #2085 ) ) ;
#2901 = STYLED_ITEM ( 'NONE', ( #1382 ), #3989 ) ;
#2902 = DIRECTION ( 'NONE',  ( 1.000000000000000000, 0.000000000000000000, 0.000000000000000000 ) ) ;
#2903 = ORIENTED_EDGE ( 'NONE', *, *, #4830, .T. ) ;
#2904 = DIRECTION ( 'NONE',  ( 0.000000000000000000, 0.000000000000000000, -1.000000000000000000 ) ) ;
#2905 = ORIENTED_EDGE ( 'NONE', *, *, #3828, .F. ) ;
#2906 = PRESENTATION_LAYER_ASSIGNMENT (  '', '', ( #216 ) ) ;
#2907 = VECTOR ( 'NONE', #476, 1000.000000000000227 ) ;
#2908 = DIRECTION ( 'NONE',  ( 0.000000000000000000, 0.000000000000000000, 1.000000000000000000 ) ) ;
#2909 = SURFACE_SIDE_STYLE ('',( #2458 ) ) ;
#2910 = ADVANCED_FACE ( 'NONE', ( #1565 ), #1200, .T. ) ;
#2911 = VERTEX_POINT ( 'NONE', #378 ) ;
#2912 = EDGE_CURVE ( 'NONE', #258, #1056, #2127, .T. ) ;
#2913 = DIRECTION ( 'NONE',  ( -0.4650407975841740482, 0.8852892502353539861, 0.000000000000000000 ) ) ;
#2914 = COLOUR_RGB ( '',0.2000000000000000111, 0.2000000000000000111, 0.2000000000000000111 ) ;
#2915 =( GEOMETRIC_REPRESENTATION_CONTEXT ( 3 ) GLOBAL_UNCERTAINTY_ASSIGNED_CONTEXT ( ( #4741 ) ) GLOBAL_UNIT_ASSIGNED_CONTEXT ( ( #2434, #1638, #4235 ) ) REPRESENTATION_CONTEXT ( 'NONE', 'WORKASPACE' ) );
#2916 = DIRECTION ( 'NONE',  ( -0.8453817696217482691, 0.5341625816090090906, 0.000000000000000000 ) ) ;
#2917 =( LENGTH_UNIT ( ) NAMED_UNIT ( * ) SI_UNIT ( .MILLI., .METRE. ) );
#2918 = VECTOR ( 'NONE', #2962, 1000.000000000000000 ) ;
#2919 = EDGE_CURVE ( 'NONE', #2486, #3612, #4233, .T. ) ;
#2920 = LINE ( 'NONE', #343, #5295 ) ;
#2921 = FACE_OUTER_BOUND ( 'NONE', #3068, .T. ) ;
#2922 = MECHANICAL_DESIGN_GEOMETRIC_PRESENTATION_REPRESENTATION (  '', ( #59 ), #3748 ) ;
#2923 = CARTESIAN_POINT ( 'NONE',  ( 5.569750823379179927, 0.3499999999999999778, 45.03887821575380457 ) ) ;
#2924 = VECTOR ( 'NONE', #1652, 1000.000000000000114 ) ;
#2925 = DIRECTION ( 'NONE',  ( 0.4650407975841728270, -0.8852892502353546522, 0.000000000000000000 ) ) ;
#2926 = VERTEX_POINT ( 'NONE', #1310 ) ;
#2927 = CARTESIAN_POINT ( 'NONE',  ( 6.680798550640680844, 3.218123875153366509, 44.44273301383612562 ) ) ;
#2928 = VECTOR ( 'NONE', #4721, 1000.000000000000000 ) ;
#2929 = ORIENTED_EDGE ( 'NONE', *, *, #2270, .T. ) ;
#2930 = FILL_AREA_STYLE ('',( #975 ) ) ;
#2931 = SURFACE_SIDE_STYLE ('',( #2037 ) ) ;
#2932 = CARTESIAN_POINT ( 'NONE',  ( -1.856014646970690185, 4.480815732679739760, 19.00000000000000000 ) ) ;
#2933 = ORIENTED_EDGE ( 'NONE', *, *, #2424, .F. ) ;
#2934 = EDGE_LOOP ( 'NONE', ( #3998, #4208, #925, #2271 ) ) ;
#2935 = CARTESIAN_POINT ( 'NONE',  ( 0.000000000000000000, 0.000000000000000000, 86.48696279987521507 ) ) ;
#2936 = EDGE_CURVE ( 'NONE', #1874, #2807, #898, .T. ) ;
#2937 = LINE ( 'NONE', #2887, #2475 ) ;
#2938 = PRESENTATION_STYLE_ASSIGNMENT (( #1201 ) ) ;
#2939 = CARTESIAN_POINT ( 'NONE',  ( 0.000000000000000000, 0.000000000000000000, 45.03887821575380457 ) ) ;
#2940 = AXIS2_PLACEMENT_3D ( 'NONE', #4386, #958, #4764 ) ;
#2941 = PRODUCT_CONTEXT ( 'NONE', #2067, 'mechanical' ) ;
#2942 = DIRECTION ( 'NONE',  ( -0.4650407975841799324, -0.8852892502353508775, 0.000000000000000000 ) ) ;
#2943 =( LENGTH_UNIT ( ) NAMED_UNIT ( * ) SI_UNIT ( .MILLI., .METRE. ) );
#2944 = DIRECTION ( 'NONE',  ( 0.000000000000000000, 0.000000000000000000, -1.000000000000000000 ) ) ;
#2945 = DIRECTION ( 'NONE',  ( 0.000000000000000000, 0.000000000000000000, -1.000000000000000000 ) ) ;
#2946 = EDGE_LOOP ( 'NONE', ( #417, #4049, #346, #3222, #102, #4962 ) ) ;
#2947 = CARTESIAN_POINT ( 'NONE',  ( -4.808507577662980204, -0.6330520322672500422, -1.513876697314419983 ) ) ;
#2948 = UNCERTAINTY_MEASURE_WITH_UNIT (LENGTH_MEASURE( 1.000000000000000082E-05 ), #5010, 'distance_accuracy_value', 'NONE');
#2949 = PLANE ( 'NONE',  #2362 ) ;
#2950 = EDGE_CURVE ( 'NONE', #4659, #840, #53, .T. ) ;
#2951 = CARTESIAN_POINT ( 'NONE',  ( -7.415483163629600583, -6.505213034913029562E-16, 36.58887821575369514 ) ) ;
#2952 = ORIENTED_EDGE ( 'NONE', *, *, #504, .F. ) ;
#2953 = CARTESIAN_POINT ( 'NONE',  ( 2.952492930692280027, -3.847763700412500043, 19.00000000000000000 ) ) ;
#2954 = ORIENTED_EDGE ( 'NONE', *, *, #4550, .F. ) ;
#2955 =( LENGTH_UNIT ( ) NAMED_UNIT ( * ) SI_UNIT ( .MILLI., .METRE. ) );
#2956 = FILL_AREA_STYLE ('',( #2169 ) ) ;
#2957 = EDGE_CURVE ( 'NONE', #636, #3810, #401, .T. ) ;
#2959 = CIRCLE ( 'NONE', #4757, 3.000000000000001332 ) ;
#2958 = SURFACE_STYLE_FILL_AREA ( #1249 ) ;
#2960 = EDGE_LOOP ( 'NONE', ( #2586, #1331, #790, #2026 ) ) ;
#2961 = ORIENTED_EDGE ( 'NONE', *, *, #911, .F. ) ;
#2962 = DIRECTION ( 'NONE',  ( 1.000000000000000000, 0.000000000000000000, 0.000000000000000000 ) ) ;
#2963 = SURFACE_SIDE_STYLE ('',( #3444 ) ) ;
#2964 = VECTOR ( 'NONE', #3391, 1000.000000000000000 ) ;
#2965 = AXIS2_PLACEMENT_3D ( 'NONE', #2183, #4798, #412 ) ;
#2966 = SURFACE_SIDE_STYLE ('',( #1599 ) ) ;
#2967 = LINE ( 'NONE', #904, #927 ) ;
#2968 = CARTESIAN_POINT ( 'NONE',  ( -7.429458106150161001, 0.3331250575500085964, 44.43633199414209400 ) ) ;
#2969 = VECTOR ( 'NONE', #5156, 1000.000000000000000 ) ;
#2970 = DIRECTION ( 'NONE',  ( -0.5341625816090090906, -0.8453817696217481581, 0.000000000000000000 ) ) ;
#2971 = CARTESIAN_POINT ( 'NONE',  ( -1.856014646970690185, -4.480815732679739760, 10.80000000000000071 ) ) ;
#2972 = ADVANCED_FACE ( 'NONE', ( #4691 ), #2512, .F. ) ;
#2973 = CARTESIAN_POINT ( 'NONE',  ( -3.817879555032340111, -2.204253788831489924, -1.513876697314419983 ) ) ;
#2974 = VERTEX_POINT ( 'NONE', #1716 ) ;
#2975 = CARTESIAN_POINT ( 'NONE',  ( 1.141005721577969867, -4.258291324655729682, 19.00000000000000000 ) ) ;
#2976 = ORIENTED_EDGE ( 'NONE', *, *, #3029, .T. ) ;
#2977 = CARTESIAN_POINT ( 'NONE',  ( -7.429647194530833332, -0.3295909696238923381, 37.82184967813979881 ) ) ;
#2978 = CARTESIAN_POINT ( 'NONE',  ( -3.847763700412489829, -2.952492930692300011, 19.00000000000000000 ) ) ;
#2979 = MECHANICAL_DESIGN_GEOMETRIC_PRESENTATION_REPRESENTATION (  '', ( #3188 ), #1720 ) ;
#2980 =( GEOMETRIC_REPRESENTATION_CONTEXT ( 3 ) GLOBAL_UNCERTAINTY_ASSIGNED_CONTEXT ( ( #3458 ) ) GLOBAL_UNIT_ASSIGNED_CONTEXT ( ( #3429, #3352, #5060 ) ) REPRESENTATION_CONTEXT ( 'NONE', 'WORKASPACE' ) );
#2981 = LINE ( 'NONE', #3438, #3114 ) ;
#2982 = ORIENTED_EDGE ( 'NONE', *, *, #3562, .T. ) ;
#2983 = VECTOR ( 'NONE', #976, 1000.000000000000114 ) ;
#2984 = ORIENTED_EDGE ( 'NONE', *, *, #5453, .F. ) ;
#2985 = UNCERTAINTY_MEASURE_WITH_UNIT (LENGTH_MEASURE( 1.000000000000000082E-05 ), #1118, 'distance_accuracy_value', 'NONE');
#2986 = PRESENTATION_STYLE_ASSIGNMENT (( #1336 ) ) ;
#2987 =( LENGTH_UNIT ( ) NAMED_UNIT ( * ) SI_UNIT ( .MILLI., .METRE. ) );
#2988 = CARTESIAN_POINT ( 'NONE',  ( -4.808507577662980204, 0.6330520322672490430, -1.513876697314419983 ) ) ;
#2989 = COLOUR_RGB ( '',0.2000000000000000111, 0.2000000000000000111, 0.2000000000000000111 ) ;
#2990 =( GEOMETRIC_REPRESENTATION_CONTEXT ( 3 ) GLOBAL_UNCERTAINTY_ASSIGNED_CONTEXT ( ( #5140 ) ) GLOBAL_UNIT_ASSIGNED_CONTEXT ( ( #1352, #3437, #3884 ) ) REPRESENTATION_CONTEXT ( 'NONE', 'WORKASPACE' ) );
#2991 = PRESENTATION_LAYER_ASSIGNMENT (  '', '', ( #4073 ) ) ;
#2992 = PRESENTATION_LAYER_ASSIGNMENT (  '', '', ( #572 ) ) ;
#2993 = PRESENTATION_STYLE_ASSIGNMENT (( #4268 ) ) ;
#2994 = ADVANCED_FACE ( 'NONE', ( #3477 ), #4718, .T. ) ;
#2995 = SURFACE_SIDE_STYLE ('',( #2595 ) ) ;
#2997 = DIRECTION ( 'NONE',  ( 0.000000000000000000, 0.000000000000000000, -1.000000000000000000 ) ) ;
#2996 = VECTOR ( 'NONE', #5246, 1000.000000000000114 ) ;
#2998 = PRESENTATION_LAYER_ASSIGNMENT (  '', '', ( #50 ) ) ;
#2999 = VECTOR ( 'NONE', #3955, 1000.000000000000000 ) ;
#3000 = PLANE ( 'NONE',  #2279 ) ;
#3001 = UNCERTAINTY_MEASURE_WITH_UNIT (LENGTH_MEASURE( 1.000000000000000082E-05 ), #1167, 'distance_accuracy_value', 'NONE');
#3002 = ADVANCED_FACE ( 'NONE', ( #4488 ), #3524, .T. ) ;
#3003 = MECHANICAL_DESIGN_GEOMETRIC_PRESENTATION_REPRESENTATION (  '', ( #584 ), #1926 ) ;
#3004 =( BOUNDED_CURVE ( )  B_SPLINE_CURVE ( 3, ( #3321, #4123, #2069, #3787 ),
 .UNSPECIFIED., .F., .T. ) 
 B_SPLINE_CURVE_WITH_KNOTS ( ( 4, 4 ),
 ( 0.4206968340921120597, 1.039743292929176333 ),
 .UNSPECIFIED. ) 
 CURVE ( )  GEOMETRIC_REPRESENTATION_ITEM ( )  RATIONAL_B_SPLINE_CURVE ( ( 1.000000000000000000, 0.9683192697507486679, 0.9683192697507486679, 1.000000000000000000 ) ) 
 REPRESENTATION_ITEM ( '' )  );
#3005 = PRESENTATION_LAYER_ASSIGNMENT (  '', '', ( #402 ) ) ;
#3006 = DIRECTION ( 'NONE',  ( -1.000000000000000000, 0.000000000000000000, 0.000000000000000000 ) ) ;
#3007 = COLOUR_RGB ( '',0.8196078431372548767, 0.8196078431372548767, 0.8196078431372548767 ) ;
#3008 = ORIENTED_EDGE ( 'NONE', *, *, #5383, .F. ) ;
#3009 = PLANE ( 'NONE',  #272 ) ;
#3010 = MECHANICAL_DESIGN_GEOMETRIC_PRESENTATION_REPRESENTATION (  '', ( #1583 ), #775 ) ;
#3011 =( NAMED_UNIT ( * ) SI_UNIT ( $, .STERADIAN. ) SOLID_ANGLE_UNIT ( ) );
#3012 = DIRECTION ( 'NONE',  ( 0.000000000000000000, 1.000000000000000000, 0.000000000000000000 ) ) ;
#3013 = DIRECTION ( 'NONE',  ( 0.000000000000000000, 0.000000000000000000, 1.000000000000000000 ) ) ;
#3014 = VECTOR ( 'NONE', #1662, 1000.000000000000000 ) ;
#3015 = COLOUR_RGB ( '',0.2000000000000000111, 0.2000000000000000111, 0.2000000000000000111 ) ;
#3016 = CARTESIAN_POINT ( 'NONE',  ( -3.657342905219415741, 7.116062601587862524, 44.25338606636911010 ) ) ;
#3017 =( LENGTH_UNIT ( ) NAMED_UNIT ( * ) SI_UNIT ( .MILLI., .METRE. ) );
#3018 = ORIENTED_EDGE ( 'NONE', *, *, #3976, .T. ) ;
#3019 = EDGE_CURVE ( 'NONE', #2885, #3130, #2287, .T. ) ;
#3020 = ORIENTED_EDGE ( 'NONE', *, *, #5184, .T. ) ;
#3021 = CARTESIAN_POINT ( 'NONE',  ( -6.450237979908719055, -5.143630041375889306, 44.17158205686133954 ) ) ;
#3022 =( NAMED_UNIT ( * ) PLANE_ANGLE_UNIT ( ) SI_UNIT ( $, .RADIAN. ) );
#3023 = CARTESIAN_POINT ( 'NONE',  ( -6.124454570412796173, -5.148355105373566332, 44.25338606636909589 ) ) ;
#3024 = DIRECTION ( 'NONE',  ( 0.8453817696217484912, -0.5341625816090086465, 0.000000000000000000 ) ) ;
#3025 = PRESENTATION_STYLE_ASSIGNMENT (( #1723 ) ) ;
#3026 = CARTESIAN_POINT ( 'NONE',  ( 0.000000000000000000, 0.000000000000000000, 86.48696279987521507 ) ) ;
#3027 =( LENGTH_UNIT ( ) NAMED_UNIT ( * ) SI_UNIT ( .MILLI., .METRE. ) );
#3028 = PRESENTATION_STYLE_ASSIGNMENT (( #2599 ) ) ;
#3029 = EDGE_CURVE ( 'NONE', #3032, #3652, #4855, .T. ) ;
#3030 =( NAMED_UNIT ( * ) PLANE_ANGLE_UNIT ( ) SI_UNIT ( $, .RADIAN. ) );
#3031 = DIRECTION ( 'NONE',  ( 0.000000000000000000, 0.000000000000000000, 1.000000000000000000 ) ) ;
#3032 = VERTEX_POINT ( 'NONE', #1828 ) ;
#3033 = ADVANCED_FACE ( 'NONE', ( #3556 ), #3586, .T. ) ;
#3034 = FILL_AREA_STYLE ('',( #5177 ) ) ;
#3035 = CARTESIAN_POINT ( 'NONE',  ( 0.000000000000000000, 0.000000000000000000, 36.58887821575369514 ) ) ;
#3036 = DIRECTION ( 'NONE',  ( -0.7347623353739597407, 0.6783246350500656829, 0.000000000000000000 ) ) ;
#3037 = VERTEX_POINT ( 'NONE', #2344 ) ;
#3038 = PRESENTATION_STYLE_ASSIGNMENT (( #3474 ) ) ;
#3039 = ORIENTED_EDGE ( 'NONE', *, *, #532, .T. ) ;
#3040 = ORIENTED_EDGE ( 'NONE', *, *, #4932, .F. ) ;
#3041 = CARTESIAN_POINT ( 'NONE',  ( -1.856014646970690185, 4.480815732679739760, 19.00000000000000000 ) ) ;
#3042 = EDGE_CURVE ( 'NONE', #872, #632, #1798, .T. ) ;
#3043 = DIRECTION ( 'NONE',  ( 0.000000000000000000, 0.000000000000000000, 1.000000000000000000 ) ) ;
#3044 =( NAMED_UNIT ( * ) PLANE_ANGLE_UNIT ( ) SI_UNIT ( $, .RADIAN. ) );
#3045 = B_SPLINE_CURVE_WITH_KNOTS ( 'NONE', 3,
 ( #3554, #11, #5154, #1713, #3439, #1301, #3016, #4739 ),
 .UNSPECIFIED., .F., .F.,
 ( 4, 2, 2, 4 ),
 ( 0.001991178749145623705, 0.002488314323394562148, 0.002985449897643500591, 0.003979721046141375743 ),
 .UNSPECIFIED. ) ;
#3046 = CARTESIAN_POINT ( 'NONE',  ( 3.578984851118375055, 7.433260888430255342, 44.17158205686133954 ) ) ;
#3047 = FILL_AREA_STYLE_COLOUR ( '', #446 ) ;
#3048 = CYLINDRICAL_SURFACE ( 'NONE', #4188, 10.00000000000000000 ) ;
#3049 = PLANE ( 'NONE',  #1479 ) ;
#3050 = PRESENTATION_LAYER_ASSIGNMENT (  '', '', ( #3698 ) ) ;
#3051 = CARTESIAN_POINT ( 'NONE',  ( 1.321594857899351494, 7.304497701421155398, 44.44273301383610431 ) ) ;
#3052 = EDGE_CURVE ( 'NONE', #75, #3032, #4922, .T. ) ;
#3053 = CARTESIAN_POINT ( 'NONE',  ( -3.117285603077769807, 3.117285603077769807, -1.513876697314419983 ) ) ;
#3054 = UNCERTAINTY_MEASURE_WITH_UNIT (LENGTH_MEASURE( 1.000000000000000082E-05 ), #1069, 'distance_accuracy_value', 'NONE');
#3055 = AXIS2_PLACEMENT_3D ( 'NONE', #1694, #5108, #3073 ) ;
#3056 = CARTESIAN_POINT ( 'NONE',  ( -4.850000000000000533, -2.178608318461550073E-16, 40.28887821575369799 ) ) ;
#3057 = CARTESIAN_POINT ( 'NONE',  ( -4.688313480358093699, -1.241969825528765003, 39.20232579353091751 ) ) ;
#3058 = ORIENTED_EDGE ( 'NONE', *, *, #3517, .F. ) ;
#3059 = FILL_AREA_STYLE_COLOUR ( '', #4844 ) ;
#3060 = CARTESIAN_POINT ( 'NONE',  ( -3.656185931046677773, -7.116351614025874461, 44.25347630657346798 ) ) ;
#3061 = CARTESIAN_POINT ( 'NONE',  ( -7.415483163629599694, -4.386898176736380162E-16, 37.78887821575369799 ) ) ;
#3062 = EDGE_CURVE ( 'NONE', #3802, #4966, #3798, .T. ) ;
#3063 =( LENGTH_UNIT ( ) NAMED_UNIT ( * ) SI_UNIT ( .MILLI., .METRE. ) );
#3064 = PRESENTATION_STYLE_ASSIGNMENT (( #3411 ) ) ;
#3065 = DIRECTION ( 'NONE',  ( 0.000000000000000000, 0.000000000000000000, -1.000000000000000000 ) ) ;
#3066 = VERTEX_POINT ( 'NONE', #4634 ) ;
#3067 = LINE ( 'NONE', #3948, #3870 ) ;
#3068 = EDGE_LOOP ( 'NONE', ( #688, #1468, #4491 ) ) ;
#3069 = ORIENTED_EDGE ( 'NONE', *, *, #4061, .F. ) ;
#3070 = PRESENTATION_LAYER_ASSIGNMENT (  '', '', ( #2449 ) ) ;
#3071 = FILL_AREA_STYLE ('',( #543 ) ) ;
#3072 = CARTESIAN_POINT ( 'NONE',  ( -5.580736889921709576, 0.000000000000000000, 45.03887821575380457 ) ) ;
#3073 = DIRECTION ( 'NONE',  ( 0.2225695499711609626, -0.9749168146183727623, 0.000000000000000000 ) ) ;
#3074 = CARTESIAN_POINT ( 'NONE',  ( 0.000000000000000000, 0.000000000000000000, 36.58887821575369514 ) ) ;
#3075 = FILL_AREA_STYLE ('',( #4337 ) ) ;
#3076 = VECTOR ( 'NONE', #4777, 1000.000000000000227 ) ;
#3077 = AXIS2_PLACEMENT_3D ( 'NONE', #124, #1498, #2759 ) ;
#3078 = EDGE_CURVE ( 'NONE', #521, #3767, #3781, .T. ) ;
#3079 = FILL_AREA_STYLE_COLOUR ( '', #3742 ) ;
#3080 = AXIS2_PLACEMENT_3D ( 'NONE', #3480, #968, #3846 ) ;
#3081 = COLOUR_RGB ( '',0.8000000000000000444, 0.6627450980392156632, 0.3176470588235293935 ) ;
#3082 = PLANE ( 'NONE',  #3453 ) ;
#3083 = STYLED_ITEM ( 'NONE', ( #3064 ), #3907 ) ;
#3084 = LINE ( 'NONE', #5192, #3076 ) ;
#3085 =( NAMED_UNIT ( * ) SI_UNIT ( $, .STERADIAN. ) SOLID_ANGLE_UNIT ( ) );
#3086 = ADVANCED_FACE ( 'NONE', ( #1084 ), #3313, .T. ) ;
#3087 = ADVANCED_FACE ( 'NONE', ( #661 ), #1972, .F. ) ;
#3088 = CIRCLE ( 'NONE', #3363, 2.999999999999998224 ) ;
#3089 = AXIS2_PLACEMENT_3D ( 'NONE', #2499, #2074, #858 ) ;
#3090 = CARTESIAN_POINT ( 'NONE',  ( -4.688354881638534088, 1.241814620614297926, 38.87424963847308135 ) ) ;
#3091 = ORIENTED_EDGE ( 'NONE', *, *, #3773, .T. ) ;
#3092 =( GEOMETRIC_REPRESENTATION_CONTEXT ( 3 ) GLOBAL_UNCERTAINTY_ASSIGNED_CONTEXT ( ( #2547 ) ) GLOBAL_UNIT_ASSIGNED_CONTEXT ( ( #5191, #4401, #528 ) ) REPRESENTATION_CONTEXT ( 'NONE', 'WORKASPACE' ) );
#3093 = CARTESIAN_POINT ( 'NONE',  ( 7.751582248669880215, 1.981786244321598334, 44.25338606636910299 ) ) ;
#3094 = COLOUR_RGB ( '',0.8000000000000000444, 0.6627450980392156632, 0.3176470588235293935 ) ;
#3095 = PRESENTATION_STYLE_ASSIGNMENT (( #1350 ) ) ;
#3096 = VECTOR ( 'NONE', #4059, 1000.000000000000000 ) ;
#3097 = SURFACE_STYLE_USAGE ( .BOTH. , #2168 ) ;
#3098 =( GEOMETRIC_REPRESENTATION_CONTEXT ( 3 ) GLOBAL_UNCERTAINTY_ASSIGNED_CONTEXT ( ( #807 ) ) GLOBAL_UNIT_ASSIGNED_CONTEXT ( ( #1059, #3588, #2767 ) ) REPRESENTATION_CONTEXT ( 'NONE', 'WORKASPACE' ) );
#3099 =( LENGTH_UNIT ( ) NAMED_UNIT ( * ) SI_UNIT ( .MILLI., .METRE. ) );
#3100 = ORIENTED_EDGE ( 'NONE', *, *, #60, .T. ) ;
#3101 = LINE ( 'NONE', #566, #519 ) ;
#3102 = CIRCLE ( 'NONE', #2645, 8.250000000000090594 ) ;
#3103 = CARTESIAN_POINT ( 'NONE',  ( 7.018913956918169106, -2.643481701264721817, 44.41712914212489238 ) ) ;
#3104 = ORIENTED_EDGE ( 'NONE', *, *, #1250, .F. ) ;
#3105 = ORIENTED_EDGE ( 'NONE', *, *, #3839, .F. ) ;
#3106 = DIRECTION ( 'NONE',  ( -0.5341625816090037615, 0.8453817696217515998, 0.000000000000000000 ) ) ;
#3107 = DIRECTION ( 'NONE',  ( -0.2225695499711609626, 0.9749168146183727623, 0.000000000000000000 ) ) ;
#3108 = CARTESIAN_POINT ( 'NONE',  ( 2.316397117755299995, 10.15463411082389911, 36.58887821575369514 ) ) ;
#3109 =( NAMED_UNIT ( * ) SI_UNIT ( $, .STERADIAN. ) SOLID_ANGLE_UNIT ( ) );
#3110 = STYLED_ITEM ( 'NONE', ( #4540 ), #1082 ) ;
#3111 = MECHANICAL_DESIGN_GEOMETRIC_PRESENTATION_REPRESENTATION (  '', ( #4811 ), #694 ) ;
#3112 =( GEOMETRIC_REPRESENTATION_CONTEXT ( 3 ) GLOBAL_UNCERTAINTY_ASSIGNED_CONTEXT ( ( #4690 ) ) GLOBAL_UNIT_ASSIGNED_CONTEXT ( ( #1001, #4500, #4125 ) ) REPRESENTATION_CONTEXT ( 'NONE', 'WORKASPACE' ) );
#3113 = EDGE_CURVE ( 'NONE', #1222, #3195, #4205, .T. ) ;
#3115 = EDGE_CURVE ( 'NONE', #1821, #3743, #2851, .T. ) ;
#3114 = VECTOR ( 'NONE', #3013, 1000.000000000000000 ) ;
#3116 = CARTESIAN_POINT ( 'NONE',  ( 5.020736889921710855, -0.3499999999999999778, 44.53887821575379746 ) ) ;
#3117 = CARTESIAN_POINT ( 'NONE',  ( 2.795424827010850155, -1.090973826841368677, 14.36842819340744626 ) ) ;
#3118 = DIRECTION ( 'NONE',  ( 0.000000000000000000, 0.000000000000000000, -1.000000000000000000 ) ) ;
#3119 =( NAMED_UNIT ( * ) PLANE_ANGLE_UNIT ( ) SI_UNIT ( $, .RADIAN. ) );
#3120 = UNCERTAINTY_MEASURE_WITH_UNIT (LENGTH_MEASURE( 1.000000000000000082E-05 ), #870, 'distance_accuracy_value', 'NONE');
#3121 = PLANE ( 'NONE',  #2594 ) ;
#3122 = CARTESIAN_POINT ( 'NONE',  ( -6.495165674069029116, 8.142181059043581470, 36.58887821575369514 ) ) ;
#3123 = FILL_AREA_STYLE_COLOUR ( '', #2269 ) ;
#3124 = EDGE_LOOP ( 'NONE', ( #4686, #4492, #5516, #1666 ) ) ;
#3125 = SURFACE_STYLE_USAGE ( .BOTH. , #1295 ) ;
#3126 = UNCERTAINTY_MEASURE_WITH_UNIT (LENGTH_MEASURE( 1.000000000000000082E-05 ), #3535, 'distance_accuracy_value', 'NONE');
#3127 = DIRECTION ( 'NONE',  ( 0.8453817696217515998, 0.5341625816090037615, 0.000000000000000000 ) ) ;
#3128 = ORIENTED_EDGE ( 'NONE', *, *, #5170, .T. ) ;
#3129 = DIRECTION ( 'NONE',  ( 0.000000000000000000, 0.000000000000000000, -1.000000000000000000 ) ) ;
#3130 = VERTEX_POINT ( 'NONE', #372 ) ;
#3131 = VERTEX_POINT ( 'NONE', #841 ) ;
#3132 = EDGE_CURVE ( 'NONE', #3581, #4414, #1271, .T. ) ;
#3133 = PRESENTATION_STYLE_ASSIGNMENT (( #1414 ) ) ;
#3134 = CARTESIAN_POINT ( 'NONE',  ( 3.580282145367370106, -7.432636124523059884, 36.58887821575369514 ) ) ;
#3135 = CARTESIAN_POINT ( 'NONE',  ( -2.952492930692300011, 3.847763700412489829, 19.00000000000000000 ) ) ;
#3136 = DIRECTION ( 'NONE',  ( 0.000000000000000000, 0.000000000000000000, -1.000000000000000000 ) ) ;
#3137 = CARTESIAN_POINT ( 'NONE',  ( -0.6330520322672530398, -4.808507577662980204, 10.80000000000000071 ) ) ;
#3138 = CARTESIAN_POINT ( 'NONE',  ( -1.856014646970690185, -4.480815732679739760, -1.513876697314419983 ) ) ;
#3139 = SURFACE_SIDE_STYLE ('',( #3905 ) ) ;
#3140 =( NAMED_UNIT ( * ) PLANE_ANGLE_UNIT ( ) SI_UNIT ( $, .RADIAN. ) );
#3141 = DIRECTION ( 'NONE',  ( -0.03990748061360652188, -0.9992033791931823616, 0.000000000000000000 ) ) ;
#3142 = VECTOR ( 'NONE', #1686, 1000.000000000000114 ) ;
#3143 = CARTESIAN_POINT ( 'NONE',  ( -4.258291324655729682, 1.141005721577959875, -1.513876697314419983 ) ) ;
#3144 = CARTESIAN_POINT ( 'NONE',  ( 9.384364076886180683, -4.518406843601039391, 36.58887821575369514 ) ) ;
#3145 = DIRECTION ( 'NONE',  ( 0.000000000000000000, 0.000000000000000000, -1.000000000000000000 ) ) ;
#3146 = VECTOR ( 'NONE', #3849, 1000.000000000000227 ) ;
#3147 = EDGE_CURVE ( 'NONE', #4806, #1874, #1297, .T. ) ;
#3148 =( NAMED_UNIT ( * ) SI_UNIT ( $, .STERADIAN. ) SOLID_ANGLE_UNIT ( ) );
#3149 = VERTEX_POINT ( 'NONE', #3358 ) ;
#3150 = ORIENTED_EDGE ( 'NONE', *, *, #255, .F. ) ;
#3151 = FACE_OUTER_BOUND ( 'NONE', #5034, .T. ) ;
#3152 = CARTESIAN_POINT ( 'NONE',  ( 0.000000000000000000, 0.000000000000000000, 86.48696279987521507 ) ) ;
#3153 = STYLED_ITEM ( 'NONE', ( #1119 ), #3650 ) ;
#3154 = MECHANICAL_DESIGN_GEOMETRIC_PRESENTATION_REPRESENTATION (  '', ( #996 ), #739 ) ;
#3155 = ORIENTED_EDGE ( 'NONE', *, *, #1832, .T. ) ;
#3156 = PRESENTATION_STYLE_ASSIGNMENT (( #1440 ) ) ;
#3157 = CARTESIAN_POINT ( 'NONE',  ( 9.410144157415910371, 0.3500000000000110245, 35.42224953785340347 ) ) ;
#3158 = DIRECTION ( 'NONE',  ( -1.000000000000000000, 0.000000000000000000, 0.000000000000000000 ) ) ;
#3159 = VERTEX_POINT ( 'NONE', #2580 ) ;
#3160 = EDGE_CURVE ( 'NONE', #3159, #565, #4286, .T. ) ;
#3161 = ORIENTED_EDGE ( 'NONE', *, *, #2319, .F. ) ;
#3162 = DIRECTION ( 'NONE',  ( 0.000000000000000000, 0.000000000000000000, 1.000000000000000000 ) ) ;
#3163 = CARTESIAN_POINT ( 'NONE',  ( 4.808507577662980204, 0.6330520322672400502, 16.07784281063719689 ) ) ;
#3164 = LINE ( 'NONE', #4880, #4348 ) ;
#3165 = DIRECTION ( 'NONE',  ( 0.000000000000000000, 0.000000000000000000, 1.000000000000000000 ) ) ;
#3166 = CARTESIAN_POINT ( 'NONE',  ( 2.204253788831489924, -3.817879555032349881, 19.00000000000000000 ) ) ;
#3167 =( GEOMETRIC_REPRESENTATION_CONTEXT ( 3 ) GLOBAL_UNCERTAINTY_ASSIGNED_CONTEXT ( ( #1549 ) ) GLOBAL_UNIT_ASSIGNED_CONTEXT ( ( #674, #2832, #1484 ) ) REPRESENTATION_CONTEXT ( 'NONE', 'WORKASPACE' ) );
#3168 = AXIS2_PLACEMENT_3D ( 'NONE', #2813, #3699, #4598 ) ;
#3169 = DIRECTION ( 'NONE',  ( 0.000000000000000000, 0.000000000000000000, 1.000000000000000000 ) ) ;
#3170 =( GEOMETRIC_REPRESENTATION_CONTEXT ( 3 ) GLOBAL_UNCERTAINTY_ASSIGNED_CONTEXT ( ( #4416 ) ) GLOBAL_UNIT_ASSIGNED_CONTEXT ( ( #751, #4152, #4999 ) ) REPRESENTATION_CONTEXT ( 'NONE', 'WORKASPACE' ) );
#3171 = SURFACE_STYLE_FILL_AREA ( #1369 ) ;
#3172 = AXIS2_PLACEMENT_3D ( 'NONE', #647, #4805, #534 ) ;
#3173 = DIRECTION ( 'NONE',  ( 0.000000000000000000, 0.000000000000000000, -1.000000000000000000 ) ) ;
#3174 = PLANE ( 'NONE',  #3984 ) ;
#3175 = SURFACE_SIDE_STYLE ('',( #2300 ) ) ;
#3176 = CARTESIAN_POINT ( 'NONE',  ( -6.451135614458690881, 5.142504184136769574, 44.17158205686133954 ) ) ;
#3177 = DIRECTION ( 'NONE',  ( 0.000000000000000000, 0.000000000000000000, 1.000000000000000000 ) ) ;
#3178 = VECTOR ( 'NONE', #3036, 1000.000000000000227 ) ;
#3179 = ORIENTED_EDGE ( 'NONE', *, *, #1338, .F. ) ;
#3180 = CARTESIAN_POINT ( 'NONE',  ( 2.973288958262354953, 0.4067034063949299671, 13.81518219947605708 ) ) ;
#3181 = VERTEX_POINT ( 'NONE', #421 ) ;
#3182 = CARTESIAN_POINT ( 'NONE',  ( 7.750000000000000000, 0.3499999999999999778, 36.38177143456719875 ) ) ;
#3183 = VECTOR ( 'NONE', #2970, 1000.000000000000114 ) ;
#3184 = EDGE_CURVE ( 'NONE', #3767, #1998, #538, .T. ) ;
#3185 = DIRECTION ( 'NONE',  ( -1.000000000000000000, 0.000000000000000000, 0.000000000000000000 ) ) ;
#3186 = UNCERTAINTY_MEASURE_WITH_UNIT (LENGTH_MEASURE( 1.000000000000000082E-05 ), #2259, 'distance_accuracy_value', 'NONE');
#3187 = PRESENTATION_STYLE_ASSIGNMENT (( #4048 ) ) ;
#3188 = STYLED_ITEM ( 'NONE', ( #3028 ), #1505 ) ;
#3189 = COLOUR_RGB ( '',0.2000000000000000111, 0.2000000000000000111, 0.2000000000000000111 ) ;
#3190 =( GEOMETRIC_REPRESENTATION_CONTEXT ( 3 ) GLOBAL_UNCERTAINTY_ASSIGNED_CONTEXT ( ( #5532 ) ) GLOBAL_UNIT_ASSIGNED_CONTEXT ( ( #3027, #5361, #193 ) ) REPRESENTATION_CONTEXT ( 'NONE', 'WORKASPACE' ) );
#3191 = ORIENTED_EDGE ( 'NONE', *, *, #4822, .T. ) ;
#3192 = PRESENTATION_LAYER_ASSIGNMENT (  '', '', ( #5073 ) ) ;
#3193 = CARTESIAN_POINT ( 'NONE',  ( -7.432238896074551349, 0.3267835776696707550, 37.82955430444542344 ) ) ;
#3194 = DIRECTION ( 'NONE',  ( -1.000000000000000000, 0.000000000000000000, 0.000000000000000000 ) ) ;
#3195 = VERTEX_POINT ( 'NONE', #397 ) ;
#3196 = AXIS2_PLACEMENT_3D ( 'NONE', #4769, #4742, #875 ) ;
#3197 = VERTEX_POINT ( 'NONE', #2144 ) ;
#3198 = DIRECTION ( 'NONE',  ( 0.000000000000000000, 0.000000000000000000, -1.000000000000000000 ) ) ;
#3199 = PRESENTATION_LAYER_ASSIGNMENT (  '', '', ( #55 ) ) ;
#3200 =( BOUNDED_CURVE ( )  B_SPLINE_CURVE ( 3, ( #5095, #4705, #4222, #367 ),
 .UNSPECIFIED., .F., .F. ) 
 B_SPLINE_CURVE_WITH_KNOTS ( ( 4, 4 ),
 ( 1.570796326794896558, 2.101849360660613897 ),
 .UNSPECIFIED. ) 
 CURVE ( )  GEOMETRIC_REPRESENTATION_ITEM ( )  RATIONAL_B_SPLINE_CURVE ( ( 1.000000000000000000, 0.9766363116344273232, 0.9766363116344273232, 1.000000000000000000 ) ) 
 REPRESENTATION_ITEM ( '' )  );
#3201 = VECTOR ( 'NONE', #2811, 1000.000000000000000 ) ;
#3202 = ORIENTED_EDGE ( 'NONE', *, *, #5224, .F. ) ;
#3203 = EDGE_CURVE ( 'NONE', #818, #247, #5478, .T. ) ;
#3204 = AXIS2_PLACEMENT_3D ( 'NONE', #3934, #4699, #2997 ) ;
#3205 = ORIENTED_EDGE ( 'NONE', *, *, #31, .F. ) ;
#3206 = DIRECTION ( 'NONE',  ( 0.000000000000000000, 0.000000000000000000, 1.000000000000000000 ) ) ;
#3207 = AXIS2_PLACEMENT_3D ( 'NONE', #3788, #3747, #1672 ) ;
#3208 = DIRECTION ( 'NONE',  ( 1.000000000000000000, 0.000000000000000000, 0.000000000000000000 ) ) ;
#3209 = CARTESIAN_POINT ( 'NONE',  ( 4.686511894237481712, -0.4399779939663964190, 16.19124145385136870 ) ) ;
#3210 = CARTESIAN_POINT ( 'NONE',  ( 0.000000000000000000, 0.000000000000000000, 0.000000000000000000 ) ) ;
#3211 = STYLED_ITEM ( 'NONE', ( #1473 ), #4975 ) ;
#3212 = CARTESIAN_POINT ( 'NONE',  ( 2.204253788831489924, -3.817879555032340111, -1.513876697314419983 ) ) ;
#3213 =( NAMED_UNIT ( * ) PLANE_ANGLE_UNIT ( ) SI_UNIT ( $, .RADIAN. ) );
#3214 = FILL_AREA_STYLE_COLOUR ( '', #4542 ) ;
#3215 = SURFACE_SIDE_STYLE ('',( #1427 ) ) ;
#3216 = VERTEX_POINT ( 'NONE', #7 ) ;
#3217 = CARTESIAN_POINT ( 'NONE',  ( 2.996512839193697264, 0.1656643325582548010, 13.75830472417159456 ) ) ;
#3218 = ORIENTED_EDGE ( 'NONE', *, *, #4677, .T. ) ;
#3219 = SURFACE_STYLE_USAGE ( .BOTH. , #4861 ) ;
#3220 = CARTESIAN_POINT ( 'NONE',  ( 5.020736889921710855, -0.3499999999999999778, 45.03887821575380457 ) ) ;
#3221 = DIRECTION ( 'NONE',  ( 0.000000000000000000, 0.000000000000000000, 1.000000000000000000 ) ) ;
#3222 = ORIENTED_EDGE ( 'NONE', *, *, #5209, .F. ) ;
#3223 = FACE_OUTER_BOUND ( 'NONE', #2673, .T. ) ;
#3224 = SURFACE_SIDE_STYLE ('',( #3651 ) ) ;
#3225 = EDGE_LOOP ( 'NONE', ( #2929, #2982, #3475, #2769 ) ) ;
#3226 = VERTEX_POINT ( 'NONE', #1741 ) ;
#3227 = SURFACE_STYLE_FILL_AREA ( #3735 ) ;
#3228 = SURFACE_SIDE_STYLE ('',( #3618 ) ) ;
#3229 = CARTESIAN_POINT ( 'NONE',  ( -6.493744496471469674, -8.143314555290071866, 36.58887821575369514 ) ) ;
#3230 = FACE_OUTER_BOUND ( 'NONE', #4385, .T. ) ;
#3231 = ORIENTED_EDGE ( 'NONE', *, *, #2804, .F. ) ;
#3232 = CARTESIAN_POINT ( 'NONE',  ( 5.569750823379179927, -0.3499999999999999778, 45.03887821575380457 ) ) ;
#3233 = DIRECTION ( 'NONE',  ( 5.666643948706210023E-33, 1.000000000000000000, 2.347200776693510069E-33 ) ) ;
#3234 =( BOUNDED_CURVE ( )  B_SPLINE_CURVE ( 3, ( #4035, #617, #2352, #226 ),
 .UNSPECIFIED., .F., .F. ) 
 B_SPLINE_CURVE_WITH_KNOTS ( ( 4, 4 ),
 ( 5.243442014250403460, 5.862488473087470453 ),
 .UNSPECIFIED. ) 
 CURVE ( )  GEOMETRIC_REPRESENTATION_ITEM ( )  RATIONAL_B_SPLINE_CURVE ( ( 1.000000000000000000, 0.9683192697507483349, 0.9683192697507483349, 1.000000000000000000 ) ) 
 REPRESENTATION_ITEM ( '' )  );
#3235 = VECTOR ( 'NONE', #834, 1000.000000000000227 ) ;
#3236 = SURFACE_STYLE_USAGE ( .BOTH. , #2717 ) ;
#3237 = DIRECTION ( 'NONE',  ( 0.000000000000000000, 0.000000000000000000, 1.000000000000000000 ) ) ;
#3238 =( NAMED_UNIT ( * ) PLANE_ANGLE_UNIT ( ) SI_UNIT ( $, .RADIAN. ) );
#3239 = LINE ( 'NONE', #4164, #1375 ) ;
#3240 = ORIENTED_EDGE ( 'NONE', *, *, #3332, .T. ) ;
#3241 = DIRECTION ( 'NONE',  ( 0.000000000000000000, 0.000000000000000000, -1.000000000000000000 ) ) ;
#3242 = VERTEX_POINT ( 'NONE', #4737 ) ;
#3243 =( NAMED_UNIT ( * ) PLANE_ANGLE_UNIT ( ) SI_UNIT ( $, .RADIAN. ) );
#3244 = CARTESIAN_POINT ( 'NONE',  ( 0.000000000000000000, 0.000000000000000000, 33.03887821575369799 ) ) ;
#3245 = UNCERTAINTY_MEASURE_WITH_UNIT (LENGTH_MEASURE( 1.000000000000000082E-05 ), #5113, 'distance_accuracy_value', 'NONE');
#3246 = CARTESIAN_POINT ( 'NONE',  ( -3.246872248235729952, -4.071657277645029716, 36.58887821575369514 ) ) ;
#3247 = PLANE ( 'NONE',  #3168 ) ;
#3248 = EDGE_LOOP ( 'NONE', ( #3808, #1460, #14, #3312, #4505, #299, #3763, #4708 ) ) ;
#3249 = CARTESIAN_POINT ( 'NONE',  ( -7.479092788951610338, 0.6332701855372165900, 37.94879913745054267 ) ) ;
#3250 = CIRCLE ( 'NONE', #1263, 8.250000000000090594 ) ;
#3251 = ORIENTED_EDGE ( 'NONE', *, *, #5079, .F. ) ;
#3252 = ADVANCED_FACE ( 'NONE', ( #4832 ), #3881, .T. ) ;
#3253 = ORIENTED_EDGE ( 'NONE', *, *, #4108, .F. ) ;
#3254 = AXIS2_PLACEMENT_3D ( 'NONE', #4835, #3603, #2332 ) ;
#3255 = CARTESIAN_POINT ( 'NONE',  ( 4.686511894237483489, 0.4399779939663840955, 16.19124145385136160 ) ) ;
#3256 = FACE_OUTER_BOUND ( 'NONE', #1553, .T. ) ;
#3257 =( NAMED_UNIT ( * ) SI_UNIT ( $, .STERADIAN. ) SOLID_ANGLE_UNIT ( ) );
#3258 = AXIS2_PLACEMENT_3D ( 'NONE', #2513, #4559, #2828 ) ;
#3259 =( NAMED_UNIT ( * ) PLANE_ANGLE_UNIT ( ) SI_UNIT ( $, .RADIAN. ) );
#3260 = ORIENTED_EDGE ( 'NONE', *, *, #938, .F. ) ;
#3261 = LINE ( 'NONE', #2858, #2110 ) ;
#3262 = SHAPE_REPRESENTATION_RELATIONSHIP ( 'NONE' , 'NONE' ,  #2246, #3370 ) ;
#3263 = ADVANCED_FACE ( 'NONE', ( #1224 ), #3121, .T. ) ;
#3264 = FACE_OUTER_BOUND ( 'NONE', #4573, .T. ) ;
#3265 =( LENGTH_UNIT ( ) NAMED_UNIT ( * ) SI_UNIT ( .MILLI., .METRE. ) );
#3266 = PLANE ( 'NONE',  #5323 ) ;
#3267 = CARTESIAN_POINT ( 'NONE',  ( -1.141005721577959875, 4.258291324655729682, 10.80000000000000071 ) ) ;
#3268 =( NAMED_UNIT ( * ) PLANE_ANGLE_UNIT ( ) SI_UNIT ( $, .RADIAN. ) );
#3269 = EDGE_CURVE ( 'NONE', #1109, #2974, #1894, .T. ) ;
#3270 = ORIENTED_EDGE ( 'NONE', *, *, #2842, .T. ) ;
#3271 = ORIENTED_EDGE ( 'NONE', *, *, #581, .F. ) ;
#3272 = FILL_AREA_STYLE ('',( #2416 ) ) ;
#3273 = ADVANCED_FACE ( 'NONE', ( #5389 ), #5279, .T. ) ;
#3274 = LINE ( 'NONE', #2446, #2452 ) ;
#3275 = AXIS2_PLACEMENT_3D ( 'NONE', #1814, #3963, #620 ) ;
#3276 = FACE_BOUND ( 'NONE', #3970, .T. ) ;
#3277 = PRESENTATION_STYLE_ASSIGNMENT (( #5400 ) ) ;
#3278 = ORIENTED_EDGE ( 'NONE', *, *, #759, .T. ) ;
#3279 = FILL_AREA_STYLE_COLOUR ( '', #419 ) ;
#3280 = ORIENTED_EDGE ( 'NONE', *, *, #3536, .F. ) ;
#3281 = MECHANICAL_DESIGN_GEOMETRIC_PRESENTATION_REPRESENTATION (  '', ( #307 ), #2098 ) ;
#3282 = ORIENTED_EDGE ( 'NONE', *, *, #3544, .F. ) ;
#3283 = DIRECTION ( 'NONE',  ( 1.000000000000000000, 0.000000000000000000, 0.000000000000000000 ) ) ;
#3284 = VECTOR ( 'NONE', #1351, 1000.000000000000114 ) ;
#3285 =( GEOMETRIC_REPRESENTATION_CONTEXT ( 3 ) GLOBAL_UNCERTAINTY_ASSIGNED_CONTEXT ( ( #1309 ) ) GLOBAL_UNIT_ASSIGNED_CONTEXT ( ( #1068, #3119, #3631 ) ) REPRESENTATION_CONTEXT ( 'NONE', 'WORKASPACE' ) );
#3286 = DIRECTION ( 'NONE',  ( 0.000000000000000000, 0.000000000000000000, 1.000000000000000000 ) ) ;
#3287 = FILL_AREA_STYLE ('',( #1562 ) ) ;
#3288 = EDGE_CURVE ( 'NONE', #741, #1682, #2353, .T. ) ;
#3289 = EDGE_LOOP ( 'NONE', ( #4454, #4633 ) ) ;
#3290 = SURFACE_SIDE_STYLE ('',( #1597 ) ) ;
#3291 = CYLINDRICAL_SURFACE ( 'NONE', #3207, 2.999999999999998224 ) ;
#3292 = COLOUR_RGB ( '',0.2000000000000000111, 0.2000000000000000111, 0.2000000000000000111 ) ;
#3293 = PRESENTATION_LAYER_ASSIGNMENT (  '', '', ( #1657 ) ) ;
#3294 =( LENGTH_UNIT ( ) NAMED_UNIT ( * ) SI_UNIT ( .MILLI., .METRE. ) );
#3295 = ADVANCED_FACE ( 'NONE', ( #1002 ), #1933, .T. ) ;
#3296 = SURFACE_SIDE_STYLE ('',( #2496 ) ) ;
#3297 = CARTESIAN_POINT ( 'NONE',  ( -4.480815732679739760, -1.856014646970690185, 10.80000000000000071 ) ) ;
#3298 = SURFACE_SIDE_STYLE ('',( #1673 ) ) ;
#3299 = CARTESIAN_POINT ( 'NONE',  ( 1.856014646970690185, 4.480815732679739760, -1.513876697314419983 ) ) ;
#3300 = STYLED_ITEM ( 'NONE', ( #2005 ), #5036 ) ;
#3301 = CARTESIAN_POINT ( 'NONE',  ( -3.817879555032340111, 2.204253788831489924, -1.513876697314419983 ) ) ;
#3302 = ORIENTED_EDGE ( 'NONE', *, *, #5062, .T. ) ;
#3303 = DIRECTION ( 'NONE',  ( 0.7347623353739640706, 0.6783246350500609090, 0.000000000000000000 ) ) ;
#3304 = PRESENTATION_LAYER_ASSIGNMENT (  '', '', ( #5535 ) ) ;
#3305 = ORIENTED_EDGE ( 'NONE', *, *, #3828, .T. ) ;
#3306 = CARTESIAN_POINT ( 'NONE',  ( -3.117285603077779577, -3.117285603077779577, 10.80000000000000071 ) ) ;
#3307 = UNCERTAINTY_MEASURE_WITH_UNIT (LENGTH_MEASURE( 1.000000000000000082E-05 ), #5139, 'distance_accuracy_value', 'NONE');
#3308 = CARTESIAN_POINT ( 'NONE',  ( 1.856014646970690185, 4.480815732679739760, 19.00000000000000000 ) ) ;
#3309 = FILL_AREA_STYLE_COLOUR ( '', #1806 ) ;
#3310 = ORIENTED_EDGE ( 'NONE', *, *, #125, .T. ) ;
#3311 = VERTEX_POINT ( 'NONE', #2383 ) ;
#3312 = ORIENTED_EDGE ( 'NONE', *, *, #4149, .F. ) ;
#3313 = PLANE ( 'NONE',  #1876 ) ;
#3314 = DIRECTION ( 'NONE',  ( -0.2200651982791799188, 0.9754851657028645873, 0.000000000000000000 ) ) ;
#3315 = CARTESIAN_POINT ( 'NONE',  ( 8.043384075242668629, -1.834794979863570097, 36.58887821575369514 ) ) ;
#3316 = ORIENTED_EDGE ( 'NONE', *, *, #325, .F. ) ;
#3317 = EDGE_CURVE ( 'NONE', #1948, #4600, #468, .T. ) ;
#3318 = CARTESIAN_POINT ( 'NONE',  ( 4.258291324655729682, -1.141005721577950105, 10.80000000000000071 ) ) ;
#3319 = PRESENTATION_STYLE_ASSIGNMENT (( #1595 ) ) ;
#3320 = DIRECTION ( 'NONE',  ( 0.6783246350500666821, 0.7347623353739587415, 0.000000000000000000 ) ) ;
#3321 = CARTESIAN_POINT ( 'NONE',  ( 4.258291324655729682, -1.141005721577959875, 15.51049578188889910 ) ) ;
#3322 = CARTESIAN_POINT ( 'NONE',  ( 1.141005721577959875, 4.258291324655729682, 10.80000000000000071 ) ) ;
#3323 =( NAMED_UNIT ( * ) PLANE_ANGLE_UNIT ( ) SI_UNIT ( $, .RADIAN. ) );
#3324 = SURFACE_SIDE_STYLE ('',( #253 ) ) ;
#3325 = PLANE ( 'NONE',  #5058 ) ;
#3326 = SURFACE_STYLE_USAGE ( .BOTH. , #3721 ) ;
#3327 = DIRECTION ( 'NONE',  ( -0.8852892502353513215, 0.4650407975841791552, 0.000000000000000000 ) ) ;
#3328 = LINE ( 'NONE', #5015, #2652 ) ;
#3329 = SURFACE_STYLE_FILL_AREA ( #3776 ) ;
#3330 = EDGE_CURVE ( 'NONE', #2776, #4986, #4128, .T. ) ;
#3331 = SURFACE_STYLE_FILL_AREA ( #1610 ) ;
#3332 = EDGE_CURVE ( 'NONE', #130, #48, #3420, .T. ) ;
#3333 = ORIENTED_EDGE ( 'NONE', *, *, #866, .T. ) ;
#3334 =( LENGTH_UNIT ( ) NAMED_UNIT ( * ) SI_UNIT ( .MILLI., .METRE. ) );
#3335 =( GEOMETRIC_REPRESENTATION_CONTEXT ( 3 ) GLOBAL_UNCERTAINTY_ASSIGNED_CONTEXT ( ( #3054 ) ) GLOBAL_UNIT_ASSIGNED_CONTEXT ( ( #1069, #4565, #1846 ) ) REPRESENTATION_CONTEXT ( 'NONE', 'WORKASPACE' ) );
#3336 = ORIENTED_EDGE ( 'NONE', *, *, #5089, .T. ) ;
#3337 =( LENGTH_UNIT ( ) NAMED_UNIT ( * ) SI_UNIT ( .MILLI., .METRE. ) );
#3338 = DIRECTION ( 'NONE',  ( 0.000000000000000000, 0.000000000000000000, 1.000000000000000000 ) ) ;
#3339 = ADVANCED_FACE ( 'NONE', ( #5417 ), #5498, .T. ) ;
#3340 = EDGE_LOOP ( 'NONE', ( #4740, #2174, #4476, #2646 ) ) ;
#3341 = VECTOR ( 'NONE', #892, 1000.000000000000000 ) ;
#3342 = CARTESIAN_POINT ( 'NONE',  ( -2.204253788831489924, -3.817879555032340111, 10.80000000000000071 ) ) ;
#3343 = CARTESIAN_POINT ( 'NONE',  ( 2.307093523456420936, 7.150098973569567029, 44.41157641377709808 ) ) ;
#3344 =( LENGTH_UNIT ( ) NAMED_UNIT ( * ) SI_UNIT ( .MILLI., .METRE. ) );
#3345 = FILL_AREA_STYLE_COLOUR ( '', #1756 ) ;
#3346 = CONTEXT_DEPENDENT_SHAPE_REPRESENTATION ( #3792, #2668 ) ;
#3347 = CARTESIAN_POINT ( 'NONE',  ( -0.6330520322672510414, 4.808507577662980204, 19.00000000000000000 ) ) ;
#3348 = FILL_AREA_STYLE ('',( #1624 ) ) ;
#3349 = EDGE_LOOP ( 'NONE', ( #5422, #2404 ) ) ;
#3350 =( NAMED_UNIT ( * ) PLANE_ANGLE_UNIT ( ) SI_UNIT ( $, .RADIAN. ) );
#3351 = UNCERTAINTY_MEASURE_WITH_UNIT (LENGTH_MEASURE( 1.000000000000000082E-05 ), #573, 'distance_accuracy_value', 'NONE');
#3352 =( NAMED_UNIT ( * ) PLANE_ANGLE_UNIT ( ) SI_UNIT ( $, .RADIAN. ) );
#3353 = VECTOR ( 'NONE', #5433, 1000.000000000000000 ) ;
#3354 = EDGE_LOOP ( 'NONE', ( #3378, #874, #1848, #2511, #2607, #4630, #2524, #2702, #3476, #896, #3673, #5381, #5078, #2367 ) ) ;
#3355 = DIRECTION ( 'NONE',  ( -0.9992033791931825837, -0.03990748061359929155, 0.000000000000000000 ) ) ;
#3356 = EDGE_CURVE ( 'NONE', #1794, #2431, #3250, .T. ) ;
#3357 = EDGE_LOOP ( 'NONE', ( #1009, #4209, #3498, #1605 ) ) ;
#3358 = CARTESIAN_POINT ( 'NONE',  ( -2.952492930692300011, 3.847763700412489829, 10.80000000000000071 ) ) ;
#3359 =( LENGTH_UNIT ( ) NAMED_UNIT ( * ) SI_UNIT ( .MILLI., .METRE. ) );
#3360 = CARTESIAN_POINT ( 'NONE',  ( 4.808507577662980204, 0.6330520322672400502, 13.92215718936280133 ) ) ;
#3361 = ORIENTED_EDGE ( 'NONE', *, *, #3029, .F. ) ;
#3362 = ORIENTED_EDGE ( 'NONE', *, *, #4528, .T. ) ;
#3363 = AXIS2_PLACEMENT_3D ( 'NONE', #553, #4404, #2264 ) ;
#3364 = MECHANICAL_DESIGN_GEOMETRIC_PRESENTATION_REPRESENTATION (  '', ( #2274 ), #2539 ) ;
#3365 = DIRECTION ( 'NONE',  ( 0.000000000000000000, 0.000000000000000000, 1.000000000000000000 ) ) ;
#3366 = FILL_AREA_STYLE ('',( #406 ) ) ;
#3367 = AXIS2_PLACEMENT_3D ( 'NONE', #4295, #2155, #3900 ) ;
#3368 =( GEOMETRIC_REPRESENTATION_CONTEXT ( 3 ) GLOBAL_UNCERTAINTY_ASSIGNED_CONTEXT ( ( #5363 ) ) GLOBAL_UNIT_ASSIGNED_CONTEXT ( ( #1032, #4464, #1696 ) ) REPRESENTATION_CONTEXT ( 'NONE', 'WORKASPACE' ) );
#3369 =( GEOMETRIC_REPRESENTATION_CONTEXT ( 3 ) GLOBAL_UNCERTAINTY_ASSIGNED_CONTEXT ( ( #851 ) ) GLOBAL_UNIT_ASSIGNED_CONTEXT ( ( #2839, #283, #693 ) ) REPRESENTATION_CONTEXT ( 'NONE', 'WORKASPACE' ) );
#3370 = ADVANCED_BREP_SHAPE_REPRESENTATION ( '', ( #1618, #2543 ), #1213 ) ;
#3371 = LINE ( 'NONE', #308, #4361 ) ;
#3372 =( NAMED_UNIT ( * ) SI_UNIT ( $, .STERADIAN. ) SOLID_ANGLE_UNIT ( ) );
#3373 = PRESENTATION_LAYER_ASSIGNMENT (  '', '', ( #2549 ) ) ;
#3374 = AXIS2_PLACEMENT_3D ( 'NONE', #3152, #561, #2308 ) ;
#3375 = CARTESIAN_POINT ( 'NONE',  ( -7.525283706467531530, 0.8210663816827155070, 44.39301794922164390 ) ) ;
#3376 = LINE ( 'NONE', #2570, #2631 ) ;
#3377 =( GEOMETRIC_REPRESENTATION_CONTEXT ( 3 ) GLOBAL_UNCERTAINTY_ASSIGNED_CONTEXT ( ( #1372 ) ) GLOBAL_UNIT_ASSIGNED_CONTEXT ( ( #3400, #1235, #4184 ) ) REPRESENTATION_CONTEXT ( 'NONE', 'WORKASPACE' ) );
#3378 = ORIENTED_EDGE ( 'NONE', *, *, #2950, .T. ) ;
#3379 = STYLED_ITEM ( 'NONE', ( #2252 ), #1844 ) ;
#3380 = CARTESIAN_POINT ( 'NONE',  ( -4.408507577662979848, -2.322192904358280037E-15, 10.80000000000000071 ) ) ;
#3381 =( GEOMETRIC_REPRESENTATION_CONTEXT ( 3 ) GLOBAL_UNCERTAINTY_ASSIGNED_CONTEXT ( ( #1811 ) ) GLOBAL_UNIT_ASSIGNED_CONTEXT ( ( #774, #5046, #374 ) ) REPRESENTATION_CONTEXT ( 'NONE', 'WORKASPACE' ) );
#3382 = PRESENTATION_LAYER_ASSIGNMENT (  '', '', ( #3110 ) ) ;
#3383 = DIRECTION ( 'NONE',  ( -0.9992033791931824727, 0.03990748061360552268, 0.000000000000000000 ) ) ;
#3384 = MECHANICAL_DESIGN_GEOMETRIC_PRESENTATION_REPRESENTATION (  '', ( #5533 ), #3560 ) ;
#3385 = CARTESIAN_POINT ( 'NONE',  ( -4.789944759085373427, -0.7697522003136461066, 40.03701917664171361 ) ) ;
#3386 = COLOUR_RGB ( '',0.8000000000000000444, 0.6627450980392156632, 0.3176470588235293935 ) ;
#3387 = VERTEX_POINT ( 'NONE', #383 ) ;
#3388 = CARTESIAN_POINT ( 'NONE',  ( -4.258291324655739452, -1.141005721577959875, 19.00000000000000000 ) ) ;
#3389 = AXIS2_PLACEMENT_3D ( 'NONE', #2302, #3921, #4760 ) ;
#3390 = VERTEX_POINT ( 'NONE', #1574 ) ;
#3391 = DIRECTION ( 'NONE',  ( 0.000000000000000000, 0.000000000000000000, 1.000000000000000000 ) ) ;
#3392 = FILL_AREA_STYLE ('',( #2200 ) ) ;
#3393 = CARTESIAN_POINT ( 'NONE',  ( 5.020736889921710855, -0.3499999999999999778, 44.53887821575379746 ) ) ;
#3394 = ORIENTED_EDGE ( 'NONE', *, *, #551, .F. ) ;
#3395 = VERTEX_POINT ( 'NONE', #2101 ) ;
#3396 = UNCERTAINTY_MEASURE_WITH_UNIT (LENGTH_MEASURE( 1.000000000000000082E-05 ), #2010, 'distance_accuracy_value', 'NONE');
#3397 =( NAMED_UNIT ( * ) SI_UNIT ( $, .STERADIAN. ) SOLID_ANGLE_UNIT ( ) );
#3398 = DIRECTION ( 'NONE',  ( -0.2200651982791860528, -0.9754851657028632550, 0.000000000000000000 ) ) ;
#3399 = FILL_AREA_STYLE_COLOUR ( '', #3961 ) ;
#3400 =( LENGTH_UNIT ( ) NAMED_UNIT ( * ) SI_UNIT ( .MILLI., .METRE. ) );
#3401 = EDGE_CURVE ( 'NONE', #1630, #326, #3771, .T. ) ;
#3402 = EDGE_CURVE ( 'NONE', #513, #1466, #2920, .T. ) ;
#3403 = PRESENTATION_STYLE_ASSIGNMENT (( #2773 ) ) ;
#3404 = CARTESIAN_POINT ( 'NONE',  ( 6.442882758221533557, 3.839584665475403558, 44.41712914212489238 ) ) ;
#3405 =( NAMED_UNIT ( * ) PLANE_ANGLE_UNIT ( ) SI_UNIT ( $, .RADIAN. ) );
#3406 = ADVANCED_FACE ( 'NONE', ( #4698 ), #2476, .F. ) ;
#3407 = UNCERTAINTY_MEASURE_WITH_UNIT (LENGTH_MEASURE( 1.000000000000000082E-05 ), #1517, 'distance_accuracy_value', 'NONE');
#3408 = CARTESIAN_POINT ( 'NONE',  ( -4.811140618840683558, -0.6311051293977891774, 40.13010591353856427 ) ) ;
#3409 = ORIENTED_EDGE ( 'NONE', *, *, #2574, .T. ) ;
#3410 = ORIENTED_EDGE ( 'NONE', *, *, #1655, .T. ) ;
#3411 = SURFACE_STYLE_USAGE ( .BOTH. , #4685 ) ;
#3413 =( GEOMETRIC_REPRESENTATION_CONTEXT ( 3 ) GLOBAL_UNCERTAINTY_ASSIGNED_CONTEXT ( ( #3892 ) ) GLOBAL_UNIT_ASSIGNED_CONTEXT ( ( #2756, #4953, #4069 ) ) REPRESENTATION_CONTEXT ( 'NONE', 'WORKASPACE' ) );
#3412 = DIRECTION ( 'NONE',  ( 0.9754851657028650314, 0.2200651982791779759, 0.000000000000000000 ) ) ;
#3414 = EDGE_CURVE ( 'NONE', #1133, #2147, #881, .T. ) ;
#3415 = VERTEX_POINT ( 'NONE', #3483 ) ;
#3416 = CARTESIAN_POINT ( 'NONE',  ( 5.020736889921710855, -0.3499999999999999778, 45.53887821575380457 ) ) ;
#3417 = PLANE ( 'NONE',  #5515 ) ;
#3418 = CARTESIAN_POINT ( 'NONE',  ( 4.808507577662980204, 0.6330520322672419375, 10.80000000000000071 ) ) ;
#3419 = CARTESIAN_POINT ( 'NONE',  ( -6.450237979908719055, -5.143630041375889306, 44.17158205686133954 ) ) ;
#3420 = CIRCLE ( 'NONE', #4399, 6.899999999999999467 ) ;
#3421 = APPLICATION_PROTOCOL_DEFINITION ( 'draft international standard', 'automotive_design', 1998, #2067 ) ;
#3422 = ADVANCED_FACE ( 'NONE', ( #2211, #1701 ), #4342, .F. ) ;
#3423 = DIRECTION ( 'NONE',  ( 0.000000000000000000, -1.000000000000000000, 0.000000000000000000 ) ) ;
#3424 = ADVANCED_FACE ( 'NONE', ( #57 ), #467, .T. ) ;
#3425 = LINE ( 'NONE', #5135, #2292 ) ;
#3426 = CARTESIAN_POINT ( 'NONE',  ( -5.580736889921710464, 0.000000000000000000, 45.03887821575380457 ) ) ;
#3427 = FILL_AREA_STYLE ('',( #530 ) ) ;
#3428 = FILL_AREA_STYLE_COLOUR ( '', #4433 ) ;
#3429 =( LENGTH_UNIT ( ) NAMED_UNIT ( * ) SI_UNIT ( .MILLI., .METRE. ) );
#3430 = LINE ( 'NONE', #863, #5501 ) ;
#3431 = EDGE_CURVE ( 'NONE', #4420, #4423, #5241, .T. ) ;
#3432 = ORIENTED_EDGE ( 'NONE', *, *, #504, .T. ) ;
#3433 = DIRECTION ( 'NONE',  ( 0.000000000000000000, -1.000000000000000000, -1.665334536937739741E-16 ) ) ;
#3434 = CARTESIAN_POINT ( 'NONE',  ( 0.000000000000000000, 0.000000000000000000, 86.48696279987521507 ) ) ;
#3435 =( NAMED_UNIT ( * ) SI_UNIT ( $, .STERADIAN. ) SOLID_ANGLE_UNIT ( ) );
#3436 = PLANE ( 'NONE',  #4541 ) ;
#3437 =( NAMED_UNIT ( * ) PLANE_ANGLE_UNIT ( ) SI_UNIT ( $, .RADIAN. ) );
#3438 = CARTESIAN_POINT ( 'NONE',  ( 3.847763700412489829, -2.952492930692300011, -1.513876697314419983 ) ) ;
#3439 = CARTESIAN_POINT ( 'NONE',  ( -4.050958809482750667, 6.394824281388033604, 44.39301794922162969 ) ) ;
#3440 = DIRECTION ( 'NONE',  ( 0.000000000000000000, 0.000000000000000000, 1.000000000000000000 ) ) ;
#3441 = EDGE_LOOP ( 'NONE', ( #2961, #1536, #2035, #152, #4364, #4714 ) ) ;
#3442 = UNCERTAINTY_MEASURE_WITH_UNIT (LENGTH_MEASURE( 1.000000000000000082E-05 ), #1966, 'distance_accuracy_value', 'NONE');
#3443 = CARTESIAN_POINT ( 'NONE',  ( 4.808507577662980204, -0.6330520322672550382, -1.513876697314419983 ) ) ;
#3444 = SURFACE_STYLE_FILL_AREA ( #5132 ) ;
#3445 = DIRECTION ( 'NONE',  ( -1.000000000000000000, 0.000000000000000000, 0.000000000000000000 ) ) ;
#3446 = CARTESIAN_POINT ( 'NONE',  ( -0.6330520322672480438, 4.808507577662980204, 19.00000000000000000 ) ) ;
#3447 = PRESENTATION_LAYER_ASSIGNMENT (  '', '', ( #307 ) ) ;
#3448 = ADVANCED_FACE ( 'NONE', ( #1759 ), #3563, .T. ) ;
#3449 = PRESENTATION_LAYER_ASSIGNMENT (  '', '', ( #1918 ) ) ;
#3450 = DIRECTION ( 'NONE',  ( -1.000000000000000000, 0.000000000000000000, 0.000000000000000000 ) ) ;
#3451 = AXIS2_PLACEMENT_3D ( 'NONE', #5372, #4864, #2494 ) ;
#3452 = SURFACE_SIDE_STYLE ('',( #4748 ) ) ;
#3453 = AXIS2_PLACEMENT_3D ( 'NONE', #3977, #4749, #2261 ) ;
#3454 = CONICAL_SURFACE ( 'NONE', #4638, 5.580736889921710464, 1.256637061435899705 ) ;
#3455 = CARTESIAN_POINT ( 'NONE',  ( 2.936213669390205894, -0.6344256688593977733, 13.91037036598825338 ) ) ;
#3456 = CARTESIAN_POINT ( 'NONE',  ( -3.117285603077769807, 3.117285603077769807, 19.00000000000000000 ) ) ;
#3457 = SURFACE_STYLE_FILL_AREA ( #2214 ) ;
#3458 = UNCERTAINTY_MEASURE_WITH_UNIT (LENGTH_MEASURE( 1.000000000000000082E-05 ), #3429, 'distance_accuracy_value', 'NONE');
#3459 =( GEOMETRIC_REPRESENTATION_CONTEXT ( 3 ) GLOBAL_UNCERTAINTY_ASSIGNED_CONTEXT ( ( #1761 ) ) GLOBAL_UNIT_ASSIGNED_CONTEXT ( ( #5233, #213, #1388 ) ) REPRESENTATION_CONTEXT ( 'NONE', 'WORKASPACE' ) );
#3460 = B_SPLINE_CURVE_WITH_KNOTS ( 'NONE', 3,
 ( #3766, #2063, #817, #4579 ),
 .UNSPECIFIED., .F., .F.,
 ( 4, 4 ),
 ( 0.003523580106648130112, 0.006333593579865819632 ),
 .UNSPECIFIED. ) ;
#3461 = CARTESIAN_POINT ( 'NONE',  ( -4.850000000000000533, -2.178608318461550073E-16, 40.28887821575369799 ) ) ;
#3462 = PRESENTATION_LAYER_ASSIGNMENT (  '', '', ( #2102 ) ) ;
#3463 = ORIENTED_EDGE ( 'NONE', *, *, #3839, .T. ) ;
#3464 = CARTESIAN_POINT ( 'NONE',  ( 7.485588724813871941, 2.173289769576686847, 44.32135513979274322 ) ) ;
#3465 = EDGE_CURVE ( 'NONE', #962, #4105, #4004, .T. ) ;
#3466 = CARTESIAN_POINT ( 'NONE',  ( -4.623333572334805019, -5.797773471686923585, 44.44273301383612562 ) ) ;
#3467 = VECTOR ( 'NONE', #5459, 1000.000000000000114 ) ;
#3468 = CARTESIAN_POINT ( 'NONE',  ( -1.685612795239709862E-15, -4.408507577662979848, -1.513876697314419983 ) ) ;
#3469 = VECTOR ( 'NONE', #5187, 1000.000000000000000 ) ;
#3470 = ORIENTED_EDGE ( 'NONE', *, *, #3184, .T. ) ;
#3471 = AXIS2_PLACEMENT_3D ( 'NONE', #1729, #3118, #1397 ) ;
#3472 = CARTESIAN_POINT ( 'NONE',  ( -7.415483163629598806, 0.08362005272848778425, 37.78887821575369799 ) ) ;
#3473 = LINE ( 'NONE', #3924, #4599 ) ;
#3474 = SURFACE_STYLE_USAGE ( .BOTH. , #44 ) ;
#3475 = ORIENTED_EDGE ( 'NONE', *, *, #1421, .F. ) ;
#3476 = ORIENTED_EDGE ( 'NONE', *, *, #3864, .F. ) ;
#3477 = FACE_OUTER_BOUND ( 'NONE', #4924, .T. ) ;
#3478 = CARTESIAN_POINT ( 'NONE',  ( -3.117285603077779577, -3.117285603077779577, 10.80000000000000071 ) ) ;
#3479 = CARTESIAN_POINT ( 'NONE',  ( 2.952492930692280027, -3.847763700412500043, 10.80000000000000071 ) ) ;
#3480 = CARTESIAN_POINT ( 'NONE',  ( 0.000000000000000000, 0.000000000000000000, 86.48696279987521507 ) ) ;
#3481 = EDGE_CURVE ( 'NONE', #3311, #1056, #1481, .T. ) ;
#3482 = SURFACE_SIDE_STYLE ('',( #5214 ) ) ;
#3483 = CARTESIAN_POINT ( 'NONE',  ( -7.415483163629599694, -4.386898176736380162E-16, 37.78887821575369799 ) ) ;
#3484 = CARTESIAN_POINT ( 'NONE',  ( 0.2056427885112204479, 7.997991429125564267, 44.25347630657345377 ) ) ;
#3485 = EDGE_CURVE ( 'NONE', #1527, #521, #2515, .T. ) ;
#3486 = LINE ( 'NONE', #3053, #2630 ) ;
#3487 = LINE ( 'NONE', #1244, #2907 ) ;
#3488 = VERTEX_POINT ( 'NONE', #4917 ) ;
#3489 = CARTESIAN_POINT ( 'NONE',  ( -3.117285603077769807, 3.117285603077769807, 10.80000000000000071 ) ) ;
#3490 = CARTESIAN_POINT ( 'NONE',  ( 0.000000000000000000, 0.000000000000000000, 36.58887821575369514 ) ) ;
#3491 = EDGE_CURVE ( 'NONE', #4423, #3395, #3623, .T. ) ;
#3492 = FACE_OUTER_BOUND ( 'NONE', #5350, .T. ) ;
#3493 = EDGE_CURVE ( 'NONE', #4592, #621, #3663, .T. ) ;
#3494 = LINE ( 'NONE', #175, #3641 ) ;
#3495 = ORIENTED_EDGE ( 'NONE', *, *, #5005, .F. ) ;
#3496 = CARTESIAN_POINT ( 'NONE',  ( 0.000000000000000000, 0.000000000000000000, 44.93887821575369657 ) ) ;
#3497 = CARTESIAN_POINT ( 'NONE',  ( 4.808507577662980204, 0.6330520322672370526, 10.80000000000000071 ) ) ;
#3498 = ORIENTED_EDGE ( 'NONE', *, *, #4571, .F. ) ;
#3499 = ORIENTED_EDGE ( 'NONE', *, *, #4701, .T. ) ;
#3500 = COLOUR_RGB ( '',0.2000000000000000111, 0.2000000000000000111, 0.2000000000000000111 ) ;
#3501 = DIRECTION ( 'NONE',  ( 0.000000000000000000, 0.000000000000000000, -1.000000000000000000 ) ) ;
#3502 = SURFACE_STYLE_FILL_AREA ( #465 ) ;
#3503 = EDGE_CURVE ( 'NONE', #2911, #3682, #1064, .T. ) ;
#3504 = APPLICATION_CONTEXT ( 'automotive_design' ) ;
#3505 = MECHANICAL_DESIGN_GEOMETRIC_PRESENTATION_REPRESENTATION (  '', ( #4499 ), #3335 ) ;
#3506 = DIRECTION ( 'NONE',  ( 1.000000000000000000, 0.000000000000000000, 0.000000000000000000 ) ) ;
#3507 = COLOUR_RGB ( '',0.8000000000000000444, 0.6627450980392156632, 0.3176470588235293935 ) ;
#3508 = FILL_AREA_STYLE_COLOUR ( '', #1370 ) ;
#3509 = UNCERTAINTY_MEASURE_WITH_UNIT (LENGTH_MEASURE( 1.000000000000000082E-05 ), #408, 'distance_accuracy_value', 'NONE');
#3510 =( GEOMETRIC_REPRESENTATION_CONTEXT ( 3 ) GLOBAL_UNCERTAINTY_ASSIGNED_CONTEXT ( ( #365 ) ) GLOBAL_UNIT_ASSIGNED_CONTEXT ( ( #1471, #214, #1389 ) ) REPRESENTATION_CONTEXT ( 'NONE', 'WORKASPACE' ) );
#3511 = CARTESIAN_POINT ( 'NONE',  ( 4.808507577662980204, 0.6330520322672410494, 19.00000000000000000 ) ) ;
#3512 = ORIENTED_EDGE ( 'NONE', *, *, #2538, .T. ) ;
#3513 = CARTESIAN_POINT ( 'NONE',  ( 0.000000000000000000, 0.3499999999999999778, 45.03887821575380457 ) ) ;
#3514 = CYLINDRICAL_SURFACE ( 'NONE', #3374, 8.250000000000000000 ) ;
#3515 = CARTESIAN_POINT ( 'NONE',  ( -2.204253788831489924, -3.817879555032340111, 19.00000000000000000 ) ) ;
#3516 = EDGE_CURVE ( 'NONE', #3226, #2795, #1093, .T. ) ;
#3517 = EDGE_CURVE ( 'NONE', #3801, #1682, #2260, .T. ) ;
#3518 = EDGE_LOOP ( 'NONE', ( #2365, #4053, #4363, #1888 ) ) ;
#3519 = CARTESIAN_POINT ( 'NONE',  ( 0.000000000000000000, 0.000000000000000000, 34.83887821575380173 ) ) ;
#3520 = CARTESIAN_POINT ( 'NONE',  ( 8.043384075242761000, -1.834794979863587194, 44.17158205686133954 ) ) ;
#3521 = EDGE_LOOP ( 'NONE', ( #988, #1444, #3967, #4379 ) ) ;
#3522 = EDGE_LOOP ( 'NONE', ( #4657, #32, #129, #1530 ) ) ;
#3523 = MECHANICAL_DESIGN_GEOMETRIC_PRESENTATION_REPRESENTATION (  '', ( #4162 ), #5221 ) ;
#3524 = PLANE ( 'NONE',  #1035 ) ;
#3525 = FILL_AREA_STYLE_COLOUR ( '', #3094 ) ;
#3526 = PRESENTATION_STYLE_ASSIGNMENT (( #4931 ) ) ;
#3527 = CARTESIAN_POINT ( 'NONE',  ( 4.408507577662979848, -3.913326676722159714E-15, 19.00000000000000000 ) ) ;
#3528 = PRODUCT_DEFINITION_SHAPE ( 'NONE', 'NONE',  #1738 ) ;
#3529 = CARTESIAN_POINT ( 'NONE',  ( -7.843421727389214837, -1.578255829436617352, 44.25347630657346798 ) ) ;
#3530 =( GEOMETRIC_REPRESENTATION_CONTEXT ( 3 ) GLOBAL_UNCERTAINTY_ASSIGNED_CONTEXT ( ( #1323 ) ) GLOBAL_UNIT_ASSIGNED_CONTEXT ( ( #3717, #3238, #4131 ) ) REPRESENTATION_CONTEXT ( 'NONE', 'WORKASPACE' ) );
#3531 =( NAMED_UNIT ( * ) SI_UNIT ( $, .STERADIAN. ) SOLID_ANGLE_UNIT ( ) );
#3532 = PRESENTATION_LAYER_ASSIGNMENT (  '', '', ( #4620 ) ) ;
#3533 = FILL_AREA_STYLE_COLOUR ( '', #832 ) ;
#3534 = DIRECTION ( 'NONE',  ( -1.000000000000000000, 1.246832498358330099E-15, -9.436895709313830594E-16 ) ) ;
#3535 =( LENGTH_UNIT ( ) NAMED_UNIT ( * ) SI_UNIT ( .MILLI., .METRE. ) );
#3536 = EDGE_CURVE ( 'NONE', #2776, #837, #5296, .T. ) ;
#3537 = DIRECTION ( 'NONE',  ( 0.000000000000000000, 0.000000000000000000, 1.000000000000000000 ) ) ;
#3538 = LINE ( 'NONE', #2971, #2996 ) ;
#3539 = PRESENTATION_LAYER_ASSIGNMENT (  '', '', ( #3981 ) ) ;
#3540 = AXIS2_PLACEMENT_3D ( 'NONE', #72, #8, #1744 ) ;
#3541 = DIRECTION ( 'NONE',  ( 0.000000000000000000, 0.000000000000000000, -1.000000000000000000 ) ) ;
#3542 = COLOUR_RGB ( '',0.8000000000000000444, 0.6627450980392156632, 0.3176470588235293935 ) ;
#3543 = ORIENTED_EDGE ( 'NONE', *, *, #691, .F. ) ;
#3544 = EDGE_CURVE ( 'NONE', #3066, #1359, #2320, .T. ) ;
#3545 = FILL_AREA_STYLE ('',( #3059 ) ) ;
#3546 = LINE ( 'NONE', #4808, #390 ) ;
#3547 = FILL_AREA_STYLE ('',( #537 ) ) ;
#3548 = LINE ( 'NONE', #2758, #2278 ) ;
#3549 = MECHANICAL_DESIGN_GEOMETRIC_PRESENTATION_REPRESENTATION (  '', ( #5076 ), #1656 ) ;
#3550 = DIRECTION ( 'NONE',  ( -1.000000000000000000, 0.000000000000000000, 0.000000000000000000 ) ) ;
#3551 = STYLED_ITEM ( 'NONE', ( #1714 ), #1956 ) ;
#3552 = LINE ( 'NONE', #2783, #5040 ) ;
#3553 = ORIENTED_EDGE ( 'NONE', *, *, #4322, .F. ) ;
#3554 = CARTESIAN_POINT ( 'NONE',  ( -4.624345404275931770, 5.796966459453325449, 44.44273301383612562 ) ) ;
#3555 = ORIENTED_EDGE ( 'NONE', *, *, #4662, .T. ) ;
#3556 = FACE_OUTER_BOUND ( 'NONE', #4388, .T. ) ;
#3557 = PRESENTATION_STYLE_ASSIGNMENT (( #2679 ) ) ;
#3558 = CARTESIAN_POINT ( 'NONE',  ( 4.808507577662980204, -0.6330520322672540390, 13.92215718936280133 ) ) ;
#3559 = VECTOR ( 'NONE', #5339, 1000.000000000000000 ) ;
#3560 =( GEOMETRIC_REPRESENTATION_CONTEXT ( 3 ) GLOBAL_UNCERTAINTY_ASSIGNED_CONTEXT ( ( #2276 ) ) GLOBAL_UNIT_ASSIGNED_CONTEXT ( ( #666, #3259, #1952 ) ) REPRESENTATION_CONTEXT ( 'NONE', 'WORKASPACE' ) );
#3561 = CARTESIAN_POINT ( 'NONE',  ( 7.750000000000000000, -0.3499999999999999778, 36.38177143456719875 ) ) ;
#3562 = EDGE_CURVE ( 'NONE', #2664, #1061, #611, .T. ) ;
#3563 = PLANE ( 'NONE',  #5038 ) ;
#3564 = LINE ( 'NONE', #469, #5428 ) ;
#3565 =( NAMED_UNIT ( * ) SI_UNIT ( $, .STERADIAN. ) SOLID_ANGLE_UNIT ( ) );
#3566 = DIRECTION ( 'NONE',  ( -1.258255540213580060E-14, 0.000000000000000000, -1.000000000000000000 ) ) ;
#3567 = LINE ( 'NONE', #1095, #836 ) ;
#3568 = UNCERTAINTY_MEASURE_WITH_UNIT (LENGTH_MEASURE( 1.000000000000000082E-05 ), #728, 'distance_accuracy_value', 'NONE');
#3569 = LINE ( 'NONE', #147, #1281 ) ;
#3570 =( GEOMETRIC_REPRESENTATION_CONTEXT ( 3 ) GLOBAL_UNCERTAINTY_ASSIGNED_CONTEXT ( ( #2780 ) ) GLOBAL_UNIT_ASSIGNED_CONTEXT ( ( #4028, #2615, #2283 ) ) REPRESENTATION_CONTEXT ( 'NONE', 'WORKASPACE' ) );
#3571 = FACE_OUTER_BOUND ( 'NONE', #1499, .T. ) ;
#3572 = EDGE_CURVE ( 'NONE', #3802, #4929, #4031, .T. ) ;
#3573 = ORIENTED_EDGE ( 'NONE', *, *, #4882, .T. ) ;
#3574 = CARTESIAN_POINT ( 'NONE',  ( 2.731025738224643451, 1.241697806905115664, 15.16567262568044860 ) ) ;
#3575 = ORIENTED_EDGE ( 'NONE', *, *, #3536, .T. ) ;
#3576 = DIRECTION ( 'NONE',  ( 0.9992033791931823616, -0.03990748061360516880, 0.000000000000000000 ) ) ;
#3577 = SURFACE_STYLE_FILL_AREA ( #3608 ) ;
#3578 = UNCERTAINTY_MEASURE_WITH_UNIT (LENGTH_MEASURE( 1.000000000000000082E-05 ), #4112, 'distance_accuracy_value', 'NONE');
#3579 =( NAMED_UNIT ( * ) PLANE_ANGLE_UNIT ( ) SI_UNIT ( $, .RADIAN. ) );
#3580 = MECHANICAL_DESIGN_GEOMETRIC_PRESENTATION_REPRESENTATION (  '', ( #2140 ), #2447 ) ;
#3581 = VERTEX_POINT ( 'NONE', #1090 ) ;
#3582 = SURFACE_SIDE_STYLE ('',( #4483 ) ) ;
#3583 = CARTESIAN_POINT ( 'NONE',  ( 0.000000000000000000, 0.000000000000000000, 44.17158205686130401 ) ) ;
#3584 = EDGE_LOOP ( 'NONE', ( #1745, #2113, #3280, #256 ) ) ;
#3585 = ORIENTED_EDGE ( 'NONE', *, *, #86, .F. ) ;
#3586 = PLANE ( 'NONE',  #5131 ) ;
#3587 = FILL_AREA_STYLE_COLOUR ( '', #65 ) ;
#3588 =( NAMED_UNIT ( * ) PLANE_ANGLE_UNIT ( ) SI_UNIT ( $, .RADIAN. ) );
#3589 = ADVANCED_FACE ( 'NONE', ( #2798 ), #4525, .F. ) ;
#3590 =( BOUNDED_CURVE ( )  B_SPLINE_CURVE ( 3, ( #4825, #3209, #1065, #2799 ),
 .UNSPECIFIED., .F., .T. ) 
 B_SPLINE_CURVE_WITH_KNOTS ( ( 4, 4 ),
 ( 4.181335946518972335, 4.712388980384689674 ),
 .UNSPECIFIED. ) 
 CURVE ( )  GEOMETRIC_REPRESENTATION_ITEM ( )  RATIONAL_B_SPLINE_CURVE ( ( 1.000000000000000000, 0.9766363116344273232, 0.9766363116344273232, 1.000000000000000000 ) ) 
 REPRESENTATION_ITEM ( '' )  );
#3591 = CARTESIAN_POINT ( 'NONE',  ( 1.856014646970690185, 4.480815732679739760, 10.80000000000000071 ) ) ;
#3592 = DIRECTION ( 'NONE',  ( -0.2971605306527970169, 0.9548275336531450996, 0.000000000000000000 ) ) ;
#3593 = EDGE_CURVE ( 'NONE', #1042, #266, #4236, .T. ) ;
#3594 =( NAMED_UNIT ( * ) SI_UNIT ( $, .STERADIAN. ) SOLID_ANGLE_UNIT ( ) );
#3595 = LINE ( 'NONE', #2749, #5450 ) ;
#3596 = AXIS2_PLACEMENT_3D ( 'NONE', #36, #5179, #1401 ) ;
#3597 = SURFACE_SIDE_STYLE ('',( #1931 ) ) ;
#3598 = CARTESIAN_POINT ( 'NONE',  ( -3.817879555032340111, 2.204253788831489924, 19.00000000000000000 ) ) ;
#3599 =( NAMED_UNIT ( * ) PLANE_ANGLE_UNIT ( ) SI_UNIT ( $, .RADIAN. ) );
#3600 = LINE ( 'NONE', #3468, #2372 ) ;
#3601 = STYLED_ITEM ( 'NONE', ( #3025 ), #3424 ) ;
#3602 = ORIENTED_EDGE ( 'NONE', *, *, #2055, .F. ) ;
#3603 = DIRECTION ( 'NONE',  ( 0.000000000000000000, 0.000000000000000000, 1.000000000000000000 ) ) ;
#3604 = CARTESIAN_POINT ( 'NONE',  ( -3.247582837034510117, 4.071090529521789847, 36.58887821575369514 ) ) ;
#3605 = COLOUR_RGB ( '',1.000000000000000000, 1.000000000000000000, 1.000000000000000000 ) ;
#3606 = ORIENTED_EDGE ( 'NONE', *, *, #4196, .T. ) ;
#3607 =( NAMED_UNIT ( * ) SI_UNIT ( $, .STERADIAN. ) SOLID_ANGLE_UNIT ( ) );
#3608 = FILL_AREA_STYLE ('',( #153 ) ) ;
#3609 = VECTOR ( 'NONE', #578, 1000.000000000000000 ) ;
#3610 =( NAMED_UNIT ( * ) PLANE_ANGLE_UNIT ( ) SI_UNIT ( $, .RADIAN. ) );
#3611 = EDGE_CURVE ( 'NONE', #4121, #565, #3746, .T. ) ;
#3612 = VERTEX_POINT ( 'NONE', #4667 ) ;
#3613 = CARTESIAN_POINT ( 'NONE',  ( -7.513705757368359883, 0.7706403458501824844, 38.04159259225131251 ) ) ;
#3614 = ORIENTED_EDGE ( 'NONE', *, *, #3670, .T. ) ;
#3615 = ORIENTED_EDGE ( 'NONE', *, *, #2027, .T. ) ;
#3616 = CARTESIAN_POINT ( 'NONE',  ( -1.856014646970690185, 4.480815732679739760, -1.513876697314419983 ) ) ;
#3617 = CARTESIAN_POINT ( 'NONE',  ( 0.000000000000000000, 0.000000000000000000, 44.17158205686130401 ) ) ;
#3618 = SURFACE_STYLE_FILL_AREA ( #2346 ) ;
#3619 = CARTESIAN_POINT ( 'NONE',  ( 4.374256614262375109, -1.033947821405573952, 14.25021981857143238 ) ) ;
#3620 = ORIENTED_EDGE ( 'NONE', *, *, #1000, .F. ) ;
#3621 = ORIENTED_EDGE ( 'NONE', *, *, #97, .T. ) ;
#3622 = LINE ( 'NONE', #4916, #936 ) ;
#3623 = LINE ( 'NONE', #4496, #5211 ) ;
#3624 = CARTESIAN_POINT ( 'NONE',  ( -3.000000000000000000, 3.673940397442059868E-16, 10.80000000000000071 ) ) ;
#3625 = VECTOR ( 'NONE', #2942, 1000.000000000000114 ) ;
#3626 =( LENGTH_UNIT ( ) NAMED_UNIT ( * ) SI_UNIT ( .MILLI., .METRE. ) );
#3627 = DIRECTION ( 'NONE',  ( -0.9992033791931826947, -0.03990748061359909726, 0.000000000000000000 ) ) ;
#3628 = CARTESIAN_POINT ( 'NONE',  ( 5.020736889921710855, -0.3499999999999999778, 44.53887821575379746 ) ) ;
#3629 = COLOUR_RGB ( '',0.8000000000000000444, 0.6627450980392156632, 0.3176470588235293935 ) ;
#3630 = SURFACE_STYLE_FILL_AREA ( #225 ) ;
#3631 =( NAMED_UNIT ( * ) SI_UNIT ( $, .STERADIAN. ) SOLID_ANGLE_UNIT ( ) );
#3632 = EDGE_CURVE ( 'NONE', #2911, #458, #3004, .T. ) ;
#3633 = FACE_OUTER_BOUND ( 'NONE', #2763, .T. ) ;
#3634 = FILL_AREA_STYLE_COLOUR ( '', #2989 ) ;
#3635 =( GEOMETRIC_REPRESENTATION_CONTEXT ( 3 ) GLOBAL_UNCERTAINTY_ASSIGNED_CONTEXT ( ( #1653 ) ) GLOBAL_UNIT_ASSIGNED_CONTEXT ( ( #2488, #725, #5024 ) ) REPRESENTATION_CONTEXT ( 'NONE', 'WORKASPACE' ) );
#3636 = ORIENTED_EDGE ( 'NONE', *, *, #1051, .T. ) ;
#3637 = CARTESIAN_POINT ( 'NONE',  ( 0.000000000000000000, 0.000000000000000000, 33.03887821575369799 ) ) ;
#3638 = ORIENTED_EDGE ( 'NONE', *, *, #3611, .F. ) ;
#3639 = DIRECTION ( 'NONE',  ( 0.000000000000000000, 0.000000000000000000, 1.000000000000000000 ) ) ;
#3640 =( GEOMETRIC_REPRESENTATION_CONTEXT ( 3 ) GLOBAL_UNCERTAINTY_ASSIGNED_CONTEXT ( ( #3307 ) ) GLOBAL_UNIT_ASSIGNED_CONTEXT ( ( #5139, #3030, #1783 ) ) REPRESENTATION_CONTEXT ( 'NONE', 'WORKASPACE' ) );
#3641 = VECTOR ( 'NONE', #1870, 1000.000000000000114 ) ;
#3642 = CARTESIAN_POINT ( 'NONE',  ( -8.043063720601658417, 1.836198787262111942, 44.17158205686133954 ) ) ;
#3643 = UNCERTAINTY_MEASURE_WITH_UNIT (LENGTH_MEASURE( 1.000000000000000082E-05 ), #857, 'distance_accuracy_value', 'NONE');
#3644 = DIRECTION ( 'NONE',  ( 0.000000000000000000, 0.000000000000000000, 1.000000000000000000 ) ) ;
#3645 = COLOUR_RGB ( '',0.2000000000000000111, 0.2000000000000000111, 0.2000000000000000111 ) ;
#3646 = CIRCLE ( 'NONE', #1212, 3.000000000000000000 ) ;
#3647 = B_SPLINE_CURVE_WITH_KNOTS ( 'NONE', 3,
 ( #2658, #3484, #2236, #5193, #3051, #910 ),
 .UNSPECIFIED., .F., .F.,
 ( 4, 2, 4 ),
 ( 1.719476882926229688E-19, 0.0009955893745727966739, 0.001991178749145592480 ),
 .UNSPECIFIED. ) ;
#3648 = ORIENTED_EDGE ( 'NONE', *, *, #3062, .T. ) ;
#3649 = CARTESIAN_POINT ( 'NONE',  ( -7.684457425404960240, 1.241697806905119883, 39.20455084143413416 ) ) ;
#3650 = ADVANCED_FACE ( 'NONE', ( #3769 ), #274, .T. ) ;
#3651 = SURFACE_STYLE_FILL_AREA ( #1911 ) ;
#3652 = VERTEX_POINT ( 'NONE', #1982 ) ;
#3653 = ORIENTED_EDGE ( 'NONE', *, *, #3686, .T. ) ;
#3654 = FILL_AREA_STYLE_COLOUR ( '', #4148 ) ;
#3655 = PLANE ( 'NONE',  #3809 ) ;
#3656 = LINE ( 'NONE', #698, #1838 ) ;
#3657 = DIRECTION ( 'NONE',  ( 0.6234703080455549218, 0.7818470278677159824, 0.000000000000000000 ) ) ;
#3658 = ORIENTED_EDGE ( 'NONE', *, *, #2520, .F. ) ;
#3659 = MECHANICAL_DESIGN_GEOMETRIC_PRESENTATION_REPRESENTATION (  '', ( #382 ), #5345 ) ;
#3660 = ORIENTED_EDGE ( 'NONE', *, *, #4262, .F. ) ;
#3661 = DIRECTION ( 'NONE',  ( -0.8453817696217521549, -0.5341625816090030954, 0.000000000000000000 ) ) ;
#3662 = AXIS2_PLACEMENT_3D ( 'NONE', #2680, #3501, #2564 ) ;
#3663 = LINE ( 'NONE', #998, #5482 ) ;
#3664 =( NAMED_UNIT ( * ) PLANE_ANGLE_UNIT ( ) SI_UNIT ( $, .RADIAN. ) );
#3665 = AXIS2_PLACEMENT_3D ( 'NONE', #4646, #5454, #4696 ) ;
#3666 = ADVANCED_FACE ( 'NONE', ( #1234 ), #5127, .T. ) ;
#3667 = PRESENTATION_STYLE_ASSIGNMENT (( #1845 ) ) ;
#3668 = CARTESIAN_POINT ( 'NONE',  ( -4.480815732679739760, 1.856014646970690185, -1.513876697314419983 ) ) ;
#3669 = PLANE ( 'NONE',  #5328 ) ;
#3670 = EDGE_CURVE ( 'NONE', #3705, #2000, #2177, .T. ) ;
#3671 = ORIENTED_EDGE ( 'NONE', *, *, #3972, .F. ) ;
#3672 = CARTESIAN_POINT ( 'NONE',  ( 2.985558167919581507, 0.3310655969615478034, 16.21630136451200954 ) ) ;
#3673 = ORIENTED_EDGE ( 'NONE', *, *, #1424, .F. ) ;
#3674 =( NAMED_UNIT ( * ) PLANE_ANGLE_UNIT ( ) SI_UNIT ( $, .RADIAN. ) );
#3675 = VECTOR ( 'NONE', #263, 1000.000000000000000 ) ;
#3676 = VERTEX_POINT ( 'NONE', #2535 ) ;
#3677 = ORIENTED_EDGE ( 'NONE', *, *, #3269, .T. ) ;
#3678 = ORIENTED_EDGE ( 'NONE', *, *, #3330, .F. ) ;
#3679 = EDGE_CURVE ( 'NONE', #4929, #5074, #2152, .T. ) ;
#3680 =( NAMED_UNIT ( * ) SI_UNIT ( $, .STERADIAN. ) SOLID_ANGLE_UNIT ( ) );
#3681 = FACE_OUTER_BOUND ( 'NONE', #594, .T. ) ;
#3682 = VERTEX_POINT ( 'NONE', #463 ) ;
#3683 = VERTEX_POINT ( 'NONE', #3478 ) ;
#3684 = DIRECTION ( 'NONE',  ( 0.000000000000000000, 0.000000000000000000, -1.000000000000000000 ) ) ;
#3685 =( LENGTH_UNIT ( ) NAMED_UNIT ( * ) SI_UNIT ( .MILLI., .METRE. ) );
#3686 = EDGE_CURVE ( 'NONE', #636, #2552, #16, .T. ) ;
#3687 = ADVANCED_FACE ( 'NONE', ( #4317 ), #4367, .T. ) ;
#3688 = CARTESIAN_POINT ( 'NONE',  ( 4.808507577662980204, 0.6330520322672400502, -1.513876697314419983 ) ) ;
#3689 = SURFACE_SIDE_STYLE ('',( #252 ) ) ;
#3690 = AXIS2_PLACEMENT_3D ( 'NONE', #4326, #865, #3433 ) ;
#3691 =( NAMED_UNIT ( * ) SI_UNIT ( $, .STERADIAN. ) SOLID_ANGLE_UNIT ( ) );
#3692 = FILL_AREA_STYLE ('',( #3214 ) ) ;
#3693 = ORIENTED_EDGE ( 'NONE', *, *, #4906, .T. ) ;
#3694 = EDGE_LOOP ( 'NONE', ( #163, #2313, #2778, #1132 ) ) ;
#3695 = FILL_AREA_STYLE_COLOUR ( '', #3015 ) ;
#3696 = SURFACE_STYLE_FILL_AREA ( #1965 ) ;
#3697 = UNCERTAINTY_MEASURE_WITH_UNIT (LENGTH_MEASURE( 1.000000000000000082E-05 ), #5109, 'distance_accuracy_value', 'NONE');
#3698 = STYLED_ITEM ( 'NONE', ( #4588 ), #3406 ) ;
#3699 = DIRECTION ( 'NONE',  ( 0.000000000000000000, 0.000000000000000000, 1.000000000000000000 ) ) ;
#3700 = ORIENTED_EDGE ( 'NONE', *, *, #4061, .T. ) ;
#3701 = CARTESIAN_POINT ( 'NONE',  ( 8.043063720601660194, 1.836198787262109944, 36.58887821575369514 ) ) ;
#3702 = CARTESIAN_POINT ( 'NONE',  ( -3.000000000000000000, 3.673940397442059868E-16, -1.513876697314419983 ) ) ;
#3703 = AXIS2_PLACEMENT_3D ( 'NONE', #192, #4096, #3208 ) ;
#3704 = VERTEX_POINT ( 'NONE', #3041 ) ;
#3705 = VERTEX_POINT ( 'NONE', #2591 ) ;
#3706 = FILL_AREA_STYLE_COLOUR ( '', #1621 ) ;
#3707 = CARTESIAN_POINT ( 'NONE',  ( -3.817879555032340111, -2.204253788831489924, 19.00000000000000000 ) ) ;
#3708 = PRESENTATION_LAYER_ASSIGNMENT (  '', '', ( #1704 ) ) ;
#3709 = EDGE_CURVE ( 'NONE', #3387, #1881, #2347, .T. ) ;
#3710 = PLANE ( 'NONE',  #2940 ) ;
#3711 = VERTEX_POINT ( 'NONE', #1363 ) ;
#3712 = LINE ( 'NONE', #248, #4445 ) ;
#3713 = CARTESIAN_POINT ( 'NONE',  ( -3.847763700412500043, -2.952492930692289796, -1.513876697314419983 ) ) ;
#3714 = DIRECTION ( 'NONE',  ( 0.8453817696217482691, -0.5341625816090090906, 0.000000000000000000 ) ) ;
#3715 = VECTOR ( 'NONE', #3534, 1000.000000000000000 ) ;
#3716 = SURFACE_SIDE_STYLE ('',( #2049 ) ) ;
#3717 =( LENGTH_UNIT ( ) NAMED_UNIT ( * ) SI_UNIT ( .MILLI., .METRE. ) );
#3718 = CARTESIAN_POINT ( 'NONE',  ( 6.450237979908659547, -5.143630041375819140, 36.58887821575369514 ) ) ;
#3719 = ORIENTED_EDGE ( 'NONE', *, *, #396, .T. ) ;
#3720 = STYLED_ITEM ( 'NONE', ( #4945 ), #4319 ) ;
#3721 = SURFACE_SIDE_STYLE ('',( #1604 ) ) ;
#3722 = ORIENTED_EDGE ( 'NONE', *, *, #3679, .F. ) ;
#3723 = LINE ( 'NONE', #1964, #3559 ) ;
#3724 = SURFACE_STYLE_FILL_AREA ( #1214 ) ;
#3725 = LINE ( 'NONE', #1550, #5172 ) ;
#3726 = COLOUR_RGB ( '',0.2000000000000000111, 0.2000000000000000111, 0.2000000000000000111 ) ;
#3727 = FILL_AREA_STYLE_COLOUR ( '', #3770 ) ;
#3728 = EDGE_CURVE ( 'NONE', #5067, #2647, #5300, .T. ) ;
#3729 =( GEOMETRIC_REPRESENTATION_CONTEXT ( 3 ) GLOBAL_UNCERTAINTY_ASSIGNED_CONTEXT ( ( #597 ) ) GLOBAL_UNIT_ASSIGNED_CONTEXT ( ( #4621, #1990, #121 ) ) REPRESENTATION_CONTEXT ( 'NONE', 'WORKASPACE' ) );
#3730 = ORIENTED_EDGE ( 'NONE', *, *, #551, .T. ) ;
#3731 = MECHANICAL_DESIGN_GEOMETRIC_PRESENTATION_REPRESENTATION (  '', ( #572 ), #3092 ) ;
#3732 = DIRECTION ( 'NONE',  ( 0.000000000000000000, 0.000000000000000000, 1.000000000000000000 ) ) ;
#3733 = EDGE_LOOP ( 'NONE', ( #1335, #4014, #377, #391 ) ) ;
#3734 = ORIENTED_EDGE ( 'NONE', *, *, #3728, .T. ) ;
#3735 = FILL_AREA_STYLE ('',( #4118 ) ) ;
#3736 = COLOUR_RGB ( '',0.8000000000000000444, 0.6627450980392156632, 0.3176470588235293935 ) ;
#3737 = CARTESIAN_POINT ( 'NONE',  ( 3.580282145367372326, -7.432636124523057219, 44.17158205686133954 ) ) ;
#3738 = PRESENTATION_LAYER_ASSIGNMENT (  '', '', ( #490 ) ) ;
#3739 = LINE ( 'NONE', #3393, #3754 ) ;
#3740 = MECHANICAL_DESIGN_GEOMETRIC_PRESENTATION_REPRESENTATION (  '', ( #50 ), #1293 ) ;
#3741 = FILL_AREA_STYLE_COLOUR ( '', #1145 ) ;
#3742 = COLOUR_RGB ( '',0.8000000000000000444, 0.6627450980392156632, 0.3176470588235293935 ) ;
#3743 = VERTEX_POINT ( 'NONE', #5208 ) ;
#3744 = PRESENTATION_STYLE_ASSIGNMENT (( #786 ) ) ;
#3745 = CARTESIAN_POINT ( 'NONE',  ( -1.856014646970690185, 4.480815732679739760, 10.80000000000000071 ) ) ;
#3746 = LINE ( 'NONE', #3713, #1184 ) ;
#3747 = DIRECTION ( 'NONE',  ( 0.000000000000000000, 0.000000000000000000, 1.000000000000000000 ) ) ;
#3748 =( GEOMETRIC_REPRESENTATION_CONTEXT ( 3 ) GLOBAL_UNCERTAINTY_ASSIGNED_CONTEXT ( ( #3643 ) ) GLOBAL_UNIT_ASSIGNED_CONTEXT ( ( #857, #2233, #5111 ) ) REPRESENTATION_CONTEXT ( 'NONE', 'WORKASPACE' ) );
#3749 = STYLED_ITEM ( 'NONE', ( #4510 ), #4637 ) ;
#3750 = ADVANCED_FACE ( 'NONE', ( #932 ), #2649, .F. ) ;
#3751 = SURFACE_SIDE_STYLE ('',( #2100 ) ) ;
#3752 =( LENGTH_UNIT ( ) NAMED_UNIT ( * ) SI_UNIT ( .MILLI., .METRE. ) );
#3753 =( NAMED_UNIT ( * ) PLANE_ANGLE_UNIT ( ) SI_UNIT ( $, .RADIAN. ) );
#3754 = VECTOR ( 'NONE', #4608, 1000.000000000000000 ) ;
#3755 = VECTOR ( 'NONE', #651, 1000.000000000000000 ) ;
#3756 = CARTESIAN_POINT ( 'NONE',  ( -4.258291324655729682, 1.141005721577959875, 19.00000000000000000 ) ) ;
#3757 = CIRCLE ( 'NONE', #3665, 3.000000000000000000 ) ;
#3758 = ORIENTED_EDGE ( 'NONE', *, *, #683, .F. ) ;
#3759 = UNCERTAINTY_MEASURE_WITH_UNIT (LENGTH_MEASURE( 1.000000000000000082E-05 ), #2617, 'distance_accuracy_value', 'NONE');
#3760 = PRESENTATION_STYLE_ASSIGNMENT (( #2031 ) ) ;
#3761 = EDGE_CURVE ( 'NONE', #285, #75, #662, .T. ) ;
#3762 =( NAMED_UNIT ( * ) PLANE_ANGLE_UNIT ( ) SI_UNIT ( $, .RADIAN. ) );
#3763 = ORIENTED_EDGE ( 'NONE', *, *, #2369, .T. ) ;
#3764 = EDGE_LOOP ( 'NONE', ( #5439, #681, #3638, #980 ) ) ;
#3765 = DIRECTION ( 'NONE',  ( -0.9754851657028645873, -0.2200651982791799188, 0.000000000000000000 ) ) ;
#3766 = CARTESIAN_POINT ( 'NONE',  ( 8.242572413998038527, 0.3499999999999999778, 44.17158205686130401 ) ) ;
#3767 = VERTEX_POINT ( 'NONE', #1415 ) ;
#3768 = CARTESIAN_POINT ( 'NONE',  ( 1.812784101218452459, 7.192451384923744584, 44.44273301383611141 ) ) ;
#3769 = FACE_OUTER_BOUND ( 'NONE', #2334, .T. ) ;
#3770 = COLOUR_RGB ( '',0.2000000000000000111, 0.2000000000000000111, 0.2000000000000000111 ) ;
#3771 = B_SPLINE_CURVE_WITH_KNOTS ( 'NONE', 3,
 ( #4617, #2439, #760, #3404, #1157, #3820 ),
 .UNSPECIFIED., .F., .F.,
 ( 4, 2, 4 ),
 ( 8.673617379884035472E-19, 0.0009955893745728086001, 0.001991178749145616333 ),
 .UNSPECIFIED. ) ;
#3772 = LINE ( 'NONE', #3426, #133 ) ;
#3773 = EDGE_CURVE ( 'NONE', #2462, #3390, #5234, .T. ) ;
#3774 = ORIENTED_EDGE ( 'NONE', *, *, #2670, .F. ) ;
#3775 = VECTOR ( 'NONE', #3355, 1000.000000000000227 ) ;
#3776 = FILL_AREA_STYLE ('',( #347 ) ) ;
#3777 = ORIENTED_EDGE ( 'NONE', *, *, #1393, .F. ) ;
#3778 = CARTESIAN_POINT ( 'NONE',  ( -2.952492930692300011, -3.847763700412489829, 19.00000000000000000 ) ) ;
#3779 = COLOUR_RGB ( '',0.8000000000000000444, 0.6627450980392156632, 0.3176470588235293935 ) ;
#3780 = ORIENTED_EDGE ( 'NONE', *, *, #5270, .F. ) ;
#3781 = LINE ( 'NONE', #4553, #1700 ) ;
#3782 = VECTOR ( 'NONE', #2744, 1000.000000000000000 ) ;
#3783 = EDGE_LOOP ( 'NONE', ( #2141, #1991, #4865, #3495 ) ) ;
#3784 = CIRCLE ( 'NONE', #4771, 2.999999999999998668 ) ;
#3785 = VECTOR ( 'NONE', #3233, 1000.000000000000000 ) ;
#3786 = SURFACE_STYLE_USAGE ( .BOTH. , #2068 ) ;
#3787 = CARTESIAN_POINT ( 'NONE',  ( 4.808507577662980204, -0.6330520322672540390, 16.07784281063719689 ) ) ;
#3788 = CARTESIAN_POINT ( 'NONE',  ( 2.316397117755299995, 10.15463411082389911, 36.58887821575369514 ) ) ;
#3789 = CARTESIAN_POINT ( 'NONE',  ( 4.304217301330595546, -1.288573727809283254, 15.18066751414342797 ) ) ;
#3790 =( NAMED_UNIT ( * ) PLANE_ANGLE_UNIT ( ) SI_UNIT ( $, .RADIAN. ) );
#3791 = CARTESIAN_POINT ( 'NONE',  ( 4.408507577662979848, -7.329573411774149633E-15, 19.00000000000000000 ) ) ;
#3792 =( REPRESENTATION_RELATIONSHIP ('NONE','NONE', #1112, #2246 ) REPRESENTATION_RELATIONSHIP_WITH_TRANSFORMATION ( #4238 )SHAPE_REPRESENTATION_RELATIONSHIP( ) );
#3793 = SURFACE_STYLE_FILL_AREA ( #2075 ) ;
#3794 = COLOUR_RGB ( '',0.2000000000000000111, 0.2000000000000000111, 0.2000000000000000111 ) ;
#3795 = DIRECTION ( 'NONE',  ( -0.2200651982791789474, 0.9754851657028648093, 0.000000000000000000 ) ) ;
#3796 = CARTESIAN_POINT ( 'NONE',  ( 3.817879555032340111, 2.204253788831480154, 19.00000000000000000 ) ) ;
#3797 = STYLED_ITEM ( 'NONE', ( #4501 ), #1642 ) ;
#3798 =( BOUNDED_CURVE ( )  B_SPLINE_CURVE ( 3, ( #4090, #1506, #3255, #1147 ),
 .UNSPECIFIED., .F., .F. ) 
 B_SPLINE_CURVE_WITH_KNOTS ( ( 4, 4 ),
 ( 1.570796326794896558, 2.101849360660607680 ),
 .UNSPECIFIED. ) 
 CURVE ( )  GEOMETRIC_REPRESENTATION_ITEM ( )  RATIONAL_B_SPLINE_CURVE ( ( 1.000000000000000000, 0.9766363116344278783, 0.9766363116344278783, 1.000000000000000000 ) ) 
 REPRESENTATION_ITEM ( '' )  );
#3799 = AXIS2_PLACEMENT_3D ( 'NONE', #3122, #3145, #1456 ) ;
#3800 = CARTESIAN_POINT ( 'NONE',  ( 2.204253788831500138, 3.817879555032330341, 10.80000000000000071 ) ) ;
#3801 = VERTEX_POINT ( 'NONE', #4025 ) ;
#3802 = VERTEX_POINT ( 'NONE', #5320 ) ;
#3803 = AXIS2_PLACEMENT_3D ( 'NONE', #2230, #1802, #4794 ) ;
#3804 = AXIS2_PLACEMENT_3D ( 'NONE', #148, #1376, #5281 ) ;
#3805 = PRESENTATION_STYLE_ASSIGNMENT (( #791 ) ) ;
#3806 = DIRECTION ( 'NONE',  ( 0.03990748061360551574, 0.9992033791931823616, 0.000000000000000000 ) ) ;
#3807 = ADVANCED_FACE ( 'NONE', ( #4426 ), #3655, .T. ) ;
#3808 = ORIENTED_EDGE ( 'NONE', *, *, #1571, .F. ) ;
#3809 = AXIS2_PLACEMENT_3D ( 'NONE', #4458, #132, #607 ) ;
#3810 = VERTEX_POINT ( 'NONE', #633 ) ;
#3811 = AXIS2_PLACEMENT_3D ( 'NONE', #3876, #3911, #1322 ) ;
#3812 = CARTESIAN_POINT ( 'NONE',  ( 1.141005721577959875, 4.258291324655729682, 19.00000000000000000 ) ) ;
#3813 = SURFACE_STYLE_USAGE ( .BOTH. , #2860 ) ;
#3814 = CARTESIAN_POINT ( 'NONE',  ( 7.750000000000099476, -0.3499999999999999778, 44.67118044726429815 ) ) ;
#3815 = SURFACE_SIDE_STYLE ('',( #4566 ) ) ;
#3816 = STYLED_ITEM ( 'NONE', ( #2474 ), #2498 ) ;
#3817 = DIRECTION ( 'NONE',  ( -0.5341625816090090906, -0.8453817696217482691, 0.000000000000000000 ) ) ;
#3818 = FILL_AREA_STYLE ('',( #2182 ) ) ;
#3819 = CIRCLE ( 'NONE', #4989, 8.250000000000000000 ) ;
#3820 = CARTESIAN_POINT ( 'NONE',  ( 6.680798550640680844, 3.218123875153366509, 44.44273301383612562 ) ) ;
#3821 = CARTESIAN_POINT ( 'NONE',  ( 4.258291324655729682, -1.141005721577959875, 10.80000000000000071 ) ) ;
#3822 = ORIENTED_EDGE ( 'NONE', *, *, #410, .F. ) ;
#3823 = AXIS2_PLACEMENT_3D ( 'NONE', #1187, #2501, #4167 ) ;
#3824 = VERTEX_POINT ( 'NONE', #2345 ) ;
#3825 = FACE_OUTER_BOUND ( 'NONE', #2840, .T. ) ;
#3826 = VECTOR ( 'NONE', #353, 1000.000000000000000 ) ;
#3827 = SURFACE_SIDE_STYLE ('',( #2573 ) ) ;
#3828 = EDGE_CURVE ( 'NONE', #4135, #1466, #5145, .T. ) ;
#3829 = STYLED_ITEM ( 'NONE', ( #4580 ), #18 ) ;
#3830 = CARTESIAN_POINT ( 'NONE',  ( -4.702920932419941913, -1.185779081258066636, 39.44271760642172353 ) ) ;
#3831 = VERTEX_POINT ( 'NONE', #993 ) ;
#3832 = VERTEX_POINT ( 'NONE', #2708 ) ;
#3833 =( NAMED_UNIT ( * ) SI_UNIT ( $, .STERADIAN. ) SOLID_ANGLE_UNIT ( ) );
#3834 =( NAMED_UNIT ( * ) PLANE_ANGLE_UNIT ( ) SI_UNIT ( $, .RADIAN. ) );
#3835 = FACE_OUTER_BOUND ( 'NONE', #660, .T. ) ;
#3836 = DIRECTION ( 'NONE',  ( -1.000000000000000000, 0.000000000000000000, 0.000000000000000000 ) ) ;
#3837 = ORIENTED_EDGE ( 'NONE', *, *, #1192, .F. ) ;
#3838 = ORIENTED_EDGE ( 'NONE', *, *, #3493, .F. ) ;
#3839 = EDGE_CURVE ( 'NONE', #3810, #1630, #1829, .T. ) ;
#3840 = SURFACE_SIDE_STYLE ('',( #1178 ) ) ;
#3841 = UNCERTAINTY_MEASURE_WITH_UNIT (LENGTH_MEASURE( 1.000000000000000082E-05 ), #1139, 'distance_accuracy_value', 'NONE');
#3842 = CARTESIAN_POINT ( 'NONE',  ( 2.677286178575209488E-16, 4.408507577662979848, 19.00000000000000000 ) ) ;
#3843 = CARTESIAN_POINT ( 'NONE',  ( 3.283427687426684116, 7.296136422622347517, 44.25338606636910299 ) ) ;
#3844 = VECTOR ( 'NONE', #2403, 1000.000000000000000 ) ;
#3845 = FILL_AREA_STYLE ('',( #339 ) ) ;
#3846 = DIRECTION ( 'NONE',  ( -1.000000000000000000, 0.000000000000000000, 0.000000000000000000 ) ) ;
#3847 = SHAPE_DEFINITION_REPRESENTATION ( #1767, #1112 ) ;
#3848 = CARTESIAN_POINT ( 'NONE',  ( 4.850000000000000533, 5.939536975864662969E-16, 86.48696279987521507 ) ) ;
#3849 = DIRECTION ( 'NONE',  ( 0.03990748061359929155, -0.9992033791931825837, 0.000000000000000000 ) ) ;
#3850 = ADVANCED_FACE ( 'NONE', ( #3999 ), #4873, .T. ) ;
#3851 = FACE_OUTER_BOUND ( 'NONE', #5393, .T. ) ;
#3852 = FILL_AREA_STYLE_COLOUR ( '', #2464 ) ;
#3853 = ORIENTED_EDGE ( 'NONE', *, *, #3402, .T. ) ;
#3854 =( NAMED_UNIT ( * ) SI_UNIT ( $, .STERADIAN. ) SOLID_ANGLE_UNIT ( ) );
#3855 = CARTESIAN_POINT ( 'NONE',  ( -7.672360530643787868, -1.216512258352755671, 38.70841677622868104 ) ) ;
#3856 = DIRECTION ( 'NONE',  ( -1.000000000000000000, 0.000000000000000000, 0.000000000000000000 ) ) ;
#3857 = EDGE_CURVE ( 'NONE', #793, #978, #4147, .T. ) ;
#3858 = FACE_OUTER_BOUND ( 'NONE', #1989, .T. ) ;
#3859 = CARTESIAN_POINT ( 'NONE',  ( 0.2068105599176231768, -7.998233146663247695, 44.25338606636911010 ) ) ;
#3860 = ORIENTED_EDGE ( 'NONE', *, *, #5510, .T. ) ;
#3861 = SURFACE_SIDE_STYLE ('',( #12 ) ) ;
#3862 = CARTESIAN_POINT ( 'NONE',  ( -6.451135614458690881, 5.142504184136770462, 36.58887821575369514 ) ) ;
#3863 = ORIENTED_EDGE ( 'NONE', *, *, #4029, .F. ) ;
#3864 = EDGE_CURVE ( 'NONE', #3390, #3181, #2682, .T. ) ;
#3865 = FILL_AREA_STYLE ('',( #931 ) ) ;
#3866 = CARTESIAN_POINT ( 'NONE',  ( 4.808507577662980204, -0.6330520322672580358, 19.00000000000000000 ) ) ;
#3867 = FILL_AREA_STYLE ('',( #1364 ) ) ;
#3868 = PRESENTATION_LAYER_ASSIGNMENT (  '', '', ( #106 ) ) ;
#3869 = PRESENTATION_STYLE_ASSIGNMENT (( #4267 ) ) ;
#3870 = VECTOR ( 'NONE', #4422, 1000.000000000000114 ) ;
#3871 = MECHANICAL_DESIGN_GEOMETRIC_PRESENTATION_REPRESENTATION (  '', ( #735 ), #1887 ) ;
#3872 = SURFACE_STYLE_FILL_AREA ( #499 ) ;
#3873 = FILL_AREA_STYLE ('',( #3852 ) ) ;
#3874 = ADVANCED_FACE ( 'NONE', ( #3256 ), #773, .T. ) ;
#3875 = CARTESIAN_POINT ( 'NONE',  ( 9.500000000000000000, 0.3499999999999999778, 33.03887821575369799 ) ) ;
#3876 = CARTESIAN_POINT ( 'NONE',  ( 4.692182038443090342, -2.259203421800519695, 36.58887821575369514 ) ) ;
#3877 = CARTESIAN_POINT ( 'NONE',  ( 4.258291324655739452, 1.141005721577950105, 14.48950421811110090 ) ) ;
#3878 = CARTESIAN_POINT ( 'NONE',  ( -4.725921052947612111, -1.091933837683416675, 39.66880966134070263 ) ) ;
#3879 = EDGE_LOOP ( 'NONE', ( #3008, #592, #3946, #2905, #722, #4537, #3863, #5097, #3837, #723, #2375, #403, #375, #2273 ) ) ;
#3880 = CARTESIAN_POINT ( 'NONE',  ( -7.415483163629600583, -6.505161610585228184E-16, 40.28887821575369799 ) ) ;
#3881 = PLANE ( 'NONE',  #3596 ) ;
#3882 = COLOUR_RGB ( '',0.2000000000000000111, 0.2000000000000000111, 0.2000000000000000111 ) ;
#3883 = PRESENTATION_LAYER_ASSIGNMENT (  '', '', ( #749 ) ) ;
#3884 =( NAMED_UNIT ( * ) SI_UNIT ( $, .STERADIAN. ) SOLID_ANGLE_UNIT ( ) );
#3885 = ADVANCED_FACE ( 'NONE', ( #5045 ), #1173, .T. ) ;
#3886 =( NAMED_UNIT ( * ) PLANE_ANGLE_UNIT ( ) SI_UNIT ( $, .RADIAN. ) );
#3887 =( GEOMETRIC_REPRESENTATION_CONTEXT ( 3 ) GLOBAL_UNCERTAINTY_ASSIGNED_CONTEXT ( ( #3396 ) ) GLOBAL_UNIT_ASSIGNED_CONTEXT ( ( #2010, #303, #3833 ) ) REPRESENTATION_CONTEXT ( 'NONE', 'WORKASPACE' ) );
#3888 = DIRECTION ( 'NONE',  ( -1.000000000000000000, 0.000000000000000000, 0.000000000000000000 ) ) ;
#3889 = DIRECTION ( 'NONE',  ( 0.9548275336531452107, 0.2971605306527970725, 0.000000000000000000 ) ) ;
#3890 = SURFACE_STYLE_FILL_AREA ( #5519 ) ;
#3891 = ORIENTED_EDGE ( 'NONE', *, *, #4701, .F. ) ;
#3892 = UNCERTAINTY_MEASURE_WITH_UNIT (LENGTH_MEASURE( 1.000000000000000082E-05 ), #2756, 'distance_accuracy_value', 'NONE');
#3893 =( NAMED_UNIT ( * ) PLANE_ANGLE_UNIT ( ) SI_UNIT ( $, .RADIAN. ) );
#3894 =( NAMED_UNIT ( * ) PLANE_ANGLE_UNIT ( ) SI_UNIT ( $, .RADIAN. ) );
#3895 = CARTESIAN_POINT ( 'NONE',  ( 3.578984851118370170, 7.433260888430239355, 36.58887821575369514 ) ) ;
#3896 = SURFACE_STYLE_USAGE ( .BOTH. , #2178 ) ;
#3897 = COLOUR_RGB ( '',1.000000000000000000, 1.000000000000000000, 1.000000000000000000 ) ;
#3898 = CIRCLE ( 'NONE', #1021, 5.000000000000000000 ) ;
#3899 = PRESENTATION_LAYER_ASSIGNMENT (  '', '', ( #2274 ) ) ;
#3900 = DIRECTION ( 'NONE',  ( 0.000000000000000000, 0.000000000000000000, 1.000000000000000000 ) ) ;
#3901 = PRESENTATION_LAYER_ASSIGNMENT (  '', '', ( #5332 ) ) ;
#3903 =( LENGTH_UNIT ( ) NAMED_UNIT ( * ) SI_UNIT ( .MILLI., .METRE. ) );
#3902 = STYLED_ITEM ( 'NONE', ( #2047 ), #2483 ) ;
#3904 = PLANE ( 'NONE',  #3367 ) ;
#3905 = SURFACE_STYLE_FILL_AREA ( #1420 ) ;
#3906 = VECTOR ( 'NONE', #4154, 1000.000000000000000 ) ;
#3907 = ADVANCED_FACE ( 'NONE', ( #1248 ), #4259, .T. ) ;
#3908 = LINE ( 'NONE', #2186, #4062 ) ;
#3909 = COLOUR_RGB ( '',0.8000000000000000444, 0.6627450980392156632, 0.3176470588235293935 ) ;
#3910 = EDGE_CURVE ( 'NONE', #2974, #4859, #2120, .T. ) ;
#3911 = DIRECTION ( 'NONE',  ( 0.000000000000000000, 0.000000000000000000, -1.000000000000000000 ) ) ;
#3912 = UNCERTAINTY_MEASURE_WITH_UNIT (LENGTH_MEASURE( 1.000000000000000082E-05 ), #2987, 'distance_accuracy_value', 'NONE');
#3913 = FILL_AREA_STYLE_COLOUR ( '', #557 ) ;
#3914 = COLOUR_RGB ( '',0.2000000000000000111, 0.2000000000000000111, 0.2000000000000000111 ) ;
#3915 = FILL_AREA_STYLE_COLOUR ( '', #2457 ) ;
#3916 = ORIENTED_EDGE ( 'NONE', *, *, #911, .T. ) ;
#3917 = PLANE ( 'NONE',  #3690 ) ;
#3918 = ADVANCED_FACE ( 'NONE', ( #3835 ), #2006, .T. ) ;
#3919 = CARTESIAN_POINT ( 'NONE',  ( 0.000000000000000000, 0.000000000000000000, 36.58887821575369514 ) ) ;
#3920 = COLOUR_RGB ( '',0.8000000000000000444, 0.6627450980392156632, 0.3176470588235293935 ) ;
#3921 = DIRECTION ( 'NONE',  ( -0.8852892502353540971, -0.4650407975841740482, 0.000000000000000000 ) ) ;
#3922 = PRESENTATION_LAYER_ASSIGNMENT (  '', '', ( #4912 ) ) ;
#3923 = VERTEX_POINT ( 'NONE', #5513 ) ;
#3924 = CARTESIAN_POINT ( 'NONE',  ( 1.141005721577959875, 4.258291324655729682, 10.80000000000000071 ) ) ;
#3925 = LINE ( 'NONE', #74, #5394 ) ;
#3926 = ORIENTED_EDGE ( 'NONE', *, *, #866, .F. ) ;
#3927 =( NAMED_UNIT ( * ) PLANE_ANGLE_UNIT ( ) SI_UNIT ( $, .RADIAN. ) );
#3928 = DIRECTION ( 'NONE',  ( 0.9754851657028632550, -0.2200651982791860528, 0.000000000000000000 ) ) ;
#3929 = CARTESIAN_POINT ( 'NONE',  ( 4.686511894237483489, 0.4399779939663844841, 13.80875854614862952 ) ) ;
#3930 = LINE ( 'NONE', #967, #2030 ) ;
#3931 = DIRECTION ( 'NONE',  ( -0.9009255908512698863, -0.4339735933778578469, 0.000000000000000000 ) ) ;
#3932 = CARTESIAN_POINT ( 'NONE',  ( -4.808507577662980204, 0.6330520322672460454, 19.00000000000000000 ) ) ;
#3933 = DIRECTION ( 'NONE',  ( 0.000000000000000000, 0.000000000000000000, 1.000000000000000000 ) ) ;
#3934 = CARTESIAN_POINT ( 'NONE',  ( 4.808507577662980204, -0.6330520322672550382, -1.513876697314419983 ) ) ;
#3935 = CARTESIAN_POINT ( 'NONE',  ( 2.745638533331269837, -1.209043735589302893, 15.32784431057704211 ) ) ;
#3936 = SURFACE_SIDE_STYLE ('',( #3457 ) ) ;
#3937 = ADVANCED_FACE ( 'NONE', ( #3492 ), #480, .T. ) ;
#3938 = CARTESIAN_POINT ( 'NONE',  ( -4.686168384668629727, 1.249930348344247655, 39.20324871520872279 ) ) ;
#3939 = CARTESIAN_POINT ( 'NONE',  ( -4.747431902729011277, -0.9989892761826516532, 39.80752914677648846 ) ) ;
#3940 = ORIENTED_EDGE ( 'NONE', *, *, #4838, .T. ) ;
#3941 = CARTESIAN_POINT ( 'NONE',  ( 6.837956412257310213, 2.924067741875662652, 44.43633199414209400 ) ) ;
#3942 = FACE_OUTER_BOUND ( 'NONE', #2818, .T. ) ;
#3943 = PLANE ( 'NONE',  #4716 ) ;
#3944 = CARTESIAN_POINT ( 'NONE',  ( -1.856014646970700177, -4.480815732679729102, 19.00000000000000000 ) ) ;
#3945 = DIRECTION ( 'NONE',  ( 0.000000000000000000, 0.000000000000000000, 1.000000000000000000 ) ) ;
#3946 = ORIENTED_EDGE ( 'NONE', *, *, #5023, .F. ) ;
#3947 = CARTESIAN_POINT ( 'NONE',  ( 0.000000000000000000, 0.000000000000000000, 34.83887821575380173 ) ) ;
#3948 = CARTESIAN_POINT ( 'NONE',  ( 0.6330520322672510414, 4.808507577662980204, 19.00000000000000000 ) ) ;
#3949 = ORIENTED_EDGE ( 'NONE', *, *, #982, .T. ) ;
#3950 = VERTEX_POINT ( 'NONE', #3515 ) ;
#3951 = DIRECTION ( 'NONE',  ( 0.000000000000000000, 0.000000000000000000, 1.000000000000000000 ) ) ;
#3952 =( NAMED_UNIT ( * ) SI_UNIT ( $, .STERADIAN. ) SOLID_ANGLE_UNIT ( ) );
#3953 = DIRECTION ( 'NONE',  ( 0.000000000000000000, 0.000000000000000000, 1.000000000000000000 ) ) ;
#3954 = CARTESIAN_POINT ( 'NONE',  ( -8.043063720601661970, -1.836198787262122156, 44.17158205686133954 ) ) ;
#3955 = DIRECTION ( 'NONE',  ( 0.000000000000000000, 0.000000000000000000, 1.000000000000000000 ) ) ;
#3956 = VECTOR ( 'NONE', #4408, 1000.000000000000114 ) ;
#3957 = SURFACE_STYLE_FILL_AREA ( #140 ) ;
#3958 = CARTESIAN_POINT ( 'NONE',  ( 7.750000000000099476, -0.3499999999999999778, 44.67118044726429815 ) ) ;
#3959 = SURFACE_STYLE_USAGE ( .BOTH. , #887 ) ;
#3960 = UNCERTAINTY_MEASURE_WITH_UNIT (LENGTH_MEASURE( 1.000000000000000082E-05 ), #5160, 'distance_accuracy_value', 'NONE');
#3961 = COLOUR_RGB ( '',1.000000000000000000, 1.000000000000000000, 1.000000000000000000 ) ;
#3962 = CARTESIAN_POINT ( 'NONE',  ( -4.850000000000000533, -1.714551312174418550E-21, 37.78887821575369799 ) ) ;
#3963 = DIRECTION ( 'NONE',  ( 0.000000000000000000, 0.000000000000000000, -1.000000000000000000 ) ) ;
#3964 = ORIENTED_EDGE ( 'NONE', *, *, #2270, .F. ) ;
#3965 = DIRECTION ( 'NONE',  ( 0.6783246350500656829, 0.7347623353739597407, 0.000000000000000000 ) ) ;
#3966 = DIRECTION ( 'NONE',  ( 0.000000000000000000, 0.000000000000000000, -1.000000000000000000 ) ) ;
#3967 = ORIENTED_EDGE ( 'NONE', *, *, #4196, .F. ) ;
#3968 = EDGE_CURVE ( 'NONE', #3387, #3711, #656, .T. ) ;
#3969 = VERTEX_POINT ( 'NONE', #1852 ) ;
#3970 = EDGE_LOOP ( 'NONE', ( #629, #4023 ) ) ;
#3971 = MECHANICAL_DESIGN_GEOMETRIC_PRESENTATION_REPRESENTATION (  '', ( #2449 ), #1551 ) ;
#3972 = EDGE_CURVE ( 'NONE', #3395, #302, #1907, .T. ) ;
#3973 = CARTESIAN_POINT ( 'NONE',  ( -5.333739260802255799, -5.371710189849456363, 44.39301794922163680 ) ) ;
#3974 = FACE_OUTER_BOUND ( 'NONE', #5091, .T. ) ;
#3975 =( GEOMETRIC_REPRESENTATION_CONTEXT ( 3 ) GLOBAL_UNCERTAINTY_ASSIGNED_CONTEXT ( ( #2948 ) ) GLOBAL_UNIT_ASSIGNED_CONTEXT ( ( #5010, #3213, #3691 ) ) REPRESENTATION_CONTEXT ( 'NONE', 'WORKASPACE' ) );
#3976 = EDGE_CURVE ( 'NONE', #962, #794, #2309, .T. ) ;
#3977 = CARTESIAN_POINT ( 'NONE',  ( 3.817879555032340111, 2.204253788831489924, -1.513876697314419983 ) ) ;
#3978 = MECHANICAL_DESIGN_GEOMETRIC_PRESENTATION_REPRESENTATION (  '', ( #2102 ), #4884 ) ;
#3979 = CARTESIAN_POINT ( 'NONE',  ( 3.817879555032340111, 2.204253788831480154, 10.80000000000000071 ) ) ;
#3980 = SURFACE_STYLE_USAGE ( .BOTH. , #4101 ) ;
#3981 = STYLED_ITEM ( 'NONE', ( #4802 ), #2330 ) ;
#3982 = FILL_AREA_STYLE ('',( #1454 ) ) ;
#3983 = CARTESIAN_POINT ( 'NONE',  ( -4.686140561030462059, 1.250034656943580069, 38.95748877761388940 ) ) ;
#3984 = AXIS2_PLACEMENT_3D ( 'NONE', #2751, #2265, #1957 ) ;
#3985 = EDGE_LOOP ( 'NONE', ( #486, #4177, #2577, #4334 ) ) ;
#3986 = CARTESIAN_POINT ( 'NONE',  ( 2.727227335716033707, 1.249892424674349467, 14.83393668990710879 ) ) ;
#3987 = ORIENTED_EDGE ( 'NONE', *, *, #1314, .T. ) ;
#3988 = LINE ( 'NONE', #1851, #231 ) ;
#3989 = ADVANCED_FACE ( 'NONE', ( #4418 ), #4901, .F. ) ;
#3990 = STYLED_ITEM ( 'NONE', ( #2710 ), #4474 ) ;
#3991 = DIRECTION ( 'NONE',  ( 0.000000000000000000, 0.000000000000000000, 1.000000000000000000 ) ) ;
#3992 = COLOUR_RGB ( '',0.8000000000000000444, 0.6627450980392156632, 0.3176470588235293935 ) ;
#3993 = CYLINDRICAL_SURFACE ( 'NONE', #2343, 3.000000000000000444 ) ;
#3994 = ORIENTED_EDGE ( 'NONE', *, *, #3670, .F. ) ;
#3995 = CARTESIAN_POINT ( 'NONE',  ( -6.450237979908719055, -5.143630041375889306, 36.58887821575369514 ) ) ;
#3996 = COLOUR_RGB ( '',0.2000000000000000111, 0.2000000000000000111, 0.2000000000000000111 ) ;
#3997 = ORIENTED_EDGE ( 'NONE', *, *, #2237, .F. ) ;
#3998 = ORIENTED_EDGE ( 'NONE', *, *, #306, .T. ) ;
#3999 = FACE_OUTER_BOUND ( 'NONE', #3764, .T. ) ;
#4000 = EDGE_CURVE ( 'NONE', #2705, #2647, #5344, .T. ) ;
#4001 = VECTOR ( 'NONE', #5490, 1000.000000000000000 ) ;
#4002 = PRESENTATION_LAYER_ASSIGNMENT (  '', '', ( #1664 ) ) ;
#4003 = EDGE_CURVE ( 'NONE', #1359, #1898, #301, .T. ) ;
#4004 = LINE ( 'NONE', #3591, #2598 ) ;
#4005 = FILL_AREA_STYLE ('',( #1985 ) ) ;
#4006 = EDGE_CURVE ( 'NONE', #4176, #1750, #5319, .T. ) ;
#4007 = CARTESIAN_POINT ( 'NONE',  ( -8.250000000000092371, 0.000000000000000000, 36.58887821575369514 ) ) ;
#4008 = DIRECTION ( 'NONE',  ( -0.9548275336531452107, -0.2971605306527970725, 0.000000000000000000 ) ) ;
#4009 = CARTESIAN_POINT ( 'NONE',  ( -5.646236345122984881E-15, -8.250000000000097700, 44.17158205686133954 ) ) ;
#4010 = PRESENTATION_STYLE_ASSIGNMENT (( #2328 ) ) ;
#4011 = FILL_AREA_STYLE ('',( #159 ) ) ;
#4012 = EDGE_LOOP ( 'NONE', ( #1544, #3240 ) ) ;
#4013 = CARTESIAN_POINT ( 'NONE',  ( 2.756148245018293252, 1.185255300110546361, 15.40554017854622515 ) ) ;
#4014 = ORIENTED_EDGE ( 'NONE', *, *, #1329, .F. ) ;
#4015 = PLANE ( 'NONE',  #5427 ) ;
#4016 = CARTESIAN_POINT ( 'NONE',  ( 0.000000000000000000, 0.000000000000000000, 33.03887821575369799 ) ) ;
#4017 = UNCERTAINTY_MEASURE_WITH_UNIT (LENGTH_MEASURE( 1.000000000000000082E-05 ), #2917, 'distance_accuracy_value', 'NONE');
#4018 = CARTESIAN_POINT ( 'NONE',  ( 1.141005721577959875, 4.258291324655729682, -1.513876697314419983 ) ) ;
#4019 = ORIENTED_EDGE ( 'NONE', *, *, #2518, .F. ) ;
#4020 = CARTESIAN_POINT ( 'NONE',  ( -7.415483163629600583, -6.505161610585228184E-16, 40.28887821575369799 ) ) ;
#4021 = ORIENTED_EDGE ( 'NONE', *, *, #1941, .T. ) ;
#4022 = EDGE_CURVE ( 'NONE', #4414, #1556, #986, .T. ) ;
#4023 = ORIENTED_EDGE ( 'NONE', *, *, #4602, .F. ) ;
#4024 =( NAMED_UNIT ( * ) SI_UNIT ( $, .STERADIAN. ) SOLID_ANGLE_UNIT ( ) );
#4025 = CARTESIAN_POINT ( 'NONE',  ( -3.817879555032340111, 2.204253788831489924, 10.80000000000000071 ) ) ;
#4026 = CARTESIAN_POINT ( 'NONE',  ( 4.258291324655729682, -1.141005721577959875, 14.48950421811110090 ) ) ;
#4027 = CARTESIAN_POINT ( 'NONE',  ( 2.204253788831500138, 3.817879555032330341, 19.00000000000000000 ) ) ;
#4028 =( LENGTH_UNIT ( ) NAMED_UNIT ( * ) SI_UNIT ( .MILLI., .METRE. ) );
#4029 = EDGE_CURVE ( 'NONE', #2552, #1630, #1197, .T. ) ;
#4030 = CARTESIAN_POINT ( 'NONE',  ( 4.408507577662979848, -3.406395076843780132E-15, 10.80000000000000071 ) ) ;
#4031 = LINE ( 'NONE', #1539, #1793 ) ;
#4032 = LINE ( 'NONE', #2713, #4452 ) ;
#4033 = CYLINDRICAL_SURFACE ( 'NONE', #5408, 8.250000000000000000 ) ;
#4034 = VECTOR ( 'NONE', #1426, 1000.000000000000227 ) ;
#4035 = CARTESIAN_POINT ( 'NONE',  ( 4.808507577662980204, 0.6330520322672400502, 16.07784281063719689 ) ) ;
#4036 = SURFACE_STYLE_USAGE ( .BOTH. , #4695 ) ;
#4037 = CARTESIAN_POINT ( 'NONE',  ( 4.258291324655729682, -1.141005721577959875, -1.513876697314419983 ) ) ;
#4038 = FILL_AREA_STYLE_COLOUR ( '', #312 ) ;
#4039 = ADVANCED_FACE ( 'NONE', ( #3276, #5373 ), #3247, .F. ) ;
#4040 = COLOUR_RGB ( '',0.8000000000000000444, 0.6627450980392156632, 0.3176470588235293935 ) ;
#4041 = DIRECTION ( 'NONE',  ( 0.000000000000000000, 0.000000000000000000, -1.000000000000000000 ) ) ;
#4042 = ORIENTED_EDGE ( 'NONE', *, *, #4497, .F. ) ;
#4043 = CARTESIAN_POINT ( 'NONE',  ( 2.936726770424067823, 0.6315044571477431701, 16.09096084228895407 ) ) ;
#4044 = ORIENTED_EDGE ( 'NONE', *, *, #4614, .T. ) ;
#4045 = SURFACE_STYLE_FILL_AREA ( #3272 ) ;
#4046 = CARTESIAN_POINT ( 'NONE',  ( -4.850000000000000533, -1.714551312174418550E-21, 37.78887821575369799 ) ) ;
#4047 = VECTOR ( 'NONE', #4266, 1000.000000000000227 ) ;
#4048 = SURFACE_STYLE_USAGE ( .BOTH. , #564 ) ;
#4049 = ORIENTED_EDGE ( 'NONE', *, *, #31, .T. ) ;
#4050 = FILL_AREA_STYLE ('',( #2761 ) ) ;
#4051 = DIRECTION ( 'NONE',  ( -0.2200651982791789474, 0.9754851657028648093, 0.000000000000000000 ) ) ;
#4052 = ORIENTED_EDGE ( 'NONE', *, *, #3078, .F. ) ;
#4053 = ORIENTED_EDGE ( 'NONE', *, *, #2660, .T. ) ;
#4054 = ADVANCED_FACE ( 'NONE', ( #2448 ), #2056, .T. ) ;
#4055 = SURFACE_SIDE_STYLE ('',( #4820 ) ) ;
#4056 = FILL_AREA_STYLE ('',( #3587 ) ) ;
#4057 = EDGE_LOOP ( 'NONE', ( #3018, #1072, #4868, #218 ) ) ;
#4058 = ORIENTED_EDGE ( 'NONE', *, *, #13, .T. ) ;
#4059 = DIRECTION ( 'NONE',  ( 0.9754851657028630330, -0.2200651982791869965, 0.000000000000000000 ) ) ;
#4060 = SURFACE_SIDE_STYLE ('',( #2294 ) ) ;
#4061 = EDGE_CURVE ( 'NONE', #5316, #2462, #823, .T. ) ;
#4062 = VECTOR ( 'NONE', #62, 1000.000000000000000 ) ;
#4063 = LINE ( 'NONE', #1098, #5239 ) ;
#4064 = COLOUR_RGB ( '',0.1843137254901960898, 0.7490196078431372584, 0.5803921568627450345 ) ;
#4065 = CARTESIAN_POINT ( 'NONE',  ( 3.847763700412500043, 2.952492930692289796, 19.00000000000000000 ) ) ;
#4066 = PRESENTATION_LAYER_ASSIGNMENT (  '', '', ( #4170 ) ) ;
#4067 = ORIENTED_EDGE ( 'NONE', *, *, #1987, .F. ) ;
#4068 = FILL_AREA_STYLE_COLOUR ( '', #3605 ) ;
#4069 =( NAMED_UNIT ( * ) SI_UNIT ( $, .STERADIAN. ) SOLID_ANGLE_UNIT ( ) );
#4070 = EDGE_CURVE ( 'NONE', #45, #4142, #1995, .T. ) ;
#4071 = VERTEX_POINT ( 'NONE', #1584 ) ;
#4072 = CARTESIAN_POINT ( 'NONE',  ( -30.72458299147439931, 0.000000000000000000, 37.78887821575369799 ) ) ;
#4073 = STYLED_ITEM ( 'NONE', ( #3667 ), #2428 ) ;
#4074 = VECTOR ( 'NONE', #384, 1000.000000000000000 ) ;
#4075 =( NAMED_UNIT ( * ) PLANE_ANGLE_UNIT ( ) SI_UNIT ( $, .RADIAN. ) );
#4076 = UNCERTAINTY_MEASURE_WITH_UNIT (LENGTH_MEASURE( 1.000000000000000082E-05 ), #1253, 'distance_accuracy_value', 'NONE');
#4077 = SURFACE_SIDE_STYLE ('',( #4512 ) ) ;
#4078 =( NAMED_UNIT ( * ) PLANE_ANGLE_UNIT ( ) SI_UNIT ( $, .RADIAN. ) );
#4079 = STYLED_ITEM ( 'NONE', ( #2432 ), #1328 ) ;
#4080 = VECTOR ( 'NONE', #434, 1000.000000000000227 ) ;
#4081 = CARTESIAN_POINT ( 'NONE',  ( -3.578984851118379940, -7.433260888430239355, 36.58887821575369514 ) ) ;
#4082 = EDGE_LOOP ( 'NONE', ( #316, #4067 ) ) ;
#4083 = AXIS2_PLACEMENT_3D ( 'NONE', #1311, #5207, #430 ) ;
#4084 = CARTESIAN_POINT ( 'NONE',  ( 6.899999999999999467, 8.450062914116736661E-16, 34.83887821575380173 ) ) ;
#4085 = ORIENTED_EDGE ( 'NONE', *, *, #5164, .T. ) ;
#4086 = VECTOR ( 'NONE', #2913, 1000.000000000000227 ) ;
#4087 = ADVANCED_FACE ( 'NONE', ( #5462 ), #655, .T. ) ;
#4088 = ORIENTED_EDGE ( 'NONE', *, *, #1896, .F. ) ;
#4089 = VECTOR ( 'NONE', #2609, 1000.000000000000114 ) ;
#4090 = CARTESIAN_POINT ( 'NONE',  ( 4.408507577662979848, -3.913326676722159714E-15, 16.25000000000000000 ) ) ;
#4091 =( NAMED_UNIT ( * ) PLANE_ANGLE_UNIT ( ) SI_UNIT ( $, .RADIAN. ) );
#4092 = STYLED_ITEM ( 'NONE', ( #1237 ), #4747 ) ;
#4093 = ORIENTED_EDGE ( 'NONE', *, *, #3516, .T. ) ;
#4094 =( NAMED_UNIT ( * ) PLANE_ANGLE_UNIT ( ) SI_UNIT ( $, .RADIAN. ) );
#4095 = VECTOR ( 'NONE', #3806, 1000.000000000000114 ) ;
#4096 = DIRECTION ( 'NONE',  ( 0.000000000000000000, 0.000000000000000000, -1.000000000000000000 ) ) ;
#4097 = VECTOR ( 'NONE', #42, 1000.000000000000114 ) ;
#4098 = AXIS2_PLACEMENT_3D ( 'NONE', #3144, #2299, #2750 ) ;
#4099 = SURFACE_STYLE_USAGE ( .BOTH. , #1570 ) ;
#4100 = SURFACE_STYLE_USAGE ( .BOTH. , #2801 ) ;
#4101 = SURFACE_SIDE_STYLE ('',( #675 ) ) ;
#4102 =( NAMED_UNIT ( * ) SI_UNIT ( $, .STERADIAN. ) SOLID_ANGLE_UNIT ( ) );
#4103 = FILL_AREA_STYLE_COLOUR ( '', #1114 ) ;
#4104 = CARTESIAN_POINT ( 'NONE',  ( 1.141005721577959875, -4.258291324655739452, 10.80000000000000071 ) ) ;
#4105 = VERTEX_POINT ( 'NONE', #2503 ) ;
#4106 = CARTESIAN_POINT ( 'NONE',  ( 3.000000000000000000, -3.760245826828740779E-15, 13.75000000000000000 ) ) ;
#4107 = ORIENTED_EDGE ( 'NONE', *, *, #2394, .F. ) ;
#4108 = EDGE_CURVE ( 'NONE', #2647, #5403, #3200, .T. ) ;
#4109 = EDGE_CURVE ( 'NONE', #2356, #5395, #1264, .T. ) ;
#4110 = PRESENTATION_LAYER_ASSIGNMENT (  '', '', ( #5533 ) ) ;
#4111 = DIRECTION ( 'NONE',  ( -1.000000000000000000, 0.000000000000000000, 0.000000000000000000 ) ) ;
#4112 =( LENGTH_UNIT ( ) NAMED_UNIT ( * ) SI_UNIT ( .MILLI., .METRE. ) );
#4113 = DIRECTION ( 'NONE',  ( 0.000000000000000000, 0.000000000000000000, 1.000000000000000000 ) ) ;
#4114 = VERTEX_POINT ( 'NONE', #2605 ) ;
#4115 = LINE ( 'NONE', #2848, #2135 ) ;
#4116 = ORIENTED_EDGE ( 'NONE', *, *, #2957, .T. ) ;
#4117 = ORIENTED_EDGE ( 'NONE', *, *, #70, .F. ) ;
#4118 = FILL_AREA_STYLE_COLOUR ( '', #4847 ) ;
#4119 = CARTESIAN_POINT ( 'NONE',  ( 1.978051787980756426, -7.154691521132020782, 44.44273301383613273 ) ) ;
#4120 = SURFACE_STYLE_USAGE ( .BOTH. , #746 ) ;
#4121 = VERTEX_POINT ( 'NONE', #4246 ) ;
#4122 = CARTESIAN_POINT ( 'NONE',  ( 2.204253788831489924, -3.817879555032330341, 19.00000000000000000 ) ) ;
#4123 = CARTESIAN_POINT ( 'NONE',  ( 4.374256614262375997, -1.033947821405573064, 15.74978018142856406 ) ) ;
#4124 = CARTESIAN_POINT ( 'NONE',  ( 0.000000000000000000, 0.000000000000000000, 0.000000000000000000 ) ) ;
#4125 =( NAMED_UNIT ( * ) SI_UNIT ( $, .STERADIAN. ) SOLID_ANGLE_UNIT ( ) );
#4126 = SURFACE_STYLE_FILL_AREA ( #1124 ) ;
#4127 = PRODUCT_DEFINITION_CONTEXT ( 'detailed design', #4761, 'design' ) ;
#4128 = LINE ( 'NONE', #3297, #366 ) ;
#4129 = ADVANCED_FACE ( 'NONE', ( #2138 ), #2949, .T. ) ;
#4130 = STYLED_ITEM ( 'NONE', ( #2665 ), #362 ) ;
#4131 =( NAMED_UNIT ( * ) SI_UNIT ( $, .STERADIAN. ) SOLID_ANGLE_UNIT ( ) );
#4132 = FACE_OUTER_BOUND ( 'NONE', #4057, .T. ) ;
#4133 = PRESENTATION_STYLE_ASSIGNMENT (( #5477 ) ) ;
#4134 = STYLED_ITEM ( 'NONE', ( #2119 ), #3252 ) ;
#4135 = VERTEX_POINT ( 'NONE', #5541 ) ;
#4136 = FACE_OUTER_BOUND ( 'NONE', #667, .T. ) ;
#4137 = VERTEX_POINT ( 'NONE', #1705 ) ;
#4138 = SURFACE_SIDE_STYLE ('',( #1903 ) ) ;
#4139 = SURFACE_SIDE_STYLE ('',( #2418 ) ) ;
#4140 = UNCERTAINTY_MEASURE_WITH_UNIT (LENGTH_MEASURE( 1.000000000000000082E-05 ), #4952, 'distance_accuracy_value', 'NONE');
#4141 = DIRECTION ( 'NONE',  ( -0.9992033791931825837, -0.03990748061359929155, 0.000000000000000000 ) ) ;
#4142 = VERTEX_POINT ( 'NONE', #3796 ) ;
#4143 = CARTESIAN_POINT ( 'NONE',  ( 3.117285603077769807, -3.117285603077779577, -1.513876697314419983 ) ) ;
#4144 = AXIS2_PLACEMENT_3D ( 'NONE', #49, #4744, #876 ) ;
#4145 = ORIENTED_EDGE ( 'NONE', *, *, #5465, .T. ) ;
#4146 = ORIENTED_EDGE ( 'NONE', *, *, #2281, .T. ) ;
#4147 = LINE ( 'NONE', #1950, #1913 ) ;
#4148 = COLOUR_RGB ( '',0.8000000000000000444, 0.6627450980392156632, 0.3176470588235293935 ) ;
#4149 = EDGE_CURVE ( 'NONE', #872, #5464, #4949, .T. ) ;
#4150 = EDGE_LOOP ( 'NONE', ( #4914, #4834, #2359, #3719, #291, #3512 ) ) ;
#4151 = EDGE_LOOP ( 'NONE', ( #606, #5099, #559, #1177 ) ) ;
#4152 =( NAMED_UNIT ( * ) PLANE_ANGLE_UNIT ( ) SI_UNIT ( $, .RADIAN. ) );
#4153 = FILL_AREA_STYLE ('',( #5000 ) ) ;
#4154 = DIRECTION ( 'NONE',  ( 0.2200651982791779759, -0.9754851657028650314, 0.000000000000000000 ) ) ;
#4155 = DIRECTION ( 'NONE',  ( 0.000000000000000000, 0.000000000000000000, 1.000000000000000000 ) ) ;
#4156 = SURFACE_STYLE_FILL_AREA ( #2861 ) ;
#4157 = CARTESIAN_POINT ( 'NONE',  ( 0.000000000000000000, 0.000000000000000000, 45.03887821575380457 ) ) ;
#4158 = CARTESIAN_POINT ( 'NONE',  ( 1.856014646970679971, -4.480815732679749530, 19.00000000000000000 ) ) ;
#4159 = DIRECTION ( 'NONE',  ( 0.000000000000000000, 0.000000000000000000, -1.000000000000000000 ) ) ;
#4160 = VECTOR ( 'NONE', #505, 1000.000000000000000 ) ;
#4161 = ADVANCED_FACE ( 'NONE', ( #1733 ), #4730, .F. ) ;
#4162 = STYLED_ITEM ( 'NONE', ( #4926 ), #4039 ) ;
#4163 =( NAMED_UNIT ( * ) SI_UNIT ( $, .STERADIAN. ) SOLID_ANGLE_UNIT ( ) );
#4164 = CARTESIAN_POINT ( 'NONE',  ( -3.847763700412489829, 2.952492930692289796, 10.80000000000000071 ) ) ;
#4165 = MECHANICAL_DESIGN_GEOMETRIC_PRESENTATION_REPRESENTATION (  '', ( #3720 ), #3975 ) ;
#4166 = FACE_OUTER_BOUND ( 'NONE', #5479, .T. ) ;
#4167 = DIRECTION ( 'NONE',  ( -1.000000000000000000, 0.000000000000000000, 0.000000000000000000 ) ) ;
#4168 = LINE ( 'NONE', #3308, #27 ) ;
#4169 = SURFACE_STYLE_FILL_AREA ( #718 ) ;
#4170 = STYLED_ITEM ( 'NONE', ( #3557 ), #3807 ) ;
#4171 = DIRECTION ( 'NONE',  ( 0.7071067811865489050, 0.000000000000000000, -0.7071067811865460184 ) ) ;
#4172 =( GEOMETRIC_REPRESENTATION_CONTEXT ( 3 ) GLOBAL_UNCERTAINTY_ASSIGNED_CONTEXT ( ( #2336 ) ) GLOBAL_UNIT_ASSIGNED_CONTEXT ( ( #3063, #1769, #919 ) ) REPRESENTATION_CONTEXT ( 'NONE', 'WORKASPACE' ) );
#4173 = VERTEX_POINT ( 'NONE', #1402 ) ;
#4174 = VECTOR ( 'NONE', #844, 1000.000000000000000 ) ;
#4175 = CARTESIAN_POINT ( 'NONE',  ( -3.847763700412489829, 2.952492930692289796, 19.00000000000000000 ) ) ;
#4176 = VERTEX_POINT ( 'NONE', #2721 ) ;
#4177 = ORIENTED_EDGE ( 'NONE', *, *, #2071, .T. ) ;
#4178 = DIRECTION ( 'NONE',  ( 0.000000000000000000, -1.000000000000000000, -1.246832498358330099E-15 ) ) ;
#4179 = MECHANICAL_DESIGN_GEOMETRIC_PRESENTATION_REPRESENTATION (  '', ( #1028 ), #2915 ) ;
#4180 = ORIENTED_EDGE ( 'NONE', *, *, #3493, .T. ) ;
#4181 = DIRECTION ( 'NONE',  ( -0.7347623353739640706, -0.6783246350500609090, 0.000000000000000000 ) ) ;
#4182 = SURFACE_STYLE_FILL_AREA ( #5026 ) ;
#4183 = SURFACE_STYLE_USAGE ( .BOTH. , #4642 ) ;
#4184 =( NAMED_UNIT ( * ) SI_UNIT ( $, .STERADIAN. ) SOLID_ANGLE_UNIT ( ) );
#4185 = VECTOR ( 'NONE', #4818, 1000.000000000000227 ) ;
#4186 = STYLED_ITEM ( 'NONE', ( #635 ), #4453 ) ;
#4187 = VECTOR ( 'NONE', #761, 1000.000000000000000 ) ;
#4188 = AXIS2_PLACEMENT_3D ( 'NONE', #3026, #2569, #2597 ) ;
#4189 = PRESENTATION_LAYER_ASSIGNMENT (  '', '', ( #4728 ) ) ;
#4190 = FILL_AREA_STYLE_COLOUR ( '', #1702 ) ;
#4191 = LINE ( 'NONE', #4242, #2727 ) ;
#4192 = PRESENTATION_LAYER_ASSIGNMENT (  '', '', ( #3211 ) ) ;
#4193 =( GEOMETRIC_REPRESENTATION_CONTEXT ( 3 ) GLOBAL_UNCERTAINTY_ASSIGNED_CONTEXT ( ( #1994 ) ) GLOBAL_UNIT_ASSIGNED_CONTEXT ( ( #1875, #179, #3607 ) ) REPRESENTATION_CONTEXT ( 'NONE', 'WORKASPACE' ) );
#4194 = LINE ( 'NONE', #4104, #322 ) ;
#4195 = EDGE_LOOP ( 'NONE', ( #3677, #819, #3040, #2104 ) ) ;
#4196 = EDGE_CURVE ( 'NONE', #3676, #284, #3569, .T. ) ;
#4197 = DIRECTION ( 'NONE',  ( -1.000000000000000000, 0.000000000000000000, 0.000000000000000000 ) ) ;
#4198 = UNCERTAINTY_MEASURE_WITH_UNIT (LENGTH_MEASURE( 1.000000000000000082E-05 ), #816, 'distance_accuracy_value', 'NONE');
#4199 = CARTESIAN_POINT ( 'NONE',  ( 5.020736889921710855, 0.3499999999999999778, 44.53887821575379746 ) ) ;
#4200 = CARTESIAN_POINT ( 'NONE',  ( 3.817879555032340111, 2.204253788831489924, -1.513876697314419983 ) ) ;
#4201 =( NAMED_UNIT ( * ) SI_UNIT ( $, .STERADIAN. ) SOLID_ANGLE_UNIT ( ) );
#4202 = ORIENTED_EDGE ( 'NONE', *, *, #4022, .T. ) ;
#4203 = LINE ( 'NONE', #5066, #4493 ) ;
#4204 = ORIENTED_EDGE ( 'NONE', *, *, #1896, .T. ) ;
#4205 = LINE ( 'NONE', #2061, #1256 ) ;
#4206 = PRESENTATION_STYLE_ASSIGNMENT (( #4635 ) ) ;
#4207 = DIRECTION ( 'NONE',  ( -0.9009255908512698863, -0.4339735933778578469, 0.000000000000000000 ) ) ;
#4208 = ORIENTED_EDGE ( 'NONE', *, *, #3972, .T. ) ;
#4209 = ORIENTED_EDGE ( 'NONE', *, *, #2436, .T. ) ;
#4210 = CARTESIAN_POINT ( 'NONE',  ( -2.204253788831489924, -3.817879555032340111, 19.00000000000000000 ) ) ;
#4211 = CARTESIAN_POINT ( 'NONE',  ( 1.977089117482798253, 7.169305313385689438, 44.43633199414206558 ) ) ;
#4212 = DIRECTION ( 'NONE',  ( 0.000000000000000000, 0.000000000000000000, 1.000000000000000000 ) ) ;
#4213 = SURFACE_STYLE_FILL_AREA ( #3845 ) ;
#4214 = APPLICATION_PROTOCOL_DEFINITION ( 'draft international standard', 'automotive_design', 1998, #552 ) ;
#4215 = SURFACE_STYLE_USAGE ( .BOTH. , #3296 ) ;
#4216 = FILL_AREA_STYLE ('',( #2497 ) ) ;
#4217 = SURFACE_SIDE_STYLE ('',( #5088 ) ) ;
#4218 = LINE ( 'NONE', #5112, #4074 ) ;
#4219 = ORIENTED_EDGE ( 'NONE', *, *, #2765, .T. ) ;
#4220 = VECTOR ( 'NONE', #1246, 1000.000000000000000 ) ;
#4221 = EDGE_CURVE ( 'NONE', #1056, #4592, #4903, .T. ) ;
#4222 = CARTESIAN_POINT ( 'NONE',  ( 4.686511894237481712, -0.4399779939663961970, 13.80875854614863130 ) ) ;
#4223 = PRESENTATION_STYLE_ASSIGNMENT (( #4985 ) ) ;
#4224 = ORIENTED_EDGE ( 'NONE', *, *, #3632, .T. ) ;
#4225 = CARTESIAN_POINT ( 'NONE',  ( -8.043063720601669075, 1.836198787262089960, 36.58887821575369514 ) ) ;
#4226 = COLOUR_RGB ( '',0.8000000000000000444, 0.6627450980392156632, 0.3176470588235293935 ) ;
#4227 = VERTEX_POINT ( 'NONE', #3511 ) ;
#4228 = SURFACE_SIDE_STYLE ('',( #2691 ) ) ;
#4229 = LINE ( 'NONE', #297, #4001 ) ;
#4230 = ORIENTED_EDGE ( 'NONE', *, *, #533, .F. ) ;
#4231 = ORIENTED_EDGE ( 'NONE', *, *, #4340, .T. ) ;
#4232 = STYLED_ITEM ( 'NONE', ( #4411 ), #2045 ) ;
#4233 = LINE ( 'NONE', #3842, #1303 ) ;
#4234 = AXIS2_PLACEMENT_3D ( 'NONE', #5384, #4431, #2771 ) ;
#4235 =( NAMED_UNIT ( * ) SI_UNIT ( $, .STERADIAN. ) SOLID_ANGLE_UNIT ( ) );
#4236 = LINE ( 'NONE', #2890, #994 ) ;
#4237 = DIRECTION ( 'NONE',  ( 0.000000000000000000, 0.000000000000000000, -1.000000000000000000 ) ) ;
#4238 = ITEM_DEFINED_TRANSFORMATION ( 'NONE', 'NONE', #4345,  #2543 ) ;
#4239 =( LENGTH_UNIT ( ) NAMED_UNIT ( * ) SI_UNIT ( .MILLI., .METRE. ) );
#4240 = EDGE_CURVE ( 'NONE', #3066, #1902, #914, .T. ) ;
#4241 = CARTESIAN_POINT ( 'NONE',  ( -7.843641715170143414, 1.578540059712941757, 44.25338606636912431 ) ) ;
#4242 = CARTESIAN_POINT ( 'NONE',  ( 3.817879555032340111, 2.204253788831480154, 19.00000000000000000 ) ) ;
#4243 = ORIENTED_EDGE ( 'NONE', *, *, #1483, .T. ) ;
#4244 = AXIS2_PLACEMENT_3D ( 'NONE', #2782, #289, #4111 ) ;
#4245 = UNCERTAINTY_MEASURE_WITH_UNIT (LENGTH_MEASURE( 1.000000000000000082E-05 ), #983, 'distance_accuracy_value', 'NONE');
#4246 = CARTESIAN_POINT ( 'NONE',  ( -3.847763700412500043, -2.952492930692280027, 10.80000000000000071 ) ) ;
#4247 = PRESENTATION_LAYER_ASSIGNMENT (  '', '', ( #4619 ) ) ;
#4248 = DIRECTION ( 'NONE',  ( 0.000000000000000000, 0.000000000000000000, 1.000000000000000000 ) ) ;
#4249 = EDGE_CURVE ( 'NONE', #4290, #1519, #5442, .T. ) ;
#4250 = ORIENTED_EDGE ( 'NONE', *, *, #3481, .F. ) ;
#4251 = CARTESIAN_POINT ( 'NONE',  ( 8.242572413998038527, -0.3499999999999999778, 44.17158205686130401 ) ) ;
#4252 = ORIENTED_EDGE ( 'NONE', *, *, #4260, .F. ) ;
#4253 = MECHANICAL_DESIGN_GEOMETRIC_PRESENTATION_REPRESENTATION (  '', ( #4530 ), #385 ) ;
#4254 = VECTOR ( 'NONE', #4353, 1000.000000000000000 ) ;
#4255 = DIRECTION ( 'NONE',  ( 0.000000000000000000, 0.000000000000000000, -1.000000000000000000 ) ) ;
#4256 = CARTESIAN_POINT ( 'NONE',  ( 2.204253788831500138, 3.817879555032330341, 19.00000000000000000 ) ) ;
#4257 = SURFACE_STYLE_FILL_AREA ( #843 ) ;
#4258 = VERTEX_POINT ( 'NONE', #5218 ) ;
#4259 = CONICAL_SURFACE ( 'NONE', #1120, 8.250000000000000000, 0.7853981633974503884 ) ;
#4260 = EDGE_CURVE ( 'NONE', #4986, #1109, #4857, .T. ) ;
#4261 = ORIENTED_EDGE ( 'NONE', *, *, #1692, .F. ) ;
#4262 = EDGE_CURVE ( 'NONE', #1307, #4963, #2268, .T. ) ;
#4263 = VECTOR ( 'NONE', #2197, 1000.000000000000000 ) ;
#4264 = DIRECTION ( 'NONE',  ( -0.6234703080455550328, -0.7818470278677158714, 0.000000000000000000 ) ) ;
#4265 = FILL_AREA_STYLE_COLOUR ( '', #3909 ) ;
#4266 = DIRECTION ( 'NONE',  ( 0.7347623353739587415, -0.6783246350500666821, 0.000000000000000000 ) ) ;
#4267 = SURFACE_STYLE_USAGE ( .BOTH. , #5212 ) ;
#4268 = SURFACE_STYLE_USAGE ( .BOTH. , #3482 ) ;
#4269 = MECHANICAL_DESIGN_GEOMETRIC_PRESENTATION_REPRESENTATION (  '', ( #846 ), #2023 ) ;
#4270 = VECTOR ( 'NONE', #4934, 1000.000000000000000 ) ;
#4271 = CIRCLE ( 'NONE', #587, 8.250000000000090594 ) ;
#4272 = LINE ( 'NONE', #3791, #3183 ) ;
#4273 = AXIS2_PLACEMENT_3D ( 'NONE', #1993, #806, #320 ) ;
#4274 =( NAMED_UNIT ( * ) PLANE_ANGLE_UNIT ( ) SI_UNIT ( $, .RADIAN. ) );
#4275 = DIRECTION ( 'NONE',  ( 0.000000000000000000, 0.000000000000000000, 1.000000000000000000 ) ) ;
#4276 = AXIS2_PLACEMENT_3D ( 'NONE', #2650, #5161, #432 ) ;
#4277 = VECTOR ( 'NONE', #1841, 1000.000000000000227 ) ;
#4278 = FILL_AREA_STYLE ('',( #3913 ) ) ;
#4279 = SURFACE_STYLE_FILL_AREA ( #810 ) ;
#4280 = AXIS2_PLACEMENT_3D ( 'NONE', #1799, #3928, #1362 ) ;
#4281 = ORIENTED_EDGE ( 'NONE', *, *, #638, .F. ) ;
#4282 = CARTESIAN_POINT ( 'NONE',  ( 6.753613800392386679, 3.066960018857573633, 44.44273301383612562 ) ) ;
#4283 = EDGE_CURVE ( 'NONE', #45, #793, #88, .T. ) ;
#4284 = ORIENTED_EDGE ( 'NONE', *, *, #1062, .F. ) ;
#4285 = CARTESIAN_POINT ( 'NONE',  ( -7.688295575315573060, -1.249979143294122297, 39.12159171563813231 ) ) ;
#4286 = LINE ( 'NONE', #2978, #1970 ) ;
#4287 = DIRECTION ( 'NONE',  ( -0.03990748061359829929, 0.9992033791931826947, 0.000000000000000000 ) ) ;
#4288 = SURFACE_SIDE_STYLE ('',( #4257 ) ) ;
#4289 = CARTESIAN_POINT ( 'NONE',  ( 1.023135497762776902, -7.443103493236691293, 44.41157641377709808 ) ) ;
#4290 = VERTEX_POINT ( 'NONE', #5418 ) ;
#4291 = ORIENTED_EDGE ( 'NONE', *, *, #1820, .F. ) ;
#4292 = UNCERTAINTY_MEASURE_WITH_UNIT (LENGTH_MEASURE( 1.000000000000000082E-05 ), #3334, 'distance_accuracy_value', 'NONE');
#4293 = AXIS2_PLACEMENT_3D ( 'NONE', #455, #2171, #3888 ) ;
#4294 = FACE_OUTER_BOUND ( 'NONE', #3985, .T. ) ;
#4295 = CARTESIAN_POINT ( 'NONE',  ( -4.408507577662979848, -5.421010862427520198E-16, -1.513876697314419983 ) ) ;
#4296 = CARTESIAN_POINT ( 'NONE',  ( -1.856014646970690185, -4.480815732679739760, -1.513876697314419983 ) ) ;
#4297 = FILL_AREA_STYLE_COLOUR ( '', #3992 ) ;
#4298 = PRESENTATION_STYLE_ASSIGNMENT (( #1259 ) ) ;
#4299 = FILL_AREA_STYLE_COLOUR ( '', #1026 ) ;
#4300 = ADVANCED_FACE ( 'NONE', ( #677 ), #1490, .T. ) ;
#4301 = DIRECTION ( 'NONE',  ( 0.000000000000000000, -1.000000000000000000, 0.000000000000000000 ) ) ;
#4302 = UNCERTAINTY_MEASURE_WITH_UNIT (LENGTH_MEASURE( 1.000000000000000082E-05 ), #4327, 'distance_accuracy_value', 'NONE');
#4303 = SURFACE_STYLE_USAGE ( .BOTH. , #3827 ) ;
#4304 = CARTESIAN_POINT ( 'NONE',  ( -4.695171545965002302, -1.217418188248826860, 38.71095516789807078 ) ) ;
#4305 = ORIENTED_EDGE ( 'NONE', *, *, #1192, .T. ) ;
#4306 = SURFACE_STYLE_FILL_AREA ( #1765 ) ;
#4307 = VECTOR ( 'NONE', #370, 1000.000000000000114 ) ;
#4308 = CARTESIAN_POINT ( 'NONE',  ( -4.139371280376538564, -6.254498704351618699, 44.41712914212489238 ) ) ;
#4309 = CARTESIAN_POINT ( 'NONE',  ( -7.566609834306992965, -0.9420910545984039208, 39.86445482924164452 ) ) ;
#4310 = CARTESIAN_POINT ( 'NONE',  ( 0.000000000000000000, 0.000000000000000000, 36.58887821575369514 ) ) ;
#4311 = VERTEX_POINT ( 'NONE', #4502 ) ;
#4312 = CARTESIAN_POINT ( 'NONE',  ( 8.242572413997988789, -0.3500000000000519917, 36.58887821575369514 ) ) ;
#4313 = MECHANICAL_DESIGN_GEOMETRIC_PRESENTATION_REPRESENTATION (  '', ( #2781 ), #4682 ) ;
#4314 = ORIENTED_EDGE ( 'NONE', *, *, #5011, .F. ) ;
#4315 = SURFACE_STYLE_USAGE ( .BOTH. , #5130 ) ;
#4316 = FILL_AREA_STYLE ('',( #3525 ) ) ;
#4317 = FACE_OUTER_BOUND ( 'NONE', #4539, .T. ) ;
#4318 = CARTESIAN_POINT ( 'NONE',  ( 4.480815732679739760, -1.856014646970690185, -1.513876697314419983 ) ) ;
#4319 = ADVANCED_FACE ( 'NONE', ( #1988 ), #3266, .T. ) ;
#4320 = ADVANCED_FACE ( 'NONE', ( #3633 ), #228, .F. ) ;
#4321 = CARTESIAN_POINT ( 'NONE',  ( 9.500000000000000000, 0.3499999999999999778, 34.63177143456719875 ) ) ;
#4322 = EDGE_CURVE ( 'NONE', #4927, #2486, #495, .T. ) ;
#4323 = SURFACE_STYLE_USAGE ( .BOTH. , #3936 ) ;
#4324 = CARTESIAN_POINT ( 'NONE',  ( 7.750000000000090594, -0.3499999999999999778, 43.80831079285869833 ) ) ;
#4325 = ORIENTED_EDGE ( 'NONE', *, *, #3709, .T. ) ;
#4326 = CARTESIAN_POINT ( 'NONE',  ( 0.000000000000000000, 4.183020130554749723E-15, 10.80000000000000071 ) ) ;
#4327 =( LENGTH_UNIT ( ) NAMED_UNIT ( * ) SI_UNIT ( .MILLI., .METRE. ) );
#4328 = DIRECTION ( 'NONE',  ( -1.000000000000000000, 0.000000000000000000, 0.000000000000000000 ) ) ;
#4329 = VERTEX_POINT ( 'NONE', #525 ) ;
#4330 = DIRECTION ( 'NONE',  ( -1.000000000000000000, 0.000000000000000000, 0.000000000000000000 ) ) ;
#4331 =( GEOMETRIC_REPRESENTATION_CONTEXT ( 3 ) GLOBAL_UNCERTAINTY_ASSIGNED_CONTEXT ( ( #861 ) ) GLOBAL_UNIT_ASSIGNED_CONTEXT ( ( #433, #2621, #3109 ) ) REPRESENTATION_CONTEXT ( 'NONE', 'WORKASPACE' ) );
#4332 = AXIS2_PLACEMENT_3D ( 'NONE', #4891, #4041, #1543 ) ;
#4333 = ORIENTED_EDGE ( 'NONE', *, *, #3857, .T. ) ;
#4334 = ORIENTED_EDGE ( 'NONE', *, *, #4249, .T. ) ;
#4335 = DIRECTION ( 'NONE',  ( 0.000000000000000000, 1.246832498358330099E-15, -1.000000000000000000 ) ) ;
#4336 = PRESENTATION_STYLE_ASSIGNMENT (( #407 ) ) ;
#4337 = FILL_AREA_STYLE_COLOUR ( '', #4877 ) ;
#4338 = VECTOR ( 'NONE', #2371, 1000.000000000000000 ) ;
#4339 = PRESENTATION_LAYER_ASSIGNMENT (  '', '', ( #1209 ) ) ;
#4340 = EDGE_CURVE ( 'NONE', #247, #1948, #2417, .T. ) ;
#4341 = SURFACE_STYLE_USAGE ( .BOTH. , #4797 ) ;
#4342 = PLANE ( 'NONE',  #5120 ) ;
#4343 = STYLED_ITEM ( 'NONE', ( #1524 ), #1418 ) ;
#4344 = STYLED_ITEM ( 'NONE', ( #2993 ), #2554 ) ;
#4345 = AXIS2_PLACEMENT_3D ( 'NONE', #2772, #4881, #1928 ) ;
#4346 = PRESENTATION_STYLE_ASSIGNMENT (( #2625 ) ) ;
#4347 = CARTESIAN_POINT ( 'NONE',  ( 3.000000000000000000, -3.913321534210503248E-15, 16.25000000000000000 ) ) ;
#4348 = VECTOR ( 'NONE', #2318, 1000.000000000000000 ) ;
#4349 = DIRECTION ( 'NONE',  ( 0.000000000000000000, 0.000000000000000000, 1.000000000000000000 ) ) ;
#4350 = UNCERTAINTY_MEASURE_WITH_UNIT (LENGTH_MEASURE( 1.000000000000000082E-05 ), #3265, 'distance_accuracy_value', 'NONE');
#4351 = CARTESIAN_POINT ( 'NONE',  ( -5.804291666562529706, 5.203917683310654851, 44.32109513373159615 ) ) ;
#4352 = MECHANICAL_DESIGN_GEOMETRIC_PRESENTATION_REPRESENTATION (  '', ( #1657 ), #2741 ) ;
#4353 = DIRECTION ( 'NONE',  ( 0.000000000000000000, 0.000000000000000000, 1.000000000000000000 ) ) ;
#4354 = VECTOR ( 'NONE', #1501, 1000.000000000000114 ) ;
#4355 = ORIENTED_EDGE ( 'NONE', *, *, #1711, .F. ) ;
#4356 = CARTESIAN_POINT ( 'NONE',  ( -4.360617743524997536, -6.007271638052285034, 44.44273301383612562 ) ) ;
#4357 = VECTOR ( 'NONE', #4368, 1000.000000000000000 ) ;
#4358 = MECHANICAL_DESIGN_GEOMETRIC_PRESENTATION_REPRESENTATION (  '', ( #5002 ), #2124 ) ;
#4359 = CARTESIAN_POINT ( 'NONE',  ( -7.584246698583612556, -0.9931758686102498679, 39.80217544842815158 ) ) ;
#4360 = FILL_AREA_STYLE ('',( #96 ) ) ;
#4361 = VECTOR ( 'NONE', #4615, 1000.000000000000114 ) ;
#4362 = COLOUR_RGB ( '',0.2000000000000000111, 0.2000000000000000111, 0.2000000000000000111 ) ;
#4363 = ORIENTED_EDGE ( 'NONE', *, *, #4909, .F. ) ;
#4364 = ORIENTED_EDGE ( 'NONE', *, *, #1552, .T. ) ;
#4365 =( NAMED_UNIT ( * ) SI_UNIT ( $, .STERADIAN. ) SOLID_ANGLE_UNIT ( ) );
#4366 = SURFACE_STYLE_USAGE ( .BOTH. , #4793 ) ;
#4367 = PLANE ( 'NONE',  #4144 ) ;
#4368 = DIRECTION ( 'NONE',  ( 0.2200651982791779759, -0.9754851657028650314, 0.000000000000000000 ) ) ;
#4369 = FACE_OUTER_BOUND ( 'NONE', #2706, .T. ) ;
#4370 = B_SPLINE_CURVE_WITH_KNOTS ( 'NONE', 3,
 ( #4788, #4738, #921, #4289, #5150, #2641, #3859, #4009 ),
 .UNSPECIFIED., .F., .F.,
 ( 4, 2, 2, 4 ),
 ( 0.001991178749145628476, 0.002488314323394569087, 0.002985449897643509699, 0.003979721046141387886 ),
 .UNSPECIFIED. ) ;
#4371 =( NAMED_UNIT ( * ) PLANE_ANGLE_UNIT ( ) SI_UNIT ( $, .RADIAN. ) );
#4372 = SURFACE_SIDE_STYLE ('',( #929 ) ) ;
#4373 = DIRECTION ( 'NONE',  ( -0.9548275336531429902, 0.2971605306528039558, 0.000000000000000000 ) ) ;
#4374 =( NAMED_UNIT ( * ) SI_UNIT ( $, .STERADIAN. ) SOLID_ANGLE_UNIT ( ) );
#4375 = DIRECTION ( 'NONE',  ( 0.000000000000000000, 0.000000000000000000, 1.000000000000000000 ) ) ;
#4376 = CARTESIAN_POINT ( 'NONE',  ( -4.790085568818780004, 0.7630472287794677344, 38.04546456173336111 ) ) ;
#4377 = ADVANCED_FACE ( 'NONE', ( #4369 ), #5551, .T. ) ;
#4378 =( LENGTH_UNIT ( ) NAMED_UNIT ( * ) SI_UNIT ( .MILLI., .METRE. ) );
#4379 = ORIENTED_EDGE ( 'NONE', *, *, #2745, .F. ) ;
#4380 = ADVANCED_FACE ( 'NONE', ( #1277 ), #879, .F. ) ;
#4381 = CARTESIAN_POINT ( 'NONE',  ( -1.141005721577959875, 4.258291324655729682, -1.513876697314419983 ) ) ;
#4382 =( NAMED_UNIT ( * ) SI_UNIT ( $, .STERADIAN. ) SOLID_ANGLE_UNIT ( ) );
#4383 = CARTESIAN_POINT ( 'NONE',  ( 5.020736889921710855, 0.000000000000000000, 45.03887821575380457 ) ) ;
#4384 = SURFACE_STYLE_FILL_AREA ( #4360 ) ;
#4385 = EDGE_LOOP ( 'NONE', ( #1150, #2251, #41, #1083 ) ) ;
#4386 = CARTESIAN_POINT ( 'NONE',  ( 1.856014646970679971, -4.480815732679739760, -1.513876697314419983 ) ) ;
#4387 = SURFACE_STYLE_USAGE ( .BOTH. , #3861 ) ;
#4388 = EDGE_LOOP ( 'NONE', ( #202, #2081, #5375, #2984 ) ) ;
#4389 = EDGE_CURVE ( 'NONE', #3652, #3216, #1778, .T. ) ;
#4390 = ORIENTED_EDGE ( 'NONE', *, *, #2518, .T. ) ;
#4391 = CARTESIAN_POINT ( 'NONE',  ( 4.258291324655739452, 1.141005721577950105, -1.513876697314419983 ) ) ;
#4392 = STYLED_ITEM ( 'NONE', ( #4223 ), #436 ) ;
#4393 =( LENGTH_UNIT ( ) NAMED_UNIT ( * ) SI_UNIT ( .MILLI., .METRE. ) );
#4394 = APPLICATION_CONTEXT ( 'automotive_design' ) ;
#4395 = LINE ( 'NONE', #4318, #239 ) ;
#4396 = CARTESIAN_POINT ( 'NONE',  ( 3.847763700412480059, -2.952492930692309780, 19.00000000000000000 ) ) ;
#4397 =( GEOMETRIC_REPRESENTATION_CONTEXT ( 3 ) GLOBAL_UNCERTAINTY_ASSIGNED_CONTEXT ( ( #26 ) ) GLOBAL_UNIT_ASSIGNED_CONTEXT ( ( #2267, #2167, #3435 ) ) REPRESENTATION_CONTEXT ( 'NONE', 'WORKASPACE' ) );
#4398 = DIRECTION ( 'NONE',  ( 1.000000000000000000, 0.000000000000000000, 0.000000000000000000 ) ) ;
#4399 = AXIS2_PLACEMENT_3D ( 'NONE', #5456, #1600, #732 ) ;
#4400 = FILL_AREA_STYLE ('',( #669 ) ) ;
#4401 =( NAMED_UNIT ( * ) PLANE_ANGLE_UNIT ( ) SI_UNIT ( $, .RADIAN. ) );
#4402 = COLOUR_RGB ( '',0.8000000000000000444, 0.6627450980392156632, 0.3176470588235293935 ) ;
#4403 = EDGE_CURVE ( 'NONE', #2431, #271, #2536, .T. ) ;
#4404 = DIRECTION ( 'NONE',  ( 0.000000000000000000, 0.000000000000000000, -1.000000000000000000 ) ) ;
#4405 = MECHANICAL_DESIGN_GEOMETRIC_PRESENTATION_REPRESENTATION (  '', ( #1540 ), #2601 ) ;
#4406 = FACE_OUTER_BOUND ( 'NONE', #4012, .T. ) ;
#4407 = UNCERTAINTY_MEASURE_WITH_UNIT (LENGTH_MEASURE( 1.000000000000000082E-05 ), #3344, 'distance_accuracy_value', 'NONE');
#4408 = DIRECTION ( 'NONE',  ( 0.4650407975841728270, -0.8852892502353546522, 0.000000000000000000 ) ) ;
#4409 = AXIS2_PLACEMENT_3D ( 'NONE', #2792, #4519, #3107 ) ;
#4410 = CARTESIAN_POINT ( 'NONE',  ( -4.850000000000002309, 0.1635795086044531110, 37.78887821575370509 ) ) ;
#4411 = PRESENTATION_STYLE_ASSIGNMENT (( #1403 ) ) ;
#4412 = ORIENTED_EDGE ( 'NONE', *, *, #3019, .T. ) ;
#4413 = DIRECTION ( 'NONE',  ( -1.000000000000000000, 0.000000000000000000, 0.000000000000000000 ) ) ;
#4414 = VERTEX_POINT ( 'NONE', #4027 ) ;
#4415 = DIRECTION ( 'NONE',  ( 0.2225695499711609626, -0.9749168146183729844, 0.000000000000000000 ) ) ;
#4416 = UNCERTAINTY_MEASURE_WITH_UNIT (LENGTH_MEASURE( 1.000000000000000082E-05 ), #751, 'distance_accuracy_value', 'NONE');
#4417 = DIRECTION ( 'NONE',  ( 0.000000000000000000, 0.000000000000000000, -1.000000000000000000 ) ) ;
#4418 = FACE_OUTER_BOUND ( 'NONE', #897, .T. ) ;
#4419 = EDGE_CURVE ( 'NONE', #5403, #4963, #142, .T. ) ;
#4420 = VERTEX_POINT ( 'NONE', #2681 ) ;
#4421 = CARTESIAN_POINT ( 'NONE',  ( -1.141005721577959875, -4.258291324655739452, 19.00000000000000000 ) ) ;
#4422 = DIRECTION ( 'NONE',  ( 0.8453817696217515998, 0.5341625816090037615, 0.000000000000000000 ) ) ;
#4423 = VERTEX_POINT ( 'NONE', #4396 ) ;
#4424 = MECHANICAL_DESIGN_GEOMETRIC_PRESENTATION_REPRESENTATION (  '', ( #1459 ), #3167 ) ;
#4425 = STYLED_ITEM ( 'NONE', ( #787 ), #4087 ) ;
#4426 = FACE_OUTER_BOUND ( 'NONE', #3357, .T. ) ;
#4427 = SURFACE_SIDE_STYLE ('',( #5379 ) ) ;
#4428 = PRESENTATION_LAYER_ASSIGNMENT (  '', '', ( #3720 ) ) ;
#4429 = EDGE_CURVE ( 'NONE', #3683, #3159, #1417, .T. ) ;
#4430 = SURFACE_STYLE_USAGE ( .BOTH. , #548 ) ;
#4431 = DIRECTION ( 'NONE',  ( 0.000000000000000000, 0.000000000000000000, -1.000000000000000000 ) ) ;
#4432 = SURFACE_STYLE_FILL_AREA ( #5165 ) ;
#4433 = COLOUR_RGB ( '',0.2000000000000000111, 0.2000000000000000111, 0.2000000000000000111 ) ;
#4434 = VECTOR ( 'NONE', #1040, 1000.000000000000000 ) ;
#4435 = FILL_AREA_STYLE ('',( #2381 ) ) ;
#4436 = DIRECTION ( 'NONE',  ( -0.03990748061360611942, -0.9992033791931823616, 0.000000000000000000 ) ) ;
#4437 = CARTESIAN_POINT ( 'NONE',  ( 4.258291324655739452, 1.141005721577950105, 15.51049578188889910 ) ) ;
#4438 = SURFACE_SIDE_STYLE ('',( #5301 ) ) ;
#4439 = VECTOR ( 'NONE', #4141, 1000.000000000000227 ) ;
#4440 = MECHANICAL_DESIGN_GEOMETRIC_PRESENTATION_REPRESENTATION (  '', ( #4344 ), #1650 ) ;
#4441 = FILL_AREA_STYLE_COLOUR ( '', #4226 ) ;
#4442 =( NAMED_UNIT ( * ) SI_UNIT ( $, .STERADIAN. ) SOLID_ANGLE_UNIT ( ) );
#4443 = FACE_OUTER_BOUND ( 'NONE', #1060, .T. ) ;
#4444 = PRESENTATION_STYLE_ASSIGNMENT (( #118 ) ) ;
#4445 = VECTOR ( 'NONE', #2491, 1000.000000000000000 ) ;
#4446 = ORIENTED_EDGE ( 'NONE', *, *, #168, .F. ) ;
#4447 = ORIENTED_EDGE ( 'NONE', *, *, #4260, .T. ) ;
#4448 = DIRECTION ( 'NONE',  ( 0.000000000000000000, 0.000000000000000000, -1.000000000000000000 ) ) ;
#4449 = PRESENTATION_LAYER_ASSIGNMENT (  '', '', ( #5076 ) ) ;
#4450 = MECHANICAL_DESIGN_GEOMETRIC_PRESENTATION_REPRESENTATION (  '', ( #4186 ), #3098 ) ;
#4451 =( NAMED_UNIT ( * ) SI_UNIT ( $, .STERADIAN. ) SOLID_ANGLE_UNIT ( ) );
#4452 = VECTOR ( 'NONE', #3592, 1000.000000000000114 ) ;
#4453 = ADVANCED_FACE ( 'NONE', ( #2794 ), #1449, .F. ) ;
#4454 = ORIENTED_EDGE ( 'NONE', *, *, #3485, .F. ) ;
#4455 = CARTESIAN_POINT ( 'NONE',  ( -7.659334918611309995, 1.185255300110550580, 39.44441839429991603 ) ) ;
#4456 = ORIENTED_EDGE ( 'NONE', *, *, #2115, .F. ) ;
#4457 = ORIENTED_EDGE ( 'NONE', *, *, #1455, .F. ) ;
#4458 = CARTESIAN_POINT ( 'NONE',  ( 9.500000000000000000, -0.3499999999999999778, 35.16669567505899607 ) ) ;
#4459 = DIRECTION ( 'NONE',  ( 0.7347623353739640706, 0.6783246350500609090, 0.000000000000000000 ) ) ;
#4460 =( GEOMETRIC_REPRESENTATION_CONTEXT ( 3 ) GLOBAL_UNCERTAINTY_ASSIGNED_CONTEXT ( ( #2661 ) ) GLOBAL_UNIT_ASSIGNED_CONTEXT ( ( #494, #5210, #524 ) ) REPRESENTATION_CONTEXT ( 'NONE', 'WORKASPACE' ) );
#4461 = MECHANICAL_DESIGN_GEOMETRIC_PRESENTATION_REPRESENTATION (  '', ( #1049 ), #4193 ) ;
#4462 = CARTESIAN_POINT ( 'NONE',  ( 0.000000000000000000, 0.000000000000000000, 36.58887821575369514 ) ) ;
#4463 = CARTESIAN_POINT ( 'NONE',  ( -3.580282145367370106, 7.432636124523050114, 36.58887821575369514 ) ) ;
#4464 =( NAMED_UNIT ( * ) PLANE_ANGLE_UNIT ( ) SI_UNIT ( $, .RADIAN. ) );
#4465 = PRESENTATION_STYLE_ASSIGNMENT (( #3236 ) ) ;
#4466 = LINE ( 'NONE', #4920, #5528 ) ;
#4467 = FACE_OUTER_BOUND ( 'NONE', #5358, .T. ) ;
#4468 =( NAMED_UNIT ( * ) SI_UNIT ( $, .STERADIAN. ) SOLID_ANGLE_UNIT ( ) );
#4469 = CARTESIAN_POINT ( 'NONE',  ( 3.817879555032340111, -2.204253788831489924, -1.513876697314419983 ) ) ;
#4470 = CARTESIAN_POINT ( 'NONE',  ( -4.818773547597457352, 0.5546787559179149341, 37.91571169138708086 ) ) ;
#4471 = DIRECTION ( 'NONE',  ( -0.2971605306527970725, 0.9548275336531452107, 0.000000000000000000 ) ) ;
#4472 = FILL_AREA_STYLE ('',( #3634 ) ) ;
#4473 = VERTEX_POINT ( 'NONE', #2256 ) ;
#4474 = ADVANCED_FACE ( 'NONE', ( #3974 ), #995, .T. ) ;
#4475 = DIRECTION ( 'NONE',  ( 0.000000000000000000, 0.000000000000000000, -1.000000000000000000 ) ) ;
#4476 = ORIENTED_EDGE ( 'NONE', *, *, #3976, .F. ) ;
#4477 = CYLINDRICAL_SURFACE ( 'NONE', #2479, 1.250000000000001110 ) ;
#4478 = UNCERTAINTY_MEASURE_WITH_UNIT (LENGTH_MEASURE( 1.000000000000000082E-05 ), #169, 'distance_accuracy_value', 'NONE');
#4479 = CARTESIAN_POINT ( 'NONE',  ( 0.000000000000000000, 0.000000000000000000, 10.80000000000000071 ) ) ;
#4480 = VECTOR ( 'NONE', #4171, 1000.000000000000114 ) ;
#4481 = FACE_OUTER_BOUND ( 'NONE', #4955, .T. ) ;
#4482 = ORIENTED_EDGE ( 'NONE', *, *, #276, .F. ) ;
#4483 = SURFACE_STYLE_FILL_AREA ( #4050 ) ;
#4484 = FILL_AREA_STYLE_COLOUR ( '', #1932 ) ;
#4485 = ORIENTED_EDGE ( 'NONE', *, *, #2567, .F. ) ;
#4486 = EDGE_CURVE ( 'NONE', #5048, #5316, #937, .T. ) ;
#4487 = EDGE_LOOP ( 'NONE', ( #2218, #2559, #1052, #3336 ) ) ;
#4488 = FACE_OUTER_BOUND ( 'NONE', #3518, .T. ) ;
#4489 = CYLINDRICAL_SURFACE ( 'NONE', #1141, 8.250000000000000000 ) ;
#4490 = SURFACE_STYLE_FILL_AREA ( #5269 ) ;
#4491 = ORIENTED_EDGE ( 'NONE', *, *, #4950, .F. ) ;
#4492 = ORIENTED_EDGE ( 'NONE', *, *, #2001, .T. ) ;
#4493 = VECTOR ( 'NONE', #1221, 1000.000000000000227 ) ;
#4494 = DIRECTION ( 'NONE',  ( 0.000000000000000000, 0.000000000000000000, 1.000000000000000000 ) ) ;
#4495 = EDGE_CURVE ( 'NONE', #1161, #5065, #517, .T. ) ;
#4496 = CARTESIAN_POINT ( 'NONE',  ( 3.117285603077769807, -3.117285603077779577, 19.00000000000000000 ) ) ;
#4497 = EDGE_CURVE ( 'NONE', #160, #3197, #1379, .T. ) ;
#4498 =( NAMED_UNIT ( * ) PLANE_ANGLE_UNIT ( ) SI_UNIT ( $, .RADIAN. ) );
#4499 = STYLED_ITEM ( 'NONE', ( #2836 ), #3273 ) ;
#4500 =( NAMED_UNIT ( * ) PLANE_ANGLE_UNIT ( ) SI_UNIT ( $, .RADIAN. ) );
#4501 = PRESENTATION_STYLE_ASSIGNMENT (( #4036 ) ) ;
#4502 = CARTESIAN_POINT ( 'NONE',  ( -2.952492930692300011, -3.847763700412480059, 10.80000000000000071 ) ) ;
#4503 = SURFACE_STYLE_FILL_AREA ( #3692 ) ;
#4504 = ADVANCED_FACE ( 'NONE', ( #5199 ), #2667, .T. ) ;
#4505 = ORIENTED_EDGE ( 'NONE', *, *, #2472, .F. ) ;
#4506 = SURFACE_STYLE_FILL_AREA ( #2777 ) ;
#4507 = VECTOR ( 'NONE', #1381, 1000.000000000000000 ) ;
#4508 = ORIENTED_EDGE ( 'NONE', *, *, #2136, .T. ) ;
#4509 = SURFACE_STYLE_USAGE ( .BOTH. , #4138 ) ;
#4510 = PRESENTATION_STYLE_ASSIGNMENT (( #5397 ) ) ;
#4511 = COLOUR_RGB ( '',0.2000000000000000111, 0.2000000000000000111, 0.2000000000000000111 ) ;
#4512 = SURFACE_STYLE_FILL_AREA ( #2669 ) ;
#4513 =( LENGTH_UNIT ( ) NAMED_UNIT ( * ) SI_UNIT ( .MILLI., .METRE. ) );
#4514 = ORIENTED_EDGE ( 'NONE', *, *, #2912, .T. ) ;
#4515 = CARTESIAN_POINT ( 'NONE',  ( -7.619655911916408897, 1.089992237774233708, 39.67258853838834654 ) ) ;
#4516 = PLANE ( 'NONE',  #5247 ) ;
#4517 = EDGE_LOOP ( 'NONE', ( #3606, #4145, #1912, #4976 ) ) ;
#4518 = ORIENTED_EDGE ( 'NONE', *, *, #4403, .T. ) ;
#4519 = DIRECTION ( 'NONE',  ( 0.000000000000000000, 0.000000000000000000, 1.000000000000000000 ) ) ;
#4520 = CARTESIAN_POINT ( 'NONE',  ( -10.00000000000000000, 0.000000000000000000, 86.48696279987521507 ) ) ;
#4521 = ORIENTED_EDGE ( 'NONE', *, *, #4672, .F. ) ;
#4522 = AXIS2_PLACEMENT_3D ( 'NONE', #4837, #3991, #2338 ) ;
#4523 = ORIENTED_EDGE ( 'NONE', *, *, #2181, .F. ) ;
#4524 = CARTESIAN_POINT ( 'NONE',  ( 8.242572413998038527, -0.3499999999999999778, 44.17158205686130401 ) ) ;
#4525 = CYLINDRICAL_SURFACE ( 'NONE', #9, 3.000000000000000000 ) ;
#4526 = MECHANICAL_DESIGN_GEOMETRIC_PRESENTATION_REPRESENTATION (  '', ( #3797 ), #5225 ) ;
#4527 = ADVANCED_FACE ( 'NONE', ( #3942 ), #3514, .T. ) ;
#4528 = EDGE_CURVE ( 'NONE', #1902, #1519, #3988, .T. ) ;
#4529 = DIRECTION ( 'NONE',  ( -1.000000000000000000, 0.000000000000000000, 0.000000000000000000 ) ) ;
#4530 = STYLED_ITEM ( 'NONE', ( #3869 ), #4380 ) ;
#4531 =( GEOMETRIC_REPRESENTATION_CONTEXT ( 3 ) GLOBAL_UNCERTAINTY_ASSIGNED_CONTEXT ( ( #156 ) ) GLOBAL_UNIT_ASSIGNED_CONTEXT ( ( #1603, #3268, #4651 ) ) REPRESENTATION_CONTEXT ( 'NONE', 'WORKASPACE' ) );
#4532 = FILL_AREA_STYLE ('',( #4943 ) ) ;
#4533 = CARTESIAN_POINT ( 'NONE',  ( -7.415483163629600583, 0.1677872821361002242, 44.44273301383613983 ) ) ;
#4534 = DIRECTION ( 'NONE',  ( -0.2971605306528039558, -0.9548275336531429902, 0.000000000000000000 ) ) ;
#4535 = DIRECTION ( 'NONE',  ( 0.000000000000000000, 0.000000000000000000, -1.000000000000000000 ) ) ;
#4536 = FILL_AREA_STYLE_COLOUR ( '', #493 ) ;
#4537 = ORIENTED_EDGE ( 'NONE', *, *, #3401, .F. ) ;
#4538 = LINE ( 'NONE', #2809, #981 ) ;
#4539 = EDGE_LOOP ( 'NONE', ( #1405, #5118, #3777, #2796 ) ) ;
#4540 = PRESENTATION_STYLE_ASSIGNMENT (( #4509 ) ) ;
#4541 = AXIS2_PLACEMENT_3D ( 'NONE', #5423, #711, #738 ) ;
#4542 = COLOUR_RGB ( '',0.8000000000000000444, 0.6627450980392156632, 0.3176470588235293935 ) ;
#4543 = UNCERTAINTY_MEASURE_WITH_UNIT (LENGTH_MEASURE( 1.000000000000000082E-05 ), #3903, 'distance_accuracy_value', 'NONE');
#4544 =( NAMED_UNIT ( * ) PLANE_ANGLE_UNIT ( ) SI_UNIT ( $, .RADIAN. ) );
#4545 = FACE_OUTER_BOUND ( 'NONE', #68, .T. ) ;
#4546 = ORIENTED_EDGE ( 'NONE', *, *, #1010, .T. ) ;
#4547 = PRESENTATION_LAYER_ASSIGNMENT (  '', '', ( #1390 ) ) ;
#4548 = CARTESIAN_POINT ( 'NONE',  ( -7.688255827913571316, 1.249892424674352576, 38.87281490566081743 ) ) ;
#4549 = ORIENTED_EDGE ( 'NONE', *, *, #4602, .T. ) ;
#4550 = EDGE_CURVE ( 'NONE', #3216, #845, #4991, .T. ) ;
#4551 = VERTEX_POINT ( 'NONE', #1523 ) ;
#4552 = AXIS2_PLACEMENT_3D ( 'NONE', #4016, #4862, #3185 ) ;
#4553 = CARTESIAN_POINT ( 'NONE',  ( -5.000000000000000000, 6.123233995736766282E-16, 44.93887821575369657 ) ) ;
#4554 = CARTESIAN_POINT ( 'NONE',  ( -3.847763700412489829, -2.952492930692289796, -1.513876697314419983 ) ) ;
#4555 = CYLINDRICAL_SURFACE ( 'NONE', #1677, 5.000000000000000000 ) ;
#4556 = ORIENTED_EDGE ( 'NONE', *, *, #1424, .T. ) ;
#4557 = EDGE_CURVE ( 'NONE', #5232, #3390, #4801, .T. ) ;
#4558 = PRESENTATION_LAYER_ASSIGNMENT (  '', '', ( #5356 ) ) ;
#4559 = DIRECTION ( 'NONE',  ( 0.6783246350500610200, -0.7347623353739640706, 0.000000000000000000 ) ) ;
#4560 = COLOUR_RGB ( '',0.8000000000000000444, 0.6627450980392156632, 0.3176470588235293935 ) ;
#4561 =( NAMED_UNIT ( * ) SI_UNIT ( $, .STERADIAN. ) SOLID_ANGLE_UNIT ( ) );
#4562 = CIRCLE ( 'NONE', #507, 4.850000000000000533 ) ;
#4563 = MECHANICAL_DESIGN_GEOMETRIC_PRESENTATION_REPRESENTATION (  '', ( #1671 ), #2128 ) ;
#4564 = FILL_AREA_STYLE_COLOUR ( '', #3882 ) ;
#4565 =( NAMED_UNIT ( * ) PLANE_ANGLE_UNIT ( ) SI_UNIT ( $, .RADIAN. ) );
#4566 = SURFACE_STYLE_FILL_AREA ( #5390 ) ;
#4567 = ORIENTED_EDGE ( 'NONE', *, *, #4672, .T. ) ;
#4568 = CARTESIAN_POINT ( 'NONE',  ( -4.258291324655739452, -1.141005721577959875, 10.80000000000000071 ) ) ;
#4569 = FILL_AREA_STYLE_COLOUR ( '', #3996 ) ;
#4570 = COLOUR_RGB ( '',0.8000000000000000444, 0.6627450980392156632, 0.3176470588235293935 ) ;
#4571 = EDGE_CURVE ( 'NONE', #3832, #2125, #626, .T. ) ;
#4572 = LINE ( 'NONE', #3800, #4578 ) ;
#4573 = EDGE_LOOP ( 'NONE', ( #4977, #4816, #3155, #2116 ) ) ;
#4574 = CARTESIAN_POINT ( 'NONE',  ( -7.583969466309060437, 0.9983630802601144438, 38.26963422489633615 ) ) ;
#4575 = EDGE_LOOP ( 'NONE', ( #1684, #3585, #5520, #624 ) ) ;
#4576 = ORIENTED_EDGE ( 'NONE', *, *, #3593, .T. ) ;
#4577 = CARTESIAN_POINT ( 'NONE',  ( 8.826385322473299766, -0.3499999999999889866, 36.00559092189499921 ) ) ;
#4578 = VECTOR ( 'NONE', #2925, 1000.000000000000114 ) ;
#4579 = CARTESIAN_POINT ( 'NONE',  ( 5.569750823379179927, 0.3499999999999999778, 45.03887821575380457 ) ) ;
#4580 = PRESENTATION_STYLE_ASSIGNMENT (( #2855 ) ) ;
#4581 = EDGE_CURVE ( 'NONE', #271, #1193, #2830, .T. ) ;
#4582 = EDGE_LOOP ( 'NONE', ( #789, #483, #710, #2738 ) ) ;
#4583 = CARTESIAN_POINT ( 'NONE',  ( 6.899999999999999467, 8.450062914116736661E-16, 33.03887821575369799 ) ) ;
#4584 = LINE ( 'NONE', #5107, #3906 ) ;
#4585 = DIRECTION ( 'NONE',  ( 0.000000000000000000, -1.000000000000000000, 0.000000000000000000 ) ) ;
#4586 = B_SPLINE_CURVE_WITH_KNOTS ( 'NONE', 3,
 ( #3232, #4938, #1088, #4524 ),
 .UNSPECIFIED., .F., .F.,
 ( 4, 4 ),
 ( 0.004090736697427200391, 0.006900748700687869656 ),
 .UNSPECIFIED. ) ;
#4587 = UNCERTAINTY_MEASURE_WITH_UNIT (LENGTH_MEASURE( 1.000000000000000082E-05 ), #3626, 'distance_accuracy_value', 'NONE');
#4588 = PRESENTATION_STYLE_ASSIGNMENT (( #310 ) ) ;
#4589 = SURFACE_SIDE_STYLE ('',( #5056 ) ) ;
#4590 = ADVANCED_FACE ( 'NONE', ( #596 ), #4477, .F. ) ;
#4591 = PRESENTATION_LAYER_ASSIGNMENT (  '', '', ( #4134 ) ) ;
#4592 = VERTEX_POINT ( 'NONE', #4046 ) ;
#4593 = CARTESIAN_POINT ( 'NONE',  ( 3.117285603077779577, 3.117285603077769807, 19.00000000000000000 ) ) ;
#4594 = ORIENTED_EDGE ( 'NONE', *, *, #4000, .F. ) ;
#4595 = CARTESIAN_POINT ( 'NONE',  ( 0.6330520322672530398, 4.808507577662980204, 19.00000000000000000 ) ) ;
#4596 = UNCERTAINTY_MEASURE_WITH_UNIT (LENGTH_MEASURE( 1.000000000000000082E-05 ), #4725, 'distance_accuracy_value', 'NONE');
#4597 = MECHANICAL_DESIGN_GEOMETRIC_PRESENTATION_REPRESENTATION (  '', ( #3698 ), #2786 ) ;
#4598 = DIRECTION ( 'NONE',  ( 1.000000000000000000, 0.000000000000000000, 0.000000000000000000 ) ) ;
#4599 = VECTOR ( 'NONE', #5203, 1000.000000000000114 ) ;
#4600 = VERTEX_POINT ( 'NONE', #3642 ) ;
#4601 = LINE ( 'NONE', #1629, #1175 ) ;
#4602 = EDGE_CURVE ( 'NONE', #2795, #3226, #4900, .T. ) ;
#4603 = STYLED_ITEM ( 'NONE', ( #5470 ), #3589 ) ;
#4604 = ORIENTED_EDGE ( 'NONE', *, *, #886, .T. ) ;
#4605 = ORIENTED_EDGE ( 'NONE', *, *, #2842, .F. ) ;
#4606 = FILL_AREA_STYLE ('',( #3706 ) ) ;
#4607 = FILL_AREA_STYLE ('',( #2881 ) ) ;
#4608 = DIRECTION ( 'NONE',  ( -6.123031769111888756E-17, -1.000000000000000000, 0.000000000000000000 ) ) ;
#4609 = ORIENTED_EDGE ( 'NONE', *, *, #4283, .T. ) ;
#4610 = FILL_AREA_STYLE_COLOUR ( '', #1218 ) ;
#4611 = DIRECTION ( 'NONE',  ( 0.000000000000000000, 0.000000000000000000, 1.000000000000000000 ) ) ;
#4612 = DIRECTION ( 'NONE',  ( 0.000000000000000000, 0.000000000000000000, -1.000000000000000000 ) ) ;
#4613 = ITEM_DEFINED_TRANSFORMATION ( 'NONE', 'NONE', #2732,  #2543 ) ;
#4614 = EDGE_CURVE ( 'NONE', #1274, #2087, #4956, .T. ) ;
#4615 = DIRECTION ( 'NONE',  ( 0.2200651982791848593, 0.9754851657028634770, 0.000000000000000000 ) ) ;
#4616 = VECTOR ( 'NONE', #3945, 1000.000000000000000 ) ;
#4617 = CARTESIAN_POINT ( 'NONE',  ( 6.449340148873271339, 5.144755741931089865, 44.17158205686133954 ) ) ;
#4618 = CARTESIAN_POINT ( 'NONE',  ( -1.734723475976809855E-15, -4.408507577662979848, 19.00000000000000000 ) ) ;
#4619 = STYLED_ITEM ( 'NONE', ( #5334 ), #4300 ) ;
#4620 = STYLED_ITEM ( 'NONE', ( #4444 ), #646 ) ;
#4621 =( LENGTH_UNIT ( ) NAMED_UNIT ( * ) SI_UNIT ( .MILLI., .METRE. ) );
#4622 = VERTEX_POINT ( 'NONE', #3220 ) ;
#4623 = FACE_OUTER_BOUND ( 'NONE', #3349, .T. ) ;
#4624 = PRESENTATION_STYLE_ASSIGNMENT (( #1679 ) ) ;
#4625 = DIRECTION ( 'NONE',  ( 7.634394998209189154E-32, 1.246832498358330099E-15, -1.000000000000000000 ) ) ;
#4626 = FILL_AREA_STYLE_COLOUR ( '', #1280 ) ;
#4627 = STYLED_ITEM ( 'NONE', ( #4206 ), #3885 ) ;
#4628 = CARTESIAN_POINT ( 'NONE',  ( 7.664644660940670207, -0.3499999999999999778, 36.46712677362649657 ) ) ;
#4629 = VECTOR ( 'NONE', #2659, 1000.000000000000000 ) ;
#4630 = ORIENTED_EDGE ( 'NONE', *, *, #4495, .F. ) ;
#4631 = AXIS2_PLACEMENT_3D ( 'NONE', #1935, #4535, #1601 ) ;
#4632 = LINE ( 'NONE', #3778, #3775 ) ;
#4633 = ORIENTED_EDGE ( 'NONE', *, *, #5184, .F. ) ;
#4634 = CARTESIAN_POINT ( 'NONE',  ( -3.580282145367339908, 7.432636124522969290, 36.58887821575369514 ) ) ;
#4635 = SURFACE_STYLE_USAGE ( .BOTH. , #2909 ) ;
#4636 = CARTESIAN_POINT ( 'NONE',  ( 2.952492930692300011, 3.847763700412480059, 10.80000000000000071 ) ) ;
#4637 = ADVANCED_FACE ( 'NONE', ( #2361 ), #4925, .T. ) ;
#4638 = AXIS2_PLACEMENT_3D ( 'NONE', #1566, #5493, #1233 ) ;
#4639 =( GEOMETRIC_REPRESENTATION_CONTEXT ( 3 ) GLOBAL_UNCERTAINTY_ASSIGNED_CONTEXT ( ( #3186 ) ) GLOBAL_UNIT_ASSIGNED_CONTEXT ( ( #2259, #1833, #3531 ) ) REPRESENTATION_CONTEXT ( 'NONE', 'WORKASPACE' ) );
#4640 = ORIENTED_EDGE ( 'NONE', *, *, #1492, .T. ) ;
#4641 = CARTESIAN_POINT ( 'NONE',  ( 2.474121821311460856, 7.154213169822856599, 44.39301794922160838 ) ) ;
#4642 = SURFACE_SIDE_STYLE ('',( #357 ) ) ;
#4643 =( GEOMETRIC_REPRESENTATION_CONTEXT ( 3 ) GLOBAL_UNCERTAINTY_ASSIGNED_CONTEXT ( ( #2162 ) ) GLOBAL_UNIT_ASSIGNED_CONTEXT ( ( #652, #4075, #4898 ) ) REPRESENTATION_CONTEXT ( 'NONE', 'WORKASPACE' ) );
#4644 = APPLICATION_PROTOCOL_DEFINITION ( 'draft international standard', 'automotive_design', 1998, #1698 ) ;
#4645 = VECTOR ( 'NONE', #2897, 1000.000000000000000 ) ;
#4646 = CARTESIAN_POINT ( 'NONE',  ( 9.383575323194490281, 4.520044655286939772, 36.58887821575369514 ) ) ;
#4647 = CARTESIAN_POINT ( 'NONE',  ( -8.043063720601658417, 1.836198787262111942, 44.17158205686133954 ) ) ;
#4648 = PRESENTATION_LAYER_ASSIGNMENT (  '', '', ( #2298 ) ) ;
#4649 = CARTESIAN_POINT ( 'NONE',  ( 4.808507577662980204, -0.6330520322672540390, 13.92215718936280133 ) ) ;
#4650 = COLOUR_RGB ( '',0.2000000000000000111, 0.2000000000000000111, 0.2000000000000000111 ) ;
#4651 =( NAMED_UNIT ( * ) SI_UNIT ( $, .STERADIAN. ) SOLID_ANGLE_UNIT ( ) );
#4652 =( NAMED_UNIT ( * ) SI_UNIT ( $, .STERADIAN. ) SOLID_ANGLE_UNIT ( ) );
#4653 = UNCERTAINTY_MEASURE_WITH_UNIT (LENGTH_MEASURE( 1.000000000000000082E-05 ), #4933, 'distance_accuracy_value', 'NONE');
#4654 = ADVANCED_BREP_SHAPE_REPRESENTATION ( '', ( #1642, #2543 ), #2017 ) ;
#4655 = FILL_AREA_STYLE_COLOUR ( '', #2862 ) ;
#4656 = EDGE_CURVE ( 'NONE', #3242, #1138, #3328, .T. ) ;
#4657 = ORIENTED_EDGE ( 'NONE', *, *, #3414, .T. ) ;
#4658 = DIRECTION ( 'NONE',  ( -0.03990748061359909032, 0.9992033791931825837, 0.000000000000000000 ) ) ;
#4659 = VERTEX_POINT ( 'NONE', #4675 ) ;
#4660 = DIRECTION ( 'NONE',  ( 1.000000000000000000, 0.000000000000000000, 0.000000000000000000 ) ) ;
#4661 = FILL_AREA_STYLE_COLOUR ( '', #4650 ) ;
#4662 = EDGE_CURVE ( 'NONE', #3810, #3037, #2117, .T. ) ;
#4663 = ORIENTED_EDGE ( 'NONE', *, *, #1801, .T. ) ;
#4664 = DIRECTION ( 'NONE',  ( 0.000000000000000000, 0.000000000000000000, -1.000000000000000000 ) ) ;
#4665 = DIRECTION ( 'NONE',  ( 0.000000000000000000, 0.000000000000000000, 1.000000000000000000 ) ) ;
#4666 = CARTESIAN_POINT ( 'NONE',  ( -4.480815732679739760, 1.856014646970690185, 19.00000000000000000 ) ) ;
#4667 = CARTESIAN_POINT ( 'NONE',  ( 3.252606517456509851E-16, 4.408507577662979848, 19.00000000000000000 ) ) ;
#4668 = DIRECTION ( 'NONE',  ( -1.258255540213580060E-14, 0.000000000000000000, -1.000000000000000000 ) ) ;
#4669 = SHAPE_DEFINITION_REPRESENTATION ( #3528, #5517 ) ;
#4670 = FILL_AREA_STYLE_COLOUR ( '', #3920 ) ;
#4671 =( NAMED_UNIT ( * ) PLANE_ANGLE_UNIT ( ) SI_UNIT ( $, .RADIAN. ) );
#4672 = EDGE_CURVE ( 'NONE', #4311, #3683, #2522, .T. ) ;
#4673 = CARTESIAN_POINT ( 'NONE',  ( 7.750000000000090594, 0.3499999999999999778, 43.80831079285869833 ) ) ;
#4674 = ORIENTED_EDGE ( 'NONE', *, *, #2936, .T. ) ;
#4675 = CARTESIAN_POINT ( 'NONE',  ( 5.569750823379179927, -0.3499999999999999778, 45.03887821575380457 ) ) ;
#4676 = DIRECTION ( 'NONE',  ( 0.9992033791931826947, 0.03990748061359929155, 0.000000000000000000 ) ) ;
#4677 = EDGE_CURVE ( 'NONE', #4473, #3149, #364, .T. ) ;
#4678 = DIRECTION ( 'NONE',  ( -0.8453817696217481581, 0.5341625816090090906, 0.000000000000000000 ) ) ;
#4679 = EDGE_CURVE ( 'NONE', #5282, #650, #2053, .T. ) ;
#4680 = ORIENTED_EDGE ( 'NONE', *, *, #5164, .F. ) ;
#4681 = CYLINDRICAL_SURFACE ( 'NONE', #1617, 2.999999999999998668 ) ;
#4682 =( GEOMETRIC_REPRESENTATION_CONTEXT ( 3 ) GLOBAL_UNCERTAINTY_ASSIGNED_CONTEXT ( ( #5248 ) ) GLOBAL_UNIT_ASSIGNED_CONTEXT ( ( #2487, #2036, #1194 ) ) REPRESENTATION_CONTEXT ( 'NONE', 'WORKASPACE' ) );
#4683 = ORIENTED_EDGE ( 'NONE', *, *, #5510, .F. ) ;
#4684 = CARTESIAN_POINT ( 'NONE',  ( 0.000000000000000000, 0.000000000000000000, 44.17158205686130401 ) ) ;
#4685 = SURFACE_SIDE_STYLE ('',( #1272 ) ) ;
#4686 = ORIENTED_EDGE ( 'NONE', *, *, #5238, .T. ) ;
#4687 = ORIENTED_EDGE ( 'NONE', *, *, #1502, .T. ) ;
#4688 = AXIS2_PLACEMENT_3D ( 'NONE', #3035, #37, #4759 ) ;
#4689 = FACE_OUTER_BOUND ( 'NONE', #3521, .T. ) ;
#4690 = UNCERTAINTY_MEASURE_WITH_UNIT (LENGTH_MEASURE( 1.000000000000000082E-05 ), #1001, 'distance_accuracy_value', 'NONE');
#4691 = FACE_OUTER_BOUND ( 'NONE', #2414, .T. ) ;
#4692 =( NAMED_UNIT ( * ) PLANE_ANGLE_UNIT ( ) SI_UNIT ( $, .RADIAN. ) );
#4693 = FACE_OUTER_BOUND ( 'NONE', #4789, .T. ) ;
#4694 =( NAMED_UNIT ( * ) PLANE_ANGLE_UNIT ( ) SI_UNIT ( $, .RADIAN. ) );
#4695 = SURFACE_SIDE_STYLE ('',( #340 ) ) ;
#4696 = DIRECTION ( 'NONE',  ( 0.9009255908512697752, 0.4339735933778579580, 0.000000000000000000 ) ) ;
#4697 = LINE ( 'NONE', #5163, #579 ) ;
#4698 = FACE_OUTER_BOUND ( 'NONE', #3248, .T. ) ;
#4699 = DIRECTION ( 'NONE',  ( 0.8453817696217524880, 0.5341625816090026513, 0.000000000000000000 ) ) ;
#4700 = DIRECTION ( 'NONE',  ( 0.03990748061360551574, 0.9992033791931823616, 0.000000000000000000 ) ) ;
#4701 = EDGE_CURVE ( 'NONE', #130, #2795, #1607, .T. ) ;
#4702 = PRESENTATION_LAYER_ASSIGNMENT (  '', '', ( #2901 ) ) ;
#4703 = LINE ( 'NONE', #831, #4979 ) ;
#4704 = UNCERTAINTY_MEASURE_WITH_UNIT (LENGTH_MEASURE( 1.000000000000000082E-05 ), #502, 'distance_accuracy_value', 'NONE');
#4705 = CARTESIAN_POINT ( 'NONE',  ( 4.549988879738669389, -0.2239125645170849943, 13.75000000000000000 ) ) ;
#4706 = DIRECTION ( 'NONE',  ( 0.000000000000000000, 0.000000000000000000, -1.000000000000000000 ) ) ;
#4707 = ORIENTED_EDGE ( 'NONE', *, *, #5106, .T. ) ;
#4708 = ORIENTED_EDGE ( 'NONE', *, *, #396, .F. ) ;
#4709 = VECTOR ( 'NONE', #67, 1000.000000000000000 ) ;
#4710 = LINE ( 'NONE', #2637, #487 ) ;
#4711 = MECHANICAL_DESIGN_GEOMETRIC_PRESENTATION_REPRESENTATION (  '', ( #4170 ), #1467 ) ;
#4712 = DIRECTION ( 'NONE',  ( 0.000000000000000000, 0.000000000000000000, -1.000000000000000000 ) ) ;
#4713 = CARTESIAN_POINT ( 'NONE',  ( -4.808507577662980204, -0.6330520322672530398, 19.00000000000000000 ) ) ;
#4714 = ORIENTED_EDGE ( 'NONE', *, *, #1437, .F. ) ;
#4715 = VERTEX_POINT ( 'NONE', #286 ) ;
#4716 = AXIS2_PLACEMENT_3D ( 'NONE', #3246, #4417, #1497 ) ;
#4717 = VECTOR ( 'NONE', #4853, 1000.000000000000000 ) ;
#4718 = PLANE ( 'NONE',  #1748 ) ;
#4719 = SURFACE_SIDE_STYLE ('',( #2176 ) ) ;
#4720 = PRESENTATION_LAYER_ASSIGNMENT (  '', '', ( #1217 ) ) ;
#4721 = DIRECTION ( 'NONE',  ( 0.000000000000000000, 0.000000000000000000, 1.000000000000000000 ) ) ;
#4722 =( NAMED_UNIT ( * ) SI_UNIT ( $, .STERADIAN. ) SOLID_ANGLE_UNIT ( ) );
#4723 =( GEOMETRIC_REPRESENTATION_CONTEXT ( 3 ) GLOBAL_UNCERTAINTY_ASSIGNED_CONTEXT ( ( #1691 ) ) GLOBAL_UNIT_ASSIGNED_CONTEXT ( ( #4239, #4671, #5387 ) ) REPRESENTATION_CONTEXT ( 'NONE', 'WORKASPACE' ) );
#4724 = ADVANCED_FACE ( 'NONE', ( #2444 ), #1243, .T. ) ;
#4725 =( LENGTH_UNIT ( ) NAMED_UNIT ( * ) SI_UNIT ( .MILLI., .METRE. ) );
#4726 = SURFACE_STYLE_USAGE ( .BOTH. , #4372 ) ;
#4727 =( NAMED_UNIT ( * ) PLANE_ANGLE_UNIT ( ) SI_UNIT ( $, .RADIAN. ) );
#4728 = STYLED_ITEM ( 'NONE', ( #2093 ), #4762 ) ;
#4729 = PRESENTATION_LAYER_ASSIGNMENT (  '', '', ( #1049 ) ) ;
#4730 = CYLINDRICAL_SURFACE ( 'NONE', #5411, 1.250000000000001110 ) ;
#4731 = CARTESIAN_POINT ( 'NONE',  ( 8.242572413997999448, 0.3499999999999469646, 36.58887821575369514 ) ) ;
#4732 =( GEOMETRIC_REPRESENTATION_CONTEXT ( 3 ) GLOBAL_UNCERTAINTY_ASSIGNED_CONTEXT ( ( #4981 ) ) GLOBAL_UNIT_ASSIGNED_CONTEXT ( ( #2322, #1485, #3565 ) ) REPRESENTATION_CONTEXT ( 'NONE', 'WORKASPACE' ) );
#4733 = VERTEX_POINT ( 'NONE', #2923 ) ;
#4734 = FILL_AREA_STYLE_COLOUR ( '', #3500 ) ;
#4736 = EDGE_CURVE ( 'NONE', #352, #1161, #3102, .T. ) ;
#4735 = CARTESIAN_POINT ( 'NONE',  ( 3.847763700412500043, 2.952492930692289796, -1.513876697314419983 ) ) ;
#4737 = CARTESIAN_POINT ( 'NONE',  ( 0.6330520322672530398, 4.808507577662980204, 10.80000000000000071 ) ) ;
#4738 = CARTESIAN_POINT ( 'NONE',  ( 1.486882107914167417, -7.266823564617896913, 44.44273301383613983 ) ) ;
#4739 = CARTESIAN_POINT ( 'NONE',  ( -3.580282145367365665, 7.432636124523065213, 44.17158205686133954 ) ) ;
#4740 = ORIENTED_EDGE ( 'NONE', *, *, #4656, .T. ) ;
#4741 = UNCERTAINTY_MEASURE_WITH_UNIT (LENGTH_MEASURE( 1.000000000000000082E-05 ), #2434, 'distance_accuracy_value', 'NONE');
#4742 = DIRECTION ( 'NONE',  ( 0.000000000000000000, 0.000000000000000000, -1.000000000000000000 ) ) ;
#4743 =( LENGTH_UNIT ( ) NAMED_UNIT ( * ) SI_UNIT ( .MILLI., .METRE. ) );
#4744 = DIRECTION ( 'NONE',  ( 0.7071067811865461294, 0.000000000000000000, 0.7071067811865490160 ) ) ;
#4745 = CARTESIAN_POINT ( 'NONE',  ( 9.993873123068960140, 0.3499999999999469646, 86.48696279987521507 ) ) ;
#4746 = PRODUCT ( 'ACCKIS2012NLD6', 'ACCKIS2012NLD6', '', ( #2467 ) ) ;
#4747 = ADVANCED_FACE ( 'NONE', ( #3825 ), #3291, .F. ) ;
#4748 = SURFACE_STYLE_FILL_AREA ( #4776 ) ;
#4749 = DIRECTION ( 'NONE',  ( 0.9992033791931823616, -0.03990748061360651494, 0.000000000000000000 ) ) ;
#4750 = CARTESIAN_POINT ( 'NONE',  ( 2.727158964201195079, -1.250041593737816426, 14.83552039378936982 ) ) ;
#4751 = CARTESIAN_POINT ( 'NONE',  ( 7.750000000000090594, -0.3499999999999999778, 43.80831079285869833 ) ) ;
#4752 = UNCERTAINTY_MEASURE_WITH_UNIT (LENGTH_MEASURE( 1.000000000000000082E-05 ), #1104, 'distance_accuracy_value', 'NONE');
#4753 = SURFACE_STYLE_FILL_AREA ( #1324 ) ;
#4754 = CARTESIAN_POINT ( 'NONE',  ( -4.696656699764940157, -1.210036438370543532, 39.36293990127162346 ) ) ;
#4755 = ORIENTED_EDGE ( 'NONE', *, *, #3481, .T. ) ;
#4756 = SURFACE_STYLE_USAGE ( .BOTH. , #5176 ) ;
#4757 = AXIS2_PLACEMENT_3D ( 'NONE', #558, #3966, #5346 ) ;
#4758 = CARTESIAN_POINT ( 'NONE',  ( -4.480815732679739760, 1.856014646970690185, 10.80000000000000071 ) ) ;
#4759 = DIRECTION ( 'NONE',  ( -1.000000000000000000, 0.000000000000000000, 0.000000000000000000 ) ) ;
#4760 = DIRECTION ( 'NONE',  ( -0.4650407975841740482, 0.8852892502353540971, 0.000000000000000000 ) ) ;
#4761 = APPLICATION_CONTEXT ( 'automotive_design' ) ;
#4762 = ADVANCED_FACE ( 'NONE', ( #305 ), #1154, .T. ) ;
#4763 = EDGE_LOOP ( 'NONE', ( #848, #1503, #3091, #1658 ) ) ;
#4764 = DIRECTION ( 'NONE',  ( 0.000000000000000000, 0.000000000000000000, -1.000000000000000000 ) ) ;
#4765 = CARTESIAN_POINT ( 'NONE',  ( -0.001439896625589974543, 8.249999874345423478, 44.17158205686133954 ) ) ;
#4766 = AXIS2_PLACEMENT_3D ( 'NONE', #1661, #5123, #4660 ) ;
#4767 = VERTEX_POINT ( 'NONE', #799 ) ;
#4768 = VERTEX_POINT ( 'NONE', #358 ) ;
#4769 = CARTESIAN_POINT ( 'NONE',  ( 0.000000000000000000, 0.000000000000000000, 45.03887821575380457 ) ) ;
#4770 = DIRECTION ( 'NONE',  ( 0.000000000000000000, 0.000000000000000000, 1.000000000000000000 ) ) ;
#4771 = AXIS2_PLACEMENT_3D ( 'NONE', #5182, #1305, #2149 ) ;
#4772 = VECTOR ( 'NONE', #900, 1000.000000000000000 ) ;
#4773 = CARTESIAN_POINT ( 'NONE',  ( 0.000000000000000000, 0.000000000000000000, 19.00000000000000000 ) ) ;
#4774 =( NAMED_UNIT ( * ) SI_UNIT ( $, .STERADIAN. ) SOLID_ANGLE_UNIT ( ) );
#4775 = ADVANCED_FACE ( 'NONE', ( #4693 ), #5028, .T. ) ;
#4776 = FILL_AREA_STYLE ('',( #4297 ) ) ;
#4777 = DIRECTION ( 'NONE',  ( -0.7347623353739597407, 0.6783246350500656829, 0.000000000000000000 ) ) ;
#4778 = SURFACE_STYLE_USAGE ( .BOTH. , #2190 ) ;
#4779 = CARTESIAN_POINT ( 'NONE',  ( -4.811314468328892424, -0.6298001505979963222, 37.94689382629140084 ) ) ;
#4780 = ORIENTED_EDGE ( 'NONE', *, *, #697, .F. ) ;
#4781 =( GEOMETRIC_REPRESENTATION_CONTEXT ( 3 ) GLOBAL_UNCERTAINTY_ASSIGNED_CONTEXT ( ( #4198 ) ) GLOBAL_UNIT_ASSIGNED_CONTEXT ( ( #816, #398, #450 ) ) REPRESENTATION_CONTEXT ( 'NONE', 'WORKASPACE' ) );
#4782 = SURFACE_SIDE_STYLE ('',( #2221 ) ) ;
#4783 = PRODUCT ( 'ACCKIS2012NLD6', 'ACCKIS2012NLD6', '', ( #2941 ) ) ;
#4784 = CARTESIAN_POINT ( 'NONE',  ( 2.952492930692300011, 3.847763700412489829, 10.80000000000000071 ) ) ;
#4785 = COLOUR_RGB ( '',0.2000000000000000111, 0.2000000000000000111, 0.2000000000000000111 ) ;
#4786 = COLOUR_RGB ( '',0.8000000000000000444, 0.6627450980392156632, 0.3176470588235293935 ) ;
#4787 = CARTESIAN_POINT ( 'NONE',  ( 0.000000000000000000, 0.000000000000000000, 36.58887821575369514 ) ) ;
#4788 = CARTESIAN_POINT ( 'NONE',  ( 1.650460750547766864, -7.229479224741981902, 44.44273301383613273 ) ) ;
#4789 = EDGE_LOOP ( 'NONE', ( #1478, #2736, #1872, #3620 ) ) ;
#4790 = MECHANICAL_DESIGN_GEOMETRIC_PRESENTATION_REPRESENTATION (  '', ( #216 ), #1722 ) ;
#4791 = PRESENTATION_LAYER_ASSIGNMENT (  '', '', ( #1561 ) ) ;
#4792 = ORIENTED_EDGE ( 'NONE', *, *, #4550, .T. ) ;
#4793 = SURFACE_SIDE_STYLE ('',( #1753 ) ) ;
#4794 = DIRECTION ( 'NONE',  ( -0.9010013198097159837, 0.4338163455901010157, 0.000000000000000000 ) ) ;
#4795 = COLOUR_RGB ( '',0.8000000000000000444, 0.6627450980392156632, 0.3176470588235293935 ) ;
#4796 = COLOUR_RGB ( '',0.8000000000000000444, 0.6627450980392156632, 0.3176470588235293935 ) ;
#4797 = SURFACE_SIDE_STYLE ('',( #2622 ) ) ;
#4798 = DIRECTION ( 'NONE',  ( -0.7347623353739597407, 0.6783246350500656829, 0.000000000000000000 ) ) ;
#4799 = PRESENTATION_LAYER_ASSIGNMENT (  '', '', ( #3816 ) ) ;
#4800 = SURFACE_STYLE_USAGE ( .BOTH. , #3139 ) ;
#4801 = CIRCLE ( 'NONE', #330, 8.250000000000090594 ) ;
#4802 = PRESENTATION_STYLE_ASSIGNMENT (( #3959 ) ) ;
#4803 = UNCERTAINTY_MEASURE_WITH_UNIT (LENGTH_MEASURE( 1.000000000000000082E-05 ), #4994, 'distance_accuracy_value', 'NONE');
#4804 = MECHANICAL_DESIGN_GEOMETRIC_PRESENTATION_REPRESENTATION (  '', ( #4092 ), #3377 ) ;
#4805 = DIRECTION ( 'NONE',  ( 0.000000000000000000, 0.000000000000000000, -1.000000000000000000 ) ) ;
#4806 = VERTEX_POINT ( 'NONE', #3479 ) ;
#4807 = DIRECTION ( 'NONE',  ( 0.6236067565976992633, -0.7817381998634184148, 0.000000000000000000 ) ) ;
#4808 = CARTESIAN_POINT ( 'NONE',  ( -2.204253788831489924, 3.817879555032340111, 19.00000000000000000 ) ) ;
#4809 = CARTESIAN_POINT ( 'NONE',  ( -3.578984851118377719, -7.433260888430238467, 44.17158205686133954 ) ) ;
#4810 =( NAMED_UNIT ( * ) SI_UNIT ( $, .STERADIAN. ) SOLID_ANGLE_UNIT ( ) );
#4811 = STYLED_ITEM ( 'NONE', ( #3156 ), #150 ) ;
#4812 = STYLED_ITEM ( 'NONE', ( #3403 ), #902 ) ;
#4813 = COLOUR_RGB ( '',0.8000000000000000444, 0.6627450980392156632, 0.3176470588235293935 ) ;
#4814 = ORIENTED_EDGE ( 'NONE', *, *, #5238, .F. ) ;
#4815 = LINE ( 'NONE', #1823, #2742 ) ;
#4816 = ORIENTED_EDGE ( 'NONE', *, *, #3761, .F. ) ;
#4817 = ORIENTED_EDGE ( 'NONE', *, *, #1355, .F. ) ;
#4818 = DIRECTION ( 'NONE',  ( -0.8852892502353539861, -0.4650407975841740482, 0.000000000000000000 ) ) ;
#4819 = PRESENTATION_STYLE_ASSIGNMENT (( #899 ) ) ;
#4820 = SURFACE_STYLE_FILL_AREA ( #2228 ) ;
#4821 = DIRECTION ( 'NONE',  ( 0.000000000000000000, 0.000000000000000000, -1.000000000000000000 ) ) ;
#4822 = EDGE_CURVE ( 'NONE', #1113, #2389, #3930, .T. ) ;
#4823 = CIRCLE ( 'NONE', #4293, 4.850000000000000533 ) ;
#4824 = DIRECTION ( 'NONE',  ( -0.2223993914986151232, -0.9749556454839604092, 0.000000000000000000 ) ) ;
#4825 = CARTESIAN_POINT ( 'NONE',  ( 4.808507577662980204, -0.6330520322672540390, 16.07784281063719689 ) ) ;
#4826 = DIRECTION ( 'NONE',  ( 1.000000000000000000, 0.000000000000000000, 0.000000000000000000 ) ) ;
#4827 = CARTESIAN_POINT ( 'NONE',  ( 2.831303043553764720, -0.9990650749151263055, 14.23142370274867119 ) ) ;
#4828 = CARTESIAN_POINT ( 'NONE',  ( -3.578984851118377719, -7.433260888430238467, 44.17158205686133954 ) ) ;
#4829 = LINE ( 'NONE', #3958, #2188 ) ;
#4830 = EDGE_CURVE ( 'NONE', #845, #4551, #1276, .T. ) ;
#4831 = CARTESIAN_POINT ( 'NONE',  ( 4.408507577662979848, -3.913326676722159714E-15, -1.513876697314419983 ) ) ;
#4832 = FACE_OUTER_BOUND ( 'NONE', #2816, .T. ) ;
#4833 = CARTESIAN_POINT ( 'NONE',  ( -5.177265167537142609, 5.426700104533950686, 44.41712914212489238 ) ) ;
#4834 = ORIENTED_EDGE ( 'NONE', *, *, #4006, .F. ) ;
#4835 = CARTESIAN_POINT ( 'NONE',  ( 5.020736889921710855, -0.3499999999999999778, 44.53887821575379746 ) ) ;
#4836 =( LENGTH_UNIT ( ) NAMED_UNIT ( * ) SI_UNIT ( .MILLI., .METRE. ) );
#4837 = CARTESIAN_POINT ( 'NONE',  ( 2.318169400461249641, -10.15422966859710030, 36.58887821575369514 ) ) ;
#4838 = EDGE_CURVE ( 'NONE', #5065, #818, #2788, .T. ) ;
#4839 = VERTEX_POINT ( 'NONE', #878 ) ;
#4840 = CARTESIAN_POINT ( 'NONE',  ( -4.624345404275931770, 5.796966459453325449, 36.58887821575369514 ) ) ;
#4841 = EDGE_LOOP ( 'NONE', ( #1590, #424, #658, #4042 ) ) ;
#4842 = ORIENTED_EDGE ( 'NONE', *, *, #697, .T. ) ;
#4843 = CARTESIAN_POINT ( 'NONE',  ( 3.817879555032340111, -2.204253788831489924, 10.80000000000000071 ) ) ;
#4844 = COLOUR_RGB ( '',0.8000000000000000444, 0.6627450980392156632, 0.3176470588235293935 ) ;
#4845 = CARTESIAN_POINT ( 'NONE',  ( 1.649198943259454486, 7.229767174372017990, 36.58887821575369514 ) ) ;
#4846 = SURFACE_SIDE_STYLE ('',( #4490 ) ) ;
#4847 = COLOUR_RGB ( '',1.000000000000000000, 1.000000000000000000, 1.000000000000000000 ) ;
#4848 = CYLINDRICAL_SURFACE ( 'NONE', #497, 2.999999999999998224 ) ;
#4849 = DIRECTION ( 'NONE',  ( 0.9548275336531450996, 0.2971605306527970169, 0.000000000000000000 ) ) ;
#4850 = EDGE_CURVE ( 'NONE', #3711, #3969, #5166, .T. ) ;
#4851 = FACE_OUTER_BOUND ( 'NONE', #2284, .T. ) ;
#4852 = CARTESIAN_POINT ( 'NONE',  ( 2.798057190654499760, -1.083131656273824239, 15.62916356106796734 ) ) ;
#4853 = DIRECTION ( 'NONE',  ( 0.000000000000000000, 0.000000000000000000, 1.000000000000000000 ) ) ;
#4854 = CARTESIAN_POINT ( 'NONE',  ( -0.001439896625592129937, 8.249999874345309792, 36.58887821575369514 ) ) ;
#4855 = CIRCLE ( 'NONE', #2437, 10.00000000000000000 ) ;
#4856 = EDGE_CURVE ( 'NONE', #1193, #1794, #503, .T. ) ;
#4857 = LINE ( 'NONE', #2326, #2983 ) ;
#4858 = CYLINDRICAL_SURFACE ( 'NONE', #4332, 8.250000000000000000 ) ;
#4859 = VERTEX_POINT ( 'NONE', #1719 ) ;
#4860 = ORIENTED_EDGE ( 'NONE', *, *, #2567, .T. ) ;
#4861 = SURFACE_SIDE_STYLE ('',( #4045 ) ) ;
#4862 = DIRECTION ( 'NONE',  ( 0.000000000000000000, 0.000000000000000000, -1.000000000000000000 ) ) ;
#4863 = UNCERTAINTY_MEASURE_WITH_UNIT (LENGTH_MEASURE( 1.000000000000000082E-05 ), #4743, 'distance_accuracy_value', 'NONE');
#4864 = DIRECTION ( 'NONE',  ( 0.000000000000000000, 0.000000000000000000, -1.000000000000000000 ) ) ;
#4865 = ORIENTED_EDGE ( 'NONE', *, *, #2305, .F. ) ;
#4866 = CARTESIAN_POINT ( 'NONE',  ( 8.826385308324979917, 0.3500000000000099698, 36.00559093603060745 ) ) ;
#4867 = CARTESIAN_POINT ( 'NONE',  ( 5.000000000000000000, 0.000000000000000000, 45.03887821575380457 ) ) ;
#4868 = ORIENTED_EDGE ( 'NONE', *, *, #5086, .F. ) ;
#4869 = PRESENTATION_LAYER_ASSIGNMENT (  '', '', ( #5496 ) ) ;
#4870 = ORIENTED_EDGE ( 'NONE', *, *, #5380, .F. ) ;
#4871 = AXIS2_PLACEMENT_3D ( 'NONE', #2223, #2730, #5260 ) ;
#4872 = CARTESIAN_POINT ( 'NONE',  ( 0.000000000000000000, 0.000000000000000000, 34.83887821575369514 ) ) ;
#4873 = PLANE ( 'NONE',  #1286 ) ;
#4874 = AXIS2_PLACEMENT_3D ( 'NONE', #955, #4255, #420 ) ;
#4875 = DIRECTION ( 'NONE',  ( -0.2200651982791799188, 0.9754851657028645873, 0.000000000000000000 ) ) ;
#4876 = SURFACE_STYLE_USAGE ( .BOTH. , #4846 ) ;
#4877 = COLOUR_RGB ( '',0.2000000000000000111, 0.2000000000000000111, 0.2000000000000000111 ) ;
#4878 = VECTOR ( 'NONE', #4248, 1000.000000000000000 ) ;
#4879 = FACE_OUTER_BOUND ( 'NONE', #1915, .T. ) ;
#4880 = CARTESIAN_POINT ( 'NONE',  ( 9.500000000000000000, 0.3499999999999999778, 35.16669567505899607 ) ) ;
#4881 = DIRECTION ( 'NONE',  ( 0.000000000000000000, 0.000000000000000000, 1.000000000000000000 ) ) ;
#4882 = EDGE_CURVE ( 'NONE', #1413, #1439, #1312, .T. ) ;
#4883 = STYLED_ITEM ( 'NONE', ( #2629 ), #2351 ) ;
#4884 =( GEOMETRIC_REPRESENTATION_CONTEXT ( 3 ) GLOBAL_UNCERTAINTY_ASSIGNED_CONTEXT ( ( #974 ) ) GLOBAL_UNIT_ASSIGNED_CONTEXT ( ( #734, #3753, #1895 ) ) REPRESENTATION_CONTEXT ( 'NONE', 'WORKASPACE' ) );
#4885 =( LENGTH_UNIT ( ) NAMED_UNIT ( * ) SI_UNIT ( .MILLI., .METRE. ) );
#4886 = CARTESIAN_POINT ( 'NONE',  ( 1.141005721577969867, -4.258291324655719912, 10.80000000000000071 ) ) ;
#4887 = CARTESIAN_POINT ( 'NONE',  ( 3.580282145367329694, -7.432636124522979948, 36.58887821575369514 ) ) ;
#4888 = VECTOR ( 'NONE', #4625, 1000.000000000000000 ) ;
#4889 = COLOUR_RGB ( '',0.2000000000000000111, 0.2000000000000000111, 0.2000000000000000111 ) ;
#4890 = CARTESIAN_POINT ( 'NONE',  ( 6.450237979908726160, -5.143630041375893747, 44.17158205686133954 ) ) ;
#4891 = CARTESIAN_POINT ( 'NONE',  ( 0.000000000000000000, 0.000000000000000000, 86.48696279987521507 ) ) ;
#4892 = AXIS2_PLACEMENT_3D ( 'NONE', #1252, #5549, #1670 ) ;
#4893 = ORIENTED_EDGE ( 'NONE', *, *, #1692, .T. ) ;
#4894 =( NAMED_UNIT ( * ) SI_UNIT ( $, .STERADIAN. ) SOLID_ANGLE_UNIT ( ) );
#4895 = CARTESIAN_POINT ( 'NONE',  ( 2.795467654412649328, 1.090854170987475946, 14.36837343830556613 ) ) ;
#4896 = ORIENTED_EDGE ( 'NONE', *, *, #1355, .T. ) ;
#4897 = CARTESIAN_POINT ( 'NONE',  ( -10.41548316362960058, -6.505213034913029562E-16, 36.58887821575369514 ) ) ;
#4898 =( NAMED_UNIT ( * ) SI_UNIT ( $, .STERADIAN. ) SOLID_ANGLE_UNIT ( ) );
#4899 =( GEOMETRIC_REPRESENTATION_CONTEXT ( 3 ) GLOBAL_UNCERTAINTY_ASSIGNED_CONTEXT ( ( #2108 ) ) GLOBAL_UNIT_ASSIGNED_CONTEXT ( ( #2205, #3927, #4365 ) ) REPRESENTATION_CONTEXT ( 'NONE', 'WORKASPACE' ) );
#4900 = CIRCLE ( 'NONE', #56, 6.899999999999999467 ) ;
#4901 = CYLINDRICAL_SURFACE ( 'NONE', #4522, 3.000000000000001332 ) ;
#4902 = AXIS2_PLACEMENT_3D ( 'NONE', #1725, #5031, #2050 ) ;
#4903 = B_SPLINE_CURVE_WITH_KNOTS ( 'NONE', 3,
 ( #3056, #5195, #913, #5280, #2240, #589, #2693, #1373, #3938, #3983, #3090, #5249, #2301, #2632, #1869, #2216, #4376, #2752, #4470, #5303, #4410, #3962 ),
 .UNSPECIFIED., .F., .F.,
 ( 4, 2, 2, 2, 2, 2, 2, 2, 2, 2, 4 ),
 ( 2.115878306967883032E-19, 0.0004905869137314984455, 0.0009811738274629966741, 0.001471760741194494577, 0.001962347654925992481, 0.002207641111791752275, 0.002452934568657511635, 0.002943521482389011273, 0.003188814939254753719, 0.003434108396120496166, 0.003924695309851972819 ),
 .UNSPECIFIED. ) ;
#4904 = ORIENTED_EDGE ( 'NONE', *, *, #2745, .T. ) ;
#4905 = DIRECTION ( 'NONE',  ( 0.000000000000000000, 0.000000000000000000, 1.000000000000000000 ) ) ;
#4906 = EDGE_CURVE ( 'NONE', #2885, #1749, #4395, .T. ) ;
#4907 = ORIENTED_EDGE ( 'NONE', *, *, #877, .F. ) ;
#4908 = ORIENTED_EDGE ( 'NONE', *, *, #1805, .T. ) ;
#4909 = EDGE_CURVE ( 'NONE', #3195, #2506, #79, .T. ) ;
#4910 = SURFACE_STYLE_FILL_AREA ( #3071 ) ;
#4911 = FILL_AREA_STYLE_COLOUR ( '', #1927 ) ;
#4912 = STYLED_ITEM ( 'NONE', ( #1116 ), #5013 ) ;
#4913 = AXIS2_PLACEMENT_3D ( 'NONE', #5370, #2307, #4978 ) ;
#4914 = ORIENTED_EDGE ( 'NONE', *, *, #1762, .F. ) ;
#4915 = ORIENTED_EDGE ( 'NONE', *, *, #5465, .F. ) ;
#4916 = CARTESIAN_POINT ( 'NONE',  ( 8.043384075242759224, -1.834794979863590081, 36.58887821575369514 ) ) ;
#4917 = CARTESIAN_POINT ( 'NONE',  ( 6.681360117457032288, -3.216957806830736732, 36.58887821575369514 ) ) ;
#4918 = ADVANCED_FACE ( 'NONE', ( #4294 ), #934, .F. ) ;
#4919 = DIRECTION ( 'NONE',  ( -0.9754851657028634770, 0.2200651982791851091, 0.000000000000000000 ) ) ;
#4920 = CARTESIAN_POINT ( 'NONE',  ( 4.808507577662980204, -0.6330520322672540390, -1.513876697314419983 ) ) ;
#4921 = LINE ( 'NONE', #2834, #5262 ) ;
#4922 = B_SPLINE_CURVE_WITH_KNOTS ( 'NONE', 3,
 ( #295, #4577, #745, #696 ),
 .UNSPECIFIED., .F., .F.,
 ( 4, 4 ),
 ( 0.007473649415499899855, 0.009949442691555419882 ),
 .UNSPECIFIED. ) ;
#4923 = ORIENTED_EDGE ( 'NONE', *, *, #4429, .F. ) ;
#4924 = EDGE_LOOP ( 'NONE', ( #1947, #4085, #394, #3774 ) ) ;
#4925 = PLANE ( 'NONE',  #1491 ) ;
#4926 = PRESENTATION_STYLE_ASSIGNMENT (( #235 ) ) ;
#4927 = VERTEX_POINT ( 'NONE', #105 ) ;
#4928 = SURFACE_STYLE_USAGE ( .BOTH. , #3224 ) ;
#4929 = VERTEX_POINT ( 'NONE', #3527 ) ;
#4930 = ORIENTED_EDGE ( 'NONE', *, *, #5380, .T. ) ;
#4931 = SURFACE_STYLE_USAGE ( .BOTH. , #4055 ) ;
#4932 = EDGE_CURVE ( 'NONE', #5121, #4859, #1695, .T. ) ;
#4933 =( LENGTH_UNIT ( ) NAMED_UNIT ( * ) SI_UNIT ( .MILLI., .METRE. ) );
#4934 = DIRECTION ( 'NONE',  ( 0.000000000000000000, 0.000000000000000000, 1.000000000000000000 ) ) ;
#4935 = SURFACE_STYLE_FILL_AREA ( #270 ) ;
#4936 = VERTEX_POINT ( 'NONE', #5235 ) ;
#4937 = AXIS2_PLACEMENT_3D ( 'NONE', #742, #2080, #2904 ) ;
#4938 = CARTESIAN_POINT ( 'NONE',  ( 6.460745486885680400, -0.3499999999999999778, 44.74994640449139638 ) ) ;
#4939 = DIRECTION ( 'NONE',  ( 0.000000000000000000, 0.000000000000000000, 1.000000000000000000 ) ) ;
#4940 = CARTESIAN_POINT ( 'NONE',  ( 0.000000000000000000, 0.000000000000000000, 0.000000000000000000 ) ) ;
#4941 = PRESENTATION_STYLE_ASSIGNMENT (( #4099 ) ) ;
#4942 = PRESENTATION_LAYER_ASSIGNMENT (  '', '', ( #1785 ) ) ;
#4943 = FILL_AREA_STYLE_COLOUR ( '', #3542 ) ;
#4944 = SURFACE_STYLE_USAGE ( .BOTH. , #3175 ) ;
#4945 = PRESENTATION_STYLE_ASSIGNMENT (( #2354 ) ) ;
#4946 = LINE ( 'NONE', #4065, #4434 ) ;
#4947 =( GEOMETRIC_REPRESENTATION_CONTEXT ( 3 ) GLOBAL_UNCERTAINTY_ASSIGNED_CONTEXT ( ( #146 ) ) GLOBAL_UNIT_ASSIGNED_CONTEXT ( ( #3685, #5325, #138 ) ) REPRESENTATION_CONTEXT ( 'NONE', 'WORKASPACE' ) );
#4948 = DIRECTION ( 'NONE',  ( -0.03990748061359909032, 0.9992033791931825837, 0.000000000000000000 ) ) ;
#4949 =( BOUNDED_CURVE ( )  B_SPLINE_CURVE ( 3, ( #862, #1680, #5115, #3877 ),
 .UNSPECIFIED., .F., .T. ) 
 B_SPLINE_CURVE_WITH_KNOTS ( ( 4, 4 ),
 ( 2.720895819497678225, 3.562289487681906675 ),
 .UNSPECIFIED. ) 
 CURVE ( )  GEOMETRIC_REPRESENTATION_ITEM ( )  RATIONAL_B_SPLINE_CURVE ( ( 1.000000000000000000, 0.9418697181749116076, 0.9418697181749116076, 1.000000000000000000 ) ) 
 REPRESENTATION_ITEM ( '' )  );
#4950 = EDGE_CURVE ( 'NONE', #5018, #2442, #1048, .T. ) ;
#4951 = ORIENTED_EDGE ( 'NONE', *, *, #1571, .T. ) ;
#4952 =( LENGTH_UNIT ( ) NAMED_UNIT ( * ) SI_UNIT ( .MILLI., .METRE. ) );
#4953 =( NAMED_UNIT ( * ) PLANE_ANGLE_UNIT ( ) SI_UNIT ( $, .RADIAN. ) );
#4954 = MECHANICAL_DESIGN_GEOMETRIC_PRESENTATION_REPRESENTATION (  '', ( #4232 ), #1623 ) ;
#4955 = EDGE_LOOP ( 'NONE', ( #1563, #712, #2060, #1079 ) ) ;
#4956 = LINE ( 'NONE', #1496, #3201 ) ;
#4957 = CARTESIAN_POINT ( 'NONE',  ( 6.424098534281351469, -4.004372970616002725, 44.39301794922163680 ) ) ;
#4958 =( NAMED_UNIT ( * ) SI_UNIT ( $, .STERADIAN. ) SOLID_ANGLE_UNIT ( ) );
#4959 = ORIENTED_EDGE ( 'NONE', *, *, #4486, .T. ) ;
#4960 = CARTESIAN_POINT ( 'NONE',  ( -7.429924995710018187, 0.3310655969615515226, 40.25517958026570398 ) ) ;
#4961 = LINE ( 'NONE', #5348, #1581 ) ;
#4962 = ORIENTED_EDGE ( 'NONE', *, *, #963, .T. ) ;
#4963 = VERTEX_POINT ( 'NONE', #4026 ) ;
#4964 = SURFACE_STYLE_USAGE ( .BOTH. , #2004 ) ;
#4965 = MECHANICAL_DESIGN_GEOMETRIC_PRESENTATION_REPRESENTATION (  '', ( #4425 ), #2980 ) ;
#4966 = VERTEX_POINT ( 'NONE', #3163 ) ;
#4967 = CARTESIAN_POINT ( 'NONE',  ( 4.480815732679729102, -1.856014646970700177, 10.80000000000000071 ) ) ;
#4968 = DIRECTION ( 'NONE',  ( 1.000000000000000000, 0.000000000000000000, 0.000000000000000000 ) ) ;
#4969 = AXIS2_PLACEMENT_3D ( 'NONE', #1313, #1337, #3931 ) ;
#4970 = PRESENTATION_LAYER_ASSIGNMENT (  '', '', ( #5231 ) ) ;
#4971 = EDGE_CURVE ( 'NONE', #4142, #978, #1860, .T. ) ;
#4972 = CARTESIAN_POINT ( 'NONE',  ( 9.993873123068960140, 0.3499999999999999778, 33.03887821575369799 ) ) ;
#4973 = DIRECTION ( 'NONE',  ( 0.9548275336531429902, -0.2971605306528039558, 0.000000000000000000 ) ) ;
#4974 = LINE ( 'NONE', #2327, #40 ) ;
#4975 = ADVANCED_FACE ( 'NONE', ( #3681 ), #1058, .T. ) ;
#4976 = ORIENTED_EDGE ( 'NONE', *, *, #1010, .F. ) ;
#4977 = ORIENTED_EDGE ( 'NONE', *, *, #2136, .F. ) ;
#4978 = DIRECTION ( 'NONE',  ( 0.000000000000000000, -1.000000000000000000, 0.000000000000000000 ) ) ;
#4979 = VECTOR ( 'NONE', #4275, 1000.000000000000000 ) ;
#4980 = PRODUCT_DEFINITION_FORMATION_WITH_SPECIFIED_SOURCE ( 'ANY', '', #4746, .NOT_KNOWN. ) ;
#4981 = UNCERTAINTY_MEASURE_WITH_UNIT (LENGTH_MEASURE( 1.000000000000000082E-05 ), #2322, 'distance_accuracy_value', 'NONE');
#4982 = DIRECTION ( 'NONE',  ( 0.000000000000000000, 0.000000000000000000, 1.000000000000000000 ) ) ;
#4983 =( BOUNDED_CURVE ( )  B_SPLINE_CURVE ( 3, ( #2718, #170, #5299, #1453 ),
 .UNSPECIFIED., .F., .F. ) 
 B_SPLINE_CURVE_WITH_KNOTS ( ( 4, 4 ),
 ( 0.4206968340921141691, 1.039743292929182994 ),
 .UNSPECIFIED. ) 
 CURVE ( )  GEOMETRIC_REPRESENTATION_ITEM ( )  RATIONAL_B_SPLINE_CURVE ( ( 1.000000000000000000, 0.9683192697507483349, 0.9683192697507483349, 1.000000000000000000 ) ) 
 REPRESENTATION_ITEM ( '' )  );
#4984 = EDGE_CURVE ( 'NONE', #2125, #3831, #3656, .T. ) ;
#4985 = SURFACE_STYLE_USAGE ( .BOTH. , #1945 ) ;
#4986 = VERTEX_POINT ( 'NONE', #246 ) ;
#4987 = CARTESIAN_POINT ( 'NONE',  ( -7.583774615749720560, 0.9978600834227985272, 39.80886091083624478 ) ) ;
#4988 = ORIENTED_EDGE ( 'NONE', *, *, #298, .F. ) ;
#4989 = AXIS2_PLACEMENT_3D ( 'NONE', #969, #1063, #2770 ) ;
#4990 = ORIENTED_EDGE ( 'NONE', *, *, #298, .T. ) ;
#4991 = CIRCLE ( 'NONE', #4552, 10.00000000000000000 ) ;
#4992 = DIRECTION ( 'NONE',  ( -0.5341625816090030954, 0.8453817696217521549, 0.000000000000000000 ) ) ;
#4993 = CIRCLE ( 'NONE', #2831, 8.250000000000001776 ) ;
#4994 =( LENGTH_UNIT ( ) NAMED_UNIT ( * ) SI_UNIT ( .MILLI., .METRE. ) );
#4995 = LINE ( 'NONE', #1148, #3826 ) ;
#4996 =( GEOMETRIC_REPRESENTATION_CONTEXT ( 3 ) GLOBAL_UNCERTAINTY_ASSIGNED_CONTEXT ( ( #4752 ) ) GLOBAL_UNIT_ASSIGNED_CONTEXT ( ( #1104, #3350, #4652 ) ) REPRESENTATION_CONTEXT ( 'NONE', 'WORKASPACE' ) );
#4997 = DIRECTION ( 'NONE',  ( 1.000000000000000000, 0.000000000000000000, 0.000000000000000000 ) ) ;
#4998 = EDGE_LOOP ( 'NONE', ( #3891, #459, #1242, #4093 ) ) ;
#4999 =( NAMED_UNIT ( * ) SI_UNIT ( $, .STERADIAN. ) SOLID_ANGLE_UNIT ( ) );
#5000 = FILL_AREA_STYLE_COLOUR ( '', #2737 ) ;
#5001 = MECHANICAL_DESIGN_GEOMETRIC_PRESENTATION_REPRESENTATION (  '', ( #4912 ), #2034 ) ;
#5002 = STYLED_ITEM ( 'NONE', ( #317 ), #1151 ) ;
#5003 = SURFACE_STYLE_USAGE ( .BOTH. , #3290 ) ;
#5004 =( NAMED_UNIT ( * ) SI_UNIT ( $, .STERADIAN. ) SOLID_ANGLE_UNIT ( ) );
#5005 = EDGE_CURVE ( 'NONE', #3195, #160, #5268, .T. ) ;
#5006 = AXIS2_PLACEMENT_3D ( 'NONE', #5085, #3817, #2916 ) ;
#5007 = PRESENTATION_STYLE_ASSIGNMENT (( #4215 ) ) ;
#5008 = PLANE ( 'NONE',  #1573 ) ;
#5009 = FILL_AREA_STYLE_COLOUR ( '', #3507 ) ;
#5010 =( LENGTH_UNIT ( ) NAMED_UNIT ( * ) SI_UNIT ( .MILLI., .METRE. ) );
#5011 = EDGE_CURVE ( 'NONE', #5291, #4927, #609, .T. ) ;
#5012 = ORIENTED_EDGE ( 'NONE', *, *, #3160, .F. ) ;
#5013 = ADVANCED_FACE ( 'NONE', ( #1508 ), #4489, .T. ) ;
#5014 = VERTEX_POINT ( 'NONE', #3135 ) ;
#5015 = CARTESIAN_POINT ( 'NONE',  ( 0.6330520322672500422, 4.808507577662980204, -1.513876697314419983 ) ) ;
#5016 = FILL_AREA_STYLE_COLOUR ( '', #4786 ) ;
#5017 = SURFACE_SIDE_STYLE ('',( #1611 ) ) ;
#5018 = VERTEX_POINT ( 'NONE', #4845 ) ;
#5019 =( NAMED_UNIT ( * ) PLANE_ANGLE_UNIT ( ) SI_UNIT ( $, .RADIAN. ) );
#5020 = ORIENTED_EDGE ( 'NONE', *, *, #1250, .T. ) ;
#5021 = ORIENTED_EDGE ( 'NONE', *, *, #5125, .F. ) ;
#5023 = EDGE_CURVE ( 'NONE', #1466, #4733, #3460, .T. ) ;
#5022 = MECHANICAL_DESIGN_GEOMETRIC_PRESENTATION_REPRESENTATION (  '', ( #615 ), #873 ) ;
#5024 =( NAMED_UNIT ( * ) SI_UNIT ( $, .STERADIAN. ) SOLID_ANGLE_UNIT ( ) );
#5025 = EDGE_LOOP ( 'NONE', ( #690, #3470 ) ) ;
#5026 = FILL_AREA_STYLE ('',( #2091 ) ) ;
#5027 =( LENGTH_UNIT ( ) NAMED_UNIT ( * ) SI_UNIT ( .MILLI., .METRE. ) );
#5028 = CYLINDRICAL_SURFACE ( 'NONE', #686, 8.250000000000000000 ) ;
#5029 = STYLED_ITEM ( 'NONE', ( #2114 ), #341 ) ;
#5030 = SURFACE_STYLE_USAGE ( .BOTH. , #2966 ) ;
#5031 = DIRECTION ( 'NONE',  ( -0.7347623353739640706, -0.6783246350500610200, 0.000000000000000000 ) ) ;
#5032 = SURFACE_STYLE_FILL_AREA ( #1130 ) ;
#5033 = PRESENTATION_STYLE_ASSIGNMENT (( #3326 ) ) ;
#5034 = EDGE_LOOP ( 'NONE', ( #726, #3179, #5185 ) ) ;
#5035 = DIRECTION ( 'NONE',  ( -0.6783246350500656829, -0.7347623353739597407, 0.000000000000000000 ) ) ;
#5036 = ADVANCED_FACE ( 'NONE', ( #2709 ), #1560, .F. ) ;
#5037 = UNCERTAINTY_MEASURE_WITH_UNIT (LENGTH_MEASURE( 1.000000000000000082E-05 ), #28, 'distance_accuracy_value', 'NONE');
#5038 = AXIS2_PLACEMENT_3D ( 'NONE', #3138, #1863, #249 ) ;
#5039 = DIRECTION ( 'NONE',  ( 0.000000000000000000, 0.000000000000000000, -1.000000000000000000 ) ) ;
#5040 = VECTOR ( 'NONE', #3127, 1000.000000000000114 ) ;
#5041 = ORIENTED_EDGE ( 'NONE', *, *, #1674, .F. ) ;
#5042 = LINE ( 'NONE', #3388, #1868 ) ;
#5043 = PRESENTATION_LAYER_ASSIGNMENT (  '', '', ( #1448 ) ) ;
#5044 = EDGE_LOOP ( 'NONE', ( #4576, #3949, #5502, #2952 ) ) ;
#5045 = FACE_OUTER_BOUND ( 'NONE', #3733, .T. ) ;
#5046 =( NAMED_UNIT ( * ) PLANE_ANGLE_UNIT ( ) SI_UNIT ( $, .RADIAN. ) );
#5047 = EDGE_CURVE ( 'NONE', #1111, #1413, #1593, .T. ) ;
#5048 = VERTEX_POINT ( 'NONE', #3315 ) ;
#5049 = DIRECTION ( 'NONE',  ( -1.000000000000000000, 0.000000000000000000, 0.000000000000000000 ) ) ;
#5050 = CARTESIAN_POINT ( 'NONE',  ( 4.480815732679749530, 1.856014646970669979, 10.80000000000000071 ) ) ;
#5051 =( NAMED_UNIT ( * ) SI_UNIT ( $, .STERADIAN. ) SOLID_ANGLE_UNIT ( ) );
#5052 =( NAMED_UNIT ( * ) PLANE_ANGLE_UNIT ( ) SI_UNIT ( $, .RADIAN. ) );
#5053 = COLOUR_RGB ( '',0.8000000000000000444, 0.6627450980392156632, 0.3176470588235293935 ) ;
#5054 =( NAMED_UNIT ( * ) PLANE_ANGLE_UNIT ( ) SI_UNIT ( $, .RADIAN. ) );
#5055 = EDGE_CURVE ( 'NONE', #565, #837, #1174, .T. ) ;
#5056 = SURFACE_STYLE_FILL_AREA ( #2805 ) ;
#5057 = COLOUR_RGB ( '',0.2000000000000000111, 0.2000000000000000111, 0.2000000000000000111 ) ;
#5058 = AXIS2_PLACEMENT_3D ( 'NONE', #3301, #736, #1518 ) ;
#5059 = DIRECTION ( 'NONE',  ( -0.7347623353739596297, 0.6783246350500655719, 0.000000000000000000 ) ) ;
#5060 =( NAMED_UNIT ( * ) SI_UNIT ( $, .STERADIAN. ) SOLID_ANGLE_UNIT ( ) );
#5061 = STYLED_ITEM ( 'NONE', ( #2822 ), #3874 ) ;
#5062 = EDGE_CURVE ( 'NONE', #1881, #3181, #4995, .T. ) ;
#5063 = CARTESIAN_POINT ( 'NONE',  ( -5.207741581814820719, -3.252606517456509851E-16, 36.58887821575369514 ) ) ;
#5064 = VECTOR ( 'NONE', #441, 1000.000000000000000 ) ;
#5065 = VERTEX_POINT ( 'NONE', #2508 ) ;
#5066 = CARTESIAN_POINT ( 'NONE',  ( 3.847763700412489829, -2.952492930692300011, 10.80000000000000071 ) ) ;
#5067 = VERTEX_POINT ( 'NONE', #3360 ) ;
#5068 = SURFACE_STYLE_FILL_AREA ( #1631 ) ;
#5069 = CIRCLE ( 'NONE', #2731, 8.250000000000090594 ) ;
#5070 = PRESENTATION_LAYER_ASSIGNMENT (  '', '', ( #3902 ) ) ;
#5071 = CIRCLE ( 'NONE', #1126, 5.580736889921710464 ) ;
#5072 = LINE ( 'NONE', #5467, #1587 ) ;
#5073 = STYLED_ITEM ( 'NONE', ( #4819 ), #815 ) ;
#5074 = VERTEX_POINT ( 'NONE', #2882 ) ;
#5075 = EDGE_CURVE ( 'NONE', #1377, #3704, #1227, .T. ) ;
#5076 = STYLED_ITEM ( 'NONE', ( #429 ), #2972 ) ;
#5077 = COLOUR_RGB ( '',0.8000000000000000444, 0.6627450980392156632, 0.3176470588235293935 ) ;
#5078 = ORIENTED_EDGE ( 'NONE', *, *, #1832, .F. ) ;
#5079 = EDGE_CURVE ( 'NONE', #90, #326, #4229, .T. ) ;
#5080 = PLANE ( 'NONE',  #5162 ) ;
#5081 = AXIS2_PLACEMENT_3D ( 'NONE', #3229, #1085, #3657 ) ;
#5082 = AXIS2_PLACEMENT_3D ( 'NONE', #3519, #3129, #127 ) ;
#5083 = PRESENTATION_LAYER_ASSIGNMENT (  '', '', ( #1583 ) ) ;
#5084 = VECTOR ( 'NONE', #1495, 1000.000000000000000 ) ;
#5085 = CARTESIAN_POINT ( 'NONE',  ( -1.685612795239709862E-15, -4.408507577662979848, -1.513876697314419983 ) ) ;
#5086 = EDGE_CURVE ( 'NONE', #4105, #3581, #5072, .T. ) ;
#5087 = PRODUCT_DEFINITION_CONTEXT ( 'detailed design', #3504, 'design' ) ;
#5088 = SURFACE_STYLE_FILL_AREA ( #2893 ) ;
#5089 = EDGE_CURVE ( 'NONE', #2616, #1014, #3739, .T. ) ;
#5090 = COLOUR_RGB ( '',0.2000000000000000111, 0.2000000000000000111, 0.2000000000000000111 ) ;
#5091 = EDGE_LOOP ( 'NONE', ( #1360, #657, #5220, #119 ) ) ;
#5092 = PLANE ( 'NONE',  #240 ) ;
#5093 =( NAMED_UNIT ( * ) SI_UNIT ( $, .STERADIAN. ) SOLID_ANGLE_UNIT ( ) );
#5094 = UNCERTAINTY_MEASURE_WITH_UNIT (LENGTH_MEASURE( 1.000000000000000082E-05 ), #2639, 'distance_accuracy_value', 'NONE');
#5095 = CARTESIAN_POINT ( 'NONE',  ( 4.408507577662979848, -3.913326676722159714E-15, 13.75000000000000000 ) ) ;
#5096 = CARTESIAN_POINT ( 'NONE',  ( -4.841112192084168875, -0.3301522107527378735, 40.25545993947805101 ) ) ;
#5097 = ORIENTED_EDGE ( 'NONE', *, *, #759, .F. ) ;
#5098 = LINE ( 'NONE', #4143, #4220 ) ;
#5099 = ORIENTED_EDGE ( 'NONE', *, *, #1726, .T. ) ;
#5100 = SURFACE_STYLE_FILL_AREA ( #3392 ) ;
#5101 = FILL_AREA_STYLE_COLOUR ( '', #5171 ) ;
#5102 = ORIENTED_EDGE ( 'NONE', *, *, #747, .T. ) ;
#5103 = ORIENTED_EDGE ( 'NONE', *, *, #1674, .T. ) ;
#5104 = ADVANCED_FACE ( 'NONE', ( #1195 ), #1632, .T. ) ;
#5105 = DIRECTION ( 'NONE',  ( 0.000000000000000000, 0.000000000000000000, 1.000000000000000000 ) ) ;
#5106 = EDGE_CURVE ( 'NONE', #1874, #1274, #1330, .T. ) ;
#5107 = CARTESIAN_POINT ( 'NONE',  ( 3.117285603077779577, 3.117285603077769807, 19.00000000000000000 ) ) ;
#5108 = DIRECTION ( 'NONE',  ( 0.000000000000000000, 0.000000000000000000, -1.000000000000000000 ) ) ;
#5109 =( LENGTH_UNIT ( ) NAMED_UNIT ( * ) SI_UNIT ( .MILLI., .METRE. ) );
#5110 = DIRECTION ( 'NONE',  ( 0.000000000000000000, 0.000000000000000000, 1.000000000000000000 ) ) ;
#5111 =( NAMED_UNIT ( * ) SI_UNIT ( $, .STERADIAN. ) SOLID_ANGLE_UNIT ( ) );
#5112 = CARTESIAN_POINT ( 'NONE',  ( -4.408507577662979848, -2.592773501005799907E-15, 10.80000000000000071 ) ) ;
#5113 =( LENGTH_UNIT ( ) NAMED_UNIT ( * ) SI_UNIT ( .MILLI., .METRE. ) );
#5114 = VECTOR ( 'NONE', #2485, 1000.000000000000114 ) ;
#5115 = CARTESIAN_POINT ( 'NONE',  ( 4.304217301330606205, 1.288573727809273262, 14.81933248585657203 ) ) ;
#5116 =( GEOMETRIC_REPRESENTATION_CONTEXT ( 3 ) GLOBAL_UNCERTAINTY_ASSIGNED_CONTEXT ( ( #321 ) ) GLOBAL_UNIT_ASSIGNED_CONTEXT ( ( #2955, #3834, #4102 ) ) REPRESENTATION_CONTEXT ( 'NONE', 'WORKASPACE' ) );
#5117 = SURFACE_STYLE_USAGE ( .BOTH. , #1681 ) ;
#5118 = ORIENTED_EDGE ( 'NONE', *, *, #2192, .T. ) ;
#5119 = CARTESIAN_POINT ( 'NONE',  ( -7.415483163629600583, -6.505161610585228184E-16, 40.28887821575369799 ) ) ;
#5120 = AXIS2_PLACEMENT_3D ( 'NONE', #5190, #1317, #3423 ) ;
#5121 = VERTEX_POINT ( 'NONE', #452 ) ;
#5122 = CARTESIAN_POINT ( 'NONE',  ( -7.688324199428405947, -1.250041593737812873, 38.87439860954308557 ) ) ;
#5123 = DIRECTION ( 'NONE',  ( 0.000000000000000000, 0.000000000000000000, -1.000000000000000000 ) ) ;
#5124 = DIRECTION ( 'NONE',  ( 0.000000000000000000, 0.000000000000000000, -1.000000000000000000 ) ) ;
#5125 = EDGE_CURVE ( 'NONE', #271, #2521, #2392, .T. ) ;
#5126 =( NAMED_UNIT ( * ) PLANE_ANGLE_UNIT ( ) SI_UNIT ( $, .RADIAN. ) );
#5127 = CONICAL_SURFACE ( 'NONE', #2698, 5.580736889921710464, 1.256637061435899705 ) ;
#5128 = EDGE_LOOP ( 'NONE', ( #1269, #1493, #1589, #1546, #2614 ) ) ;
#5129 = UNCERTAINTY_MEASURE_WITH_UNIT (LENGTH_MEASURE( 1.000000000000000082E-05 ), #4885, 'distance_accuracy_value', 'NONE');
#5130 = SURFACE_SIDE_STYLE ('',( #2090 ) ) ;
#5131 = AXIS2_PLACEMENT_3D ( 'NONE', #3616, #1469, #3951 ) ;
#5132 = FILL_AREA_STYLE ('',( #3399 ) ) ;
#5133 = FILL_AREA_STYLE_COLOUR ( '', #5057 ) ;
#5134 = DIRECTION ( 'NONE',  ( 0.000000000000000000, 0.000000000000000000, 1.000000000000000000 ) ) ;
#5135 = CARTESIAN_POINT ( 'NONE',  ( -4.408507577662979848, -3.958347821294740559E-15, 19.00000000000000000 ) ) ;
#5136 = CARTESIAN_POINT ( 'NONE',  ( 5.000000000000000000, 0.000000000000000000, 44.93887821575369657 ) ) ;
#5137 = EDGE_CURVE ( 'NONE', #522, #4423, #2981, .T. ) ;
#5138 = MECHANICAL_DESIGN_GEOMETRIC_PRESENTATION_REPRESENTATION (  '', ( #2901 ), #2180 ) ;
#5139 =( LENGTH_UNIT ( ) NAMED_UNIT ( * ) SI_UNIT ( .MILLI., .METRE. ) );
#5140 = UNCERTAINTY_MEASURE_WITH_UNIT (LENGTH_MEASURE( 1.000000000000000082E-05 ), #1352, 'distance_accuracy_value', 'NONE');
#5141 = COLOUR_RGB ( '',0.2000000000000000111, 0.2000000000000000111, 0.2000000000000000111 ) ;
#5142 = LINE ( 'NONE', #1706, #4254 ) ;
#5143 = ORIENTED_EDGE ( 'NONE', *, *, #2894, .F. ) ;
#5144 = CARTESIAN_POINT ( 'NONE',  ( -7.513422352311638797, -0.7697416801320625668, 40.03710010763806082 ) ) ;
#5145 = CIRCLE ( 'NONE', #1643, 8.250000000000090594 ) ;
#5146 = SURFACE_SIDE_STYLE ('',( #5068 ) ) ;
#5147 = ADVANCED_FACE ( 'NONE', ( #4443 ), #1688, .T. ) ;
#5148 = FILL_AREA_STYLE_COLOUR ( '', #2886 ) ;
#5149 = PRESENTATION_STYLE_ASSIGNMENT (( #869 ) ) ;
#5150 = CARTESIAN_POINT ( 'NONE',  ( 0.8744275865334556475, -7.519269995276473217, 44.39301794922162969 ) ) ;
#5151 = PRESENTATION_LAYER_ASSIGNMENT (  '', '', ( #2009 ) ) ;
#5152 = MECHANICAL_DESIGN_GEOMETRIC_PRESENTATION_REPRESENTATION (  '', ( #1918 ), #1564 ) ;
#5153 = EDGE_LOOP ( 'NONE', ( #3693, #3409, #2784, #1462 ) ) ;
#5154 = CARTESIAN_POINT ( 'NONE',  ( -4.372643690036277953, 6.015630242542721717, 44.43633199414208690 ) ) ;
#5155 = CARTESIAN_POINT ( 'NONE',  ( -1.141005721577959875, -4.258291324655739452, 10.80000000000000071 ) ) ;
#5156 = DIRECTION ( 'NONE',  ( 0.000000000000000000, 0.000000000000000000, 1.000000000000000000 ) ) ;
#5157 = ORIENTED_EDGE ( 'NONE', *, *, #461, .F. ) ;
#5158 = MECHANICAL_DESIGN_GEOMETRIC_PRESENTATION_REPRESENTATION (  '', ( #4343 ), #46 ) ;
#5159 = CARTESIAN_POINT ( 'NONE',  ( -30.72458299147439931, 1.530808498934191571E-16, 40.28887821575369799 ) ) ;
#5160 =( LENGTH_UNIT ( ) NAMED_UNIT ( * ) SI_UNIT ( .MILLI., .METRE. ) );
#5161 = DIRECTION ( 'NONE',  ( 0.000000000000000000, 0.000000000000000000, 1.000000000000000000 ) ) ;
#5162 = AXIS2_PLACEMENT_3D ( 'NONE', #1954, #2377, #3684 ) ;
#5163 = CARTESIAN_POINT ( 'NONE',  ( 2.677286178575209488E-16, 4.408507577662979848, 10.80000000000000071 ) ) ;
#5164 = EDGE_CURVE ( 'NONE', #650, #2389, #2527, .T. ) ;
#5165 = FILL_AREA_STYLE ('',( #2715 ) ) ;
#5166 = CIRCLE ( 'NONE', #2743, 8.250000000000000000 ) ;
#5167 = CARTESIAN_POINT ( 'NONE',  ( 2.985835969098767695, -0.3295909696238891740, 13.78297146238609194 ) ) ;
#5168 = PLANE ( 'NONE',  #3471 ) ;
#5169 =( NAMED_UNIT ( * ) SI_UNIT ( $, .STERADIAN. ) SOLID_ANGLE_UNIT ( ) );
#5170 = EDGE_CURVE ( 'NONE', #3181, #352, #4370, .T. ) ;
#5171 = COLOUR_RGB ( '',0.8000000000000000444, 0.6627450980392156632, 0.3176470588235293935 ) ;
#5172 = VECTOR ( 'NONE', #5431, 1000.000000000000227 ) ;
#5173 = FILL_AREA_STYLE_COLOUR ( '', #4064 ) ;
#5174 = LINE ( 'NONE', #1325, #386 ) ;
#5175 = ORIENTED_EDGE ( 'NONE', *, *, #3517, .T. ) ;
#5176 = SURFACE_SIDE_STYLE ('',( #4306 ) ) ;
#5177 = FILL_AREA_STYLE_COLOUR ( '', #5077 ) ;
#5178 = LINE ( 'NONE', #1327, #3284 ) ;
#5179 = DIRECTION ( 'NONE',  ( -0.5341625816090038725, 0.8453817696217517108, 0.000000000000000000 ) ) ;
#5180 = CARTESIAN_POINT ( 'NONE',  ( 1.856014646970669979, -4.480815732679739760, 19.00000000000000000 ) ) ;
#5181 = CARTESIAN_POINT ( 'NONE',  ( -0.6330520322672530398, -4.808507577662980204, 19.00000000000000000 ) ) ;
#5182 = CARTESIAN_POINT ( 'NONE',  ( -6.495165674069029116, 8.142181059043581470, 36.58887821575369514 ) ) ;
#5183 = ORIENTED_EDGE ( 'NONE', *, *, #1338, .T. ) ;
#5184 = EDGE_CURVE ( 'NONE', #521, #1527, #1732, .T. ) ;
#5185 = ORIENTED_EDGE ( 'NONE', *, *, #423, .F. ) ;
#5186 = SURFACE_SIDE_STYLE ('',( #2533 ) ) ;
#5187 = DIRECTION ( 'NONE',  ( 0.000000000000000000, 0.000000000000000000, 1.000000000000000000 ) ) ;
#5188 = SURFACE_SIDE_STYLE ('',( #107 ) ) ;
#5189 = DIRECTION ( 'NONE',  ( -0.4650407975841791552, -0.8852892502353514326, 0.000000000000000000 ) ) ;
#5190 = CARTESIAN_POINT ( 'NONE',  ( 0.000000000000000000, 0.000000000000000000, 45.03887821575380457 ) ) ;
#5191 =( LENGTH_UNIT ( ) NAMED_UNIT ( * ) SI_UNIT ( .MILLI., .METRE. ) );
#5192 = CARTESIAN_POINT ( 'NONE',  ( -4.808507577662980204, -0.6330520322672520406, 10.80000000000000071 ) ) ;
#5193 = CARTESIAN_POINT ( 'NONE',  ( 1.014978239021389506, 7.431215769566629881, 44.41712914212489238 ) ) ;
#5194 = UNCERTAINTY_MEASURE_WITH_UNIT (LENGTH_MEASURE( 1.000000000000000082E-05 ), #3359, 'distance_accuracy_value', 'NONE');
#5195 = CARTESIAN_POINT ( 'NONE',  ( -4.850000000000000533, 0.1659353594344406269, 40.28887821575370509 ) ) ;
#5196 =( LENGTH_UNIT ( ) NAMED_UNIT ( * ) SI_UNIT ( .MILLI., .METRE. ) );
#5197 = ORIENTED_EDGE ( 'NONE', *, *, #5317, .T. ) ;
#5198 = CARTESIAN_POINT ( 'NONE',  ( -5.646236345122984881E-15, -8.250000000000097700, 44.17158205686133954 ) ) ;
#5199 = FACE_OUTER_BOUND ( 'NONE', #5367, .T. ) ;
#5200 = SURFACE_STYLE_FILL_AREA ( #2581 ) ;
#5201 = DIRECTION ( 'NONE',  ( 0.000000000000000000, 0.000000000000000000, -1.000000000000000000 ) ) ;
#5202 = ORIENTED_EDGE ( 'NONE', *, *, #1285, .T. ) ;
#5203 = DIRECTION ( 'NONE',  ( 0.6783246350500609090, -0.7347623353739640706, 0.000000000000000000 ) ) ;
#5204 = MECHANICAL_DESIGN_GEOMETRIC_PRESENTATION_REPRESENTATION (  '', ( #5293 ), #2688 ) ;
#5205 = EDGE_LOOP ( 'NONE', ( #5376, #2856, #4988, #3602 ) ) ;
#5206 = EDGE_LOOP ( 'NONE', ( #4044, #1081, #535, #4780 ) ) ;
#5207 = DIRECTION ( 'NONE',  ( 0.000000000000000000, 0.000000000000000000, -1.000000000000000000 ) ) ;
#5208 = CARTESIAN_POINT ( 'NONE',  ( 3.000000000000000000, 0.000000000000000000, 19.00000000000000000 ) ) ;
#5209 = EDGE_CURVE ( 'NONE', #1307, #2885, #3494, .T. ) ;
#5210 =( NAMED_UNIT ( * ) PLANE_ANGLE_UNIT ( ) SI_UNIT ( $, .RADIAN. ) );
#5211 = VECTOR ( 'NONE', #1925, 1000.000000000000000 ) ;
#5212 = SURFACE_SIDE_STYLE ('',( #3502 ) ) ;
#5213 = MECHANICAL_DESIGN_GEOMETRIC_PRESENTATION_REPRESENTATION (  '', ( #451 ), #4172 ) ;
#5214 = SURFACE_STYLE_FILL_AREA ( #3818 ) ;
#5215 =( NAMED_UNIT ( * ) SI_UNIT ( $, .STERADIAN. ) SOLID_ANGLE_UNIT ( ) );
#5216 = PLANE ( 'NONE',  #3204 ) ;
#5217 = CARTESIAN_POINT ( 'NONE',  ( 2.204253788831500138, 3.817879555032340111, -1.513876697314419983 ) ) ;
#5218 = CARTESIAN_POINT ( 'NONE',  ( 4.850000000000000533, 5.939536975864662969E-16, 43.03887821575379746 ) ) ;
#5219 =( NAMED_UNIT ( * ) PLANE_ANGLE_UNIT ( ) SI_UNIT ( $, .RADIAN. ) );
#5220 = ORIENTED_EDGE ( 'NONE', *, *, #3203, .T. ) ;
#5221 =( GEOMETRIC_REPRESENTATION_CONTEXT ( 3 ) GLOBAL_UNCERTAINTY_ASSIGNED_CONTEXT ( ( #3001 ) ) GLOBAL_UNIT_ASSIGNED_CONTEXT ( ( #1167, #4544, #2846 ) ) REPRESENTATION_CONTEXT ( 'NONE', 'WORKASPACE' ) );
#5222 = CARTESIAN_POINT ( 'NONE',  ( 7.136041797633328798, 2.526054696237979069, 44.39301794922163680 ) ) ;
#5223 = CARTESIAN_POINT ( 'NONE',  ( -7.415483163629601471, -0.1646041220039583530, 40.28887821575369799 ) ) ;
#5224 = EDGE_CURVE ( 'NONE', #737, #650, #3600, .T. ) ;
#5225 =( GEOMETRIC_REPRESENTATION_CONTEXT ( 3 ) GLOBAL_UNCERTAINTY_ASSIGNED_CONTEXT ( ( #4543 ) ) GLOBAL_UNIT_ASSIGNED_CONTEXT ( ( #3903, #1367, #1283 ) ) REPRESENTATION_CONTEXT ( 'NONE', 'WORKASPACE' ) );
#5226 = LINE ( 'NONE', #956, #4507 ) ;
#5227 = VECTOR ( 'NONE', #2662, 1000.000000000000114 ) ;
#5228 = CARTESIAN_POINT ( 'NONE',  ( 2.952492930692289796, -3.847763700412500043, 19.00000000000000000 ) ) ;
#5229 = ORIENTED_EDGE ( 'NONE', *, *, #1265, .F. ) ;
#5230 = CARTESIAN_POINT ( 'NONE',  ( 7.487219004258909294, -2.170740101316777970, 44.32109513373159615 ) ) ;
#5231 = STYLED_ITEM ( 'NONE', ( #4133 ), #671 ) ;
#5232 = VERTEX_POINT ( 'NONE', #4890 ) ;
#5233 =( LENGTH_UNIT ( ) NAMED_UNIT ( * ) SI_UNIT ( .MILLI., .METRE. ) );
#5234 = LINE ( 'NONE', #3134, #4338 ) ;
#5235 = CARTESIAN_POINT ( 'NONE',  ( -3.847763700412489829, 2.952492930692300011, 19.00000000000000000 ) ) ;
#5236 = PRESENTATION_STYLE_ASSIGNMENT (( #52 ) ) ;
#5237 = PRESENTATION_LAYER_ASSIGNMENT (  '', '', ( #5061 ) ) ;
#5238 = EDGE_CURVE ( 'NONE', #1857, #2726, #4974, .T. ) ;
#5239 = VECTOR ( 'NONE', #3440, 1000.000000000000000 ) ;
#5240 = DIRECTION ( 'NONE',  ( -1.000000000000000000, 0.000000000000000000, 0.000000000000000000 ) ) ;
#5241 = LINE ( 'NONE', #2132, #3146 ) ;
#5242 = CARTESIAN_POINT ( 'NONE',  ( 2.936450280665205526, -0.6330634317020366053, 16.09024260438516762 ) ) ;
#5243 = MECHANICAL_DESIGN_GEOMETRIC_PRESENTATION_REPRESENTATION (  '', ( #2378 ), #4639 ) ;
#5244 = EDGE_CURVE ( 'NONE', #90, #3810, #482, .T. ) ;
#5245 = EDGE_CURVE ( 'NONE', #4622, #4659, #619, .T. ) ;
#5246 = DIRECTION ( 'NONE',  ( -0.9548275336531450996, -0.2971605306527970169, 0.000000000000000000 ) ) ;
#5247 = AXIS2_PLACEMENT_3D ( 'NONE', #1412, #3889, #2644 ) ;
#5248 = UNCERTAINTY_MEASURE_WITH_UNIT (LENGTH_MEASURE( 1.000000000000000082E-05 ), #2487, 'distance_accuracy_value', 'NONE');
#5249 = CARTESIAN_POINT ( 'NONE',  ( -4.696737912536157467, 1.209722294206738713, 38.71364277591347758 ) ) ;
#5250 = PRESENTATION_LAYER_ASSIGNMENT (  '', '', ( #3749 ) ) ;
#5251 = CARTESIAN_POINT ( 'NONE',  ( 3.578984851118329757, 7.433260888430160307, 36.58887821575369514 ) ) ;
#5252 = SURFACE_SIDE_STYLE ('',( #2329 ) ) ;
#5253 = ORIENTED_EDGE ( 'NONE', *, *, #3431, .T. ) ;
#5254 = SURFACE_STYLE_USAGE ( .BOTH. , #1292 ) ;
#5255 = LINE ( 'NONE', #1431, #4263 ) ;
#5256 =( NAMED_UNIT ( * ) SI_UNIT ( $, .STERADIAN. ) SOLID_ANGLE_UNIT ( ) );
#5257 = STYLED_ITEM ( 'NONE', ( #51 ), #4918 ) ;
#5258 = CIRCLE ( 'NONE', #2296, 3.000000000000000444 ) ;
#5259 = UNCERTAINTY_MEASURE_WITH_UNIT (LENGTH_MEASURE( 1.000000000000000082E-05 ), #4378, 'distance_accuracy_value', 'NONE');
#5260 = DIRECTION ( 'NONE',  ( -1.000000000000000000, 0.000000000000000000, 0.000000000000000000 ) ) ;
#5261 = VECTOR ( 'NONE', #4905, 1000.000000000000000 ) ;
#5262 = VECTOR ( 'NONE', #5277, 1000.000000000000000 ) ;
#5263 = AXIS2_PLACEMENT_3D ( 'NONE', #2146, #3412, #5201 ) ;
#5264 = ORIENTED_EDGE ( 'NONE', *, *, #1204, .F. ) ;
#5265 = ORIENTED_EDGE ( 'NONE', *, *, #4419, .T. ) ;
#5266 = ORIENTED_EDGE ( 'NONE', *, *, #1914, .F. ) ;
#5267 = SURFACE_SIDE_STYLE ('',( #964 ) ) ;
#5268 = LINE ( 'NONE', #5354, #154 ) ;
#5269 = FILL_AREA_STYLE ('',( #4911 ) ) ;
#5270 = EDGE_CURVE ( 'NONE', #2165, #284, #4946, .T. ) ;
#5271 = PRESENTATION_LAYER_ASSIGNMENT (  '', '', ( #4811 ) ) ;
#5272 = LINE ( 'NONE', #1480, #2285 ) ;
#5273 = FILL_AREA_STYLE_COLOUR ( '', #730 ) ;
#5274 = CARTESIAN_POINT ( 'NONE',  ( -30.72458299147439931, 0.000000000000000000, 39.03887821575369799 ) ) ;
#5275 =( LENGTH_UNIT ( ) NAMED_UNIT ( * ) SI_UNIT ( .MILLI., .METRE. ) );
#5276 = DIRECTION ( 'NONE',  ( 0.000000000000000000, 0.000000000000000000, 1.000000000000000000 ) ) ;
#5277 = DIRECTION ( 'NONE',  ( -0.9754851657028648093, -0.2200651982791789474, 0.000000000000000000 ) ) ;
#5278 = PRESENTATION_LAYER_ASSIGNMENT (  '', '', ( #2140 ) ) ;
#5279 = PLANE ( 'NONE',  #888 ) ;
#5280 = CARTESIAN_POINT ( 'NONE',  ( -4.811154575869544203, 0.6311811384632364241, 40.13017883401553831 ) ) ;
#5281 = DIRECTION ( 'NONE',  ( -1.000000000000000000, 0.000000000000000000, 0.000000000000000000 ) ) ;
#5282 = VERTEX_POINT ( 'NONE', #2355 ) ;
#5283 = FACE_OUTER_BOUND ( 'NONE', #4487, .T. ) ;
#5284 = ORIENTED_EDGE ( 'NONE', *, *, #1404, .T. ) ;
#5285 = CARTESIAN_POINT ( 'NONE',  ( 5.020736889921710855, 0.3499999999999999778, 45.03887821575380457 ) ) ;
#5286 = CARTESIAN_POINT ( 'NONE',  ( 6.450237979908726160, -5.143630041375893747, 44.17158205686133954 ) ) ;
#5287 = CARTESIAN_POINT ( 'NONE',  ( 0.000000000000000000, 0.000000000000000000, 86.48696279987521507 ) ) ;
#5288 = ORIENTED_EDGE ( 'NONE', *, *, #4882, .F. ) ;
#5289 = SURFACE_SIDE_STYLE ('',( #1854 ) ) ;
#5290 = ORIENTED_EDGE ( 'NONE', *, *, #1455, .T. ) ;
#5291 = VERTEX_POINT ( 'NONE', #3267 ) ;
#5292 = EDGE_CURVE ( 'NONE', #3705, #5464, #2411, .T. ) ;
#5293 = STYLED_ITEM ( 'NONE', ( #1949 ), #3086 ) ;
#5294 = DIRECTION ( 'NONE',  ( 0.000000000000000000, 0.000000000000000000, -1.000000000000000000 ) ) ;
#5295 = VECTOR ( 'NONE', #5110, 1000.000000000000000 ) ;
#5296 = LINE ( 'NONE', #1451, #1981 ) ;
#5297 = CIRCLE ( 'NONE', #4688, 8.250000000000000000 ) ;
#5298 = VECTOR ( 'NONE', #2350, 1000.000000000000000 ) ;
#5299 = CARTESIAN_POINT ( 'NONE',  ( 4.563662550298626996, 0.8590903113608816533, 14.05491680007618172 ) ) ;
#5300 =( BOUNDED_CURVE ( )  B_SPLINE_CURVE ( 3, ( #2207, #3929, #78, #1777 ),
 .UNSPECIFIED., .F., .F. ) 
 B_SPLINE_CURVE_WITH_KNOTS ( ( 4, 4 ),
 ( 4.181335946518978552, 4.712388980384689674 ),
 .UNSPECIFIED. ) 
 CURVE ( )  GEOMETRIC_REPRESENTATION_ITEM ( )  RATIONAL_B_SPLINE_CURVE ( ( 1.000000000000000000, 0.9766363116344278783, 0.9766363116344278783, 1.000000000000000000 ) ) 
 REPRESENTATION_ITEM ( '' )  );
#5301 = SURFACE_STYLE_FILL_AREA ( #172 ) ;
#5302 = PRESENTATION_STYLE_ASSIGNMENT (( #4944 ) ) ;
#5303 = CARTESIAN_POINT ( 'NONE',  ( -4.841246218643165733, 0.3283643580533709416, 37.82176560664234444 ) ) ;
#5304 = ADVANCED_FACE ( 'NONE', ( #4132 ), #3669, .T. ) ;
#5305 =( NAMED_UNIT ( * ) SI_UNIT ( $, .STERADIAN. ) SOLID_ANGLE_UNIT ( ) );
#5306 = ORIENTED_EDGE ( 'NONE', *, *, #1421, .T. ) ;
#5307 = EDGE_LOOP ( 'NONE', ( #1663, #991, #5324 ) ) ;
#5308 =( LENGTH_UNIT ( ) NAMED_UNIT ( * ) SI_UNIT ( .MILLI., .METRE. ) );
#5309 = CARTESIAN_POINT ( 'NONE',  ( -10.41548316362960058, -6.505213034913029562E-16, 36.58887821575369514 ) ) ;
#5310 = UNCERTAINTY_MEASURE_WITH_UNIT (LENGTH_MEASURE( 1.000000000000000082E-05 ), #839, 'distance_accuracy_value', 'NONE');
#5311 = DIRECTION ( 'NONE',  ( -1.258255540213580060E-14, 0.000000000000000000, -1.000000000000000000 ) ) ;
#5312 = PRODUCT_RELATED_PRODUCT_CATEGORY ( 'part', '', ( #4783 ) ) ;
#5313 = EDGE_LOOP ( 'NONE', ( #2396, #2553, #5290, #1143, #3615, #1017, #1796, #2306, #605, #3573, #4904, #4546, #4609, #2123, #3614, #5284, #5545, #1100, #5424, #4412, #1245, #2150, #5102, #242, #4707, #4842, #3432, #2400, #2850, #1827, #1443, #5369, #5202, #4567, #5409, #1410, #569, #4447, #1006, #4930, #1628, #329, #1978, #1619, #2695, #241, #3218, #2079 ) ) ;
#5314 = CARTESIAN_POINT ( 'NONE',  ( -7.415483163629600583, 0.1647367891277308760, 40.28887821575369799 ) ) ;
#5315 = CARTESIAN_POINT ( 'NONE',  ( 3.000000000000000000, -3.913321534210503248E-15, 16.25000000000000000 ) ) ;
#5316 = VERTEX_POINT ( 'NONE', #3718 ) ;
#5317 = EDGE_CURVE ( 'NONE', #2431, #3652, #1071, .T. ) ;
#5318 = ORIENTED_EDGE ( 'NONE', *, *, #1204, .T. ) ;
#5319 = CIRCLE ( 'NONE', #1007, 3.000000000000000000 ) ;
#5320 = CARTESIAN_POINT ( 'NONE',  ( 4.408507577662979848, -3.913326676722159714E-15, 16.25000000000000000 ) ) ;
#5321 = SURFACE_STYLE_USAGE ( .BOTH. , #3228 ) ;
#5322 = CARTESIAN_POINT ( 'NONE',  ( 4.563662550298628773, -0.8590903113608910902, 14.05491680007618882 ) ) ;
#5323 = AXIS2_PLACEMENT_3D ( 'NONE', #1070, #4973, #4237 ) ;
#5324 = ORIENTED_EDGE ( 'NONE', *, *, #5244, .F. ) ;
#5325 =( NAMED_UNIT ( * ) PLANE_ANGLE_UNIT ( ) SI_UNIT ( $, .RADIAN. ) );
#5326 = MECHANICAL_DESIGN_GEOMETRIC_PRESENTATION_REPRESENTATION (  '', ( #2185 ), #2990 ) ;
#5327 = VECTOR ( 'NONE', #3537, 1000.000000000000000 ) ;
#5328 = AXIS2_PLACEMENT_3D ( 'NONE', #3299, #4471, #1158 ) ;
#5329 = PLANE ( 'NONE',  #2209 ) ;
#5330 = SURFACE_SIDE_STYLE ('',( #3630 ) ) ;
#5331 = DIRECTION ( 'NONE',  ( 0.8453817696217482691, -0.5341625816090090906, 0.000000000000000000 ) ) ;
#5332 = STYLED_ITEM ( 'NONE', ( #3744 ), #1294 ) ;
#5333 = PRESENTATION_LAYER_ASSIGNMENT (  '', '', ( #1477 ) ) ;
#5334 = PRESENTATION_STYLE_ASSIGNMENT (( #2410 ) ) ;
#5335 = FACE_OUTER_BOUND ( 'NONE', #1348, .T. ) ;
#5336 = ORIENTED_EDGE ( 'NONE', *, *, #4950, .T. ) ;
#5337 = CARTESIAN_POINT ( 'NONE',  ( 2.901777406261242032, 0.7706403458501820403, 14.00271437649761452 ) ) ;
#5338 = ORIENTED_EDGE ( 'NONE', *, *, #1122, .T. ) ;
#5339 = DIRECTION ( 'NONE',  ( -0.9754851657028632550, 0.2200651982791860528, 0.000000000000000000 ) ) ;
#5340 = ADVANCED_FACE ( 'NONE', ( #1097 ), #2803, .T. ) ;
#5341 = DIRECTION ( 'NONE',  ( 0.000000000000000000, 0.000000000000000000, -1.000000000000000000 ) ) ;
#5342 = CARTESIAN_POINT ( 'NONE',  ( 8.242572413998038527, 0.3499999999999999778, 44.17158205686130401 ) ) ;
#5343 = MECHANICAL_DESIGN_GEOMETRIC_PRESENTATION_REPRESENTATION (  '', ( #3990 ), #2291 ) ;
#5344 = LINE ( 'NONE', #1050, #2714 ) ;
#5345 =( GEOMETRIC_REPRESENTATION_CONTEXT ( 3 ) GLOBAL_UNCERTAINTY_ASSIGNED_CONTEXT ( ( #2393 ) ) GLOBAL_UNIT_ASSIGNED_CONTEXT ( ( #943, #3405, #2624 ) ) REPRESENTATION_CONTEXT ( 'NONE', 'WORKASPACE' ) );
#5346 = DIRECTION ( 'NONE',  ( 0.2225695499711609626, -0.9749168146183727623, 0.000000000000000000 ) ) ;
#5347 = ORIENTED_EDGE ( 'NONE', *, *, #2472, .T. ) ;
#5348 = CARTESIAN_POINT ( 'NONE',  ( -3.117285603077779577, -3.117285603077779577, 19.00000000000000000 ) ) ;
#5349 = VECTOR ( 'NONE', #3043, 1000.000000000000000 ) ;
#5350 = EDGE_LOOP ( 'NONE', ( #805, #648, #2451, #2954 ) ) ;
#5351 = VERTEX_POINT ( 'NONE', #5476 ) ;
#5352 = AXIS2_PLACEMENT_3D ( 'NONE', #1155, #2473, #1181 ) ;
#5353 = CARTESIAN_POINT ( 'NONE',  ( -0.6330520322672530398, -4.808507577662980204, -1.513876697314419983 ) ) ;
#5354 = CARTESIAN_POINT ( 'NONE',  ( -4.258291324655729682, 1.141005721577959875, 10.80000000000000071 ) ) ;
#5355 = FILL_AREA_STYLE_COLOUR ( '', #585 ) ;
#5356 = STYLED_ITEM ( 'NONE', ( #2459 ), #5104 ) ;
#5357 = ORIENTED_EDGE ( 'NONE', *, *, #1901, .T. ) ;
#5358 = EDGE_LOOP ( 'NONE', ( #5488, #2757, #3202, #4230 ) ) ;
#5359 = CARTESIAN_POINT ( 'NONE',  ( -3.817879555032340111, -2.204253788831489924, 10.80000000000000071 ) ) ;
#5360 = CARTESIAN_POINT ( 'NONE',  ( 7.750000000000000000, -0.3499999999999999778, 36.38177143456719875 ) ) ;
#5361 =( NAMED_UNIT ( * ) PLANE_ANGLE_UNIT ( ) SI_UNIT ( $, .RADIAN. ) );
#5362 = FACE_OUTER_BOUND ( 'NONE', #76, .T. ) ;
#5363 = UNCERTAINTY_MEASURE_WITH_UNIT (LENGTH_MEASURE( 1.000000000000000082E-05 ), #1032, 'distance_accuracy_value', 'NONE');
#5364 = DIRECTION ( 'NONE',  ( -0.2971605306527970725, 0.9548275336531452107, 0.000000000000000000 ) ) ;
#5365 = FILL_AREA_STYLE ('',( #1934 ) ) ;
#5366 = SURFACE_STYLE_USAGE ( .BOTH. , #2837 ) ;
#5367 = EDGE_LOOP ( 'NONE', ( #1531, #4860, #4314, #4456 ) ) ;
#5368 = LINE ( 'NONE', #2696, #2235 ) ;
#5369 = ORIENTED_EDGE ( 'NONE', *, *, #2883, .T. ) ;
#5370 = CARTESIAN_POINT ( 'NONE',  ( 1.159084700230629927, -5.077114834298550150, 36.58887821575369514 ) ) ;
#5371 = DIRECTION ( 'NONE',  ( 0.000000000000000000, 0.000000000000000000, 1.000000000000000000 ) ) ;
#5372 = CARTESIAN_POINT ( 'NONE',  ( 9.384364076886180683, -4.518406843601039391, 36.58887821575369514 ) ) ;
#5373 = FACE_OUTER_BOUND ( 'NONE', #1291, .T. ) ;
#5374 = ORIENTED_EDGE ( 'NONE', *, *, #1483, .F. ) ;
#5375 = ORIENTED_EDGE ( 'NONE', *, *, #2872, .F. ) ;
#5376 = ORIENTED_EDGE ( 'NONE', *, *, #70, .T. ) ;
#5377 = SURFACE_STYLE_USAGE ( .BOTH. , #2003 ) ;
#5378 = CARTESIAN_POINT ( 'NONE',  ( 2.970872042502054278, -7.207251925129312120, 44.32109513373159615 ) ) ;
#5379 = SURFACE_STYLE_FILL_AREA ( #4056 ) ;
#5380 = EDGE_CURVE ( 'NONE', #5121, #1222, #4218, .T. ) ;
#5381 = ORIENTED_EDGE ( 'NONE', *, *, #1979, .F. ) ;
#5382 = CIRCLE ( 'NONE', #883, 10.00000000000000000 ) ;
#5383 = EDGE_CURVE ( 'NONE', #840, #1948, #3772, .T. ) ;
#5384 = CARTESIAN_POINT ( 'NONE',  ( 0.000000000000000000, 0.000000000000000000, 33.03887821575369799 ) ) ;
#5385 = SHAPE_REPRESENTATION_RELATIONSHIP ( 'NONE' , 'NONE' ,  #5517, #4654 ) ;
#5386 = PRESENTATION_LAYER_ASSIGNMENT (  '', '', ( #2781 ) ) ;
#5387 =( NAMED_UNIT ( * ) SI_UNIT ( $, .STERADIAN. ) SOLID_ANGLE_UNIT ( ) );
#5388 = EDGE_CURVE ( 'NONE', #4227, #4929, #4272, .T. ) ;
#5389 = FACE_OUTER_BOUND ( 'NONE', #1475, .T. ) ;
#5390 = FILL_AREA_STYLE ('',( #4103 ) ) ;
#5391 = DIRECTION ( 'NONE',  ( 0.000000000000000000, 0.000000000000000000, 1.000000000000000000 ) ) ;
#5392 =( GEOMETRIC_REPRESENTATION_CONTEXT ( 3 ) GLOBAL_UNCERTAINTY_ASSIGNED_CONTEXT ( ( #1703 ) ) GLOBAL_UNIT_ASSIGNED_CONTEXT ( ( #1340, #2541, #5215 ) ) REPRESENTATION_CONTEXT ( 'NONE', 'WORKASPACE' ) );
#5393 = EDGE_LOOP ( 'NONE', ( #2976, #518, #3822, #814 ) ) ;
#5394 = VECTOR ( 'NONE', #4113, 1000.000000000000000 ) ;
#5395 = VERTEX_POINT ( 'NONE', #4673 ) ;
#5396 = DIRECTION ( 'NONE',  ( 1.000000000000000000, 0.000000000000000000, 0.000000000000000000 ) ) ;
#5397 = SURFACE_STYLE_USAGE ( .BOTH. , #1076 ) ;
#5398 = VECTOR ( 'NONE', #966, 1000.000000000000000 ) ;
#5399 = SURFACE_STYLE_FILL_AREA ( #2420 ) ;
#5400 = SURFACE_STYLE_USAGE ( .BOTH. , #719 ) ;
#5401 = ORIENTED_EDGE ( 'NONE', *, *, #5292, .T. ) ;
#5402 = FACE_OUTER_BOUND ( 'NONE', #1953, .T. ) ;
#5403 = VERTEX_POINT ( 'NONE', #4649 ) ;
#5404 = EDGE_CURVE ( 'NONE', #1527, #1998, #2103, .T. ) ;
#5405 = ORIENTED_EDGE ( 'NONE', *, *, #1976, .F. ) ;
#5406 = SURFACE_SIDE_STYLE ('',( #5443 ) ) ;
#5407 = CARTESIAN_POINT ( 'NONE',  ( 0.000000000000000000, 0.000000000000000000, 44.93887821575369657 ) ) ;
#5408 = AXIS2_PLACEMENT_3D ( 'NONE', #2800, #5413, #4529 ) ;
#5409 = ORIENTED_EDGE ( 'NONE', *, *, #1092, .T. ) ;
#5410 = CARTESIAN_POINT ( 'NONE',  ( -2.204253788831489924, 3.817879555032340111, 10.80000000000000071 ) ) ;
#5411 = AXIS2_PLACEMENT_3D ( 'NONE', #1003, #174, #3541 ) ;
#5412 = ADVANCED_FACE ( 'NONE', ( #2921 ), #1210, .F. ) ;
#5413 = DIRECTION ( 'NONE',  ( 0.000000000000000000, 0.000000000000000000, -1.000000000000000000 ) ) ;
#5414 = PRESENTATION_LAYER_ASSIGNMENT (  '', '', ( #29 ) ) ;
#5415 = FACE_OUTER_BOUND ( 'NONE', #5307, .T. ) ;
#5416 = FACE_OUTER_BOUND ( 'NONE', #1971, .T. ) ;
#5417 = FACE_OUTER_BOUND ( 'NONE', #5044, .T. ) ;
#5418 = CARTESIAN_POINT ( 'NONE',  ( -6.451135614458690881, 5.142504184136769574, 44.17158205686133954 ) ) ;
#5419 = AXIS2_PLACEMENT_3D ( 'NONE', #5274, #3506, #2184 ) ;
#5420 = CARTESIAN_POINT ( 'NONE',  ( -8.250000000000000000, 0.000000000000000000, 36.58887821575369514 ) ) ;
#5421 = SURFACE_SIDE_STYLE ('',( #5032 ) ) ;
#5422 = ORIENTED_EDGE ( 'NONE', *, *, #168, .T. ) ;
#5423 = CARTESIAN_POINT ( 'NONE',  ( 3.117285603077769807, -3.117285603077779577, -1.513876697314419983 ) ) ;
#5424 = ORIENTED_EDGE ( 'NONE', *, *, #5209, .T. ) ;
#5425 = EDGE_CURVE ( 'NONE', #4839, #1307, #5553, .T. ) ;
#5426 = VECTOR ( 'NONE', #3644, 1000.000000000000000 ) ;
#5427 = AXIS2_PLACEMENT_3D ( 'NONE', #93, #560, #515 ) ;
#5428 = VECTOR ( 'NONE', #970, 1000.000000000000000 ) ;
#5429 = SURFACE_STYLE_USAGE ( .BOTH. , #4139 ) ;
#5430 = UNCERTAINTY_MEASURE_WITH_UNIT (LENGTH_MEASURE( 1.000000000000000082E-05 ), #1710, 'distance_accuracy_value', 'NONE');
#5431 = DIRECTION ( 'NONE',  ( 0.7347623353739587415, -0.6783246350500666821, 0.000000000000000000 ) ) ;
#5432 = VECTOR ( 'NONE', #3398, 1000.000000000000000 ) ;
#5433 = DIRECTION ( 'NONE',  ( 0.000000000000000000, 0.000000000000000000, 1.000000000000000000 ) ) ;
#5434 = CIRCLE ( 'NONE', #2016, 8.250000000000000000 ) ;
#5435 = ORIENTED_EDGE ( 'NONE', *, *, #2078, .F. ) ;
#5436 = SURFACE_SIDE_STYLE ('',( #2525 ) ) ;
#5437 = ORIENTED_EDGE ( 'NONE', *, *, #3269, .F. ) ;
#5438 = AXIS2_PLACEMENT_3D ( 'NONE', #2405, #1980, #5049 ) ;
#5439 = ORIENTED_EDGE ( 'NONE', *, *, #4429, .T. ) ;
#5440 = PRESENTATION_LAYER_ASSIGNMENT (  '', '', ( #1486 ) ) ;
#5441 = MECHANICAL_DESIGN_GEOMETRIC_PRESENTATION_REPRESENTATION (  '', ( #3379 ), #1308 ) ;
#5442 = B_SPLINE_CURVE_WITH_KNOTS ( 'NONE', 3,
 ( #3176, #117, #4351, #4833, #618, #511 ),
 .UNSPECIFIED., .F., .F.,
 ( 4, 2, 4 ),
 ( 2.140468822890197650E-17, 0.0009955893745728226947, 0.001991178749145623705 ),
 .UNSPECIFIED. ) ;
#5443 = SURFACE_STYLE_FILL_AREA ( #2854 ) ;
#5444 = MECHANICAL_DESIGN_GEOMETRIC_PRESENTATION_REPRESENTATION (  '', ( #4728 ), #854 ) ;
#5445 = SURFACE_SIDE_STYLE ('',( #4935 ) ) ;
#5446 = EDGE_CURVE ( 'NONE', #4121, #2776, #5536, .T. ) ;
#5447 = EDGE_LOOP ( 'NONE', ( #4817, #4514, #2870, #4284 ) ) ;
#5448 = SURFACE_SIDE_STYLE ('',( #304 ) ) ;
#5449 = CYLINDRICAL_SURFACE ( 'NONE', #1923, 6.899999999999999467 ) ;
#5450 = VECTOR ( 'NONE', #5276, 1000.000000000000000 ) ;
#5451 = FILL_AREA_STYLE ('',( #2435 ) ) ;
#5452 =( LENGTH_UNIT ( ) NAMED_UNIT ( * ) SI_UNIT ( .MILLI., .METRE. ) );
#5453 = EDGE_CURVE ( 'NONE', #2868, #768, #3376, .T. ) ;
#5454 = DIRECTION ( 'NONE',  ( 0.000000000000000000, 0.000000000000000000, -1.000000000000000000 ) ) ;
#5455 = SURFACE_STYLE_USAGE ( .BOTH. , #1238 ) ;
#5456 = CARTESIAN_POINT ( 'NONE',  ( 0.000000000000000000, 0.000000000000000000, 34.83887821575380173 ) ) ;
#5457 = FILL_AREA_STYLE_COLOUR ( '', #4796 ) ;
#5458 = ORIENTED_EDGE ( 'NONE', *, *, #3356, .T. ) ;
#5459 = DIRECTION ( 'NONE',  ( -0.8453817696217481581, 0.5341625816090090906, 0.000000000000000000 ) ) ;
#5460 = DIRECTION ( 'NONE',  ( 0.9548275336531450996, 0.2971605306527970169, 0.000000000000000000 ) ) ;
#5461 = EDGE_CURVE ( 'NONE', #3032, #3831, #2158, .T. ) ;
#5462 = FACE_OUTER_BOUND ( 'NONE', #3584, .T. ) ;
#5463 = ORIENTED_EDGE ( 'NONE', *, *, #2319, .T. ) ;
#5464 = VERTEX_POINT ( 'NONE', #2517 ) ;
#5465 = EDGE_CURVE ( 'NONE', #284, #4142, #4191, .T. ) ;
#5466 = FILL_AREA_STYLE ('',( #296 ) ) ;
#5467 = CARTESIAN_POINT ( 'NONE',  ( 1.856014646970700177, 4.480815732679739760, -1.513876697314419983 ) ) ;
#5468 = ORIENTED_EDGE ( 'NONE', *, *, #1404, .F. ) ;
#5469 = EDGE_CURVE ( 'NONE', #1439, #2165, #345, .T. ) ;
#5470 = PRESENTATION_STYLE_ASSIGNMENT (( #4183 ) ) ;
#5471 = MECHANICAL_DESIGN_GEOMETRIC_PRESENTATION_REPRESENTATION (  '', ( #5029 ), #2685 ) ;
#5472 = CARTESIAN_POINT ( 'NONE',  ( 4.258291324655729682, -1.141005721577959875, 14.48950421811110090 ) ) ;
#5473 =( LENGTH_UNIT ( ) NAMED_UNIT ( * ) SI_UNIT ( .MILLI., .METRE. ) );
#5474 = ADVANCED_FACE ( 'NONE', ( #2134 ), #438, .F. ) ;
#5475 = PRESENTATION_STYLE_ASSIGNMENT (( #2072 ) ) ;
#5476 = CARTESIAN_POINT ( 'NONE',  ( 5.501544669759439898, 0.3499999999999999778, 44.53887821575379746 ) ) ;
#5477 = SURFACE_STYLE_USAGE ( .BOTH. , #4589 ) ;
#5478 = CIRCLE ( 'NONE', #1435, 8.250000000000090594 ) ;
#5479 = EDGE_LOOP ( 'NONE', ( #2789, #1922, #5437, #4252 ) ) ;
#5480 = DIRECTION ( 'NONE',  ( 0.000000000000000000, 0.000000000000000000, 1.000000000000000000 ) ) ;
#5481 = UNCERTAINTY_MEASURE_WITH_UNIT (LENGTH_MEASURE( 1.000000000000000082E-05 ), #5524, 'distance_accuracy_value', 'NONE');
#5482 = VECTOR ( 'NONE', #1030, 1000.000000000000000 ) ;
#5484 = ADVANCED_FACE ( 'NONE', ( #113 ), #3082, .T. ) ;
#5483 = AXIS2_PLACEMENT_3D ( 'NONE', #3496, #425, #2172 ) ;
#5485 = EDGE_LOOP ( 'NONE', ( #2051, #1494, #3231, #2455 ) ) ;
#5486 = CARTESIAN_POINT ( 'NONE',  ( 5.236017089475189401, 0.3499999999999999778, 44.62515335648119930 ) ) ;
#5487 =( GEOMETRIC_REPRESENTATION_CONTEXT ( 3 ) GLOBAL_UNCERTAINTY_ASSIGNED_CONTEXT ( ( #4407 ) ) GLOBAL_UNIT_ASSIGNED_CONTEXT ( ( #3344, #1179, #338 ) ) REPRESENTATION_CONTEXT ( 'NONE', 'WORKASPACE' ) );
#5488 = ORIENTED_EDGE ( 'NONE', *, *, #2640, .T. ) ;
#5489 = CARTESIAN_POINT ( 'NONE',  ( 3.000000000000000000, 0.000000000000000000, -1.513876697314419983 ) ) ;
#5490 = DIRECTION ( 'NONE',  ( 0.000000000000000000, 0.000000000000000000, 1.000000000000000000 ) ) ;
#5491 = EDGE_CURVE ( 'NONE', #1014, #3923, #1836, .T. ) ;
#5492 = ORIENTED_EDGE ( 'NONE', *, *, #4614, .F. ) ;
#5493 = DIRECTION ( 'NONE',  ( 0.000000000000000000, 0.000000000000000000, -1.000000000000000000 ) ) ;
#5494 = PRODUCT_CONTEXT ( 'NONE', #552, 'mechanical' ) ;
#5495 = AXIS2_PLACEMENT_3D ( 'NONE', #3919, #2612, #4328 ) ;
#5496 = STYLED_ITEM ( 'NONE', ( #2297 ), #1618 ) ;
#5497 = VECTOR ( 'NONE', #2077, 1000.000000000000000 ) ;
#5498 = PLANE ( 'NONE',  #1089 ) ;
#5499 = DIRECTION ( 'NONE',  ( -0.9510565162951482021, 0.000000000000000000, -0.3090169943749640491 ) ) ;
#5500 = PRESENTATION_LAYER_ASSIGNMENT (  '', '', ( #2719 ) ) ;
#5501 = VECTOR ( 'NONE', #4678, 1000.000000000000114 ) ;
#5502 = ORIENTED_EDGE ( 'NONE', *, *, #2640, .F. ) ;
#5503 =( LENGTH_UNIT ( ) NAMED_UNIT ( * ) SI_UNIT ( .MILLI., .METRE. ) );
#5504 = COLOUR_RGB ( '',0.2000000000000000111, 0.2000000000000000111, 0.2000000000000000111 ) ;
#5505 = SURFACE_STYLE_FILL_AREA ( #2874 ) ;
#5506 = MECHANICAL_DESIGN_GEOMETRIC_PRESENTATION_REPRESENTATION (  '', ( #4073 ), #3285 ) ;
#5507 = EDGE_LOOP ( 'NONE', ( #3271, #1969, #2768, #4231, #208, #4896 ) ) ;
#5508 = DIRECTION ( 'NONE',  ( -1.000000000000000000, 0.000000000000000000, 0.000000000000000000 ) ) ;
#5509 = EDGE_CURVE ( 'NONE', #2087, #266, #1341, .T. ) ;
#5510 = EDGE_CURVE ( 'NONE', #4966, #4227, #3564, .T. ) ;
#5511 = ORIENTED_EDGE ( 'NONE', *, *, #1329, .T. ) ;
#5512 = STYLED_ITEM ( 'NONE', ( #880 ), #2596 ) ;
#5513 = CARTESIAN_POINT ( 'NONE',  ( 5.501544669759439898, -0.3499999999999999778, 44.53887821575379746 ) ) ;
#5514 = DIRECTION ( 'NONE',  ( 0.000000000000000000, 0.000000000000000000, 1.000000000000000000 ) ) ;
#5515 = AXIS2_PLACEMENT_3D ( 'NONE', #3443, #1275, #965 ) ;
#5516 = ORIENTED_EDGE ( 'NONE', *, *, #3414, .F. ) ;
#5517 = SHAPE_REPRESENTATION ( 'ACCKIS2012NLD6', ( #2543 ), #2017 ) ;
#5518 = COLOUR_RGB ( '',0.1843137254901960898, 0.7490196078431372584, 0.5803921568627450345 ) ;
#5519 = FILL_AREA_STYLE ('',( #457 ) ) ;
#5520 = ORIENTED_EDGE ( 'NONE', *, *, #1062, .T. ) ;
#5521 = PLANE ( 'NONE',  #2471 ) ;
#5522 = PRESENTATION_STYLE_ASSIGNMENT (( #3813 ) ) ;
#5523 = DIRECTION ( 'NONE',  ( 1.000000000000000000, -5.666643948706179917E-33, -1.258255540213580060E-14 ) ) ;
#5524 =( LENGTH_UNIT ( ) NAMED_UNIT ( * ) SI_UNIT ( .MILLI., .METRE. ) );
#5525 = PRESENTATION_LAYER_ASSIGNMENT (  '', '', ( #61 ) ) ;
#5526 = B_SPLINE_CURVE_WITH_KNOTS ( 'NONE', 3,
 ( #4347, #2262, #2212, #5242, #1840, #470, #2160, #4852, #1782, #1728, #3935, #1396, #999, #4750, #22, #3117, #4827, #2627, #3455, #5167, #1320, #971 ),
 .UNSPECIFIED., .F., .F.,
 ( 4, 2, 2, 2, 2, 2, 2, 2, 2, 2, 4 ),
 ( 0.003953707732116441137, 0.004447523194763862257, 0.004941338657411283378, 0.005188246388734993504, 0.005435154120058704498, 0.005682061851382414625, 0.005928969582706125618, 0.006422785045353540667, 0.006916600508000956583, 0.007410415970648372500, 0.007904231433295787548 ),
 .UNSPECIFIED. ) ;
#5527 = AXIS2_PLACEMENT_3D ( 'NONE', #3108, #4821, #853 ) ;
#5528 = VECTOR ( 'NONE', #613, 1000.000000000000000 ) ;
#5529 = FILL_AREA_STYLE_COLOUR ( '', #2560 ) ;
#5530 = CARTESIAN_POINT ( 'NONE',  ( -6.451135614458620715, 5.142504184136710066, 36.58887821575369514 ) ) ;
#5531 = ADVANCED_FACE ( 'NONE', ( #4851 ), #3049, .T. ) ;
#5532 = UNCERTAINTY_MEASURE_WITH_UNIT (LENGTH_MEASURE( 1.000000000000000082E-05 ), #3027, 'distance_accuracy_value', 'NONE');
#5533 = STYLED_ITEM ( 'NONE', ( #2373 ), #1 ) ;
#5534 = CARTESIAN_POINT ( 'NONE',  ( 0.6330520322672490430, -4.808507577662980204, -1.513876697314419983 ) ) ;
#5535 = STYLED_ITEM ( 'NONE', ( #2408 ), #859 ) ;
#5536 = LINE ( 'NONE', #804, #673 ) ;
#5537 = AXIS2_PLACEMENT_3D ( 'NONE', #4310, #3065, #3836 ) ;
#5538 = CARTESIAN_POINT ( 'NONE',  ( -1.856014646970700177, -4.480815732679729102, 10.80000000000000071 ) ) ;
#5539 = EDGE_CURVE ( 'NONE', #840, #4733, #5071, .T. ) ;
#5540 = UNCERTAINTY_MEASURE_WITH_UNIT (LENGTH_MEASURE( 1.000000000000000082E-05 ), #1207, 'distance_accuracy_value', 'NONE');
#5541 = CARTESIAN_POINT ( 'NONE',  ( 8.043063720601661970, 1.836198787262104837, 44.17158205686133954 ) ) ;
#5542 = FACE_OUTER_BOUND ( 'NONE', #2314, .T. ) ;
#5543 = ORIENTED_EDGE ( 'NONE', *, *, #2154, .F. ) ;
#5544 = CARTESIAN_POINT ( 'NONE',  ( 1.141005721577959875, 4.258291324655729682, 19.00000000000000000 ) ) ;
#5545 = ORIENTED_EDGE ( 'NONE', *, *, #2249, .T. ) ;
#5546 = CARTESIAN_POINT ( 'NONE',  ( 5.020736889921710855, -0.3499999999999999778, 45.53887821575380457 ) ) ;
#5547 = DIRECTION ( 'NONE',  ( -0.9754851657028632550, 0.2200651982791860528, 0.000000000000000000 ) ) ;
#5548 = ORIENTED_EDGE ( 'NONE', *, *, #5011, .T. ) ;
#5549 = DIRECTION ( 'NONE',  ( 0.000000000000000000, 0.000000000000000000, -1.000000000000000000 ) ) ;
#5550 =( NAMED_UNIT ( * ) SI_UNIT ( $, .STERADIAN. ) SOLID_ANGLE_UNIT ( ) );
#5551 = CYLINDRICAL_SURFACE ( 'NONE', #3080, 8.250000000000000000 ) ;
#5552 = PLANE ( 'NONE',  #748 ) ;
#5553 = LINE ( 'NONE', #3821, #392 ) ;
#5554 = NEXT_ASSEMBLY_USAGE_OCCURRENCE ( 'NAUO1', ' ', ' ', #2666, #1738, $ ) ;
#5555 = NEXT_ASSEMBLY_USAGE_OCCURRENCE ( 'NAUO2', ' ', ' ', #2666, #1908, $ ) ;
ENDSEC;
END-ISO-10303-21;
