ISO-10303-21;
HEADER;
/* Generated by software containing ST-Developer
 * from STEP Tools, Inc. (www.steptools.com) 
 */
/* OPTION: using custom renumber hook */

FILE_DESCRIPTION(
/* description */ ('STEP AP203'),
/* implementation_level */ '2;1');

FILE_NAME(
/* name */ 'D6RLBUF1LFS',
/* time_stamp */ '2025-12-22T03:45:15+01:00',
/* author */ ('License CC BY-ND 4.0'),
/* organization */ ('CADENAS'),
/* preprocessor_version */ 'ST-DEVELOPER v20',
/* originating_system */ 'PARTsolutions',
/* authorisation */ '  ');

FILE_SCHEMA (('CONFIG_CONTROL_DESIGN'));
ENDSEC;

DATA;
#10=PROPERTY_DEFINITION_REPRESENTATION(#14,#12);
#11=PROPERTY_DEFINITION_REPRESENTATION(#15,#13);
#12=REPRESENTATION('',(#16),#10829);
#13=REPRESENTATION('',(#17),#10829);
#14=PROPERTY_DEFINITION('pmi validation property','',#10846);
#15=PROPERTY_DEFINITION('pmi validation property','',#10846);
#16=VALUE_REPRESENTATION_ITEM('number of annotations',COUNT_MEASURE(0.));
#17=VALUE_REPRESENTATION_ITEM('number of views',COUNT_MEASURE(0.));
#18=B_SPLINE_SURFACE_WITH_KNOTS('',1,3,((#7967,#7968,#7969,#7970,#7971,
#7972,#7973,#7974,#7975,#7976,#7977,#7978,#7979,#7980,#7981,#7982,#7983,
#7984,#7985,#7986,#7987,#7988,#7989,#7990,#7991,#7992,#7993,#7994,#7995,
#7996,#7997,#7998,#7999,#8000,#8001,#8002,#8003,#8004,#8005,#8006,#8007,
#8008,#8009,#8010,#8011,#8012,#8013,#8014,#8015,#8016,#8017,#8018,#8019,
#8020,#8021,#8022,#8023,#8024,#8025,#8026,#8027,#8028,#8029,#8030,#8031,
#8032,#8033,#8034,#8035,#8036,#8037,#8038,#8039,#8040,#8041,#8042,#8043,
#8044,#8045,#8046,#8047,#8048,#8049,#8050,#8051,#8052,#8053,#8054,#8055,
#8056,#8057,#8058,#8059,#8060,#8061,#8062,#8063,#8064,#8065,#8066,#8067,
#8068,#8069,#8070,#8071,#8072,#8073,#8074,#8075,#8076,#8077,#8078,#8079,
#8080,#8081,#8082,#8083,#8084,#8085,#8086,#8087,#8088,#8089,#8090,#8091,
#8092,#8093,#8094,#8095,#8096,#8097,#8098,#8099,#8100,#8101,#8102,#8103,
#8104,#8105,#8106,#8107,#8108,#8109,#8110,#8111,#8112,#8113,#8114,#8115,
#8116,#8117,#8118,#8119,#8120,#8121,#8122,#8123,#8124,#8125,#8126,#8127,
#8128,#8129,#8130,#8131,#8132,#8133,#8134,#8135,#8136,#8137,#8138,#8139,
#8140,#8141,#8142,#8143,#8144,#8145,#8146,#8147,#8148,#8149,#8150,#8151,
#8152,#8153,#8154,#8155,#8156,#8157,#8158,#8159,#8160,#8161,#8162,#8163,
#8164,#8165,#8166,#8167,#8168,#8169,#8170,#8171,#8172,#8173,#8174,#8175,
#8176,#8177,#8178,#8179,#8180,#8181,#8182,#8183,#8184,#8185,#8186,#8187,
#8188,#8189,#8190,#8191,#8192,#8193,#8194,#8195,#8196,#8197,#8198,#8199,
#8200,#8201,#8202,#8203,#8204,#8205,#8206,#8207,#8208,#8209,#8210,#8211,
#8212,#8213,#8214,#8215,#8216,#8217,#8218,#8219,#8220,#8221,#8222,#8223,
#8224,#8225,#8226,#8227,#8228,#8229,#8230,#8231,#8232,#8233,#8234,#8235,
#8236,#8237,#8238,#8239,#8240,#8241,#8242,#8243,#8244,#8245,#8246,#8247,
#8248,#8249,#8250,#8251,#8252,#8253,#8254,#8255,#8256,#8257,#8258,#8259,
#8260,#8261,#8262,#8263,#8264,#8265,#8266,#8267,#8268,#8269,#8270,#8271,
#8272,#8273,#8274,#8275,#8276,#8277,#8278,#8279,#8280,#8281,#8282,#8283,
#8284,#8285,#8286,#8287,#8288,#8289,#8290,#8291,#8292,#8293,#8294,#8295,
#8296,#8297,#8298,#8299,#8300,#8301,#8302,#8303,#8304,#8305,#8306,#8307,
#8308,#8309,#8310,#8311,#8312,#8313,#8314,#8315,#8316,#8317,#8318,#8319,
#8320,#8321,#8322,#8323,#8324,#8325,#8326,#8327,#8328,#8329,#8330,#8331,
#8332,#8333,#8334,#8335,#8336,#8337,#8338,#8339,#8340,#8341,#8342,#8343,
#8344,#8345,#8346,#8347,#8348,#8349,#8350,#8351,#8352,#8353,#8354,#8355,
#8356,#8357,#8358,#8359,#8360,#8361,#8362,#8363,#8364,#8365,#8366,#8367,
#8368,#8369,#8370,#8371,#8372,#8373,#8374,#8375,#8376,#8377,#8378,#8379,
#8380,#8381,#8382,#8383,#8384,#8385,#8386,#8387,#8388,#8389,#8390,#8391,
#8392,#8393,#8394,#8395,#8396,#8397,#8398,#8399,#8400,#8401,#8402,#8403,
#8404,#8405,#8406,#8407,#8408,#8409,#8410,#8411,#8412,#8413,#8414,#8415,
#8416,#8417,#8418,#8419,#8420,#8421,#8422,#8423,#8424),(#8425,#8426,#8427,
#8428,#8429,#8430,#8431,#8432,#8433,#8434,#8435,#8436,#8437,#8438,#8439,
#8440,#8441,#8442,#8443,#8444,#8445,#8446,#8447,#8448,#8449,#8450,#8451,
#8452,#8453,#8454,#8455,#8456,#8457,#8458,#8459,#8460,#8461,#8462,#8463,
#8464,#8465,#8466,#8467,#8468,#8469,#8470,#8471,#8472,#8473,#8474,#8475,
#8476,#8477,#8478,#8479,#8480,#8481,#8482,#8483,#8484,#8485,#8486,#8487,
#8488,#8489,#8490,#8491,#8492,#8493,#8494,#8495,#8496,#8497,#8498,#8499,
#8500,#8501,#8502,#8503,#8504,#8505,#8506,#8507,#8508,#8509,#8510,#8511,
#8512,#8513,#8514,#8515,#8516,#8517,#8518,#8519,#8520,#8521,#8522,#8523,
#8524,#8525,#8526,#8527,#8528,#8529,#8530,#8531,#8532,#8533,#8534,#8535,
#8536,#8537,#8538,#8539,#8540,#8541,#8542,#8543,#8544,#8545,#8546,#8547,
#8548,#8549,#8550,#8551,#8552,#8553,#8554,#8555,#8556,#8557,#8558,#8559,
#8560,#8561,#8562,#8563,#8564,#8565,#8566,#8567,#8568,#8569,#8570,#8571,
#8572,#8573,#8574,#8575,#8576,#8577,#8578,#8579,#8580,#8581,#8582,#8583,
#8584,#8585,#8586,#8587,#8588,#8589,#8590,#8591,#8592,#8593,#8594,#8595,
#8596,#8597,#8598,#8599,#8600,#8601,#8602,#8603,#8604,#8605,#8606,#8607,
#8608,#8609,#8610,#8611,#8612,#8613,#8614,#8615,#8616,#8617,#8618,#8619,
#8620,#8621,#8622,#8623,#8624,#8625,#8626,#8627,#8628,#8629,#8630,#8631,
#8632,#8633,#8634,#8635,#8636,#8637,#8638,#8639,#8640,#8641,#8642,#8643,
#8644,#8645,#8646,#8647,#8648,#8649,#8650,#8651,#8652,#8653,#8654,#8655,
#8656,#8657,#8658,#8659,#8660,#8661,#8662,#8663,#8664,#8665,#8666,#8667,
#8668,#8669,#8670,#8671,#8672,#8673,#8674,#8675,#8676,#8677,#8678,#8679,
#8680,#8681,#8682,#8683,#8684,#8685,#8686,#8687,#8688,#8689,#8690,#8691,
#8692,#8693,#8694,#8695,#8696,#8697,#8698,#8699,#8700,#8701,#8702,#8703,
#8704,#8705,#8706,#8707,#8708,#8709,#8710,#8711,#8712,#8713,#8714,#8715,
#8716,#8717,#8718,#8719,#8720,#8721,#8722,#8723,#8724,#8725,#8726,#8727,
#8728,#8729,#8730,#8731,#8732,#8733,#8734,#8735,#8736,#8737,#8738,#8739,
#8740,#8741,#8742,#8743,#8744,#8745,#8746,#8747,#8748,#8749,#8750,#8751,
#8752,#8753,#8754,#8755,#8756,#8757,#8758,#8759,#8760,#8761,#8762,#8763,
#8764,#8765,#8766,#8767,#8768,#8769,#8770,#8771,#8772,#8773,#8774,#8775,
#8776,#8777,#8778,#8779,#8780,#8781,#8782,#8783,#8784,#8785,#8786,#8787,
#8788,#8789,#8790,#8791,#8792,#8793,#8794,#8795,#8796,#8797,#8798,#8799,
#8800,#8801,#8802,#8803,#8804,#8805,#8806,#8807,#8808,#8809,#8810,#8811,
#8812,#8813,#8814,#8815,#8816,#8817,#8818,#8819,#8820,#8821,#8822,#8823,
#8824,#8825,#8826,#8827,#8828,#8829,#8830,#8831,#8832,#8833,#8834,#8835,
#8836,#8837,#8838,#8839,#8840,#8841,#8842,#8843,#8844,#8845,#8846,#8847,
#8848,#8849,#8850,#8851,#8852,#8853,#8854,#8855,#8856,#8857,#8858,#8859,
#8860,#8861,#8862,#8863,#8864,#8865,#8866,#8867,#8868,#8869,#8870,#8871,
#8872,#8873,#8874,#8875,#8876,#8877,#8878,#8879,#8880,#8881,#8882)),
 .RULED_SURF.,.F.,.F.,.F.,(2,2),(4,2,2,2,2,2,2,2,2,2,2,2,2,2,2,2,2,2,2,
2,2,2,2,2,2,2,2,2,2,2,2,2,2,2,2,2,2,2,2,2,2,2,2,2,2,2,2,2,2,2,2,2,2,2,2,
2,2,2,2,2,2,2,2,2,2,2,2,2,2,2,2,2,2,2,2,2,2,2,2,2,2,2,2,2,2,2,2,2,2,2,2,
2,2,2,2,2,2,2,2,2,2,2,2,2,2,2,2,2,2,2,2,2,2,2,2,2,2,2,2,2,2,2,2,2,2,2,2,
2,2,2,2,2,2,2,2,2,2,2,2,2,2,2,2,2,2,2,2,2,2,2,2,2,2,2,2,2,2,2,2,2,2,2,2,
2,2,2,2,2,2,2,2,2,2,2,2,2,2,2,2,2,2,2,2,2,2,2,2,2,2,2,2,2,2,2,2,2,2,2,2,
2,2,2,2,2,2,2,2,2,2,2,2,2,2,2,2,2,2,2,2,2,2,2,2,2,2,2,2,2,4),(0.,0.27139947423259),
(0.,0.0078125,0.015625,0.0234375,0.03125,0.0390625,0.046875,0.0546875,0.0625,
0.0703125,0.078125,0.0859375,0.09375,0.1015625,0.109375,0.1171875,0.125,
0.1328125,0.140625,0.1484375,0.15625,0.1640625,0.171875,0.1796875,0.1875,
0.1953125,0.203125,0.2109375,0.21875,0.22265625,0.2265625,0.23046875,0.234375,
0.23828125,0.2421875,0.24609375,0.25,0.25390625,0.2578125,0.26171875,0.265625,
0.26953125,0.2734375,0.27734375,0.28125,0.28515625,0.2890625,0.29296875,
0.296875,0.30078125,0.3046875,0.30859375,0.3125,0.31640625,0.3203125,0.32421875,
0.328125,0.33203125,0.3359375,0.33984375,0.34375,0.34765625,0.3515625,0.35546875,
0.359375,0.36328125,0.3671875,0.37109375,0.375,0.37890625,0.3828125,0.38671875,
0.390625,0.39453125,0.3984375,0.40234375,0.40625,0.41015625,0.4140625,0.41796875,
0.421875,0.42578125,0.4296875,0.43359375,0.4375,0.44140625,0.4453125,0.44921875,
0.453125,0.45703125,0.4609375,0.46484375,0.46875,0.47265625,0.4765625,0.48046875,
0.484375,0.48828125,0.4921875,0.49609375,0.5,0.50390625,0.5078125,0.51171875,
0.515625,0.51953125,0.5234375,0.52734375,0.53125,0.53515625,0.5390625,0.54296875,
0.546875,0.55078125,0.5546875,0.55859375,0.5625,0.56640625,0.5703125,0.57421875,
0.578125,0.58203125,0.5859375,0.58984375,0.59375,0.59765625,0.6015625,0.60546875,
0.609375,0.61328125,0.6171875,0.62109375,0.625,0.62890625,0.6328125,0.63671875,
0.640625,0.64453125,0.6484375,0.65234375,0.65625,0.66015625,0.6640625,0.66796875,
0.671875,0.67578125,0.6796875,0.68359375,0.6875,0.69140625,0.6953125,0.69921875,
0.703125,0.70703125,0.7109375,0.71484375,0.71875,0.72265625,0.7265625,0.73046875,
0.734375,0.73828125,0.7421875,0.74609375,0.75,0.75390625,0.7578125,0.76171875,
0.765625,0.76953125,0.7734375,0.77734375,0.78125,0.78515625,0.7890625,0.79296875,
0.796875,0.80078125,0.8046875,0.80859375,0.8125,0.81640625,0.8203125,0.82421875,
0.828125,0.83203125,0.8359375,0.83984375,0.84375,0.84765625,0.8515625,0.85546875,
0.859375,0.86328125,0.8671875,0.87109375,0.875,0.87890625,0.8828125,0.88671875,
0.890625,0.89453125,0.8984375,0.90234375,0.90625,0.91015625,0.9140625,0.91796875,
0.921875,0.92578125,0.9296875,0.93359375,0.9375,0.94140625,0.9453125,0.94921875,
0.953125,0.95703125,0.9609375,0.96484375,0.96875,0.97265625,0.9765625,0.98046875,
0.984375,0.98828125,0.9921875,0.99609375,1.),.UNSPECIFIED.);
#19=B_SPLINE_SURFACE_WITH_KNOTS('',1,3,((#9513,#9514,#9515,#9516,#9517,
#9518,#9519,#9520,#9521,#9522,#9523,#9524,#9525,#9526,#9527,#9528,#9529,
#9530,#9531,#9532,#9533,#9534,#9535,#9536,#9537,#9538,#9539,#9540,#9541,
#9542,#9543,#9544,#9545,#9546,#9547,#9548,#9549,#9550,#9551,#9552,#9553,
#9554,#9555,#9556,#9557,#9558,#9559,#9560,#9561,#9562,#9563,#9564,#9565,
#9566,#9567,#9568,#9569,#9570,#9571,#9572,#9573,#9574,#9575,#9576,#9577,
#9578,#9579,#9580,#9581,#9582,#9583,#9584,#9585,#9586,#9587,#9588,#9589,
#9590,#9591,#9592,#9593,#9594,#9595,#9596,#9597,#9598,#9599,#9600,#9601,
#9602,#9603,#9604,#9605,#9606,#9607,#9608,#9609,#9610,#9611,#9612,#9613,
#9614,#9615,#9616,#9617,#9618,#9619,#9620,#9621,#9622,#9623,#9624,#9625,
#9626,#9627,#9628,#9629,#9630,#9631,#9632,#9633,#9634,#9635,#9636,#9637,
#9638,#9639,#9640,#9641,#9642,#9643,#9644,#9645,#9646,#9647,#9648,#9649,
#9650,#9651,#9652,#9653,#9654,#9655,#9656,#9657,#9658,#9659,#9660,#9661,
#9662,#9663,#9664,#9665,#9666,#9667,#9668,#9669,#9670,#9671,#9672,#9673,
#9674,#9675,#9676,#9677,#9678,#9679,#9680,#9681,#9682,#9683,#9684,#9685,
#9686,#9687,#9688,#9689,#9690,#9691,#9692,#9693,#9694,#9695,#9696,#9697,
#9698,#9699,#9700,#9701,#9702,#9703,#9704,#9705,#9706,#9707,#9708,#9709,
#9710,#9711,#9712,#9713,#9714,#9715,#9716,#9717,#9718,#9719,#9720,#9721,
#9722,#9723,#9724,#9725,#9726,#9727,#9728,#9729,#9730,#9731,#9732,#9733,
#9734,#9735,#9736,#9737,#9738,#9739,#9740,#9741,#9742,#9743,#9744,#9745,
#9746,#9747,#9748,#9749,#9750,#9751,#9752,#9753,#9754,#9755,#9756,#9757,
#9758,#9759,#9760,#9761,#9762,#9763,#9764,#9765,#9766,#9767,#9768,#9769,
#9770,#9771,#9772,#9773,#9774,#9775,#9776,#9777,#9778,#9779,#9780,#9781,
#9782,#9783,#9784,#9785,#9786,#9787,#9788,#9789,#9790,#9791,#9792,#9793,
#9794,#9795,#9796,#9797,#9798,#9799,#9800,#9801,#9802,#9803,#9804,#9805,
#9806,#9807,#9808,#9809,#9810,#9811,#9812,#9813,#9814,#9815,#9816,#9817,
#9818,#9819,#9820,#9821,#9822,#9823,#9824,#9825,#9826,#9827,#9828,#9829,
#9830,#9831,#9832,#9833,#9834,#9835,#9836,#9837,#9838,#9839,#9840,#9841,
#9842,#9843,#9844,#9845,#9846,#9847,#9848,#9849,#9850,#9851,#9852,#9853,
#9854,#9855,#9856,#9857,#9858,#9859,#9860,#9861,#9862,#9863,#9864,#9865,
#9866,#9867,#9868,#9869,#9870,#9871,#9872,#9873,#9874,#9875,#9876,#9877,
#9878,#9879,#9880,#9881,#9882,#9883,#9884,#9885,#9886,#9887,#9888,#9889,
#9890,#9891,#9892,#9893,#9894,#9895,#9896,#9897,#9898,#9899,#9900,#9901,
#9902,#9903,#9904,#9905,#9906,#9907,#9908,#9909,#9910,#9911,#9912,#9913,
#9914,#9915,#9916,#9917,#9918,#9919,#9920,#9921,#9922,#9923,#9924,#9925,
#9926,#9927,#9928,#9929,#9930,#9931,#9932,#9933,#9934,#9935,#9936,#9937,
#9938,#9939,#9940,#9941,#9942,#9943,#9944,#9945,#9946,#9947,#9948,#9949,
#9950,#9951,#9952,#9953,#9954,#9955,#9956,#9957,#9958,#9959,#9960,#9961,
#9962,#9963,#9964,#9965,#9966,#9967,#9968,#9969,#9970),(#9971,#9972,#9973,
#9974,#9975,#9976,#9977,#9978,#9979,#9980,#9981,#9982,#9983,#9984,#9985,
#9986,#9987,#9988,#9989,#9990,#9991,#9992,#9993,#9994,#9995,#9996,#9997,
#9998,#9999,#10000,#10001,#10002,#10003,#10004,#10005,#10006,#10007,#10008,
#10009,#10010,#10011,#10012,#10013,#10014,#10015,#10016,#10017,#10018,#10019,
#10020,#10021,#10022,#10023,#10024,#10025,#10026,#10027,#10028,#10029,#10030,
#10031,#10032,#10033,#10034,#10035,#10036,#10037,#10038,#10039,#10040,#10041,
#10042,#10043,#10044,#10045,#10046,#10047,#10048,#10049,#10050,#10051,#10052,
#10053,#10054,#10055,#10056,#10057,#10058,#10059,#10060,#10061,#10062,#10063,
#10064,#10065,#10066,#10067,#10068,#10069,#10070,#10071,#10072,#10073,#10074,
#10075,#10076,#10077,#10078,#10079,#10080,#10081,#10082,#10083,#10084,#10085,
#10086,#10087,#10088,#10089,#10090,#10091,#10092,#10093,#10094,#10095,#10096,
#10097,#10098,#10099,#10100,#10101,#10102,#10103,#10104,#10105,#10106,#10107,
#10108,#10109,#10110,#10111,#10112,#10113,#10114,#10115,#10116,#10117,#10118,
#10119,#10120,#10121,#10122,#10123,#10124,#10125,#10126,#10127,#10128,#10129,
#10130,#10131,#10132,#10133,#10134,#10135,#10136,#10137,#10138,#10139,#10140,
#10141,#10142,#10143,#10144,#10145,#10146,#10147,#10148,#10149,#10150,#10151,
#10152,#10153,#10154,#10155,#10156,#10157,#10158,#10159,#10160,#10161,#10162,
#10163,#10164,#10165,#10166,#10167,#10168,#10169,#10170,#10171,#10172,#10173,
#10174,#10175,#10176,#10177,#10178,#10179,#10180,#10181,#10182,#10183,#10184,
#10185,#10186,#10187,#10188,#10189,#10190,#10191,#10192,#10193,#10194,#10195,
#10196,#10197,#10198,#10199,#10200,#10201,#10202,#10203,#10204,#10205,#10206,
#10207,#10208,#10209,#10210,#10211,#10212,#10213,#10214,#10215,#10216,#10217,
#10218,#10219,#10220,#10221,#10222,#10223,#10224,#10225,#10226,#10227,#10228,
#10229,#10230,#10231,#10232,#10233,#10234,#10235,#10236,#10237,#10238,#10239,
#10240,#10241,#10242,#10243,#10244,#10245,#10246,#10247,#10248,#10249,#10250,
#10251,#10252,#10253,#10254,#10255,#10256,#10257,#10258,#10259,#10260,#10261,
#10262,#10263,#10264,#10265,#10266,#10267,#10268,#10269,#10270,#10271,#10272,
#10273,#10274,#10275,#10276,#10277,#10278,#10279,#10280,#10281,#10282,#10283,
#10284,#10285,#10286,#10287,#10288,#10289,#10290,#10291,#10292,#10293,#10294,
#10295,#10296,#10297,#10298,#10299,#10300,#10301,#10302,#10303,#10304,#10305,
#10306,#10307,#10308,#10309,#10310,#10311,#10312,#10313,#10314,#10315,#10316,
#10317,#10318,#10319,#10320,#10321,#10322,#10323,#10324,#10325,#10326,#10327,
#10328,#10329,#10330,#10331,#10332,#10333,#10334,#10335,#10336,#10337,#10338,
#10339,#10340,#10341,#10342,#10343,#10344,#10345,#10346,#10347,#10348,#10349,
#10350,#10351,#10352,#10353,#10354,#10355,#10356,#10357,#10358,#10359,#10360,
#10361,#10362,#10363,#10364,#10365,#10366,#10367,#10368,#10369,#10370,#10371,
#10372,#10373,#10374,#10375,#10376,#10377,#10378,#10379,#10380,#10381,#10382,
#10383,#10384,#10385,#10386,#10387,#10388,#10389,#10390,#10391,#10392,#10393,
#10394,#10395,#10396,#10397,#10398,#10399,#10400,#10401,#10402,#10403,#10404,
#10405,#10406,#10407,#10408,#10409,#10410,#10411,#10412,#10413,#10414,#10415,
#10416,#10417,#10418,#10419,#10420,#10421,#10422,#10423,#10424,#10425,#10426,
#10427,#10428)),.RULED_SURF.,.F.,.F.,.F.,(2,2),(4,2,2,2,2,2,2,2,2,2,2,2,
2,2,2,2,2,2,2,2,2,2,2,2,2,2,2,2,2,2,2,2,2,2,2,2,2,2,2,2,2,2,2,2,2,2,2,2,
2,2,2,2,2,2,2,2,2,2,2,2,2,2,2,2,2,2,2,2,2,2,2,2,2,2,2,2,2,2,2,2,2,2,2,2,
2,2,2,2,2,2,2,2,2,2,2,2,2,2,2,2,2,2,2,2,2,2,2,2,2,2,2,2,2,2,2,2,2,2,2,2,
2,2,2,2,2,2,2,2,2,2,2,2,2,2,2,2,2,2,2,2,2,2,2,2,2,2,2,2,2,2,2,2,2,2,2,2,
2,2,2,2,2,2,2,2,2,2,2,2,2,2,2,2,2,2,2,2,2,2,2,2,2,2,2,2,2,2,2,2,2,2,2,2,
2,2,2,2,2,2,2,2,2,2,2,2,2,2,2,2,2,2,2,2,2,2,2,2,2,2,2,2,2,2,2,2,2,2,2,2,
4),(0.728600525728055,1.),(0.,0.0078125,0.015625,0.0234375,0.03125,0.0390625,
0.046875,0.0546875,0.0625,0.0703125,0.078125,0.0859375,0.09375,0.1015625,
0.109375,0.1171875,0.125,0.1328125,0.140625,0.1484375,0.15625,0.1640625,
0.171875,0.1796875,0.1875,0.1953125,0.203125,0.2109375,0.21875,0.22265625,
0.2265625,0.23046875,0.234375,0.23828125,0.2421875,0.24609375,0.25,0.25390625,
0.2578125,0.26171875,0.265625,0.26953125,0.2734375,0.27734375,0.28125,0.28515625,
0.2890625,0.29296875,0.296875,0.30078125,0.3046875,0.30859375,0.3125,0.31640625,
0.3203125,0.32421875,0.328125,0.33203125,0.3359375,0.33984375,0.34375,0.34765625,
0.3515625,0.35546875,0.359375,0.36328125,0.3671875,0.37109375,0.375,0.37890625,
0.3828125,0.38671875,0.390625,0.39453125,0.3984375,0.40234375,0.40625,0.41015625,
0.4140625,0.41796875,0.421875,0.42578125,0.4296875,0.43359375,0.4375,0.44140625,
0.4453125,0.44921875,0.453125,0.45703125,0.4609375,0.46484375,0.46875,0.47265625,
0.4765625,0.48046875,0.484375,0.48828125,0.4921875,0.49609375,0.5,0.50390625,
0.5078125,0.51171875,0.515625,0.51953125,0.5234375,0.52734375,0.53125,0.53515625,
0.5390625,0.54296875,0.546875,0.55078125,0.5546875,0.55859375,0.5625,0.56640625,
0.5703125,0.57421875,0.578125,0.58203125,0.5859375,0.58984375,0.59375,0.59765625,
0.6015625,0.60546875,0.609375,0.61328125,0.6171875,0.62109375,0.625,0.62890625,
0.6328125,0.63671875,0.640625,0.64453125,0.6484375,0.65234375,0.65625,0.66015625,
0.6640625,0.66796875,0.671875,0.67578125,0.6796875,0.68359375,0.6875,0.69140625,
0.6953125,0.69921875,0.703125,0.70703125,0.7109375,0.71484375,0.71875,0.72265625,
0.7265625,0.73046875,0.734375,0.73828125,0.7421875,0.74609375,0.75,0.75390625,
0.7578125,0.76171875,0.765625,0.76953125,0.7734375,0.77734375,0.78125,0.78515625,
0.7890625,0.79296875,0.796875,0.80078125,0.8046875,0.80859375,0.8125,0.81640625,
0.8203125,0.82421875,0.828125,0.83203125,0.8359375,0.83984375,0.84375,0.84765625,
0.8515625,0.85546875,0.859375,0.86328125,0.8671875,0.87109375,0.875,0.87890625,
0.8828125,0.88671875,0.890625,0.89453125,0.8984375,0.90234375,0.90625,0.91015625,
0.9140625,0.91796875,0.921875,0.92578125,0.9296875,0.93359375,0.9375,0.94140625,
0.9453125,0.94921875,0.953125,0.95703125,0.9609375,0.96484375,0.96875,0.97265625,
0.9765625,0.98046875,0.984375,0.98828125,0.9921875,0.99609375,1.),
 .UNSPECIFIED.);
#20=B_SPLINE_SURFACE_WITH_KNOTS('',1,3,((#10501,#10502,#10503,#10504,#10505),
(#10506,#10507,#10508,#10509,#10510)),.RULED_SURF.,.F.,.F.,.F.,(2,2),(4,
1,4),(0.,1.),(0.,0.5,1.),.UNSPECIFIED.);
#21=B_SPLINE_SURFACE_WITH_KNOTS('',3,3,((#10524,#10525,#10526,#10527,#10528),
(#10529,#10530,#10531,#10532,#10533),(#10534,#10535,#10536,#10537,#10538),
(#10539,#10540,#10541,#10542,#10543)),.RULED_SURF.,.F.,.F.,.F.,(4,4),(4,
1,4),(0.,1.),(0.,0.481634953287616,1.),.UNSPECIFIED.);
#22=B_SPLINE_SURFACE_WITH_KNOTS('',3,3,((#10576,#10577,#10578,#10579,#10580),
(#10581,#10582,#10583,#10584,#10585),(#10586,#10587,#10588,#10589,#10590),
(#10591,#10592,#10593,#10594,#10595)),.RULED_SURF.,.F.,.F.,.F.,(4,4),(4,
1,4),(0.,1.),(0.,0.481634953287616,1.),.UNSPECIFIED.);
#23=B_SPLINE_SURFACE_WITH_KNOTS('',1,3,((#10605,#10606,#10607,#10608,#10609),
(#10610,#10611,#10612,#10613,#10614)),.RULED_SURF.,.F.,.F.,.F.,(2,2),(4,
1,4),(0.,1.),(0.,0.5,1.),.UNSPECIFIED.);
#24=B_SPLINE_SURFACE_WITH_KNOTS('',1,3,((#10644,#10645,#10646,#10647,#10648),
(#10649,#10650,#10651,#10652,#10653)),.RULED_SURF.,.F.,.F.,.F.,(2,2),(4,
1,4),(0.,1.),(0.,0.5,1.),.UNSPECIFIED.);
#25=B_SPLINE_SURFACE_WITH_KNOTS('',1,3,((#10683,#10684,#10685,#10686,#10687),
(#10688,#10689,#10690,#10691,#10692)),.RULED_SURF.,.F.,.F.,.F.,(2,2),(4,
1,4),(0.,1.),(0.,0.5,1.),.UNSPECIFIED.);
#26=B_SPLINE_SURFACE_WITH_KNOTS('',3,3,((#10742,#10743,#10744,#10745,#10746),
(#10747,#10748,#10749,#10750,#10751),(#10752,#10753,#10754,#10755,#10756),
(#10757,#10758,#10759,#10760,#10761)),.RULED_SURF.,.F.,.F.,.F.,(4,4),(4,
1,4),(0.,1.),(0.,0.481634953287616,1.),.UNSPECIFIED.);
#27=B_SPLINE_SURFACE_WITH_KNOTS('',3,3,((#10808,#10809,#10810,#10811,#10812),
(#10813,#10814,#10815,#10816,#10817),(#10818,#10819,#10820,#10821,#10822),
(#10823,#10824,#10825,#10826,#10827)),.RULED_SURF.,.F.,.F.,.F.,(4,4),(4,
1,4),(0.,1.),(0.,0.481634953287616,1.),.UNSPECIFIED.);
#28=CONTEXT_DEPENDENT_SHAPE_REPRESENTATION(#40,#10848);
#29=CONTEXT_DEPENDENT_SHAPE_REPRESENTATION(#41,#10850);
#30=CONTEXT_DEPENDENT_SHAPE_REPRESENTATION(#42,#10852);
#31=CONTEXT_DEPENDENT_SHAPE_REPRESENTATION(#43,#10854);
#32=CONTEXT_DEPENDENT_SHAPE_REPRESENTATION(#44,#10856);
#33=CONTEXT_DEPENDENT_SHAPE_REPRESENTATION(#45,#10858);
#34=NEXT_ASSEMBLY_USAGE_OCCURRENCE('NAUO1','D6RLBUF1LFS_PART1',
'D6RLBUF1LFS_PART1',#10859,#10860,'');
#35=NEXT_ASSEMBLY_USAGE_OCCURRENCE('NAUO2','D6RLBUF1LFS_PART2',
'D6RLBUF1LFS_PART2',#10859,#10861,'');
#36=NEXT_ASSEMBLY_USAGE_OCCURRENCE('NAUO3','D6RLBUF1LFS_PART3',
'D6RLBUF1LFS_PART3',#10859,#10862,'');
#37=NEXT_ASSEMBLY_USAGE_OCCURRENCE('NAUO4','D6RLBUF1LFS_PART4',
'D6RLBUF1LFS_PART4',#10859,#10863,'');
#38=NEXT_ASSEMBLY_USAGE_OCCURRENCE('NAUO5','D6RLBUF1LFS_PART5',
'D6RLBUF1LFS_PART5',#10859,#10864,'');
#39=NEXT_ASSEMBLY_USAGE_OCCURRENCE('NAUO6','D6RLBUF1LFS_PART6',
'D6RLBUF1LFS_PART6',#10859,#10865,'');
#40=(
REPRESENTATION_RELATIONSHIP(' ',' ',#4576,#4575)
REPRESENTATION_RELATIONSHIP_WITH_TRANSFORMATION(#46)
SHAPE_REPRESENTATION_RELATIONSHIP()
);
#41=(
REPRESENTATION_RELATIONSHIP(' ',' ',#4577,#4575)
REPRESENTATION_RELATIONSHIP_WITH_TRANSFORMATION(#47)
SHAPE_REPRESENTATION_RELATIONSHIP()
);
#42=(
REPRESENTATION_RELATIONSHIP(' ',' ',#4578,#4575)
REPRESENTATION_RELATIONSHIP_WITH_TRANSFORMATION(#48)
SHAPE_REPRESENTATION_RELATIONSHIP()
);
#43=(
REPRESENTATION_RELATIONSHIP(' ',' ',#4579,#4575)
REPRESENTATION_RELATIONSHIP_WITH_TRANSFORMATION(#49)
SHAPE_REPRESENTATION_RELATIONSHIP()
);
#44=(
REPRESENTATION_RELATIONSHIP(' ',' ',#4580,#4575)
REPRESENTATION_RELATIONSHIP_WITH_TRANSFORMATION(#50)
SHAPE_REPRESENTATION_RELATIONSHIP()
);
#45=(
REPRESENTATION_RELATIONSHIP(' ',' ',#4581,#4575)
REPRESENTATION_RELATIONSHIP_WITH_TRANSFORMATION(#51)
SHAPE_REPRESENTATION_RELATIONSHIP()
);
#46=ITEM_DEFINED_TRANSFORMATION(' ',' ',#4582,#4712);
#47=ITEM_DEFINED_TRANSFORMATION(' ',' ',#4582,#4751);
#48=ITEM_DEFINED_TRANSFORMATION(' ',' ',#4582,#4790);
#49=ITEM_DEFINED_TRANSFORMATION(' ',' ',#4582,#4880);
#50=ITEM_DEFINED_TRANSFORMATION(' ',' ',#4582,#4888);
#51=ITEM_DEFINED_TRANSFORMATION(' ',' ',#4582,#4936);
#52=SHAPE_REPRESENTATION_RELATIONSHIP('','',#4576,#58);
#53=SHAPE_REPRESENTATION_RELATIONSHIP('','',#4577,#59);
#54=SHAPE_REPRESENTATION_RELATIONSHIP('','',#4578,#60);
#55=SHAPE_REPRESENTATION_RELATIONSHIP('','',#4579,#61);
#56=SHAPE_REPRESENTATION_RELATIONSHIP('','',#4580,#62);
#57=SHAPE_REPRESENTATION_RELATIONSHIP('','',#4581,#63);
#58=ADVANCED_BREP_SHAPE_REPRESENTATION('',(#4562),#10830);
#59=ADVANCED_BREP_SHAPE_REPRESENTATION('',(#4563),#10831);
#60=ADVANCED_BREP_SHAPE_REPRESENTATION('',(#4564),#10832);
#61=ADVANCED_BREP_SHAPE_REPRESENTATION('',(#4565),#10833);
#62=ADVANCED_BREP_SHAPE_REPRESENTATION('',(#4566),#10834);
#63=ADVANCED_BREP_SHAPE_REPRESENTATION('',(#4567),#10835);
#64=TOROIDAL_SURFACE('',#4650,1.55,0.2);
#65=TOROIDAL_SURFACE('',#4662,0.55,0.2);
#66=TOROIDAL_SURFACE('',#4675,0.55,0.2);
#67=TOROIDAL_SURFACE('',#4845,4.4,0.1);
#68=CONICAL_SURFACE('',#4636,4.875,0.463647609);
#69=CONICAL_SURFACE('',#4664,4.875,0.463647609);
#70=CONICAL_SURFACE('',#4813,5.,0.7853981634);
#71=CONICAL_SURFACE('',#4838,5.,0.7853981634);
#72=CONICAL_SURFACE('',#4846,5.,0.7853981634);
#73=CONICAL_SURFACE('',#4875,5.,0.7853981634);
#74=CONICAL_SURFACE('',#4877,5.,0.7853981634);
#75=B_SPLINE_CURVE_WITH_KNOTS('',3,(#6350,#6351,#6352,#6353),
 .UNSPECIFIED.,.F.,.F.,(4,4),(0.,0.00112246175036998),.UNSPECIFIED.);
#76=B_SPLINE_CURVE_WITH_KNOTS('',3,(#6397,#6398,#6399,#6400),
 .UNSPECIFIED.,.F.,.F.,(4,4),(4.33680868994202E-19,0.00112246175036998),
 .UNSPECIFIED.);
#77=B_SPLINE_CURVE_WITH_KNOTS('',3,(#6409,#6410,#6411,#6412),
 .UNSPECIFIED.,.F.,.F.,(4,4),(4.33680868994202E-19,0.00112246175036998),
 .UNSPECIFIED.);
#78=B_SPLINE_CURVE_WITH_KNOTS('',3,(#6487,#6488,#6489,#6490),
 .UNSPECIFIED.,.F.,.F.,(4,4),(6.50521303491303E-19,0.00112246175036998),
 .UNSPECIFIED.);
#79=B_SPLINE_CURVE_WITH_KNOTS('',2,(#7009,#7010,#7011),.UNSPECIFIED.,.F.,
 .F.,(3,3),(0.,1.),.UNSPECIFIED.);
#80=B_SPLINE_CURVE_WITH_KNOTS('',3,(#7019,#7020,#7021,#7022),
 .UNSPECIFIED.,.F.,.F.,(4,4),(0.,0.000896624161078612),.UNSPECIFIED.);
#81=B_SPLINE_CURVE_WITH_KNOTS('',3,(#7042,#7043,#7044,#7045),
 .UNSPECIFIED.,.F.,.F.,(4,4),(1.93947980722443E-18,0.000896624161078615),
 .UNSPECIFIED.);
#82=B_SPLINE_CURVE_WITH_KNOTS('',3,(#7055,#7056,#7057,#7058,#7059,#7060,
#7061,#7062,#7063,#7064,#7065,#7066,#7067,#7068,#7069,#7070,#7071,#7072,
#7073,#7074,#7075,#7076,#7077,#7078,#7079,#7080,#7081,#7082,#7083,#7084,
#7085,#7086,#7087,#7088,#7089,#7090,#7091,#7092,#7093,#7094,#7095,#7096,
#7097,#7098,#7099,#7100,#7101,#7102,#7103,#7104,#7105,#7106,#7107,#7108,
#7109,#7110,#7111,#7112,#7113,#7114,#7115,#7116,#7117,#7118,#7119,#7120,
#7121,#7122,#7123,#7124,#7125,#7126,#7127,#7128,#7129,#7130,#7131,#7132,
#7133,#7134,#7135,#7136,#7137,#7138,#7139,#7140,#7141,#7142,#7143,#7144,
#7145,#7146,#7147,#7148,#7149,#7150,#7151,#7152,#7153,#7154,#7155,#7156,
#7157,#7158,#7159,#7160,#7161,#7162,#7163,#7164,#7165,#7166,#7167,#7168,
#7169,#7170,#7171,#7172,#7173,#7174,#7175,#7176,#7177,#7178,#7179,#7180,
#7181,#7182,#7183,#7184,#7185,#7186,#7187,#7188,#7189,#7190,#7191,#7192,
#7193,#7194,#7195,#7196,#7197,#7198,#7199,#7200,#7201,#7202,#7203,#7204,
#7205,#7206,#7207,#7208,#7209,#7210,#7211,#7212,#7213,#7214,#7215,#7216,
#7217,#7218,#7219,#7220,#7221,#7222,#7223,#7224,#7225,#7226,#7227,#7228,
#7229,#7230,#7231,#7232,#7233,#7234,#7235,#7236,#7237,#7238,#7239,#7240,
#7241,#7242,#7243,#7244,#7245,#7246,#7247,#7248,#7249,#7250,#7251,#7252,
#7253,#7254,#7255,#7256,#7257,#7258,#7259,#7260,#7261,#7262,#7263,#7264,
#7265,#7266,#7267,#7268,#7269,#7270,#7271,#7272,#7273,#7274,#7275,#7276,
#7277,#7278,#7279,#7280,#7281,#7282,#7283,#7284,#7285,#7286,#7287,#7288,
#7289,#7290,#7291,#7292,#7293,#7294,#7295,#7296,#7297,#7298,#7299,#7300,
#7301,#7302,#7303,#7304,#7305,#7306,#7307,#7308,#7309,#7310,#7311,#7312,
#7313,#7314,#7315,#7316,#7317,#7318,#7319,#7320,#7321,#7322,#7323,#7324,
#7325,#7326,#7327,#7328,#7329,#7330,#7331,#7332,#7333,#7334,#7335,#7336,
#7337,#7338,#7339,#7340,#7341,#7342,#7343,#7344,#7345,#7346,#7347,#7348,
#7349,#7350,#7351,#7352,#7353,#7354,#7355,#7356,#7357,#7358,#7359,#7360,
#7361,#7362,#7363,#7364,#7365,#7366,#7367,#7368,#7369,#7370,#7371,#7372,
#7373,#7374,#7375,#7376,#7377,#7378,#7379,#7380,#7381,#7382,#7383,#7384,
#7385,#7386,#7387,#7388,#7389,#7390,#7391,#7392,#7393,#7394,#7395,#7396,
#7397,#7398,#7399,#7400,#7401,#7402,#7403,#7404,#7405,#7406,#7407,#7408,
#7409,#7410,#7411,#7412,#7413,#7414,#7415,#7416,#7417,#7418,#7419,#7420,
#7421,#7422,#7423,#7424,#7425,#7426,#7427,#7428,#7429,#7430,#7431,#7432,
#7433,#7434,#7435,#7436,#7437,#7438,#7439,#7440,#7441,#7442,#7443,#7444,
#7445,#7446,#7447,#7448,#7449,#7450,#7451,#7452,#7453,#7454,#7455,#7456,
#7457,#7458,#7459,#7460,#7461,#7462,#7463,#7464,#7465,#7466,#7467,#7468,
#7469,#7470,#7471,#7472,#7473,#7474,#7475,#7476,#7477,#7478,#7479,#7480,
#7481,#7482,#7483,#7484,#7485,#7486,#7487,#7488,#7489,#7490,#7491,#7492,
#7493,#7494,#7495,#7496,#7497,#7498,#7499,#7500,#7501,#7502,#7503,#7504,
#7505,#7506,#7507,#7508,#7509,#7510,#7511,#7512),.UNSPECIFIED.,.F.,.F.,
(4,2,2,2,2,2,2,2,2,2,2,2,2,2,2,2,2,2,2,2,2,2,2,2,2,2,2,2,2,2,2,2,2,2,2,
2,2,2,2,2,2,2,2,2,2,2,2,2,2,2,2,2,2,2,2,2,2,2,2,2,2,2,2,2,2,2,2,2,2,2,2,
2,2,2,2,2,2,2,2,2,2,2,2,2,2,2,2,2,2,2,2,2,2,2,2,2,2,2,2,2,2,2,2,2,2,2,2,
2,2,2,2,2,2,2,2,2,2,2,2,2,2,2,2,2,2,2,2,2,2,2,2,2,2,2,2,2,2,2,2,2,2,2,2,
2,2,2,2,2,2,2,2,2,2,2,2,2,2,2,2,2,2,2,2,2,2,2,2,2,2,2,2,2,2,2,2,2,2,2,2,
2,2,2,2,2,2,2,2,2,2,2,2,2,2,2,2,2,2,2,2,2,2,2,2,2,2,2,2,2,2,2,2,2,2,2,2,
2,2,2,2,2,2,2,2,2,2,2,2,2,4),(0.,0.000721292130720276,0.00144258426144055,
0.00216387639216083,0.0028851685228811,0.00360646065360138,0.00432775278432165,
0.00504904491504193,0.00577033704576221,0.00649162917648248,0.00721292130720276,
0.00793421343792303,0.00865550556864331,0.00937679769936358,0.0100980898300839,
0.0108193819608041,0.0115406740915244,0.0122619662222447,0.012983258352965,
0.0137045504836852,0.0144258426144055,0.0151471347451258,0.0158684268758461,
0.0165897190065663,0.0173110111372866,0.0180323032680069,0.0187535953987272,
0.0194748875294474,0.0201961796601677,0.020917471790888,0.0216387639216083,
0.0223600560523285,0.0230813481830488,0.0238026403137691,0.0245239324444894,
0.0252452245752096,0.0259665167059299,0.0266878088366502,0.0274091009673705,
0.0281303930980908,0.028851685228811,0.0295729773595313,0.0302942694902516,
0.0310155616209719,0.0317368537516921,0.0324581458824124,0.0331794380131327,
0.033900730143853,0.0346220222745732,0.0353433144052935,0.0360646065360138,
0.0367858986667341,0.0375071907974543,0.0382284829281746,0.0389497750588949,
0.0396710671896152,0.0403923593203354,0.0411136514510557,0.041834943581776,
0.0425562357124963,0.0432775278432166,0.0439988199739368,0.0447201121046571,
0.0454414042353774,0.0461626963660976,0.0468839884968179,0.0476052806275382,
0.0483265727582585,0.0490478648889787,0.049769157019699,0.0504904491504193,
0.0512117412811396,0.0519330334118599,0.0526543255425801,0.0533756176733004,
0.0540969098040207,0.054818201934741,0.0555394940654612,0.0562607861961815,
0.0569820783269018,0.0577033704576221,0.0584246625883423,0.0591459547190626,
0.0598672468497829,0.0605885389805032,0.0613098311112234,0.0620311232419437,
0.062752415372664,0.0634737075033843,0.0641949996341045,0.0649162917648248,
0.0656375838955451,0.0663588760262654,0.0670801681569856,0.0678014602877059,
0.0685227524184262,0.0692440445491465,0.0699653366798667,0.070686628810587,
0.0714079209413073,0.0721292130720276,0.0728505052027479,0.0735717973334681,
0.0742930894641884,0.0750143815949087,0.075735673725629,0.0764569658563492,
0.0771782579870695,0.0778995501177898,0.07862084224851,0.0793421343792303,
0.0800634265099506,0.0807847186406709,0.0815060107713912,0.0822273029021114,
0.0829485950328317,0.083669887163552,0.0843911792942723,0.0851124714249925,
0.0858337635557128,0.0865550556864331,0.0872763478171534,0.0879976399478736,
0.0887189320785939,0.0894402242093142,0.0901615163400345,0.0908828084707548,
0.091604100601475,0.0923253927321953,0.0930466848629156,0.0937679769936358,
0.0944892691243561,0.0952105612550764,0.0959318533857967,0.096653145516517,
0.0973744376472372,0.0980957297779575,0.0988170219086778,0.099538314039398,
0.100259606170118,0.100980898300839,0.101702190431559,0.102423482562279,
0.103144774692999,0.10386606682372,0.10458735895444,0.10530865108516,0.106029943215881,
0.106751235346601,0.107472527477321,0.108193819608041,0.108915111738762,
0.109636403869482,0.110357696000202,0.111078988130922,0.111800280261643,
0.112521572392363,0.113242864523083,0.113964156653804,0.114685448784524,
0.115406740915244,0.116128033045964,0.116849325176685,0.117570617307405,
0.118291909438125,0.119013201568845,0.119734493699566,0.120455785830286,
0.121177077961006,0.121898370091727,0.122619662222447,0.123340954353167,
0.124062246483887,0.124783538614608,0.125504830745328,0.126226122876048,
0.126947415006769,0.127668707137489,0.128389999268209,0.129111291398929,
0.12983258352965,0.13055387566037,0.13127516779109,0.13199645992181,0.132717752052531,
0.133439044183251,0.134160336313971,0.134881628444692,0.135602920575412,
0.136324212706132,0.137045504836852,0.137766796967573,0.138488089098293,
0.139209381229013,0.139930673359733,0.140651965490454,0.141373257621174,
0.142094549751894,0.142815841882615,0.143537134013335,0.144258426144055,
0.145701010405496,0.147143594666936,0.148586178928377,0.150028763189817,
0.151471347451258,0.152913931712698,0.154356515974139,0.15579910023558,
0.15724168449702,0.158684268758461,0.160126853019901,0.161569437281342,
0.163012021542782,0.164454605804223,0.165897190065663,0.167339774327104,
0.168782358588545,0.170224942849985,0.171667527111426,0.173110111372866,
0.174552695634307,0.175995279895747,0.177437864157188,0.178880448418628,
0.180323032680069,0.18176561694151,0.18320820120295,0.184650785464391),
 .UNSPECIFIED.);
#83=B_SPLINE_CURVE_WITH_KNOTS('',3,(#7519,#7520,#7521,#7522,#7523,#7524,
#7525,#7526,#7527,#7528,#7529,#7530,#7531,#7532,#7533,#7534,#7535,#7536,
#7537,#7538,#7539,#7540,#7541,#7542,#7543,#7544,#7545,#7546,#7547,#7548,
#7549,#7550,#7551,#7552,#7553,#7554,#7555,#7556,#7557,#7558,#7559,#7560,
#7561,#7562,#7563,#7564,#7565,#7566,#7567,#7568,#7569,#7570,#7571,#7572,
#7573,#7574,#7575,#7576,#7577,#7578,#7579,#7580,#7581,#7582,#7583,#7584,
#7585,#7586,#7587,#7588,#7589,#7590,#7591,#7592,#7593,#7594,#7595,#7596,
#7597,#7598,#7599,#7600,#7601,#7602,#7603,#7604,#7605,#7606,#7607,#7608,
#7609,#7610,#7611,#7612,#7613,#7614,#7615,#7616,#7617,#7618,#7619,#7620,
#7621,#7622,#7623,#7624,#7625,#7626,#7627,#7628,#7629,#7630,#7631,#7632,
#7633,#7634,#7635,#7636,#7637,#7638,#7639,#7640,#7641,#7642,#7643,#7644,
#7645,#7646,#7647,#7648,#7649,#7650,#7651,#7652,#7653,#7654,#7655,#7656,
#7657,#7658,#7659,#7660,#7661,#7662,#7663,#7664,#7665,#7666,#7667,#7668,
#7669,#7670,#7671,#7672,#7673,#7674,#7675,#7676,#7677,#7678,#7679,#7680,
#7681,#7682,#7683,#7684,#7685,#7686,#7687,#7688,#7689,#7690,#7691,#7692,
#7693,#7694,#7695,#7696,#7697,#7698,#7699,#7700,#7701,#7702,#7703,#7704,
#7705,#7706,#7707,#7708,#7709,#7710,#7711,#7712,#7713,#7714,#7715,#7716,
#7717,#7718,#7719,#7720,#7721,#7722,#7723,#7724,#7725,#7726,#7727,#7728,
#7729,#7730,#7731,#7732,#7733,#7734,#7735,#7736,#7737,#7738,#7739,#7740,
#7741,#7742,#7743,#7744,#7745,#7746,#7747,#7748,#7749,#7750,#7751,#7752,
#7753,#7754,#7755,#7756,#7757,#7758,#7759,#7760,#7761,#7762,#7763,#7764,
#7765,#7766,#7767,#7768,#7769,#7770,#7771,#7772,#7773,#7774,#7775,#7776,
#7777,#7778,#7779,#7780,#7781,#7782,#7783,#7784,#7785,#7786,#7787,#7788,
#7789,#7790,#7791,#7792,#7793,#7794,#7795,#7796,#7797,#7798,#7799,#7800,
#7801,#7802,#7803,#7804,#7805,#7806,#7807,#7808,#7809,#7810,#7811,#7812,
#7813,#7814,#7815,#7816,#7817,#7818,#7819,#7820,#7821,#7822,#7823,#7824,
#7825,#7826,#7827,#7828,#7829,#7830,#7831,#7832,#7833,#7834,#7835,#7836,
#7837,#7838,#7839,#7840,#7841,#7842,#7843,#7844,#7845,#7846,#7847,#7848,
#7849,#7850,#7851,#7852,#7853,#7854,#7855,#7856,#7857,#7858,#7859,#7860,
#7861,#7862,#7863,#7864,#7865,#7866,#7867,#7868,#7869,#7870,#7871,#7872,
#7873,#7874,#7875,#7876,#7877,#7878,#7879,#7880,#7881,#7882,#7883,#7884,
#7885,#7886,#7887,#7888,#7889,#7890,#7891,#7892,#7893,#7894,#7895,#7896,
#7897,#7898,#7899,#7900,#7901,#7902,#7903,#7904,#7905,#7906,#7907,#7908,
#7909,#7910,#7911,#7912,#7913,#7914,#7915,#7916,#7917,#7918,#7919,#7920,
#7921,#7922,#7923,#7924,#7925,#7926,#7927,#7928,#7929,#7930,#7931,#7932,
#7933,#7934,#7935,#7936,#7937,#7938,#7939,#7940,#7941,#7942,#7943,#7944,
#7945,#7946,#7947,#7948,#7949,#7950,#7951,#7952,#7953,#7954,#7955,#7956,
#7957,#7958,#7959,#7960,#7961,#7962,#7963,#7964),.UNSPECIFIED.,.F.,.F.,
(4,2,2,2,2,2,2,2,2,2,2,2,2,2,2,2,2,2,2,2,2,2,2,2,2,2,2,2,2,2,2,2,2,2,2,
2,2,2,2,2,2,2,2,2,2,2,2,2,2,2,2,2,2,2,2,2,2,2,2,2,2,2,2,2,2,2,2,2,2,2,2,
2,2,2,2,2,2,2,2,2,2,2,2,2,2,2,2,2,2,2,2,2,2,2,2,2,2,2,2,2,2,2,2,2,2,2,2,
2,2,2,2,2,2,2,2,2,2,2,2,2,2,2,2,2,2,2,2,2,2,2,2,2,2,2,2,2,2,2,2,2,2,2,2,
2,2,2,2,2,2,2,2,2,2,2,2,2,2,2,2,2,2,2,2,2,2,2,2,2,2,2,2,2,2,2,2,2,2,2,2,
2,2,2,2,2,2,2,2,2,2,2,2,2,2,2,2,2,2,2,2,2,2,2,2,2,2,2,2,2,2,2,2,2,2,2,2,
2,2,2,2,2,2,2,4),(7.66646708341687E-20,0.00154040503162417,0.00308081006324833,
0.0046212150948725,0.00616162012649667,0.00770202515812084,0.009242430189745,
0.0107828352213692,0.0123232402529933,0.0138636452846175,0.0154040503162417,
0.0169444553478658,0.01848486037949,0.0200252654111142,0.0215656704427383,
0.0231060754743625,0.0246464805059867,0.0261868855376108,0.027727290569235,
0.0292676956008592,0.0308081006324833,0.0323485056641075,0.0338889106957317,
0.0354293157273558,0.03696972075898,0.0385101257906042,0.0400505308222283,
0.0415909358538525,0.0431313408854767,0.0439015434012888,0.0446717459171008,
0.0454419484329129,0.046212150948725,0.0469823534645371,0.0477525559803492,
0.0485227584961613,0.0492929610119733,0.0500631635277854,0.0508333660435975,
0.0516035685594096,0.0523737710752217,0.0531439735910338,0.0539141761068458,
0.0546843786226579,0.05545458113847,0.0562247836542821,0.0569949861700942,
0.0577651886859063,0.0585353912017183,0.0593055937175304,0.0600757962333425,
0.0608459987491546,0.0616162012649667,0.0623864037807788,0.0631566062965909,
0.0639268088124029,0.064697011328215,0.0654672138440271,0.0662374163598392,
0.0670076188756513,0.0677778213914633,0.0685480239072754,0.0693182264230875,
0.0700884289388996,0.0708586314547117,0.0716288339705238,0.0723990364863358,
0.0731692390021479,0.07393944151796,0.0747096440337721,0.0754798465495842,
0.0762500490653963,0.0770202515812084,0.0777904540970204,0.0785606566128325,
0.0793308591286446,0.0801010616444567,0.0808712641602688,0.0816414666760809,
0.0824116691918929,0.083181871707705,0.0839520742235171,0.0847222767393292,
0.0854924792551413,0.0862626817709534,0.0870328842867654,0.0878030868025775,
0.0885732893183896,0.0893434918342017,0.0901136943500138,0.0908838968658259,
0.0916540993816379,0.09242430189745,0.0931945044132621,0.0939647069290742,
0.0947349094448863,0.0955051119606984,0.0962753144765104,0.0970455169923225,
0.0978157195081346,0.0985859220239467,0.0993561245397588,0.100126327055571,
0.100896529571383,0.101666732087195,0.102436934603007,0.103207137118819,
0.103977339634631,0.104747542150443,0.105517744666255,0.106287947182068,
0.10705814969788,0.107828352213692,0.108598554729504,0.109368757245316,
0.110138959761128,0.11090916227694,0.111679364792752,0.112449567308564,
0.113219769824376,0.113989972340188,0.114760174856,0.115530377371813,0.116300579887625,
0.117070782403437,0.117840984919249,0.118611187435061,0.119381389950873,
0.120151592466685,0.120921794982497,0.121691997498309,0.122462200014121,
0.123232402529933,0.124002605045745,0.124772807561558,0.12554301007737,
0.126313212593182,0.127083415108994,0.127853617624806,0.128623820140618,
0.12939402265643,0.130164225172242,0.130934427688054,0.131704630203866,
0.132474832719678,0.13324503523549,0.134015237751303,0.134785440267115,
0.135555642782927,0.136325845298739,0.137096047814551,0.137866250330363,
0.138636452846175,0.139406655361987,0.140176857877799,0.140947060393611,
0.141717262909423,0.142487465425235,0.143257667941048,0.14402787045686,
0.144798072972672,0.145568275488484,0.146338478004296,0.147108680520108,
0.14787888303592,0.148649085551732,0.149419288067544,0.150189490583356,
0.150959693099168,0.15172989561498,0.152500098130793,0.153270300646605,
0.154040503162417,0.154810705678229,0.155580908194041,0.156351110709853,
0.157121313225665,0.157891515741477,0.158661718257289,0.159431920773101,
0.160202123288913,0.160972325804725,0.161742528320538,0.16251273083635,
0.163282933352162,0.164053135867974,0.164823338383786,0.165593540899598,
0.16636374341541,0.167133945931222,0.167904148447034,0.168674350962846,
0.169444553478658,0.17021475599447,0.170984958510283,0.171755161026095,
0.172525363541907,0.173295566057719,0.174065768573531,0.174835971089343,
0.175606173605155,0.176376376120967,0.177146578636779,0.177916781152591,
0.178686983668403,0.179457186184215,0.180227388700028,0.18099759121584,
0.181767793731652,0.182537996247464,0.183308198763276,0.184078401279088,
0.1848486037949,0.185618806310712,0.186389008826524,0.187159211342336,0.187929413858148,
0.18869961637396,0.189469818889773,0.190240021405585,0.191010223921397,
0.191780426437209,0.192411753177927),.UNSPECIFIED.);
#84=B_SPLINE_CURVE_WITH_KNOTS('',3,(#8887,#8888,#8889,#8890,#8891,#8892,
#8893,#8894,#8895,#8896,#8897,#8898,#8899,#8900,#8901,#8902,#8903,#8904,
#8905,#8906,#8907,#8908,#8909,#8910,#8911,#8912,#8913,#8914,#8915,#8916,
#8917,#8918,#8919,#8920,#8921,#8922,#8923,#8924,#8925,#8926,#8927,#8928,
#8929,#8930,#8931,#8932,#8933,#8934,#8935,#8936,#8937,#8938,#8939,#8940,
#8941,#8942,#8943,#8944,#8945,#8946,#8947,#8948,#8949,#8950,#8951,#8952,
#8953,#8954,#8955,#8956,#8957,#8958,#8959,#8960,#8961,#8962,#8963,#8964,
#8965,#8966,#8967,#8968,#8969,#8970,#8971,#8972,#8973,#8974,#8975,#8976,
#8977,#8978,#8979,#8980,#8981,#8982,#8983,#8984,#8985,#8986,#8987,#8988,
#8989,#8990,#8991,#8992,#8993,#8994,#8995,#8996,#8997,#8998,#8999,#9000,
#9001,#9002,#9003,#9004,#9005,#9006,#9007,#9008,#9009,#9010,#9011,#9012,
#9013,#9014,#9015,#9016,#9017,#9018,#9019,#9020,#9021,#9022,#9023,#9024,
#9025,#9026,#9027,#9028,#9029,#9030,#9031,#9032,#9033,#9034,#9035,#9036,
#9037,#9038,#9039,#9040,#9041,#9042,#9043,#9044,#9045,#9046,#9047,#9048,
#9049,#9050,#9051,#9052,#9053,#9054,#9055,#9056,#9057,#9058,#9059,#9060,
#9061,#9062,#9063,#9064,#9065,#9066,#9067,#9068,#9069,#9070,#9071,#9072,
#9073,#9074,#9075,#9076,#9077,#9078,#9079,#9080,#9081,#9082,#9083,#9084,
#9085,#9086,#9087,#9088,#9089,#9090,#9091,#9092,#9093,#9094,#9095,#9096,
#9097,#9098,#9099,#9100,#9101,#9102,#9103,#9104,#9105,#9106,#9107,#9108,
#9109,#9110,#9111,#9112,#9113,#9114,#9115,#9116,#9117,#9118,#9119,#9120,
#9121,#9122,#9123,#9124,#9125,#9126,#9127,#9128,#9129,#9130,#9131,#9132,
#9133,#9134,#9135,#9136,#9137,#9138,#9139,#9140,#9141,#9142,#9143,#9144,
#9145,#9146,#9147,#9148,#9149,#9150,#9151,#9152,#9153,#9154,#9155,#9156,
#9157,#9158,#9159,#9160,#9161,#9162,#9163,#9164,#9165,#9166,#9167,#9168,
#9169,#9170,#9171,#9172,#9173,#9174,#9175,#9176,#9177,#9178,#9179,#9180,
#9181,#9182,#9183,#9184,#9185,#9186,#9187,#9188,#9189,#9190,#9191,#9192,
#9193,#9194,#9195,#9196,#9197,#9198,#9199,#9200,#9201,#9202,#9203,#9204,
#9205,#9206,#9207,#9208,#9209,#9210,#9211,#9212,#9213,#9214,#9215,#9216,
#9217,#9218,#9219,#9220,#9221,#9222,#9223,#9224,#9225,#9226,#9227,#9228,
#9229,#9230,#9231,#9232,#9233,#9234,#9235,#9236,#9237,#9238,#9239,#9240,
#9241,#9242,#9243,#9244,#9245,#9246,#9247,#9248,#9249,#9250,#9251,#9252,
#9253,#9254,#9255,#9256,#9257,#9258,#9259,#9260,#9261,#9262,#9263,#9264,
#9265,#9266,#9267,#9268,#9269,#9270,#9271,#9272,#9273,#9274,#9275,#9276,
#9277,#9278,#9279,#9280,#9281,#9282,#9283,#9284,#9285,#9286,#9287,#9288,
#9289,#9290,#9291,#9292,#9293,#9294,#9295,#9296,#9297,#9298,#9299,#9300,
#9301,#9302,#9303,#9304,#9305,#9306,#9307,#9308,#9309,#9310,#9311,#9312,
#9313,#9314,#9315,#9316,#9317,#9318,#9319,#9320,#9321,#9322,#9323,#9324,
#9325,#9326,#9327,#9328,#9329,#9330,#9331,#9332,#9333,#9334,#9335,#9336,
#9337,#9338,#9339,#9340,#9341,#9342,#9343,#9344),.UNSPECIFIED.,.F.,.F.,
(4,2,2,2,2,2,2,2,2,2,2,2,2,2,2,2,2,2,2,2,2,2,2,2,2,2,2,2,2,2,2,2,2,2,2,
2,2,2,2,2,2,2,2,2,2,2,2,2,2,2,2,2,2,2,2,2,2,2,2,2,2,2,2,2,2,2,2,2,2,2,2,
2,2,2,2,2,2,2,2,2,2,2,2,2,2,2,2,2,2,2,2,2,2,2,2,2,2,2,2,2,2,2,2,2,2,2,2,
2,2,2,2,2,2,2,2,2,2,2,2,2,2,2,2,2,2,2,2,2,2,2,2,2,2,2,2,2,2,2,2,2,2,2,2,
2,2,2,2,2,2,2,2,2,2,2,2,2,2,2,2,2,2,2,2,2,2,2,2,2,2,2,2,2,2,2,2,2,2,2,2,
2,2,2,2,2,2,2,2,2,2,2,2,2,2,2,2,2,2,2,2,2,2,2,2,2,2,2,2,2,2,2,2,2,2,2,2,
2,2,2,2,2,2,2,2,2,2,2,2,2,4),(0.,0.0078125,0.015625,0.0234375,0.03125,0.0390625,
0.046875,0.0546875,0.0625,0.0703125,0.078125,0.0859375,0.09375,0.1015625,
0.109375,0.1171875,0.125,0.1328125,0.140625,0.1484375,0.15625,0.1640625,
0.171875,0.1796875,0.1875,0.1953125,0.203125,0.2109375,0.21875,0.22265625,
0.2265625,0.23046875,0.234375,0.23828125,0.2421875,0.24609375,0.25,0.25390625,
0.2578125,0.26171875,0.265625,0.26953125,0.2734375,0.27734375,0.28125,0.28515625,
0.2890625,0.29296875,0.296875,0.30078125,0.3046875,0.30859375,0.3125,0.31640625,
0.3203125,0.32421875,0.328125,0.33203125,0.3359375,0.33984375,0.34375,0.34765625,
0.3515625,0.35546875,0.359375,0.36328125,0.3671875,0.37109375,0.375,0.37890625,
0.3828125,0.38671875,0.390625,0.39453125,0.3984375,0.40234375,0.40625,0.41015625,
0.4140625,0.41796875,0.421875,0.42578125,0.4296875,0.43359375,0.4375,0.44140625,
0.4453125,0.44921875,0.453125,0.45703125,0.4609375,0.46484375,0.46875,0.47265625,
0.4765625,0.48046875,0.484375,0.48828125,0.4921875,0.49609375,0.5,0.50390625,
0.5078125,0.51171875,0.515625,0.51953125,0.5234375,0.52734375,0.53125,0.53515625,
0.5390625,0.54296875,0.546875,0.55078125,0.5546875,0.55859375,0.5625,0.56640625,
0.5703125,0.57421875,0.578125,0.58203125,0.5859375,0.58984375,0.59375,0.59765625,
0.6015625,0.60546875,0.609375,0.61328125,0.6171875,0.62109375,0.625,0.62890625,
0.6328125,0.63671875,0.640625,0.64453125,0.6484375,0.65234375,0.65625,0.66015625,
0.6640625,0.66796875,0.671875,0.67578125,0.6796875,0.68359375,0.6875,0.69140625,
0.6953125,0.69921875,0.703125,0.70703125,0.7109375,0.71484375,0.71875,0.72265625,
0.7265625,0.73046875,0.734375,0.73828125,0.7421875,0.74609375,0.75,0.75390625,
0.7578125,0.76171875,0.765625,0.76953125,0.7734375,0.77734375,0.78125,0.78515625,
0.7890625,0.79296875,0.796875,0.80078125,0.8046875,0.80859375,0.8125,0.81640625,
0.8203125,0.82421875,0.828125,0.83203125,0.8359375,0.83984375,0.84375,0.84765625,
0.8515625,0.85546875,0.859375,0.86328125,0.8671875,0.87109375,0.875,0.87890625,
0.8828125,0.88671875,0.890625,0.89453125,0.8984375,0.90234375,0.90625,0.91015625,
0.9140625,0.91796875,0.921875,0.92578125,0.9296875,0.93359375,0.9375,0.94140625,
0.9453125,0.94921875,0.953125,0.95703125,0.9609375,0.96484375,0.96875,0.97265625,
0.9765625,0.98046875,0.984375,0.98828125,0.9921875,0.99609375,0.998977680287464),
 .UNSPECIFIED.);
#85=B_SPLINE_CURVE_WITH_KNOTS('',3,(#9346,#9347,#9348,#9349,#9350,#9351,
#9352),.UNSPECIFIED.,.F.,.F.,(4,3,4),(0.,0.000240241079742693,0.000359640485128107),
 .UNSPECIFIED.);
#86=B_SPLINE_CURVE_WITH_KNOTS('',3,(#9383,#9384,#9385,#9386),
 .UNSPECIFIED.,.F.,.F.,(4,4),(0.,0.000896624161078614),.UNSPECIFIED.);
#87=B_SPLINE_CURVE_WITH_KNOTS('',2,(#9410,#9411,#9412),.UNSPECIFIED.,.F.,
 .F.,(3,3),(0.,1.),.UNSPECIFIED.);
#88=B_SPLINE_CURVE_WITH_KNOTS('',3,(#9417,#9418,#9419,#9420),
 .UNSPECIFIED.,.F.,.F.,(4,4),(0.,0.000861173313027882),.UNSPECIFIED.);
#89=B_SPLINE_CURVE_WITH_KNOTS('',2,(#9437,#9438,#9439),.UNSPECIFIED.,.F.,
 .F.,(3,3),(0.,1.),.UNSPECIFIED.);
#90=B_SPLINE_CURVE_WITH_KNOTS('',2,(#9443,#9444,#9445),.UNSPECIFIED.,.F.,
 .F.,(3,3),(0.,1.),.UNSPECIFIED.);
#91=B_SPLINE_CURVE_WITH_KNOTS('',3,(#9453,#9454,#9455,#9456),
 .UNSPECIFIED.,.F.,.F.,(4,4),(8.67361737988404E-19,0.000896624161078614),
 .UNSPECIFIED.);
#92=B_SPLINE_CURVE_WITH_KNOTS('',3,(#9476,#9477,#9478,#9479),
 .UNSPECIFIED.,.F.,.F.,(4,4),(0.,0.00086117331302735),.UNSPECIFIED.);
#93=B_SPLINE_CURVE_WITH_KNOTS('',3,(#10429,#10430,#10431,#10432,#10433,
#10434,#10435),.UNSPECIFIED.,.F.,.F.,(4,1,1,1,4),(2.12644809516071E-15,
0.00204016666328888,0.00408033332657563,0.00612049998986238,0.00816066665314913),
 .UNSPECIFIED.);
#94=B_SPLINE_CURVE_WITH_KNOTS('',3,(#10514,#10515,#10516,#10517,#10518),
 .UNSPECIFIED.,.F.,.F.,(4,1,4),(0.,0.5,1.),.UNSPECIFIED.);
#95=B_SPLINE_CURVE_WITH_KNOTS('',3,(#10519,#10520,#10521,#10522,#10523),
 .UNSPECIFIED.,.F.,.F.,(4,1,4),(0.,0.5,1.),.UNSPECIFIED.);
#96=B_SPLINE_CURVE_WITH_KNOTS('',3,(#10546,#10547,#10548,#10549,#10550),
 .UNSPECIFIED.,.F.,.F.,(4,1,4),(0.,0.481634953287616,1.),.UNSPECIFIED.);
#97=B_SPLINE_CURVE_WITH_KNOTS('',3,(#10554,#10555,#10556,#10557,#10558),
 .UNSPECIFIED.,.F.,.F.,(4,1,4),(0.,0.481634953287616,1.),.UNSPECIFIED.);
#98=B_SPLINE_CURVE_WITH_KNOTS('',3,(#10600,#10601,#10602,#10603,#10604),
 .UNSPECIFIED.,.F.,.F.,(4,1,4),(0.,0.481634953287616,1.),.UNSPECIFIED.);
#99=B_SPLINE_CURVE_WITH_KNOTS('',3,(#10619,#10620,#10621,#10622,#10623),
 .UNSPECIFIED.,.F.,.F.,(4,1,4),(0.,0.5,1.),.UNSPECIFIED.);
#100=B_SPLINE_CURVE_WITH_KNOTS('',3,(#10656,#10657,#10658,#10659,#10660),
 .UNSPECIFIED.,.F.,.F.,(4,1,4),(0.,0.5,1.),.UNSPECIFIED.);
#101=B_SPLINE_CURVE_WITH_KNOTS('',3,(#10762,#10763,#10764,#10765,#10766),
 .UNSPECIFIED.,.F.,.F.,(4,1,4),(0.,0.518365046712383,1.),.UNSPECIFIED.);
#102=LINE('',#6154,#597);
#103=LINE('',#6159,#598);
#104=LINE('',#6163,#599);
#105=LINE('',#6166,#600);
#106=LINE('',#6168,#601);
#107=LINE('',#6170,#602);
#108=LINE('',#6172,#603);
#109=LINE('',#6175,#604);
#110=LINE('',#6177,#605);
#111=LINE('',#6179,#606);
#112=LINE('',#6181,#607);
#113=LINE('',#6184,#608);
#114=LINE('',#6186,#609);
#115=LINE('',#6188,#610);
#116=LINE('',#6190,#611);
#117=LINE('',#6193,#612);
#118=LINE('',#6195,#613);
#119=LINE('',#6197,#614);
#120=LINE('',#6199,#615);
#121=LINE('',#6200,#616);
#122=LINE('',#6202,#617);
#123=LINE('',#6204,#618);
#124=LINE('',#6206,#619);
#125=LINE('',#6208,#620);
#126=LINE('',#6217,#621);
#127=LINE('',#6219,#622);
#128=LINE('',#6222,#623);
#129=LINE('',#6224,#624);
#130=LINE('',#6226,#625);
#131=LINE('',#6228,#626);
#132=LINE('',#6231,#627);
#133=LINE('',#6233,#628);
#134=LINE('',#6235,#629);
#135=LINE('',#6237,#630);
#136=LINE('',#6240,#631);
#137=LINE('',#6242,#632);
#138=LINE('',#6244,#633);
#139=LINE('',#6246,#634);
#140=LINE('',#6249,#635);
#141=LINE('',#6251,#636);
#142=LINE('',#6253,#637);
#143=LINE('',#6255,#638);
#144=LINE('',#6258,#639);
#145=LINE('',#6260,#640);
#146=LINE('',#6262,#641);
#147=LINE('',#6264,#642);
#148=LINE('',#6267,#643);
#149=LINE('',#6269,#644);
#150=LINE('',#6271,#645);
#151=LINE('',#6273,#646);
#152=LINE('',#6278,#647);
#153=LINE('',#6282,#648);
#154=LINE('',#6284,#649);
#155=LINE('',#6286,#650);
#156=LINE('',#6288,#651);
#157=LINE('',#6290,#652);
#158=LINE('',#6292,#653);
#159=LINE('',#6301,#654);
#160=LINE('',#6303,#655);
#161=LINE('',#6306,#656);
#162=LINE('',#6308,#657);
#163=LINE('',#6310,#658);
#164=LINE('',#6312,#659);
#165=LINE('',#6314,#660);
#166=LINE('',#6316,#661);
#167=LINE('',#6318,#662);
#168=LINE('',#6320,#663);
#169=LINE('',#6322,#664);
#170=LINE('',#6324,#665);
#171=LINE('',#6329,#666);
#172=LINE('',#6331,#667);
#173=LINE('',#6333,#668);
#174=LINE('',#6336,#669);
#175=LINE('',#6338,#670);
#176=LINE('',#6340,#671);
#177=LINE('',#6342,#672);
#178=LINE('',#6345,#673);
#179=LINE('',#6346,#674);
#180=LINE('',#6348,#675);
#181=LINE('',#6355,#676);
#182=LINE('',#6357,#677);
#183=LINE('',#6359,#678);
#184=LINE('',#6361,#679);
#185=LINE('',#6363,#680);
#186=LINE('',#6365,#681);
#187=LINE('',#6366,#682);
#188=LINE('',#6368,#683);
#189=LINE('',#6370,#684);
#190=LINE('',#6372,#685);
#191=LINE('',#6374,#686);
#192=LINE('',#6377,#687);
#193=LINE('',#6379,#688);
#194=LINE('',#6381,#689);
#195=LINE('',#6383,#690);
#196=LINE('',#6385,#691);
#197=LINE('',#6387,#692);
#198=LINE('',#6391,#693);
#199=LINE('',#6395,#694);
#200=LINE('',#6401,#695);
#201=LINE('',#6403,#696);
#202=LINE('',#6405,#697);
#203=LINE('',#6407,#698);
#204=LINE('',#6413,#699);
#205=LINE('',#6415,#700);
#206=LINE('',#6418,#701);
#207=LINE('',#6420,#702);
#208=LINE('',#6422,#703);
#209=LINE('',#6424,#704);
#210=LINE('',#6426,#705);
#211=LINE('',#6428,#706);
#212=LINE('',#6430,#707);
#213=LINE('',#6432,#708);
#214=LINE('',#6433,#709);
#215=LINE('',#6440,#710);
#216=LINE('',#6443,#711);
#217=LINE('',#6445,#712);
#218=LINE('',#6447,#713);
#219=LINE('',#6450,#714);
#220=LINE('',#6452,#715);
#221=LINE('',#6454,#716);
#222=LINE('',#6457,#717);
#223=LINE('',#6460,#718);
#224=LINE('',#6462,#719);
#225=LINE('',#6464,#720);
#226=LINE('',#6466,#721);
#227=LINE('',#6467,#722);
#228=LINE('',#6471,#723);
#229=LINE('',#6476,#724);
#230=LINE('',#6478,#725);
#231=LINE('',#6479,#726);
#232=LINE('',#6481,#727);
#233=LINE('',#6483,#728);
#234=LINE('',#6485,#729);
#235=LINE('',#6491,#730);
#236=LINE('',#6505,#731);
#237=LINE('',#6506,#732);
#238=LINE('',#6509,#733);
#239=LINE('',#6511,#734);
#240=LINE('',#6520,#735);
#241=LINE('',#6524,#736);
#242=LINE('',#6531,#737);
#243=LINE('',#6533,#738);
#244=LINE('',#6535,#739);
#245=LINE('',#6537,#740);
#246=LINE('',#6538,#741);
#247=LINE('',#6542,#742);
#248=LINE('',#6543,#743);
#249=LINE('',#6545,#744);
#250=LINE('',#6547,#745);
#251=LINE('',#6549,#746);
#252=LINE('',#6551,#747);
#253=LINE('',#6553,#748);
#254=LINE('',#6554,#749);
#255=LINE('',#6556,#750);
#256=LINE('',#6558,#751);
#257=LINE('',#6560,#752);
#258=LINE('',#6562,#753);
#259=LINE('',#6564,#754);
#260=LINE('',#6566,#755);
#261=LINE('',#6568,#756);
#262=LINE('',#6570,#757);
#263=LINE('',#6572,#758);
#264=LINE('',#6574,#759);
#265=LINE('',#6575,#760);
#266=LINE('',#6577,#761);
#267=LINE('',#6578,#762);
#268=LINE('',#6580,#763);
#269=LINE('',#6582,#764);
#270=LINE('',#6583,#765);
#271=LINE('',#6585,#766);
#272=LINE('',#6587,#767);
#273=LINE('',#6589,#768);
#274=LINE('',#6591,#769);
#275=LINE('',#6592,#770);
#276=LINE('',#6595,#771);
#277=LINE('',#6597,#772);
#278=LINE('',#6598,#773);
#279=LINE('',#6600,#774);
#280=LINE('',#6601,#775);
#281=LINE('',#6602,#776);
#282=LINE('',#6603,#777);
#283=LINE('',#6607,#778);
#284=LINE('',#6608,#779);
#285=LINE('',#6610,#780);
#286=LINE('',#6613,#781);
#287=LINE('',#6615,#782);
#288=LINE('',#6617,#783);
#289=LINE('',#6619,#784);
#290=LINE('',#6631,#785);
#291=LINE('',#6634,#786);
#292=LINE('',#6636,#787);
#293=LINE('',#6638,#788);
#294=LINE('',#6643,#789);
#295=LINE('',#6647,#790);
#296=LINE('',#6649,#791);
#297=LINE('',#6651,#792);
#298=LINE('',#6653,#793);
#299=LINE('',#6655,#794);
#300=LINE('',#6658,#795);
#301=LINE('',#6660,#796);
#302=LINE('',#6662,#797);
#303=LINE('',#6664,#798);
#304=LINE('',#6667,#799);
#305=LINE('',#6669,#800);
#306=LINE('',#6671,#801);
#307=LINE('',#6676,#802);
#308=LINE('',#6680,#803);
#309=LINE('',#6682,#804);
#310=LINE('',#6685,#805);
#311=LINE('',#6687,#806);
#312=LINE('',#6689,#807);
#313=LINE('',#6691,#808);
#314=LINE('',#6694,#809);
#315=LINE('',#6696,#810);
#316=LINE('',#6698,#811);
#317=LINE('',#6700,#812);
#318=LINE('',#6701,#813);
#319=LINE('',#6706,#814);
#320=LINE('',#6710,#815);
#321=LINE('',#6712,#816);
#322=LINE('',#6714,#817);
#323=LINE('',#6716,#818);
#324=LINE('',#6718,#819);
#325=LINE('',#6721,#820);
#326=LINE('',#6723,#821);
#327=LINE('',#6725,#822);
#328=LINE('',#6727,#823);
#329=LINE('',#6730,#824);
#330=LINE('',#6731,#825);
#331=LINE('',#6732,#826);
#332=LINE('',#6733,#827);
#333=LINE('',#6734,#828);
#334=LINE('',#6736,#829);
#335=LINE('',#6739,#830);
#336=LINE('',#6740,#831);
#337=LINE('',#6741,#832);
#338=LINE('',#6742,#833);
#339=LINE('',#6744,#834);
#340=LINE('',#6748,#835);
#341=LINE('',#6750,#836);
#342=LINE('',#6752,#837);
#343=LINE('',#6754,#838);
#344=LINE('',#6756,#839);
#345=LINE('',#6758,#840);
#346=LINE('',#6762,#841);
#347=LINE('',#6764,#842);
#348=LINE('',#6765,#843);
#349=LINE('',#6766,#844);
#350=LINE('',#6769,#845);
#351=LINE('',#6771,#846);
#352=LINE('',#6772,#847);
#353=LINE('',#6774,#848);
#354=LINE('',#6775,#849);
#355=LINE('',#6781,#850);
#356=LINE('',#6784,#851);
#357=LINE('',#6786,#852);
#358=LINE('',#6790,#853);
#359=LINE('',#6793,#854);
#360=LINE('',#6795,#855);
#361=LINE('',#6797,#856);
#362=LINE('',#6802,#857);
#363=LINE('',#6806,#858);
#364=LINE('',#6808,#859);
#365=LINE('',#6811,#860);
#366=LINE('',#6813,#861);
#367=LINE('',#6815,#862);
#368=LINE('',#6817,#863);
#369=LINE('',#6820,#864);
#370=LINE('',#6822,#865);
#371=LINE('',#6824,#866);
#372=LINE('',#6828,#867);
#373=LINE('',#6832,#868);
#374=LINE('',#6834,#869);
#375=LINE('',#6836,#870);
#376=LINE('',#6838,#871);
#377=LINE('',#6841,#872);
#378=LINE('',#6843,#873);
#379=LINE('',#6845,#874);
#380=LINE('',#6847,#875);
#381=LINE('',#6850,#876);
#382=LINE('',#6852,#877);
#383=LINE('',#6854,#878);
#384=LINE('',#6856,#879);
#385=LINE('',#6857,#880);
#386=LINE('',#6859,#881);
#387=LINE('',#6862,#882);
#388=LINE('',#6864,#883);
#389=LINE('',#6866,#884);
#390=LINE('',#6868,#885);
#391=LINE('',#6871,#886);
#392=LINE('',#6873,#887);
#393=LINE('',#6875,#888);
#394=LINE('',#6877,#889);
#395=LINE('',#6878,#890);
#396=LINE('',#6879,#891);
#397=LINE('',#6881,#892);
#398=LINE('',#6882,#893);
#399=LINE('',#6884,#894);
#400=LINE('',#6888,#895);
#401=LINE('',#6891,#896);
#402=LINE('',#6893,#897);
#403=LINE('',#6895,#898);
#404=LINE('',#6898,#899);
#405=LINE('',#6899,#900);
#406=LINE('',#6901,#901);
#407=LINE('',#6903,#902);
#408=LINE('',#6905,#903);
#409=LINE('',#6907,#904);
#410=LINE('',#6909,#905);
#411=LINE('',#6911,#906);
#412=LINE('',#6913,#907);
#413=LINE('',#6917,#908);
#414=LINE('',#6919,#909);
#415=LINE('',#6921,#910);
#416=LINE('',#6923,#911);
#417=LINE('',#6925,#912);
#418=LINE('',#6927,#913);
#419=LINE('',#6928,#914);
#420=LINE('',#6930,#915);
#421=LINE('',#6935,#916);
#422=LINE('',#6936,#917);
#423=LINE('',#6938,#918);
#424=LINE('',#6940,#919);
#425=LINE('',#6945,#920);
#426=LINE('',#6952,#921);
#427=LINE('',#6956,#922);
#428=LINE('',#6960,#923);
#429=LINE('',#6964,#924);
#430=LINE('',#6968,#925);
#431=LINE('',#6972,#926);
#432=LINE('',#6976,#927);
#433=LINE('',#6980,#928);
#434=LINE('',#6984,#929);
#435=LINE('',#6988,#930);
#436=LINE('',#6992,#931);
#437=LINE('',#6996,#932);
#438=LINE('',#7000,#933);
#439=LINE('',#7004,#934);
#440=LINE('',#7006,#935);
#441=LINE('',#7013,#936);
#442=LINE('',#7014,#937);
#443=LINE('',#7016,#938);
#444=LINE('',#7024,#939);
#445=LINE('',#7025,#940);
#446=LINE('',#7027,#941);
#447=LINE('',#7029,#942);
#448=LINE('',#7031,#943);
#449=LINE('',#7033,#944);
#450=LINE('',#7035,#945);
#451=LINE('',#7051,#946);
#452=LINE('',#7515,#947);
#453=LINE('',#7966,#948);
#454=LINE('',#8883,#949);
#455=LINE('',#8885,#950);
#456=LINE('',#9354,#951);
#457=LINE('',#9365,#952);
#458=LINE('',#9372,#953);
#459=LINE('',#9374,#954);
#460=LINE('',#9378,#955);
#461=LINE('',#9380,#956);
#462=LINE('',#9388,#957);
#463=LINE('',#9389,#958);
#464=LINE('',#9391,#959);
#465=LINE('',#9393,#960);
#466=LINE('',#9395,#961);
#467=LINE('',#9397,#962);
#468=LINE('',#9399,#963);
#469=LINE('',#9401,#964);
#470=LINE('',#9408,#965);
#471=LINE('',#9423,#966);
#472=LINE('',#9427,#967);
#473=LINE('',#9429,#968);
#474=LINE('',#9447,#969);
#475=LINE('',#9451,#970);
#476=LINE('',#9458,#971);
#477=LINE('',#9460,#972);
#478=LINE('',#9462,#973);
#479=LINE('',#9463,#974);
#480=LINE('',#9469,#975);
#481=LINE('',#9470,#976);
#482=LINE('',#9472,#977);
#483=LINE('',#9474,#978);
#484=LINE('',#9481,#979);
#485=LINE('',#9483,#980);
#486=LINE('',#9486,#981);
#487=LINE('',#9487,#982);
#488=LINE('',#9489,#983);
#489=LINE('',#9491,#984);
#490=LINE('',#9492,#985);
#491=LINE('',#9494,#986);
#492=LINE('',#9496,#987);
#493=LINE('',#9497,#988);
#494=LINE('',#9503,#989);
#495=LINE('',#9505,#990);
#496=LINE('',#9509,#991);
#497=LINE('',#10440,#992);
#498=LINE('',#10443,#993);
#499=LINE('',#10445,#994);
#500=LINE('',#10447,#995);
#501=LINE('',#10449,#996);
#502=LINE('',#10451,#997);
#503=LINE('',#10454,#998);
#504=LINE('',#10455,#999);
#505=LINE('',#10457,#1000);
#506=LINE('',#10460,#1001);
#507=LINE('',#10461,#1002);
#508=LINE('',#10463,#1003);
#509=LINE('',#10465,#1004);
#510=LINE('',#10467,#1005);
#511=LINE('',#10468,#1006);
#512=LINE('',#10473,#1007);
#513=LINE('',#10476,#1008);
#514=LINE('',#10478,#1009);
#515=LINE('',#10480,#1010);
#516=LINE('',#10485,#1011);
#517=LINE('',#10490,#1012);
#518=LINE('',#10492,#1013);
#519=LINE('',#10494,#1014);
#520=LINE('',#10498,#1015);
#521=LINE('',#10500,#1016);
#522=LINE('',#10511,#1017);
#523=LINE('',#10544,#1018);
#524=LINE('',#10552,#1019);
#525=LINE('',#10560,#1020);
#526=LINE('',#10563,#1021);
#527=LINE('',#10565,#1022);
#528=LINE('',#10567,#1023);
#529=LINE('',#10569,#1024);
#530=LINE('',#10571,#1025);
#531=LINE('',#10573,#1026);
#532=LINE('',#10575,#1027);
#533=LINE('',#10596,#1028);
#534=LINE('',#10598,#1029);
#535=LINE('',#10615,#1030);
#536=LINE('',#10617,#1031);
#537=LINE('',#10625,#1032);
#538=LINE('',#10630,#1033);
#539=LINE('',#10631,#1034);
#540=LINE('',#10635,#1035);
#541=LINE('',#10637,#1036);
#542=LINE('',#10639,#1037);
#543=LINE('',#10642,#1038);
#544=LINE('',#10643,#1039);
#545=LINE('',#10654,#1040);
#546=LINE('',#10662,#1041);
#547=LINE('',#10664,#1042);
#548=LINE('',#10666,#1043);
#549=LINE('',#10668,#1044);
#550=LINE('',#10670,#1045);
#551=LINE('',#10672,#1046);
#552=LINE('',#10674,#1047);
#553=LINE('',#10676,#1048);
#554=LINE('',#10678,#1049);
#555=LINE('',#10680,#1050);
#556=LINE('',#10682,#1051);
#557=LINE('',#10693,#1052);
#558=LINE('',#10694,#1053);
#559=LINE('',#10696,#1054);
#560=LINE('',#10699,#1055);
#561=LINE('',#10701,#1056);
#562=LINE('',#10705,#1057);
#563=LINE('',#10707,#1058);
#564=LINE('',#10709,#1059);
#565=LINE('',#10711,#1060);
#566=LINE('',#10712,#1061);
#567=LINE('',#10716,#1062);
#568=LINE('',#10718,#1063);
#569=LINE('',#10721,#1064);
#570=LINE('',#10723,#1065);
#571=LINE('',#10724,#1066);
#572=LINE('',#10726,#1067);
#573=LINE('',#10728,#1068);
#574=LINE('',#10731,#1069);
#575=LINE('',#10734,#1070);
#576=LINE('',#10736,#1071);
#577=LINE('',#10738,#1072);
#578=LINE('',#10740,#1073);
#579=LINE('',#10768,#1074);
#580=LINE('',#10769,#1075);
#581=LINE('',#10771,#1076);
#582=LINE('',#10772,#1077);
#583=LINE('',#10775,#1078);
#584=LINE('',#10779,#1079);
#585=LINE('',#10781,#1080);
#586=LINE('',#10782,#1081);
#587=LINE('',#10787,#1082);
#588=LINE('',#10788,#1083);
#589=LINE('',#10790,#1084);
#590=LINE('',#10792,#1085);
#591=LINE('',#10794,#1086);
#592=LINE('',#10796,#1087);
#593=LINE('',#10798,#1088);
#594=LINE('',#10800,#1089);
#595=LINE('',#10803,#1090);
#596=LINE('',#10805,#1091);
#597=VECTOR('',#4953,1000.);
#598=VECTOR('',#4956,1000.);
#599=VECTOR('',#4961,1000.);
#600=VECTOR('',#4962,1000.);
#601=VECTOR('',#4963,1000.);
#602=VECTOR('',#4964,1000.);
#603=VECTOR('',#4967,1000.);
#604=VECTOR('',#4968,1000.);
#605=VECTOR('',#4969,1000.);
#606=VECTOR('',#4970,1000.);
#607=VECTOR('',#4973,1000.);
#608=VECTOR('',#4974,1000.);
#609=VECTOR('',#4975,1000.);
#610=VECTOR('',#4976,1000.);
#611=VECTOR('',#4979,1000.);
#612=VECTOR('',#4980,1000.);
#613=VECTOR('',#4981,1000.);
#614=VECTOR('',#4982,1000.);
#615=VECTOR('',#4985,1000.);
#616=VECTOR('',#4986,1000.);
#617=VECTOR('',#4987,1000.);
#618=VECTOR('',#4990,1000.);
#619=VECTOR('',#4991,1000.);
#620=VECTOR('',#4992,1000.);
#621=VECTOR('',#5001,1000.);
#622=VECTOR('',#5004,1000.);
#623=VECTOR('',#5005,1000.);
#624=VECTOR('',#5006,1000.);
#625=VECTOR('',#5007,1000.);
#626=VECTOR('',#5010,1000.);
#627=VECTOR('',#5011,1000.);
#628=VECTOR('',#5012,1000.);
#629=VECTOR('',#5013,1000.);
#630=VECTOR('',#5016,1000.);
#631=VECTOR('',#5017,1000.);
#632=VECTOR('',#5018,1000.);
#633=VECTOR('',#5019,1000.);
#634=VECTOR('',#5022,1000.);
#635=VECTOR('',#5023,1000.);
#636=VECTOR('',#5024,1000.);
#637=VECTOR('',#5025,1000.);
#638=VECTOR('',#5028,1000.);
#639=VECTOR('',#5029,1000.);
#640=VECTOR('',#5030,1000.);
#641=VECTOR('',#5031,1000.);
#642=VECTOR('',#5034,1000.);
#643=VECTOR('',#5035,1000.);
#644=VECTOR('',#5036,1000.);
#645=VECTOR('',#5037,1000.);
#646=VECTOR('',#5040,1000.);
#647=VECTOR('',#5043,1000.);
#648=VECTOR('',#5048,1000.);
#649=VECTOR('',#5049,1000.);
#650=VECTOR('',#5050,1000.);
#651=VECTOR('',#5053,1000.);
#652=VECTOR('',#5054,1000.);
#653=VECTOR('',#5055,1000.);
#654=VECTOR('',#5064,1000.);
#655=VECTOR('',#5067,1000.);
#656=VECTOR('',#5068,1000.);
#657=VECTOR('',#5069,1000.);
#658=VECTOR('',#5070,1000.);
#659=VECTOR('',#5071,1000.);
#660=VECTOR('',#5072,1000.);
#661=VECTOR('',#5073,1000.);
#662=VECTOR('',#5074,1000.);
#663=VECTOR('',#5077,1000.);
#664=VECTOR('',#5078,1000.);
#665=VECTOR('',#5079,1000.);
#666=VECTOR('',#5086,1000.);
#667=VECTOR('',#5087,1000.);
#668=VECTOR('',#5090,1000.);
#669=VECTOR('',#5091,1000.);
#670=VECTOR('',#5092,1000.);
#671=VECTOR('',#5093,1000.);
#672=VECTOR('',#5096,1000.);
#673=VECTOR('',#5097,1000.);
#674=VECTOR('',#5098,1000.);
#675=VECTOR('',#5101,1000.);
#676=VECTOR('',#5102,1000.);
#677=VECTOR('',#5103,1000.);
#678=VECTOR('',#5106,1000.);
#679=VECTOR('',#5107,1000.);
#680=VECTOR('',#5110,1000.);
#681=VECTOR('',#5111,1000.);
#682=VECTOR('',#5112,1000.);
#683=VECTOR('',#5115,1000.);
#684=VECTOR('',#5116,1000.);
#685=VECTOR('',#5117,1000.);
#686=VECTOR('',#5120,1000.);
#687=VECTOR('',#5121,1000.);
#688=VECTOR('',#5122,1000.);
#689=VECTOR('',#5123,1000.);
#690=VECTOR('',#5126,1000.);
#691=VECTOR('',#5127,1000.);
#692=VECTOR('',#5128,1000.);
#693=VECTOR('',#5133,1000.);
#694=VECTOR('',#5138,1000.);
#695=VECTOR('',#5139,1000.);
#696=VECTOR('',#5142,1000.);
#697=VECTOR('',#5143,1000.);
#698=VECTOR('',#5144,1000.);
#699=VECTOR('',#5147,1000.);
#700=VECTOR('',#5148,1000.);
#701=VECTOR('',#5153,1000.);
#702=VECTOR('',#5154,1000.);
#703=VECTOR('',#5155,1000.);
#704=VECTOR('',#5158,1000.);
#705=VECTOR('',#5159,1000.);
#706=VECTOR('',#5160,1000.);
#707=VECTOR('',#5161,1000.);
#708=VECTOR('',#5162,1000.);
#709=VECTOR('',#5163,1000.);
#710=VECTOR('',#5172,1000.);
#711=VECTOR('',#5173,1000.);
#712=VECTOR('',#5174,1000.);
#713=VECTOR('',#5175,1000.);
#714=VECTOR('',#5180,1000.);
#715=VECTOR('',#5181,1000.);
#716=VECTOR('',#5182,1000.);
#717=VECTOR('',#5187,1000.);
#718=VECTOR('',#5188,1000.);
#719=VECTOR('',#5189,1000.);
#720=VECTOR('',#5190,1000.);
#721=VECTOR('',#5193,1000.);
#722=VECTOR('',#5194,1000.);
#723=VECTOR('',#5199,1000.);
#724=VECTOR('',#5206,1000.);
#725=VECTOR('',#5207,1000.);
#726=VECTOR('',#5208,1000.);
#727=VECTOR('',#5211,1000.);
#728=VECTOR('',#5212,1000.);
#729=VECTOR('',#5213,1000.);
#730=VECTOR('',#5216,1000.);
#731=VECTOR('',#5235,1000.);
#732=VECTOR('',#5236,1000.);
#733=VECTOR('',#5241,1000.);
#734=VECTOR('',#5242,1000.);
#735=VECTOR('',#5255,1000.);
#736=VECTOR('',#5260,1000.);
#737=VECTOR('',#5269,1000.);
#738=VECTOR('',#5270,1000.);
#739=VECTOR('',#5271,1000.);
#740=VECTOR('',#5274,1000.);
#741=VECTOR('',#5275,1000.);
#742=VECTOR('',#5282,1000.);
#743=VECTOR('',#5283,1000.);
#744=VECTOR('',#5284,1000.);
#745=VECTOR('',#5285,1000.);
#746=VECTOR('',#5286,1000.);
#747=VECTOR('',#5287,1000.);
#748=VECTOR('',#5290,1000.);
#749=VECTOR('',#5291,1000.);
#750=VECTOR('',#5294,1000.);
#751=VECTOR('',#5295,1000.);
#752=VECTOR('',#5296,1000.);
#753=VECTOR('',#5299,1000.);
#754=VECTOR('',#5300,1000.);
#755=VECTOR('',#5301,1000.);
#756=VECTOR('',#5304,1000.);
#757=VECTOR('',#5305,1000.);
#758=VECTOR('',#5306,1000.);
#759=VECTOR('',#5309,1000.);
#760=VECTOR('',#5310,1000.);
#761=VECTOR('',#5313,1000.);
#762=VECTOR('',#5314,1000.);
#763=VECTOR('',#5317,1000.);
#764=VECTOR('',#5320,1000.);
#765=VECTOR('',#5321,1000.);
#766=VECTOR('',#5324,1000.);
#767=VECTOR('',#5325,1000.);
#768=VECTOR('',#5328,1000.);
#769=VECTOR('',#5331,1000.);
#770=VECTOR('',#5332,1000.);
#771=VECTOR('',#5337,1000.);
#772=VECTOR('',#5338,1000.);
#773=VECTOR('',#5339,1000.);
#774=VECTOR('',#5340,1000.);
#775=VECTOR('',#5341,1000.);
#776=VECTOR('',#5342,1000.);
#777=VECTOR('',#5343,1000.);
#778=VECTOR('',#5350,1000.);
#779=VECTOR('',#5351,1000.);
#780=VECTOR('',#5352,1000.);
#781=VECTOR('',#5357,1000.);
#782=VECTOR('',#5360,1000.);
#783=VECTOR('',#5363,1000.);
#784=VECTOR('',#5366,1000.);
#785=VECTOR('',#5389,1000.);
#786=VECTOR('',#5390,1000.);
#787=VECTOR('',#5391,1000.);
#788=VECTOR('',#5392,1000.);
#789=VECTOR('',#5397,1000.);
#790=VECTOR('',#5400,1000.);
#791=VECTOR('',#5403,1000.);
#792=VECTOR('',#5404,1000.);
#793=VECTOR('',#5405,1000.);
#794=VECTOR('',#5408,1000.);
#795=VECTOR('',#5409,1000.);
#796=VECTOR('',#5410,1000.);
#797=VECTOR('',#5411,1000.);
#798=VECTOR('',#5414,1000.);
#799=VECTOR('',#5415,1000.);
#800=VECTOR('',#5416,1000.);
#801=VECTOR('',#5417,1000.);
#802=VECTOR('',#5422,1000.);
#803=VECTOR('',#5425,1000.);
#804=VECTOR('',#5428,1000.);
#805=VECTOR('',#5429,1000.);
#806=VECTOR('',#5430,1000.);
#807=VECTOR('',#5431,1000.);
#808=VECTOR('',#5434,1000.);
#809=VECTOR('',#5435,1000.);
#810=VECTOR('',#5436,1000.);
#811=VECTOR('',#5437,1000.);
#812=VECTOR('',#5440,1000.);
#813=VECTOR('',#5441,1000.);
#814=VECTOR('',#5446,1000.);
#815=VECTOR('',#5449,1000.);
#816=VECTOR('',#5452,1000.);
#817=VECTOR('',#5453,1000.);
#818=VECTOR('',#5454,1000.);
#819=VECTOR('',#5457,1000.);
#820=VECTOR('',#5458,1000.);
#821=VECTOR('',#5459,1000.);
#822=VECTOR('',#5460,1000.);
#823=VECTOR('',#5463,1000.);
#824=VECTOR('',#5464,1000.);
#825=VECTOR('',#5465,1000.);
#826=VECTOR('',#5466,1000.);
#827=VECTOR('',#5467,1000.);
#828=VECTOR('',#5468,1000.);
#829=VECTOR('',#5469,1000.);
#830=VECTOR('',#5472,1000.);
#831=VECTOR('',#5473,1000.);
#832=VECTOR('',#5474,1000.);
#833=VECTOR('',#5475,1000.);
#834=VECTOR('',#5476,1000.);
#835=VECTOR('',#5481,1000.);
#836=VECTOR('',#5484,1000.);
#837=VECTOR('',#5485,1000.);
#838=VECTOR('',#5488,1000.);
#839=VECTOR('',#5491,1000.);
#840=VECTOR('',#5494,1000.);
#841=VECTOR('',#5497,1000.);
#842=VECTOR('',#5498,1000.);
#843=VECTOR('',#5499,1000.);
#844=VECTOR('',#5500,1000.);
#845=VECTOR('',#5503,1000.);
#846=VECTOR('',#5504,1000.);
#847=VECTOR('',#5505,1000.);
#848=VECTOR('',#5508,1000.);
#849=VECTOR('',#5509,1000.);
#850=VECTOR('',#5520,1000.);
#851=VECTOR('',#5525,1000.);
#852=VECTOR('',#5528,1000.);
#853=VECTOR('',#5535,1000.);
#854=VECTOR('',#5536,1000.);
#855=VECTOR('',#5537,1000.);
#856=VECTOR('',#5538,1000.);
#857=VECTOR('',#5543,1000.);
#858=VECTOR('',#5546,1000.);
#859=VECTOR('',#5549,1000.);
#860=VECTOR('',#5550,1000.);
#861=VECTOR('',#5551,1000.);
#862=VECTOR('',#5552,1000.);
#863=VECTOR('',#5555,1000.);
#864=VECTOR('',#5556,1000.);
#865=VECTOR('',#5557,1000.);
#866=VECTOR('',#5558,1000.);
#867=VECTOR('',#5563,1000.);
#868=VECTOR('',#5568,1000.);
#869=VECTOR('',#5569,1000.);
#870=VECTOR('',#5570,1000.);
#871=VECTOR('',#5573,1000.);
#872=VECTOR('',#5574,1000.);
#873=VECTOR('',#5575,1000.);
#874=VECTOR('',#5576,1000.);
#875=VECTOR('',#5579,1000.);
#876=VECTOR('',#5580,1000.);
#877=VECTOR('',#5581,1000.);
#878=VECTOR('',#5582,1000.);
#879=VECTOR('',#5585,1000.);
#880=VECTOR('',#5586,1000.);
#881=VECTOR('',#5589,1000.);
#882=VECTOR('',#5590,1000.);
#883=VECTOR('',#5591,1000.);
#884=VECTOR('',#5592,1000.);
#885=VECTOR('',#5595,1000.);
#886=VECTOR('',#5596,1000.);
#887=VECTOR('',#5597,1000.);
#888=VECTOR('',#5598,1000.);
#889=VECTOR('',#5599,1000.);
#890=VECTOR('',#5600,1000.);
#891=VECTOR('',#5601,1000.);
#892=VECTOR('',#5604,1000.);
#893=VECTOR('',#5605,1000.);
#894=VECTOR('',#5606,1000.);
#895=VECTOR('',#5609,1000.);
#896=VECTOR('',#5612,1000.);
#897=VECTOR('',#5613,1000.);
#898=VECTOR('',#5616,1000.);
#899=VECTOR('',#5617,1000.);
#900=VECTOR('',#5618,1000.);
#901=VECTOR('',#5621,1000.);
#902=VECTOR('',#5622,1000.);
#903=VECTOR('',#5623,1000.);
#904=VECTOR('',#5626,1000.);
#905=VECTOR('',#5627,1000.);
#906=VECTOR('',#5630,1000.);
#907=VECTOR('',#5631,1000.);
#908=VECTOR('',#5638,1000.);
#909=VECTOR('',#5641,1000.);
#910=VECTOR('',#5644,1000.);
#911=VECTOR('',#5647,1000.);
#912=VECTOR('',#5648,1000.);
#913=VECTOR('',#5651,1000.);
#914=VECTOR('',#5652,1000.);
#915=VECTOR('',#5653,1000.);
#916=VECTOR('',#5658,1000.);
#917=VECTOR('',#5659,1000.);
#918=VECTOR('',#5662,1000.);
#919=VECTOR('',#5665,1000.);
#920=VECTOR('',#5674,1000.);
#921=VECTOR('',#5683,1000.);
#922=VECTOR('',#5686,1000.);
#923=VECTOR('',#5689,1000.);
#924=VECTOR('',#5692,1000.);
#925=VECTOR('',#5695,1000.);
#926=VECTOR('',#5698,1000.);
#927=VECTOR('',#5701,1000.);
#928=VECTOR('',#5704,1000.);
#929=VECTOR('',#5707,1000.);
#930=VECTOR('',#5710,1000.);
#931=VECTOR('',#5713,1000.);
#932=VECTOR('',#5716,1000.);
#933=VECTOR('',#5719,1000.);
#934=VECTOR('',#5722,1000.);
#935=VECTOR('',#5725,1000.);
#936=VECTOR('',#5726,1000.);
#937=VECTOR('',#5727,1000.);
#938=VECTOR('',#5730,1000.);
#939=VECTOR('',#5731,1000.);
#940=VECTOR('',#5732,1000.);
#941=VECTOR('',#5735,1000.);
#942=VECTOR('',#5736,1000.);
#943=VECTOR('',#5737,1000.);
#944=VECTOR('',#5738,1000.);
#945=VECTOR('',#5741,1000.);
#946=VECTOR('',#5756,1000.);
#947=VECTOR('',#5761,1000.);
#948=VECTOR('',#5764,1000.);
#949=VECTOR('',#5765,1000.);
#950=VECTOR('',#5766,1000.);
#951=VECTOR('',#5769,1000.);
#952=VECTOR('',#5780,1000.);
#953=VECTOR('',#5787,1000.);
#954=VECTOR('',#5790,1000.);
#955=VECTOR('',#5793,1000.);
#956=VECTOR('',#5796,1000.);
#957=VECTOR('',#5797,1000.);
#958=VECTOR('',#5798,1000.);
#959=VECTOR('',#5801,1000.);
#960=VECTOR('',#5802,1000.);
#961=VECTOR('',#5803,1000.);
#962=VECTOR('',#5806,1000.);
#963=VECTOR('',#5807,1000.);
#964=VECTOR('',#5808,1000.);
#965=VECTOR('',#5817,1000.);
#966=VECTOR('',#5826,1000.);
#967=VECTOR('',#5829,1000.);
#968=VECTOR('',#5832,1000.);
#969=VECTOR('',#5845,1000.);
#970=VECTOR('',#5850,1000.);
#971=VECTOR('',#5851,1000.);
#972=VECTOR('',#5854,1000.);
#973=VECTOR('',#5855,1000.);
#974=VECTOR('',#5856,1000.);
#975=VECTOR('',#5867,1000.);
#976=VECTOR('',#5868,1000.);
#977=VECTOR('',#5869,1000.);
#978=VECTOR('',#5872,1000.);
#979=VECTOR('',#5875,1000.);
#980=VECTOR('',#5878,1000.);
#981=VECTOR('',#5883,1000.);
#982=VECTOR('',#5884,1000.);
#983=VECTOR('',#5887,1000.);
#984=VECTOR('',#5890,1000.);
#985=VECTOR('',#5891,1000.);
#986=VECTOR('',#5894,1000.);
#987=VECTOR('',#5895,1000.);
#988=VECTOR('',#5896,1000.);
#989=VECTOR('',#5907,1000.);
#990=VECTOR('',#5910,1000.);
#991=VECTOR('',#5917,1000.);
#992=VECTOR('',#5932,1000.);
#993=VECTOR('',#5933,1000.);
#994=VECTOR('',#5934,1000.);
#995=VECTOR('',#5935,1000.);
#996=VECTOR('',#5936,1000.);
#997=VECTOR('',#5939,1000.);
#998=VECTOR('',#5940,1000.);
#999=VECTOR('',#5941,1000.);
#1000=VECTOR('',#5944,1000.);
#1001=VECTOR('',#5945,1000.);
#1002=VECTOR('',#5946,1000.);
#1003=VECTOR('',#5949,1000.);
#1004=VECTOR('',#5950,1000.);
#1005=VECTOR('',#5953,1000.);
#1006=VECTOR('',#5954,1000.);
#1007=VECTOR('',#5963,1000.);
#1008=VECTOR('',#5964,1000.);
#1009=VECTOR('',#5965,1000.);
#1010=VECTOR('',#5966,1000.);
#1011=VECTOR('',#5973,1000.);
#1012=VECTOR('',#5976,1000.);
#1013=VECTOR('',#5977,1000.);
#1014=VECTOR('',#5978,1000.);
#1015=VECTOR('',#5981,1000.);
#1016=VECTOR('',#5982,1000.);
#1017=VECTOR('',#5983,1000.);
#1018=VECTOR('',#5984,1000.);
#1019=VECTOR('',#5985,1000.);
#1020=VECTOR('',#5988,1000.);
#1021=VECTOR('',#5989,1000.);
#1022=VECTOR('',#5990,1000.);
#1023=VECTOR('',#5991,1000.);
#1024=VECTOR('',#5992,1000.);
#1025=VECTOR('',#5995,1000.);
#1026=VECTOR('',#5996,1000.);
#1027=VECTOR('',#5997,1000.);
#1028=VECTOR('',#5998,1000.);
#1029=VECTOR('',#5999,1000.);
#1030=VECTOR('',#6000,1000.);
#1031=VECTOR('',#6001,1000.);
#1032=VECTOR('',#6004,1000.);
#1033=VECTOR('',#6007,1000.);
#1034=VECTOR('',#6008,1000.);
#1035=VECTOR('',#6011,1000.);
#1036=VECTOR('',#6012,1000.);
#1037=VECTOR('',#6015,1000.);
#1038=VECTOR('',#6016,1000.);
#1039=VECTOR('',#6017,1000.);
#1040=VECTOR('',#6018,1000.);
#1041=VECTOR('',#6019,1000.);
#1042=VECTOR('',#6022,1000.);
#1043=VECTOR('',#6023,1000.);
#1044=VECTOR('',#6024,1000.);
#1045=VECTOR('',#6025,1000.);
#1046=VECTOR('',#6028,1000.);
#1047=VECTOR('',#6029,1000.);
#1048=VECTOR('',#6030,1000.);
#1049=VECTOR('',#6033,1000.);
#1050=VECTOR('',#6034,1000.);
#1051=VECTOR('',#6035,1000.);
#1052=VECTOR('',#6036,1000.);
#1053=VECTOR('',#6037,1000.);
#1054=VECTOR('',#6040,1000.);
#1055=VECTOR('',#6043,1000.);
#1056=VECTOR('',#6044,1000.);
#1057=VECTOR('',#6047,1000.);
#1058=VECTOR('',#6050,1000.);
#1059=VECTOR('',#6053,1000.);
#1060=VECTOR('',#6054,1000.);
#1061=VECTOR('',#6055,1000.);
#1062=VECTOR('',#6060,1000.);
#1063=VECTOR('',#6061,1000.);
#1064=VECTOR('',#6064,1000.);
#1065=VECTOR('',#6067,1000.);
#1066=VECTOR('',#6068,1000.);
#1067=VECTOR('',#6071,1000.);
#1068=VECTOR('',#6074,1000.);
#1069=VECTOR('',#6079,1000.);
#1070=VECTOR('',#6080,1000.);
#1071=VECTOR('',#6081,1000.);
#1072=VECTOR('',#6082,1000.);
#1073=VECTOR('',#6085,1000.);
#1074=VECTOR('',#6090,1000.);
#1075=VECTOR('',#6091,1000.);
#1076=VECTOR('',#6094,1000.);
#1077=VECTOR('',#6095,1000.);
#1078=VECTOR('',#6100,1000.);
#1079=VECTOR('',#6107,1000.);
#1080=VECTOR('',#6108,1000.);
#1081=VECTOR('',#6109,1000.);
#1082=VECTOR('',#6116,1000.);
#1083=VECTOR('',#6117,1000.);
#1084=VECTOR('',#6118,1000.);
#1085=VECTOR('',#6119,1000.);
#1086=VECTOR('',#6122,1000.);
#1087=VECTOR('',#6123,1000.);
#1088=VECTOR('',#6126,1000.);
#1089=VECTOR('',#6127,1000.);
#1090=VECTOR('',#6132,1000.);
#1091=VECTOR('',#6135,1000.);
#1092=PLANE('',#4589);
#1093=PLANE('',#4592);
#1094=PLANE('',#4593);
#1095=PLANE('',#4594);
#1096=PLANE('',#4595);
#1097=PLANE('',#4596);
#1098=PLANE('',#4597);
#1099=PLANE('',#4598);
#1100=PLANE('',#4602);
#1101=PLANE('',#4603);
#1102=PLANE('',#4604);
#1103=PLANE('',#4605);
#1104=PLANE('',#4606);
#1105=PLANE('',#4607);
#1106=PLANE('',#4611);
#1107=PLANE('',#4612);
#1108=PLANE('',#4613);
#1109=PLANE('',#4617);
#1110=PLANE('',#4618);
#1111=PLANE('',#4619);
#1112=PLANE('',#4621);
#1113=PLANE('',#4622);
#1114=PLANE('',#4623);
#1115=PLANE('',#4624);
#1116=PLANE('',#4625);
#1117=PLANE('',#4626);
#1118=PLANE('',#4627);
#1119=PLANE('',#4628);
#1120=PLANE('',#4629);
#1121=PLANE('',#4630);
#1122=PLANE('',#4633);
#1123=PLANE('',#4634);
#1124=PLANE('',#4635);
#1125=PLANE('',#4637);
#1126=PLANE('',#4638);
#1127=PLANE('',#4642);
#1128=PLANE('',#4643);
#1129=PLANE('',#4644);
#1130=PLANE('',#4645);
#1131=PLANE('',#4646);
#1132=PLANE('',#4647);
#1133=PLANE('',#4652);
#1134=PLANE('',#4653);
#1135=PLANE('',#4654);
#1136=PLANE('',#4655);
#1137=PLANE('',#4663);
#1138=PLANE('',#4665);
#1139=PLANE('',#4666);
#1140=PLANE('',#4677);
#1141=PLANE('',#4678);
#1142=PLANE('',#4679);
#1143=PLANE('',#4681);
#1144=PLANE('',#4682);
#1145=PLANE('',#4683);
#1146=PLANE('',#4684);
#1147=PLANE('',#4685);
#1148=PLANE('',#4686);
#1149=PLANE('',#4687);
#1150=PLANE('',#4688);
#1151=PLANE('',#4689);
#1152=PLANE('',#4690);
#1153=PLANE('',#4691);
#1154=PLANE('',#4692);
#1155=PLANE('',#4693);
#1156=PLANE('',#4694);
#1157=PLANE('',#4696);
#1158=PLANE('',#4697);
#1159=PLANE('',#4698);
#1160=PLANE('',#4699);
#1161=PLANE('',#4700);
#1162=PLANE('',#4701);
#1163=PLANE('',#4702);
#1164=PLANE('',#4703);
#1165=PLANE('',#4704);
#1166=PLANE('',#4705);
#1167=PLANE('',#4709);
#1168=PLANE('',#4710);
#1169=PLANE('',#4713);
#1170=PLANE('',#4717);
#1171=PLANE('',#4718);
#1172=PLANE('',#4719);
#1173=PLANE('',#4723);
#1174=PLANE('',#4724);
#1175=PLANE('',#4725);
#1176=PLANE('',#4729);
#1177=PLANE('',#4730);
#1178=PLANE('',#4731);
#1179=PLANE('',#4734);
#1180=PLANE('',#4735);
#1181=PLANE('',#4736);
#1182=PLANE('',#4737);
#1183=PLANE('',#4738);
#1184=PLANE('',#4741);
#1185=PLANE('',#4742);
#1186=PLANE('',#4743);
#1187=PLANE('',#4744);
#1188=PLANE('',#4745);
#1189=PLANE('',#4746);
#1190=PLANE('',#4748);
#1191=PLANE('',#4750);
#1192=PLANE('',#4752);
#1193=PLANE('',#4756);
#1194=PLANE('',#4757);
#1195=PLANE('',#4761);
#1196=PLANE('',#4762);
#1197=PLANE('',#4763);
#1198=PLANE('',#4764);
#1199=PLANE('',#4765);
#1200=PLANE('',#4766);
#1201=PLANE('',#4770);
#1202=PLANE('',#4771);
#1203=PLANE('',#4772);
#1204=PLANE('',#4773);
#1205=PLANE('',#4776);
#1206=PLANE('',#4777);
#1207=PLANE('',#4778);
#1208=PLANE('',#4779);
#1209=PLANE('',#4780);
#1210=PLANE('',#4784);
#1211=PLANE('',#4786);
#1212=PLANE('',#4787);
#1213=PLANE('',#4788);
#1214=PLANE('',#4789);
#1215=PLANE('',#4806);
#1216=PLANE('',#4807);
#1217=PLANE('',#4808);
#1218=PLANE('',#4809);
#1219=PLANE('',#4811);
#1220=PLANE('',#4816);
#1221=PLANE('',#4818);
#1222=PLANE('',#4820);
#1223=PLANE('',#4821);
#1224=PLANE('',#4829);
#1225=PLANE('',#4831);
#1226=PLANE('',#4832);
#1227=PLANE('',#4833);
#1228=PLANE('',#4837);
#1229=PLANE('',#4841);
#1230=PLANE('',#4843);
#1231=PLANE('',#4849);
#1232=PLANE('',#4851);
#1233=PLANE('',#4852);
#1234=PLANE('',#4853);
#1235=PLANE('',#4857);
#1236=PLANE('',#4858);
#1237=PLANE('',#4859);
#1238=PLANE('',#4860);
#1239=PLANE('',#4861);
#1240=PLANE('',#4863);
#1241=PLANE('',#4864);
#1242=PLANE('',#4865);
#1243=PLANE('',#4866);
#1244=PLANE('',#4870);
#1245=PLANE('',#4871);
#1246=PLANE('',#4876);
#1247=PLANE('',#4878);
#1248=PLANE('',#4881);
#1249=PLANE('',#4882);
#1250=PLANE('',#4883);
#1251=PLANE('',#4884);
#1252=PLANE('',#4885);
#1253=PLANE('',#4886);
#1254=PLANE('',#4887);
#1255=PLANE('',#4889);
#1256=PLANE('',#4890);
#1257=PLANE('',#4892);
#1258=PLANE('',#4895);
#1259=PLANE('',#4896);
#1260=PLANE('',#4897);
#1261=PLANE('',#4900);
#1262=PLANE('',#4901);
#1263=PLANE('',#4902);
#1264=PLANE('',#4903);
#1265=PLANE('',#4904);
#1266=PLANE('',#4908);
#1267=PLANE('',#4909);
#1268=PLANE('',#4912);
#1269=PLANE('',#4913);
#1270=PLANE('',#4914);
#1271=PLANE('',#4916);
#1272=PLANE('',#4917);
#1273=PLANE('',#4920);
#1274=PLANE('',#4921);
#1275=PLANE('',#4922);
#1276=PLANE('',#4923);
#1277=PLANE('',#4924);
#1278=PLANE('',#4925);
#1279=PLANE('',#4928);
#1280=PLANE('',#4929);
#1281=PLANE('',#4930);
#1282=PLANE('',#4931);
#1283=PLANE('',#4932);
#1284=PLANE('',#4933);
#1285=PLANE('',#4934);
#1286=PLANE('',#4935);
#1287=ORIENTED_EDGE('',*,*,#2553,.F.);
#1288=ORIENTED_EDGE('',*,*,#2554,.T.);
#1289=ORIENTED_EDGE('',*,*,#2555,.T.);
#1290=ORIENTED_EDGE('',*,*,#2556,.T.);
#1291=ORIENTED_EDGE('',*,*,#2557,.F.);
#1292=ORIENTED_EDGE('',*,*,#2558,.F.);
#1293=ORIENTED_EDGE('',*,*,#2559,.F.);
#1294=ORIENTED_EDGE('',*,*,#2560,.F.);
#1295=ORIENTED_EDGE('',*,*,#2561,.T.);
#1296=ORIENTED_EDGE('',*,*,#2562,.F.);
#1297=ORIENTED_EDGE('',*,*,#2563,.T.);
#1298=ORIENTED_EDGE('',*,*,#2564,.F.);
#1299=ORIENTED_EDGE('',*,*,#2565,.T.);
#1300=ORIENTED_EDGE('',*,*,#2566,.T.);
#1301=ORIENTED_EDGE('',*,*,#2567,.F.);
#1302=ORIENTED_EDGE('',*,*,#2568,.T.);
#1303=ORIENTED_EDGE('',*,*,#2569,.T.);
#1304=ORIENTED_EDGE('',*,*,#2570,.T.);
#1305=ORIENTED_EDGE('',*,*,#2571,.F.);
#1306=ORIENTED_EDGE('',*,*,#2572,.T.);
#1307=ORIENTED_EDGE('',*,*,#2573,.F.);
#1308=ORIENTED_EDGE('',*,*,#2574,.F.);
#1309=ORIENTED_EDGE('',*,*,#2575,.T.);
#1310=ORIENTED_EDGE('',*,*,#2576,.T.);
#1311=ORIENTED_EDGE('',*,*,#2567,.T.);
#1312=ORIENTED_EDGE('',*,*,#2577,.T.);
#1313=ORIENTED_EDGE('',*,*,#2578,.F.);
#1314=ORIENTED_EDGE('',*,*,#2579,.T.);
#1315=ORIENTED_EDGE('',*,*,#2580,.F.);
#1316=ORIENTED_EDGE('',*,*,#2581,.F.);
#1317=ORIENTED_EDGE('',*,*,#2582,.F.);
#1318=ORIENTED_EDGE('',*,*,#2570,.F.);
#1319=ORIENTED_EDGE('',*,*,#2583,.T.);
#1320=ORIENTED_EDGE('',*,*,#2584,.T.);
#1321=ORIENTED_EDGE('',*,*,#2585,.T.);
#1322=ORIENTED_EDGE('',*,*,#2586,.F.);
#1323=ORIENTED_EDGE('',*,*,#2587,.F.);
#1324=ORIENTED_EDGE('',*,*,#2588,.F.);
#1325=ORIENTED_EDGE('',*,*,#2589,.T.);
#1326=ORIENTED_EDGE('',*,*,#2590,.T.);
#1327=ORIENTED_EDGE('',*,*,#2591,.F.);
#1328=ORIENTED_EDGE('',*,*,#2592,.F.);
#1329=ORIENTED_EDGE('',*,*,#2593,.T.);
#1330=ORIENTED_EDGE('',*,*,#2594,.T.);
#1331=ORIENTED_EDGE('',*,*,#2595,.T.);
#1332=ORIENTED_EDGE('',*,*,#2596,.T.);
#1333=ORIENTED_EDGE('',*,*,#2597,.T.);
#1334=ORIENTED_EDGE('',*,*,#2598,.F.);
#1335=ORIENTED_EDGE('',*,*,#2599,.T.);
#1336=ORIENTED_EDGE('',*,*,#2600,.F.);
#1337=ORIENTED_EDGE('',*,*,#2601,.F.);
#1338=ORIENTED_EDGE('',*,*,#2602,.T.);
#1339=ORIENTED_EDGE('',*,*,#2603,.F.);
#1340=ORIENTED_EDGE('',*,*,#2604,.F.);
#1341=ORIENTED_EDGE('',*,*,#2605,.T.);
#1342=ORIENTED_EDGE('',*,*,#2606,.T.);
#1343=ORIENTED_EDGE('',*,*,#2607,.T.);
#1344=ORIENTED_EDGE('',*,*,#2608,.F.);
#1345=ORIENTED_EDGE('',*,*,#2609,.T.);
#1346=ORIENTED_EDGE('',*,*,#2610,.T.);
#1347=ORIENTED_EDGE('',*,*,#2611,.T.);
#1348=ORIENTED_EDGE('',*,*,#2612,.T.);
#1349=ORIENTED_EDGE('',*,*,#2613,.F.);
#1350=ORIENTED_EDGE('',*,*,#2614,.T.);
#1351=ORIENTED_EDGE('',*,*,#2582,.T.);
#1352=ORIENTED_EDGE('',*,*,#2615,.F.);
#1353=ORIENTED_EDGE('',*,*,#2616,.F.);
#1354=ORIENTED_EDGE('',*,*,#2617,.F.);
#1355=ORIENTED_EDGE('',*,*,#2618,.F.);
#1356=ORIENTED_EDGE('',*,*,#2619,.F.);
#1357=ORIENTED_EDGE('',*,*,#2620,.T.);
#1358=ORIENTED_EDGE('',*,*,#2588,.T.);
#1359=ORIENTED_EDGE('',*,*,#2621,.T.);
#1360=ORIENTED_EDGE('',*,*,#2622,.T.);
#1361=ORIENTED_EDGE('',*,*,#2623,.T.);
#1362=ORIENTED_EDGE('',*,*,#2624,.F.);
#1363=ORIENTED_EDGE('',*,*,#2625,.T.);
#1364=ORIENTED_EDGE('',*,*,#2626,.F.);
#1365=ORIENTED_EDGE('',*,*,#2627,.T.);
#1366=ORIENTED_EDGE('',*,*,#2628,.T.);
#1367=ORIENTED_EDGE('',*,*,#2629,.F.);
#1368=ORIENTED_EDGE('',*,*,#2630,.F.);
#1369=ORIENTED_EDGE('',*,*,#2631,.T.);
#1370=ORIENTED_EDGE('',*,*,#2632,.T.);
#1371=ORIENTED_EDGE('',*,*,#2633,.F.);
#1372=ORIENTED_EDGE('',*,*,#2594,.F.);
#1373=ORIENTED_EDGE('',*,*,#2634,.T.);
#1374=ORIENTED_EDGE('',*,*,#2635,.T.);
#1375=ORIENTED_EDGE('',*,*,#2636,.T.);
#1376=ORIENTED_EDGE('',*,*,#2637,.F.);
#1377=ORIENTED_EDGE('',*,*,#2638,.F.);
#1378=ORIENTED_EDGE('',*,*,#2589,.F.);
#1379=ORIENTED_EDGE('',*,*,#2620,.F.);
#1380=ORIENTED_EDGE('',*,*,#2639,.F.);
#1381=ORIENTED_EDGE('',*,*,#2640,.F.);
#1382=ORIENTED_EDGE('',*,*,#2641,.T.);
#1383=ORIENTED_EDGE('',*,*,#2642,.T.);
#1384=ORIENTED_EDGE('',*,*,#2643,.T.);
#1385=ORIENTED_EDGE('',*,*,#2644,.T.);
#1386=ORIENTED_EDGE('',*,*,#2569,.F.);
#1387=ORIENTED_EDGE('',*,*,#2645,.T.);
#1388=ORIENTED_EDGE('',*,*,#2646,.T.);
#1389=ORIENTED_EDGE('',*,*,#2647,.T.);
#1390=ORIENTED_EDGE('',*,*,#2648,.F.);
#1391=ORIENTED_EDGE('',*,*,#2649,.T.);
#1392=ORIENTED_EDGE('',*,*,#2650,.T.);
#1393=ORIENTED_EDGE('',*,*,#2651,.F.);
#1394=ORIENTED_EDGE('',*,*,#2561,.F.);
#1395=ORIENTED_EDGE('',*,*,#2577,.F.);
#1396=ORIENTED_EDGE('',*,*,#2652,.T.);
#1397=ORIENTED_EDGE('',*,*,#2653,.T.);
#1398=ORIENTED_EDGE('',*,*,#2565,.F.);
#1399=ORIENTED_EDGE('',*,*,#2654,.T.);
#1400=ORIENTED_EDGE('',*,*,#2655,.F.);
#1401=ORIENTED_EDGE('',*,*,#2559,.T.);
#1402=ORIENTED_EDGE('',*,*,#2656,.T.);
#1403=ORIENTED_EDGE('',*,*,#2657,.T.);
#1404=ORIENTED_EDGE('',*,*,#2658,.F.);
#1405=ORIENTED_EDGE('',*,*,#2659,.F.);
#1406=ORIENTED_EDGE('',*,*,#2660,.T.);
#1407=ORIENTED_EDGE('',*,*,#2661,.T.);
#1408=ORIENTED_EDGE('',*,*,#2662,.T.);
#1409=ORIENTED_EDGE('',*,*,#2632,.F.);
#1410=ORIENTED_EDGE('',*,*,#2663,.T.);
#1411=ORIENTED_EDGE('',*,*,#2664,.T.);
#1412=ORIENTED_EDGE('',*,*,#2665,.F.);
#1413=ORIENTED_EDGE('',*,*,#2666,.F.);
#1414=ORIENTED_EDGE('',*,*,#2667,.F.);
#1415=ORIENTED_EDGE('',*,*,#2649,.F.);
#1416=ORIENTED_EDGE('',*,*,#2668,.T.);
#1417=ORIENTED_EDGE('',*,*,#2669,.T.);
#1418=ORIENTED_EDGE('',*,*,#2611,.F.);
#1419=ORIENTED_EDGE('',*,*,#2670,.T.);
#1420=ORIENTED_EDGE('',*,*,#2671,.F.);
#1421=ORIENTED_EDGE('',*,*,#2672,.T.);
#1422=ORIENTED_EDGE('',*,*,#2673,.T.);
#1423=ORIENTED_EDGE('',*,*,#2586,.T.);
#1424=ORIENTED_EDGE('',*,*,#2613,.T.);
#1425=ORIENTED_EDGE('',*,*,#2674,.T.);
#1426=ORIENTED_EDGE('',*,*,#2675,.F.);
#1427=ORIENTED_EDGE('',*,*,#2676,.T.);
#1428=ORIENTED_EDGE('',*,*,#2584,.F.);
#1429=ORIENTED_EDGE('',*,*,#2674,.F.);
#1430=ORIENTED_EDGE('',*,*,#2612,.F.);
#1431=ORIENTED_EDGE('',*,*,#2669,.F.);
#1432=ORIENTED_EDGE('',*,*,#2677,.F.);
#1433=ORIENTED_EDGE('',*,*,#2576,.F.);
#1434=ORIENTED_EDGE('',*,*,#2678,.T.);
#1435=ORIENTED_EDGE('',*,*,#2679,.T.);
#1436=ORIENTED_EDGE('',*,*,#2680,.T.);
#1437=ORIENTED_EDGE('',*,*,#2681,.F.);
#1438=ORIENTED_EDGE('',*,*,#2682,.T.);
#1439=ORIENTED_EDGE('',*,*,#2683,.T.);
#1440=ORIENTED_EDGE('',*,*,#2684,.F.);
#1441=ORIENTED_EDGE('',*,*,#2596,.F.);
#1442=ORIENTED_EDGE('',*,*,#2685,.T.);
#1443=ORIENTED_EDGE('',*,*,#2608,.T.);
#1444=ORIENTED_EDGE('',*,*,#2686,.F.);
#1445=ORIENTED_EDGE('',*,*,#2687,.T.);
#1446=ORIENTED_EDGE('',*,*,#2688,.F.);
#1447=ORIENTED_EDGE('',*,*,#2689,.F.);
#1448=ORIENTED_EDGE('',*,*,#2690,.T.);
#1449=ORIENTED_EDGE('',*,*,#2691,.T.);
#1450=ORIENTED_EDGE('',*,*,#2554,.F.);
#1451=ORIENTED_EDGE('',*,*,#2692,.T.);
#1452=ORIENTED_EDGE('',*,*,#2693,.F.);
#1453=ORIENTED_EDGE('',*,*,#2694,.T.);
#1454=ORIENTED_EDGE('',*,*,#2681,.T.);
#1455=ORIENTED_EDGE('',*,*,#2553,.T.);
#1456=ORIENTED_EDGE('',*,*,#2687,.F.);
#1457=ORIENTED_EDGE('',*,*,#2695,.F.);
#1458=ORIENTED_EDGE('',*,*,#2696,.T.);
#1459=ORIENTED_EDGE('',*,*,#2697,.T.);
#1460=ORIENTED_EDGE('',*,*,#2698,.T.);
#1461=ORIENTED_EDGE('',*,*,#2699,.F.);
#1462=ORIENTED_EDGE('',*,*,#2661,.F.);
#1463=ORIENTED_EDGE('',*,*,#2700,.T.);
#1464=ORIENTED_EDGE('',*,*,#2640,.T.);
#1465=ORIENTED_EDGE('',*,*,#2665,.T.);
#1466=ORIENTED_EDGE('',*,*,#2648,.T.);
#1467=ORIENTED_EDGE('',*,*,#2701,.T.);
#1468=ORIENTED_EDGE('',*,*,#2702,.F.);
#1469=ORIENTED_EDGE('',*,*,#2703,.F.);
#1470=ORIENTED_EDGE('',*,*,#2636,.F.);
#1471=ORIENTED_EDGE('',*,*,#2616,.T.);
#1472=ORIENTED_EDGE('',*,*,#2704,.F.);
#1473=ORIENTED_EDGE('',*,*,#2705,.T.);
#1474=ORIENTED_EDGE('',*,*,#2706,.F.);
#1475=ORIENTED_EDGE('',*,*,#2707,.F.);
#1476=ORIENTED_EDGE('',*,*,#2708,.F.);
#1477=ORIENTED_EDGE('',*,*,#2709,.T.);
#1478=ORIENTED_EDGE('',*,*,#2592,.T.);
#1479=ORIENTED_EDGE('',*,*,#2702,.T.);
#1480=ORIENTED_EDGE('',*,*,#2710,.T.);
#1481=ORIENTED_EDGE('',*,*,#2711,.F.);
#1482=ORIENTED_EDGE('',*,*,#2666,.T.);
#1483=ORIENTED_EDGE('',*,*,#2712,.T.);
#1484=ORIENTED_EDGE('',*,*,#2713,.T.);
#1485=ORIENTED_EDGE('',*,*,#2714,.T.);
#1486=ORIENTED_EDGE('',*,*,#2703,.T.);
#1487=ORIENTED_EDGE('',*,*,#2715,.T.);
#1488=ORIENTED_EDGE('',*,*,#2712,.F.);
#1489=ORIENTED_EDGE('',*,*,#2713,.F.);
#1490=ORIENTED_EDGE('',*,*,#2716,.F.);
#1491=ORIENTED_EDGE('',*,*,#2691,.F.);
#1492=ORIENTED_EDGE('',*,*,#2717,.T.);
#1493=ORIENTED_EDGE('',*,*,#2604,.T.);
#1494=ORIENTED_EDGE('',*,*,#2710,.F.);
#1495=ORIENTED_EDGE('',*,*,#2701,.F.);
#1496=ORIENTED_EDGE('',*,*,#2647,.F.);
#1497=ORIENTED_EDGE('',*,*,#2622,.F.);
#1498=ORIENTED_EDGE('',*,*,#2718,.T.);
#1499=ORIENTED_EDGE('',*,*,#2653,.F.);
#1500=ORIENTED_EDGE('',*,*,#2563,.F.);
#1501=ORIENTED_EDGE('',*,*,#2719,.F.);
#1502=ORIENTED_EDGE('',*,*,#2696,.F.);
#1503=ORIENTED_EDGE('',*,*,#2720,.F.);
#1504=ORIENTED_EDGE('',*,*,#2672,.F.);
#1505=ORIENTED_EDGE('',*,*,#2721,.F.);
#1506=ORIENTED_EDGE('',*,*,#2722,.T.);
#1507=ORIENTED_EDGE('',*,*,#2602,.F.);
#1508=ORIENTED_EDGE('',*,*,#2723,.F.);
#1509=ORIENTED_EDGE('',*,*,#2724,.T.);
#1510=ORIENTED_EDGE('',*,*,#2725,.T.);
#1511=ORIENTED_EDGE('',*,*,#2726,.F.);
#1512=ORIENTED_EDGE('',*,*,#2727,.F.);
#1513=ORIENTED_EDGE('',*,*,#2600,.T.);
#1514=ORIENTED_EDGE('',*,*,#2555,.F.);
#1515=ORIENTED_EDGE('',*,*,#2728,.F.);
#1516=ORIENTED_EDGE('',*,*,#2729,.T.);
#1517=ORIENTED_EDGE('',*,*,#2730,.F.);
#1518=ORIENTED_EDGE('',*,*,#2731,.T.);
#1519=ORIENTED_EDGE('',*,*,#2626,.T.);
#1520=ORIENTED_EDGE('',*,*,#2732,.F.);
#1521=ORIENTED_EDGE('',*,*,#2642,.F.);
#1522=ORIENTED_EDGE('',*,*,#2733,.T.);
#1523=ORIENTED_EDGE('',*,*,#2708,.T.);
#1524=ORIENTED_EDGE('',*,*,#2734,.F.);
#1525=ORIENTED_EDGE('',*,*,#2670,.F.);
#1526=ORIENTED_EDGE('',*,*,#2614,.F.);
#1527=ORIENTED_EDGE('',*,*,#2676,.F.);
#1528=ORIENTED_EDGE('',*,*,#2735,.T.);
#1529=ORIENTED_EDGE('',*,*,#2664,.F.);
#1530=ORIENTED_EDGE('',*,*,#2736,.T.);
#1531=ORIENTED_EDGE('',*,*,#2737,.T.);
#1532=ORIENTED_EDGE('',*,*,#2738,.F.);
#1533=ORIENTED_EDGE('',*,*,#2739,.F.);
#1534=ORIENTED_EDGE('',*,*,#2740,.T.);
#1535=ORIENTED_EDGE('',*,*,#2730,.T.);
#1536=ORIENTED_EDGE('',*,*,#2741,.T.);
#1537=ORIENTED_EDGE('',*,*,#2630,.T.);
#1538=ORIENTED_EDGE('',*,*,#2742,.T.);
#1539=ORIENTED_EDGE('',*,*,#2737,.F.);
#1540=ORIENTED_EDGE('',*,*,#2743,.F.);
#1541=ORIENTED_EDGE('',*,*,#2606,.F.);
#1542=ORIENTED_EDGE('',*,*,#2744,.T.);
#1543=ORIENTED_EDGE('',*,*,#2745,.T.);
#1544=ORIENTED_EDGE('',*,*,#2746,.F.);
#1545=ORIENTED_EDGE('',*,*,#2747,.F.);
#1546=ORIENTED_EDGE('',*,*,#2748,.T.);
#1547=ORIENTED_EDGE('',*,*,#2659,.T.);
#1548=ORIENTED_EDGE('',*,*,#2749,.F.);
#1549=ORIENTED_EDGE('',*,*,#2745,.F.);
#1550=ORIENTED_EDGE('',*,*,#2750,.T.);
#1551=ORIENTED_EDGE('',*,*,#2751,.T.);
#1552=ORIENTED_EDGE('',*,*,#2752,.F.);
#1553=ORIENTED_EDGE('',*,*,#2557,.T.);
#1554=ORIENTED_EDGE('',*,*,#2753,.T.);
#1555=ORIENTED_EDGE('',*,*,#2624,.T.);
#1556=ORIENTED_EDGE('',*,*,#2754,.F.);
#1557=ORIENTED_EDGE('',*,*,#2751,.F.);
#1558=ORIENTED_EDGE('',*,*,#2755,.T.);
#1559=ORIENTED_EDGE('',*,*,#2689,.T.);
#1560=ORIENTED_EDGE('',*,*,#2578,.T.);
#1561=ORIENTED_EDGE('',*,*,#2564,.T.);
#1562=ORIENTED_EDGE('',*,*,#2652,.F.);
#1563=ORIENTED_EDGE('',*,*,#2756,.T.);
#1564=ORIENTED_EDGE('',*,*,#2757,.T.);
#1565=ORIENTED_EDGE('',*,*,#2739,.T.);
#1566=ORIENTED_EDGE('',*,*,#2758,.T.);
#1567=ORIENTED_EDGE('',*,*,#2628,.F.);
#1568=ORIENTED_EDGE('',*,*,#2759,.F.);
#1569=ORIENTED_EDGE('',*,*,#2760,.F.);
#1570=ORIENTED_EDGE('',*,*,#2637,.T.);
#1571=ORIENTED_EDGE('',*,*,#2619,.T.);
#1572=ORIENTED_EDGE('',*,*,#2580,.T.);
#1573=ORIENTED_EDGE('',*,*,#2644,.F.);
#1574=ORIENTED_EDGE('',*,*,#2705,.F.);
#1575=ORIENTED_EDGE('',*,*,#2761,.F.);
#1576=ORIENTED_EDGE('',*,*,#2762,.F.);
#1577=ORIENTED_EDGE('',*,*,#2635,.F.);
#1578=ORIENTED_EDGE('',*,*,#2763,.T.);
#1579=ORIENTED_EDGE('',*,*,#2574,.T.);
#1580=ORIENTED_EDGE('',*,*,#2755,.F.);
#1581=ORIENTED_EDGE('',*,*,#2750,.F.);
#1582=ORIENTED_EDGE('',*,*,#2744,.F.);
#1583=ORIENTED_EDGE('',*,*,#2605,.F.);
#1584=ORIENTED_EDGE('',*,*,#2717,.F.);
#1585=ORIENTED_EDGE('',*,*,#2690,.F.);
#1586=ORIENTED_EDGE('',*,*,#2714,.F.);
#1587=ORIENTED_EDGE('',*,*,#2715,.F.);
#1588=ORIENTED_EDGE('',*,*,#2556,.F.);
#1589=ORIENTED_EDGE('',*,*,#2579,.F.);
#1590=ORIENTED_EDGE('',*,*,#2756,.F.);
#1591=ORIENTED_EDGE('',*,*,#2654,.F.);
#1592=ORIENTED_EDGE('',*,*,#2568,.F.);
#1593=ORIENTED_EDGE('',*,*,#2572,.F.);
#1594=ORIENTED_EDGE('',*,*,#2764,.F.);
#1595=ORIENTED_EDGE('',*,*,#2765,.F.);
#1596=ORIENTED_EDGE('',*,*,#2645,.F.);
#1597=ORIENTED_EDGE('',*,*,#2663,.F.);
#1598=ORIENTED_EDGE('',*,*,#2631,.F.);
#1599=ORIENTED_EDGE('',*,*,#2741,.F.);
#1600=ORIENTED_EDGE('',*,*,#2736,.F.);
#1601=ORIENTED_EDGE('',*,*,#2740,.F.);
#1602=ORIENTED_EDGE('',*,*,#2757,.F.);
#1603=ORIENTED_EDGE('',*,*,#2627,.F.);
#1604=ORIENTED_EDGE('',*,*,#2731,.F.);
#1605=ORIENTED_EDGE('',*,*,#2694,.F.);
#1606=ORIENTED_EDGE('',*,*,#2766,.F.);
#1607=ORIENTED_EDGE('',*,*,#2767,.F.);
#1608=ORIENTED_EDGE('',*,*,#2682,.F.);
#1609=ORIENTED_EDGE('',*,*,#2685,.F.);
#1610=ORIENTED_EDGE('',*,*,#2595,.F.);
#1611=ORIENTED_EDGE('',*,*,#2768,.F.);
#1612=ORIENTED_EDGE('',*,*,#2609,.F.);
#1613=ORIENTED_EDGE('',*,*,#2754,.T.);
#1614=ORIENTED_EDGE('',*,*,#2688,.T.);
#1615=ORIENTED_EDGE('',*,*,#2716,.T.);
#1616=ORIENTED_EDGE('',*,*,#2603,.T.);
#1617=ORIENTED_EDGE('',*,*,#2743,.T.);
#1618=ORIENTED_EDGE('',*,*,#2749,.T.);
#1619=ORIENTED_EDGE('',*,*,#2746,.T.);
#1620=ORIENTED_EDGE('',*,*,#2658,.T.);
#1621=ORIENTED_EDGE('',*,*,#2699,.T.);
#1622=ORIENTED_EDGE('',*,*,#2639,.T.);
#1623=ORIENTED_EDGE('',*,*,#2732,.T.);
#1624=ORIENTED_EDGE('',*,*,#2707,.T.);
#1625=ORIENTED_EDGE('',*,*,#2591,.T.);
#1626=ORIENTED_EDGE('',*,*,#2633,.T.);
#1627=ORIENTED_EDGE('',*,*,#2762,.T.);
#1628=ORIENTED_EDGE('',*,*,#2573,.T.);
#1629=ORIENTED_EDGE('',*,*,#2677,.T.);
#1630=ORIENTED_EDGE('',*,*,#2769,.T.);
#1631=ORIENTED_EDGE('',*,*,#2759,.T.);
#1632=ORIENTED_EDGE('',*,*,#2618,.T.);
#1633=ORIENTED_EDGE('',*,*,#2587,.T.);
#1634=ORIENTED_EDGE('',*,*,#2770,.T.);
#1635=ORIENTED_EDGE('',*,*,#2725,.F.);
#1636=ORIENTED_EDGE('',*,*,#2599,.F.);
#1637=ORIENTED_EDGE('',*,*,#2722,.F.);
#1638=ORIENTED_EDGE('',*,*,#2771,.F.);
#1639=ORIENTED_EDGE('',*,*,#2758,.F.);
#1640=ORIENTED_EDGE('',*,*,#2738,.T.);
#1641=ORIENTED_EDGE('',*,*,#2742,.F.);
#1642=ORIENTED_EDGE('',*,*,#2629,.T.);
#1643=ORIENTED_EDGE('',*,*,#2772,.T.);
#1644=ORIENTED_EDGE('',*,*,#2610,.F.);
#1645=ORIENTED_EDGE('',*,*,#2768,.T.);
#1646=ORIENTED_EDGE('',*,*,#2598,.T.);
#1647=ORIENTED_EDGE('',*,*,#2773,.F.);
#1648=ORIENTED_EDGE('',*,*,#2774,.F.);
#1649=ORIENTED_EDGE('',*,*,#2766,.T.);
#1650=ORIENTED_EDGE('',*,*,#2693,.T.);
#1651=ORIENTED_EDGE('',*,*,#2728,.T.);
#1652=ORIENTED_EDGE('',*,*,#2748,.F.);
#1653=ORIENTED_EDGE('',*,*,#2775,.F.);
#1654=ORIENTED_EDGE('',*,*,#2678,.F.);
#1655=ORIENTED_EDGE('',*,*,#2575,.F.);
#1656=ORIENTED_EDGE('',*,*,#2763,.F.);
#1657=ORIENTED_EDGE('',*,*,#2634,.F.);
#1658=ORIENTED_EDGE('',*,*,#2593,.F.);
#1659=ORIENTED_EDGE('',*,*,#2709,.F.);
#1660=ORIENTED_EDGE('',*,*,#2733,.F.);
#1661=ORIENTED_EDGE('',*,*,#2641,.F.);
#1662=ORIENTED_EDGE('',*,*,#2700,.F.);
#1663=ORIENTED_EDGE('',*,*,#2660,.F.);
#1664=ORIENTED_EDGE('',*,*,#2597,.F.);
#1665=ORIENTED_EDGE('',*,*,#2684,.T.);
#1666=ORIENTED_EDGE('',*,*,#2776,.F.);
#1667=ORIENTED_EDGE('',*,*,#2773,.T.);
#1668=ORIENTED_EDGE('',*,*,#2718,.F.);
#1669=ORIENTED_EDGE('',*,*,#2777,.F.);
#1670=ORIENTED_EDGE('',*,*,#2650,.F.);
#1671=ORIENTED_EDGE('',*,*,#2566,.F.);
#1672=ORIENTED_EDGE('',*,*,#2778,.T.);
#1673=ORIENTED_EDGE('',*,*,#2706,.T.);
#1674=ORIENTED_EDGE('',*,*,#2643,.F.);
#1675=ORIENTED_EDGE('',*,*,#2765,.T.);
#1676=ORIENTED_EDGE('',*,*,#2770,.F.);
#1677=ORIENTED_EDGE('',*,*,#2590,.F.);
#1678=ORIENTED_EDGE('',*,*,#2638,.T.);
#1679=ORIENTED_EDGE('',*,*,#2760,.T.);
#1680=ORIENTED_EDGE('',*,*,#2767,.T.);
#1681=ORIENTED_EDGE('',*,*,#2774,.T.);
#1682=ORIENTED_EDGE('',*,*,#2776,.T.);
#1683=ORIENTED_EDGE('',*,*,#2683,.F.);
#1684=ORIENTED_EDGE('',*,*,#2686,.T.);
#1685=ORIENTED_EDGE('',*,*,#2761,.T.);
#1686=ORIENTED_EDGE('',*,*,#2704,.T.);
#1687=ORIENTED_EDGE('',*,*,#2615,.T.);
#1688=ORIENTED_EDGE('',*,*,#2581,.T.);
#1689=ORIENTED_EDGE('',*,*,#2719,.T.);
#1690=ORIENTED_EDGE('',*,*,#2562,.T.);
#1691=ORIENTED_EDGE('',*,*,#2651,.T.);
#1692=ORIENTED_EDGE('',*,*,#2777,.T.);
#1693=ORIENTED_EDGE('',*,*,#2625,.F.);
#1694=ORIENTED_EDGE('',*,*,#2662,.F.);
#1695=ORIENTED_EDGE('',*,*,#2735,.F.);
#1696=ORIENTED_EDGE('',*,*,#2729,.F.);
#1697=ORIENTED_EDGE('',*,*,#2692,.F.);
#1698=ORIENTED_EDGE('',*,*,#2680,.F.);
#1699=ORIENTED_EDGE('',*,*,#2607,.F.);
#1700=ORIENTED_EDGE('',*,*,#2772,.F.);
#1701=ORIENTED_EDGE('',*,*,#2657,.F.);
#1702=ORIENTED_EDGE('',*,*,#2779,.T.);
#1703=ORIENTED_EDGE('',*,*,#2698,.F.);
#1704=ORIENTED_EDGE('',*,*,#2780,.T.);
#1705=ORIENTED_EDGE('',*,*,#2723,.T.);
#1706=ORIENTED_EDGE('',*,*,#2601,.T.);
#1707=ORIENTED_EDGE('',*,*,#2727,.T.);
#1708=ORIENTED_EDGE('',*,*,#2781,.T.);
#1709=ORIENTED_EDGE('',*,*,#2571,.T.);
#1710=ORIENTED_EDGE('',*,*,#2617,.T.);
#1711=ORIENTED_EDGE('',*,*,#2778,.F.);
#1712=ORIENTED_EDGE('',*,*,#2764,.T.);
#1713=ORIENTED_EDGE('',*,*,#2769,.F.);
#1714=ORIENTED_EDGE('',*,*,#2679,.F.);
#1715=ORIENTED_EDGE('',*,*,#2775,.T.);
#1716=ORIENTED_EDGE('',*,*,#2747,.T.);
#1717=ORIENTED_EDGE('',*,*,#2667,.T.);
#1718=ORIENTED_EDGE('',*,*,#2711,.T.);
#1719=ORIENTED_EDGE('',*,*,#2621,.F.);
#1720=ORIENTED_EDGE('',*,*,#2753,.F.);
#1721=ORIENTED_EDGE('',*,*,#2560,.T.);
#1722=ORIENTED_EDGE('',*,*,#2655,.T.);
#1723=ORIENTED_EDGE('',*,*,#2781,.F.);
#1724=ORIENTED_EDGE('',*,*,#2726,.T.);
#1725=ORIENTED_EDGE('',*,*,#2771,.T.);
#1726=ORIENTED_EDGE('',*,*,#2724,.F.);
#1727=ORIENTED_EDGE('',*,*,#2780,.F.);
#1728=ORIENTED_EDGE('',*,*,#2697,.F.);
#1729=ORIENTED_EDGE('',*,*,#2721,.T.);
#1730=ORIENTED_EDGE('',*,*,#2671,.T.);
#1731=ORIENTED_EDGE('',*,*,#2585,.F.);
#1732=ORIENTED_EDGE('',*,*,#2668,.F.);
#1733=ORIENTED_EDGE('',*,*,#2734,.T.);
#1734=ORIENTED_EDGE('',*,*,#2675,.T.);
#1735=ORIENTED_EDGE('',*,*,#2583,.F.);
#1736=ORIENTED_EDGE('',*,*,#2673,.F.);
#1737=ORIENTED_EDGE('',*,*,#2720,.T.);
#1738=ORIENTED_EDGE('',*,*,#2695,.T.);
#1739=ORIENTED_EDGE('',*,*,#2779,.F.);
#1740=ORIENTED_EDGE('',*,*,#2656,.F.);
#1741=ORIENTED_EDGE('',*,*,#2558,.T.);
#1742=ORIENTED_EDGE('',*,*,#2752,.T.);
#1743=ORIENTED_EDGE('',*,*,#2623,.F.);
#1744=ORIENTED_EDGE('',*,*,#2646,.F.);
#1745=ORIENTED_EDGE('',*,*,#2782,.F.);
#1746=ORIENTED_EDGE('',*,*,#2783,.T.);
#1747=ORIENTED_EDGE('',*,*,#2784,.T.);
#1748=ORIENTED_EDGE('',*,*,#2785,.F.);
#1749=ORIENTED_EDGE('',*,*,#2786,.F.);
#1750=ORIENTED_EDGE('',*,*,#2787,.T.);
#1751=ORIENTED_EDGE('',*,*,#2788,.T.);
#1752=ORIENTED_EDGE('',*,*,#2789,.F.);
#1753=ORIENTED_EDGE('',*,*,#2790,.F.);
#1754=ORIENTED_EDGE('',*,*,#2785,.T.);
#1755=ORIENTED_EDGE('',*,*,#2791,.T.);
#1756=ORIENTED_EDGE('',*,*,#2792,.F.);
#1757=ORIENTED_EDGE('',*,*,#2793,.F.);
#1758=ORIENTED_EDGE('',*,*,#2794,.T.);
#1759=ORIENTED_EDGE('',*,*,#2795,.T.);
#1760=ORIENTED_EDGE('',*,*,#2796,.F.);
#1761=ORIENTED_EDGE('',*,*,#2797,.F.);
#1762=ORIENTED_EDGE('',*,*,#2798,.F.);
#1763=ORIENTED_EDGE('',*,*,#2799,.F.);
#1764=ORIENTED_EDGE('',*,*,#2800,.F.);
#1765=ORIENTED_EDGE('',*,*,#2801,.F.);
#1766=ORIENTED_EDGE('',*,*,#2802,.T.);
#1767=ORIENTED_EDGE('',*,*,#2803,.T.);
#1768=ORIENTED_EDGE('',*,*,#2804,.F.);
#1769=ORIENTED_EDGE('',*,*,#2805,.F.);
#1770=ORIENTED_EDGE('',*,*,#2806,.T.);
#1771=ORIENTED_EDGE('',*,*,#2807,.T.);
#1772=ORIENTED_EDGE('',*,*,#2808,.T.);
#1773=ORIENTED_EDGE('',*,*,#2809,.T.);
#1774=ORIENTED_EDGE('',*,*,#2810,.T.);
#1775=ORIENTED_EDGE('',*,*,#2811,.F.);
#1776=ORIENTED_EDGE('',*,*,#2812,.T.);
#1777=ORIENTED_EDGE('',*,*,#2813,.F.);
#1778=ORIENTED_EDGE('',*,*,#2808,.F.);
#1779=ORIENTED_EDGE('',*,*,#2814,.F.);
#1780=ORIENTED_EDGE('',*,*,#2794,.F.);
#1781=ORIENTED_EDGE('',*,*,#2815,.F.);
#1782=ORIENTED_EDGE('',*,*,#2816,.T.);
#1783=ORIENTED_EDGE('',*,*,#2817,.T.);
#1784=ORIENTED_EDGE('',*,*,#2818,.F.);
#1785=ORIENTED_EDGE('',*,*,#2819,.F.);
#1786=ORIENTED_EDGE('',*,*,#2820,.T.);
#1787=ORIENTED_EDGE('',*,*,#2821,.T.);
#1788=ORIENTED_EDGE('',*,*,#2798,.T.);
#1789=ORIENTED_EDGE('',*,*,#2822,.F.);
#1790=ORIENTED_EDGE('',*,*,#2823,.T.);
#1791=ORIENTED_EDGE('',*,*,#2824,.T.);
#1792=ORIENTED_EDGE('',*,*,#2825,.F.);
#1793=ORIENTED_EDGE('',*,*,#2826,.T.);
#1794=ORIENTED_EDGE('',*,*,#2827,.T.);
#1795=ORIENTED_EDGE('',*,*,#2805,.T.);
#1796=ORIENTED_EDGE('',*,*,#2813,.T.);
#1797=ORIENTED_EDGE('',*,*,#2793,.T.);
#1798=ORIENTED_EDGE('',*,*,#2828,.T.);
#1799=ORIENTED_EDGE('',*,*,#2811,.T.);
#1800=ORIENTED_EDGE('',*,*,#2829,.T.);
#1801=ORIENTED_EDGE('',*,*,#2819,.T.);
#1802=ORIENTED_EDGE('',*,*,#2797,.T.);
#1803=ORIENTED_EDGE('',*,*,#2830,.T.);
#1804=ORIENTED_EDGE('',*,*,#2786,.T.);
#1805=ORIENTED_EDGE('',*,*,#2831,.T.);
#1806=ORIENTED_EDGE('',*,*,#2832,.T.);
#1807=ORIENTED_EDGE('',*,*,#2833,.T.);
#1808=ORIENTED_EDGE('',*,*,#2782,.T.);
#1809=ORIENTED_EDGE('',*,*,#2790,.T.);
#1810=ORIENTED_EDGE('',*,*,#2834,.T.);
#1811=ORIENTED_EDGE('',*,*,#2815,.T.);
#1812=ORIENTED_EDGE('',*,*,#2835,.T.);
#1813=ORIENTED_EDGE('',*,*,#2822,.T.);
#1814=ORIENTED_EDGE('',*,*,#2836,.T.);
#1815=ORIENTED_EDGE('',*,*,#2801,.T.);
#1816=ORIENTED_EDGE('',*,*,#2837,.T.);
#1817=ORIENTED_EDGE('',*,*,#2838,.T.);
#1818=ORIENTED_EDGE('',*,*,#2839,.T.);
#1819=ORIENTED_EDGE('',*,*,#2830,.F.);
#1820=ORIENTED_EDGE('',*,*,#2800,.T.);
#1821=ORIENTED_EDGE('',*,*,#2840,.T.);
#1822=ORIENTED_EDGE('',*,*,#2787,.F.);
#1823=ORIENTED_EDGE('',*,*,#2827,.F.);
#1824=ORIENTED_EDGE('',*,*,#2841,.F.);
#1825=ORIENTED_EDGE('',*,*,#2842,.F.);
#1826=ORIENTED_EDGE('',*,*,#2806,.F.);
#1827=ORIENTED_EDGE('',*,*,#2835,.F.);
#1828=ORIENTED_EDGE('',*,*,#2818,.T.);
#1829=ORIENTED_EDGE('',*,*,#2843,.T.);
#1830=ORIENTED_EDGE('',*,*,#2823,.F.);
#1831=ORIENTED_EDGE('',*,*,#2828,.F.);
#1832=ORIENTED_EDGE('',*,*,#2796,.T.);
#1833=ORIENTED_EDGE('',*,*,#2844,.T.);
#1834=ORIENTED_EDGE('',*,*,#2812,.F.);
#1835=ORIENTED_EDGE('',*,*,#2807,.F.);
#1836=ORIENTED_EDGE('',*,*,#2842,.T.);
#1837=ORIENTED_EDGE('',*,*,#2845,.F.);
#1838=ORIENTED_EDGE('',*,*,#2846,.F.);
#1839=ORIENTED_EDGE('',*,*,#2847,.F.);
#1840=ORIENTED_EDGE('',*,*,#2848,.F.);
#1841=ORIENTED_EDGE('',*,*,#2803,.F.);
#1842=ORIENTED_EDGE('',*,*,#2849,.F.);
#1843=ORIENTED_EDGE('',*,*,#2824,.F.);
#1844=ORIENTED_EDGE('',*,*,#2843,.F.);
#1845=ORIENTED_EDGE('',*,*,#2817,.F.);
#1846=ORIENTED_EDGE('',*,*,#2850,.F.);
#1847=ORIENTED_EDGE('',*,*,#2791,.F.);
#1848=ORIENTED_EDGE('',*,*,#2784,.F.);
#1849=ORIENTED_EDGE('',*,*,#2851,.F.);
#1850=ORIENTED_EDGE('',*,*,#2852,.F.);
#1851=ORIENTED_EDGE('',*,*,#2853,.F.);
#1852=ORIENTED_EDGE('',*,*,#2788,.F.);
#1853=ORIENTED_EDGE('',*,*,#2840,.F.);
#1854=ORIENTED_EDGE('',*,*,#2799,.T.);
#1855=ORIENTED_EDGE('',*,*,#2821,.F.);
#1856=ORIENTED_EDGE('',*,*,#2854,.T.);
#1857=ORIENTED_EDGE('',*,*,#2809,.F.);
#1858=ORIENTED_EDGE('',*,*,#2844,.F.);
#1859=ORIENTED_EDGE('',*,*,#2795,.F.);
#1860=ORIENTED_EDGE('',*,*,#2814,.T.);
#1861=ORIENTED_EDGE('',*,*,#2838,.F.);
#1862=ORIENTED_EDGE('',*,*,#2855,.T.);
#1863=ORIENTED_EDGE('',*,*,#2847,.T.);
#1864=ORIENTED_EDGE('',*,*,#2856,.F.);
#1865=ORIENTED_EDGE('',*,*,#2837,.F.);
#1866=ORIENTED_EDGE('',*,*,#2804,.T.);
#1867=ORIENTED_EDGE('',*,*,#2848,.T.);
#1868=ORIENTED_EDGE('',*,*,#2855,.F.);
#1869=ORIENTED_EDGE('',*,*,#2834,.F.);
#1870=ORIENTED_EDGE('',*,*,#2792,.T.);
#1871=ORIENTED_EDGE('',*,*,#2850,.T.);
#1872=ORIENTED_EDGE('',*,*,#2816,.F.);
#1873=ORIENTED_EDGE('',*,*,#2836,.F.);
#1874=ORIENTED_EDGE('',*,*,#2825,.T.);
#1875=ORIENTED_EDGE('',*,*,#2849,.T.);
#1876=ORIENTED_EDGE('',*,*,#2802,.F.);
#1877=ORIENTED_EDGE('',*,*,#2829,.F.);
#1878=ORIENTED_EDGE('',*,*,#2810,.F.);
#1879=ORIENTED_EDGE('',*,*,#2854,.F.);
#1880=ORIENTED_EDGE('',*,*,#2820,.F.);
#1881=ORIENTED_EDGE('',*,*,#2845,.T.);
#1882=ORIENTED_EDGE('',*,*,#2841,.T.);
#1883=ORIENTED_EDGE('',*,*,#2826,.F.);
#1884=ORIENTED_EDGE('',*,*,#2857,.T.);
#1885=ORIENTED_EDGE('',*,*,#2839,.F.);
#1886=ORIENTED_EDGE('',*,*,#2856,.T.);
#1887=ORIENTED_EDGE('',*,*,#2846,.T.);
#1888=ORIENTED_EDGE('',*,*,#2857,.F.);
#1889=ORIENTED_EDGE('',*,*,#2831,.F.);
#1890=ORIENTED_EDGE('',*,*,#2789,.T.);
#1891=ORIENTED_EDGE('',*,*,#2853,.T.);
#1892=ORIENTED_EDGE('',*,*,#2858,.F.);
#1893=ORIENTED_EDGE('',*,*,#2833,.F.);
#1894=ORIENTED_EDGE('',*,*,#2859,.T.);
#1895=ORIENTED_EDGE('',*,*,#2851,.T.);
#1896=ORIENTED_EDGE('',*,*,#2783,.F.);
#1897=ORIENTED_EDGE('',*,*,#2832,.F.);
#1898=ORIENTED_EDGE('',*,*,#2858,.T.);
#1899=ORIENTED_EDGE('',*,*,#2852,.T.);
#1900=ORIENTED_EDGE('',*,*,#2859,.F.);
#1901=ORIENTED_EDGE('',*,*,#2860,.F.);
#1902=ORIENTED_EDGE('',*,*,#2861,.T.);
#1903=ORIENTED_EDGE('',*,*,#2862,.T.);
#1904=ORIENTED_EDGE('',*,*,#2863,.F.);
#1905=ORIENTED_EDGE('',*,*,#2864,.F.);
#1906=ORIENTED_EDGE('',*,*,#2865,.T.);
#1907=ORIENTED_EDGE('',*,*,#2866,.T.);
#1908=ORIENTED_EDGE('',*,*,#2867,.F.);
#1909=ORIENTED_EDGE('',*,*,#2868,.F.);
#1910=ORIENTED_EDGE('',*,*,#2869,.T.);
#1911=ORIENTED_EDGE('',*,*,#2870,.T.);
#1912=ORIENTED_EDGE('',*,*,#2871,.F.);
#1913=ORIENTED_EDGE('',*,*,#2872,.F.);
#1914=ORIENTED_EDGE('',*,*,#2873,.T.);
#1915=ORIENTED_EDGE('',*,*,#2874,.T.);
#1916=ORIENTED_EDGE('',*,*,#2875,.F.);
#1917=ORIENTED_EDGE('',*,*,#2876,.F.);
#1918=ORIENTED_EDGE('',*,*,#2877,.T.);
#1919=ORIENTED_EDGE('',*,*,#2878,.T.);
#1920=ORIENTED_EDGE('',*,*,#2861,.F.);
#1921=ORIENTED_EDGE('',*,*,#2879,.F.);
#1922=ORIENTED_EDGE('',*,*,#2880,.T.);
#1923=ORIENTED_EDGE('',*,*,#2881,.T.);
#1924=ORIENTED_EDGE('',*,*,#2877,.F.);
#1925=ORIENTED_EDGE('',*,*,#2882,.F.);
#1926=ORIENTED_EDGE('',*,*,#2883,.F.);
#1927=ORIENTED_EDGE('',*,*,#2884,.F.);
#1928=ORIENTED_EDGE('',*,*,#2885,.F.);
#1929=ORIENTED_EDGE('',*,*,#2886,.F.);
#1930=ORIENTED_EDGE('',*,*,#2887,.F.);
#1931=ORIENTED_EDGE('',*,*,#2888,.F.);
#1932=ORIENTED_EDGE('',*,*,#2889,.F.);
#1933=ORIENTED_EDGE('',*,*,#2890,.F.);
#1934=ORIENTED_EDGE('',*,*,#2867,.T.);
#1935=ORIENTED_EDGE('',*,*,#2891,.T.);
#1936=ORIENTED_EDGE('',*,*,#2869,.F.);
#1937=ORIENTED_EDGE('',*,*,#2892,.F.);
#1938=ORIENTED_EDGE('',*,*,#2893,.T.);
#1939=ORIENTED_EDGE('',*,*,#2894,.T.);
#1940=ORIENTED_EDGE('',*,*,#2895,.F.);
#1941=ORIENTED_EDGE('',*,*,#2896,.T.);
#1942=ORIENTED_EDGE('',*,*,#2897,.T.);
#1943=ORIENTED_EDGE('',*,*,#2898,.T.);
#1944=ORIENTED_EDGE('',*,*,#2899,.T.);
#1945=ORIENTED_EDGE('',*,*,#2900,.T.);
#1946=ORIENTED_EDGE('',*,*,#2886,.T.);
#1947=ORIENTED_EDGE('',*,*,#2901,.T.);
#1948=ORIENTED_EDGE('',*,*,#2882,.T.);
#1949=ORIENTED_EDGE('',*,*,#2902,.T.);
#1950=ORIENTED_EDGE('',*,*,#2864,.T.);
#1951=ORIENTED_EDGE('',*,*,#2890,.T.);
#1952=ORIENTED_EDGE('',*,*,#2868,.T.);
#1953=ORIENTED_EDGE('',*,*,#2903,.T.);
#1954=ORIENTED_EDGE('',*,*,#2872,.T.);
#1955=ORIENTED_EDGE('',*,*,#2904,.T.);
#1956=ORIENTED_EDGE('',*,*,#2879,.T.);
#1957=ORIENTED_EDGE('',*,*,#2876,.T.);
#1958=ORIENTED_EDGE('',*,*,#2860,.T.);
#1959=ORIENTED_EDGE('',*,*,#2905,.T.);
#1960=ORIENTED_EDGE('',*,*,#2906,.T.);
#1961=ORIENTED_EDGE('',*,*,#2907,.T.);
#1962=ORIENTED_EDGE('',*,*,#2908,.T.);
#1963=ORIENTED_EDGE('',*,*,#2892,.T.);
#1964=ORIENTED_EDGE('',*,*,#2909,.T.);
#1965=ORIENTED_EDGE('',*,*,#2910,.T.);
#1966=ORIENTED_EDGE('',*,*,#2911,.T.);
#1967=ORIENTED_EDGE('',*,*,#2912,.T.);
#1968=ORIENTED_EDGE('',*,*,#2913,.T.);
#1969=ORIENTED_EDGE('',*,*,#2896,.F.);
#1970=ORIENTED_EDGE('',*,*,#2914,.T.);
#1971=ORIENTED_EDGE('',*,*,#2899,.F.);
#1972=ORIENTED_EDGE('',*,*,#2915,.T.);
#1973=ORIENTED_EDGE('',*,*,#2916,.T.);
#1974=ORIENTED_EDGE('',*,*,#2917,.F.);
#1975=ORIENTED_EDGE('',*,*,#2897,.F.);
#1976=ORIENTED_EDGE('',*,*,#2913,.F.);
#1977=ORIENTED_EDGE('',*,*,#2918,.F.);
#1978=ORIENTED_EDGE('',*,*,#2919,.F.);
#1979=ORIENTED_EDGE('',*,*,#2905,.F.);
#1980=ORIENTED_EDGE('',*,*,#2863,.T.);
#1981=ORIENTED_EDGE('',*,*,#2920,.T.);
#1982=ORIENTED_EDGE('',*,*,#2921,.F.);
#1983=ORIENTED_EDGE('',*,*,#2903,.F.);
#1984=ORIENTED_EDGE('',*,*,#2871,.T.);
#1985=ORIENTED_EDGE('',*,*,#2922,.T.);
#1986=ORIENTED_EDGE('',*,*,#2873,.F.);
#1987=ORIENTED_EDGE('',*,*,#2923,.T.);
#1988=ORIENTED_EDGE('',*,*,#2883,.T.);
#1989=ORIENTED_EDGE('',*,*,#2901,.F.);
#1990=ORIENTED_EDGE('',*,*,#2889,.T.);
#1991=ORIENTED_EDGE('',*,*,#2904,.F.);
#1992=ORIENTED_EDGE('',*,*,#2875,.T.);
#1993=ORIENTED_EDGE('',*,*,#2924,.T.);
#1994=ORIENTED_EDGE('',*,*,#2880,.F.);
#1995=ORIENTED_EDGE('',*,*,#2925,.T.);
#1996=ORIENTED_EDGE('',*,*,#2887,.T.);
#1997=ORIENTED_EDGE('',*,*,#2900,.F.);
#1998=ORIENTED_EDGE('',*,*,#2917,.T.);
#1999=ORIENTED_EDGE('',*,*,#2908,.F.);
#2000=ORIENTED_EDGE('',*,*,#2926,.T.);
#2001=ORIENTED_EDGE('',*,*,#2927,.T.);
#2002=ORIENTED_EDGE('',*,*,#2893,.F.);
#2003=ORIENTED_EDGE('',*,*,#2928,.F.);
#2004=ORIENTED_EDGE('',*,*,#2918,.T.);
#2005=ORIENTED_EDGE('',*,*,#2912,.F.);
#2006=ORIENTED_EDGE('',*,*,#2929,.T.);
#2007=ORIENTED_EDGE('',*,*,#2930,.F.);
#2008=ORIENTED_EDGE('',*,*,#2931,.F.);
#2009=ORIENTED_EDGE('',*,*,#2894,.F.);
#2010=ORIENTED_EDGE('',*,*,#2927,.F.);
#2011=ORIENTED_EDGE('',*,*,#2932,.F.);
#2012=ORIENTED_EDGE('',*,*,#2933,.F.);
#2013=ORIENTED_EDGE('',*,*,#2920,.F.);
#2014=ORIENTED_EDGE('',*,*,#2862,.F.);
#2015=ORIENTED_EDGE('',*,*,#2878,.F.);
#2016=ORIENTED_EDGE('',*,*,#2881,.F.);
#2017=ORIENTED_EDGE('',*,*,#2924,.F.);
#2018=ORIENTED_EDGE('',*,*,#2874,.F.);
#2019=ORIENTED_EDGE('',*,*,#2922,.F.);
#2020=ORIENTED_EDGE('',*,*,#2870,.F.);
#2021=ORIENTED_EDGE('',*,*,#2891,.F.);
#2022=ORIENTED_EDGE('',*,*,#2866,.F.);
#2023=ORIENTED_EDGE('',*,*,#2934,.F.);
#2024=ORIENTED_EDGE('',*,*,#2884,.T.);
#2025=ORIENTED_EDGE('',*,*,#2923,.F.);
#2026=ORIENTED_EDGE('',*,*,#2888,.T.);
#2027=ORIENTED_EDGE('',*,*,#2925,.F.);
#2028=ORIENTED_EDGE('',*,*,#2916,.F.);
#2029=ORIENTED_EDGE('',*,*,#2909,.F.);
#2030=ORIENTED_EDGE('',*,*,#2895,.T.);
#2031=ORIENTED_EDGE('',*,*,#2931,.T.);
#2032=ORIENTED_EDGE('',*,*,#2935,.F.);
#2033=ORIENTED_EDGE('',*,*,#2906,.F.);
#2034=ORIENTED_EDGE('',*,*,#2921,.T.);
#2035=ORIENTED_EDGE('',*,*,#2933,.T.);
#2036=ORIENTED_EDGE('',*,*,#2936,.F.);
#2037=ORIENTED_EDGE('',*,*,#2907,.F.);
#2038=ORIENTED_EDGE('',*,*,#2936,.T.);
#2039=ORIENTED_EDGE('',*,*,#2932,.T.);
#2040=ORIENTED_EDGE('',*,*,#2926,.F.);
#2041=ORIENTED_EDGE('',*,*,#2898,.F.);
#2042=ORIENTED_EDGE('',*,*,#2919,.T.);
#2043=ORIENTED_EDGE('',*,*,#2928,.T.);
#2044=ORIENTED_EDGE('',*,*,#2915,.F.);
#2045=ORIENTED_EDGE('',*,*,#2902,.F.);
#2046=ORIENTED_EDGE('',*,*,#2885,.T.);
#2047=ORIENTED_EDGE('',*,*,#2934,.T.);
#2048=ORIENTED_EDGE('',*,*,#2865,.F.);
#2049=ORIENTED_EDGE('',*,*,#2911,.F.);
#2050=ORIENTED_EDGE('',*,*,#2937,.F.);
#2051=ORIENTED_EDGE('',*,*,#2929,.F.);
#2052=ORIENTED_EDGE('',*,*,#2914,.F.);
#2053=ORIENTED_EDGE('',*,*,#2930,.T.);
#2054=ORIENTED_EDGE('',*,*,#2937,.T.);
#2055=ORIENTED_EDGE('',*,*,#2910,.F.);
#2056=ORIENTED_EDGE('',*,*,#2935,.T.);
#2057=ORIENTED_EDGE('',*,*,#2938,.T.);
#2058=ORIENTED_EDGE('',*,*,#2939,.T.);
#2059=ORIENTED_EDGE('',*,*,#2940,.T.);
#2060=ORIENTED_EDGE('',*,*,#2941,.T.);
#2061=ORIENTED_EDGE('',*,*,#2942,.T.);
#2062=ORIENTED_EDGE('',*,*,#2943,.F.);
#2063=ORIENTED_EDGE('',*,*,#2944,.F.);
#2064=ORIENTED_EDGE('',*,*,#2945,.T.);
#2065=ORIENTED_EDGE('',*,*,#2946,.T.);
#2066=ORIENTED_EDGE('',*,*,#2947,.T.);
#2067=ORIENTED_EDGE('',*,*,#2948,.F.);
#2068=ORIENTED_EDGE('',*,*,#2949,.T.);
#2069=ORIENTED_EDGE('',*,*,#2950,.T.);
#2070=ORIENTED_EDGE('',*,*,#2951,.T.);
#2071=ORIENTED_EDGE('',*,*,#2952,.F.);
#2072=ORIENTED_EDGE('',*,*,#2953,.T.);
#2073=ORIENTED_EDGE('',*,*,#2954,.T.);
#2074=ORIENTED_EDGE('',*,*,#2955,.T.);
#2075=ORIENTED_EDGE('',*,*,#2956,.F.);
#2076=ORIENTED_EDGE('',*,*,#2957,.T.);
#2077=ORIENTED_EDGE('',*,*,#2958,.T.);
#2078=ORIENTED_EDGE('',*,*,#2959,.T.);
#2079=ORIENTED_EDGE('',*,*,#2960,.F.);
#2080=ORIENTED_EDGE('',*,*,#2961,.T.);
#2081=ORIENTED_EDGE('',*,*,#2962,.T.);
#2082=ORIENTED_EDGE('',*,*,#2963,.T.);
#2083=ORIENTED_EDGE('',*,*,#2964,.T.);
#2084=ORIENTED_EDGE('',*,*,#2965,.T.);
#2085=ORIENTED_EDGE('',*,*,#2966,.T.);
#2086=ORIENTED_EDGE('',*,*,#2967,.T.);
#2087=ORIENTED_EDGE('',*,*,#2968,.F.);
#2088=ORIENTED_EDGE('',*,*,#2959,.F.);
#2089=ORIENTED_EDGE('',*,*,#2969,.T.);
#2090=ORIENTED_EDGE('',*,*,#2970,.T.);
#2091=ORIENTED_EDGE('',*,*,#2971,.T.);
#2092=ORIENTED_EDGE('',*,*,#2972,.T.);
#2093=ORIENTED_EDGE('',*,*,#2947,.F.);
#2094=ORIENTED_EDGE('',*,*,#2973,.F.);
#2095=ORIENTED_EDGE('',*,*,#2974,.F.);
#2096=ORIENTED_EDGE('',*,*,#2975,.T.);
#2097=ORIENTED_EDGE('',*,*,#2976,.T.);
#2098=ORIENTED_EDGE('',*,*,#2977,.T.);
#2099=ORIENTED_EDGE('',*,*,#2941,.F.);
#2100=ORIENTED_EDGE('',*,*,#2978,.T.);
#2101=ORIENTED_EDGE('',*,*,#2979,.T.);
#2102=ORIENTED_EDGE('',*,*,#2969,.F.);
#2103=ORIENTED_EDGE('',*,*,#2958,.F.);
#2104=ORIENTED_EDGE('',*,*,#2980,.T.);
#2105=ORIENTED_EDGE('',*,*,#2981,.F.);
#2106=ORIENTED_EDGE('',*,*,#2982,.F.);
#2107=ORIENTED_EDGE('',*,*,#2971,.F.);
#2108=ORIENTED_EDGE('',*,*,#2983,.F.);
#2109=ORIENTED_EDGE('',*,*,#2984,.F.);
#2110=ORIENTED_EDGE('',*,*,#2985,.T.);
#2111=ORIENTED_EDGE('',*,*,#2973,.T.);
#2112=ORIENTED_EDGE('',*,*,#2946,.F.);
#2113=ORIENTED_EDGE('',*,*,#2986,.F.);
#2114=ORIENTED_EDGE('',*,*,#2987,.T.);
#2115=ORIENTED_EDGE('',*,*,#2988,.F.);
#2116=ORIENTED_EDGE('',*,*,#2989,.F.);
#2117=ORIENTED_EDGE('',*,*,#2990,.T.);
#2118=ORIENTED_EDGE('',*,*,#2991,.T.);
#2119=ORIENTED_EDGE('',*,*,#2986,.T.);
#2120=ORIENTED_EDGE('',*,*,#2992,.F.);
#2121=ORIENTED_EDGE('',*,*,#2993,.T.);
#2122=ORIENTED_EDGE('',*,*,#2994,.F.);
#2123=ORIENTED_EDGE('',*,*,#2987,.F.);
#2124=ORIENTED_EDGE('',*,*,#2991,.F.);
#2125=ORIENTED_EDGE('',*,*,#2995,.T.);
#2126=ORIENTED_EDGE('',*,*,#2996,.F.);
#2127=ORIENTED_EDGE('',*,*,#2997,.T.);
#2128=ORIENTED_EDGE('',*,*,#2998,.T.);
#2129=ORIENTED_EDGE('',*,*,#2999,.T.);
#2130=ORIENTED_EDGE('',*,*,#3000,.T.);
#2131=ORIENTED_EDGE('',*,*,#3001,.T.);
#2132=ORIENTED_EDGE('',*,*,#3002,.T.);
#2133=ORIENTED_EDGE('',*,*,#3003,.T.);
#2134=ORIENTED_EDGE('',*,*,#3004,.T.);
#2135=ORIENTED_EDGE('',*,*,#3005,.F.);
#2136=ORIENTED_EDGE('',*,*,#3006,.T.);
#2137=ORIENTED_EDGE('',*,*,#3007,.T.);
#2138=ORIENTED_EDGE('',*,*,#2950,.F.);
#2139=ORIENTED_EDGE('',*,*,#3008,.T.);
#2140=ORIENTED_EDGE('',*,*,#3009,.T.);
#2141=ORIENTED_EDGE('',*,*,#3010,.F.);
#2142=ORIENTED_EDGE('',*,*,#2955,.F.);
#2143=ORIENTED_EDGE('',*,*,#3011,.T.);
#2144=ORIENTED_EDGE('',*,*,#3012,.F.);
#2145=ORIENTED_EDGE('',*,*,#3013,.T.);
#2146=ORIENTED_EDGE('',*,*,#3014,.T.);
#2147=ORIENTED_EDGE('',*,*,#3004,.F.);
#2148=ORIENTED_EDGE('',*,*,#3015,.T.);
#2149=ORIENTED_EDGE('',*,*,#3000,.F.);
#2150=ORIENTED_EDGE('',*,*,#3016,.F.);
#2151=ORIENTED_EDGE('',*,*,#3017,.F.);
#2152=ORIENTED_EDGE('',*,*,#3018,.T.);
#2153=ORIENTED_EDGE('',*,*,#3019,.F.);
#2154=ORIENTED_EDGE('',*,*,#2990,.F.);
#2155=ORIENTED_EDGE('',*,*,#3020,.T.);
#2156=ORIENTED_EDGE('',*,*,#2992,.T.);
#2157=ORIENTED_EDGE('',*,*,#3021,.F.);
#2158=ORIENTED_EDGE('',*,*,#3022,.F.);
#2159=ORIENTED_EDGE('',*,*,#3023,.F.);
#2160=ORIENTED_EDGE('',*,*,#3024,.F.);
#2161=ORIENTED_EDGE('',*,*,#3025,.T.);
#2162=ORIENTED_EDGE('',*,*,#3026,.T.);
#2163=ORIENTED_EDGE('',*,*,#3027,.F.);
#2164=ORIENTED_EDGE('',*,*,#2964,.F.);
#2165=ORIENTED_EDGE('',*,*,#3028,.F.);
#2166=ORIENTED_EDGE('',*,*,#3029,.T.);
#2167=ORIENTED_EDGE('',*,*,#2974,.T.);
#2168=ORIENTED_EDGE('',*,*,#2940,.F.);
#2169=ORIENTED_EDGE('',*,*,#3018,.F.);
#2170=ORIENTED_EDGE('',*,*,#2980,.F.);
#2171=ORIENTED_EDGE('',*,*,#3030,.F.);
#2172=ORIENTED_EDGE('',*,*,#3031,.F.);
#2173=ORIENTED_EDGE('',*,*,#3032,.F.);
#2174=ORIENTED_EDGE('',*,*,#3033,.F.);
#2175=ORIENTED_EDGE('',*,*,#3034,.T.);
#2176=ORIENTED_EDGE('',*,*,#3035,.T.);
#2177=ORIENTED_EDGE('',*,*,#3011,.F.);
#2178=ORIENTED_EDGE('',*,*,#2954,.F.);
#2179=ORIENTED_EDGE('',*,*,#3036,.T.);
#2180=ORIENTED_EDGE('',*,*,#3037,.T.);
#2181=ORIENTED_EDGE('',*,*,#3038,.T.);
#2182=ORIENTED_EDGE('',*,*,#2978,.F.);
#2183=ORIENTED_EDGE('',*,*,#2957,.F.);
#2184=ORIENTED_EDGE('',*,*,#2939,.F.);
#2185=ORIENTED_EDGE('',*,*,#3039,.T.);
#2186=ORIENTED_EDGE('',*,*,#3040,.F.);
#2187=ORIENTED_EDGE('',*,*,#3041,.T.);
#2188=ORIENTED_EDGE('',*,*,#3028,.T.);
#2189=ORIENTED_EDGE('',*,*,#3010,.T.);
#2190=ORIENTED_EDGE('',*,*,#3042,.T.);
#2191=ORIENTED_EDGE('',*,*,#3036,.F.);
#2192=ORIENTED_EDGE('',*,*,#2956,.T.);
#2193=ORIENTED_EDGE('',*,*,#3002,.F.);
#2194=ORIENTED_EDGE('',*,*,#3040,.T.);
#2195=ORIENTED_EDGE('',*,*,#3043,.T.);
#2196=ORIENTED_EDGE('',*,*,#2976,.F.);
#2197=ORIENTED_EDGE('',*,*,#3027,.T.);
#2198=ORIENTED_EDGE('',*,*,#3044,.T.);
#2199=ORIENTED_EDGE('',*,*,#3045,.T.);
#2200=ORIENTED_EDGE('',*,*,#3046,.T.);
#2201=ORIENTED_EDGE('',*,*,#2965,.F.);
#2202=ORIENTED_EDGE('',*,*,#3023,.T.);
#2203=ORIENTED_EDGE('',*,*,#3047,.F.);
#2204=ORIENTED_EDGE('',*,*,#3048,.F.);
#2205=ORIENTED_EDGE('',*,*,#3013,.F.);
#2206=ORIENTED_EDGE('',*,*,#2972,.F.);
#2207=ORIENTED_EDGE('',*,*,#2982,.T.);
#2208=ORIENTED_EDGE('',*,*,#3049,.T.);
#2209=ORIENTED_EDGE('',*,*,#2948,.T.);
#2210=ORIENTED_EDGE('',*,*,#3049,.F.);
#2211=ORIENTED_EDGE('',*,*,#2981,.T.);
#2212=ORIENTED_EDGE('',*,*,#3050,.T.);
#2213=ORIENTED_EDGE('',*,*,#3005,.T.);
#2214=ORIENTED_EDGE('',*,*,#2949,.F.);
#2215=ORIENTED_EDGE('',*,*,#2968,.T.);
#2216=ORIENTED_EDGE('',*,*,#3051,.T.);
#2217=ORIENTED_EDGE('',*,*,#3047,.T.);
#2218=ORIENTED_EDGE('',*,*,#3022,.T.);
#2219=ORIENTED_EDGE('',*,*,#3052,.T.);
#2220=ORIENTED_EDGE('',*,*,#2944,.T.);
#2221=ORIENTED_EDGE('',*,*,#3053,.T.);
#2222=ORIENTED_EDGE('',*,*,#2960,.T.);
#2223=ORIENTED_EDGE('',*,*,#3054,.T.);
#2224=ORIENTED_EDGE('',*,*,#2961,.F.);
#2225=ORIENTED_EDGE('',*,*,#3053,.F.);
#2226=ORIENTED_EDGE('',*,*,#2943,.T.);
#2227=ORIENTED_EDGE('',*,*,#3055,.F.);
#2228=ORIENTED_EDGE('',*,*,#3032,.T.);
#2229=ORIENTED_EDGE('',*,*,#3056,.F.);
#2230=ORIENTED_EDGE('',*,*,#2952,.T.);
#2231=ORIENTED_EDGE('',*,*,#2963,.F.);
#2232=ORIENTED_EDGE('',*,*,#3057,.T.);
#2233=ORIENTED_EDGE('',*,*,#3058,.F.);
#2234=ORIENTED_EDGE('',*,*,#3059,.T.);
#2235=ORIENTED_EDGE('',*,*,#3025,.F.);
#2236=ORIENTED_EDGE('',*,*,#3060,.T.);
#2237=ORIENTED_EDGE('',*,*,#3017,.T.);
#2238=ORIENTED_EDGE('',*,*,#2998,.F.);
#2239=ORIENTED_EDGE('',*,*,#3058,.T.);
#2240=ORIENTED_EDGE('',*,*,#3061,.T.);
#2241=ORIENTED_EDGE('',*,*,#3045,.F.);
#2242=ORIENTED_EDGE('',*,*,#3056,.T.);
#2243=ORIENTED_EDGE('',*,*,#3031,.T.);
#2244=ORIENTED_EDGE('',*,*,#3062,.T.);
#2245=ORIENTED_EDGE('',*,*,#3034,.F.);
#2246=ORIENTED_EDGE('',*,*,#2953,.F.);
#2247=ORIENTED_EDGE('',*,*,#3052,.F.);
#2248=ORIENTED_EDGE('',*,*,#3021,.T.);
#2249=ORIENTED_EDGE('',*,*,#3063,.T.);
#2250=ORIENTED_EDGE('',*,*,#2984,.T.);
#2251=ORIENTED_EDGE('',*,*,#2945,.F.);
#2252=ORIENTED_EDGE('',*,*,#3041,.F.);
#2253=ORIENTED_EDGE('',*,*,#3001,.F.);
#2254=ORIENTED_EDGE('',*,*,#3015,.F.);
#2255=ORIENTED_EDGE('',*,*,#3060,.F.);
#2256=ORIENTED_EDGE('',*,*,#3016,.T.);
#2257=ORIENTED_EDGE('',*,*,#2999,.F.);
#2258=ORIENTED_EDGE('',*,*,#3044,.F.);
#2259=ORIENTED_EDGE('',*,*,#3026,.F.);
#2260=ORIENTED_EDGE('',*,*,#3059,.F.);
#2261=ORIENTED_EDGE('',*,*,#2997,.F.);
#2262=ORIENTED_EDGE('',*,*,#3014,.F.);
#2263=ORIENTED_EDGE('',*,*,#3064,.T.);
#2264=ORIENTED_EDGE('',*,*,#2966,.F.);
#2265=ORIENTED_EDGE('',*,*,#2979,.F.);
#2266=ORIENTED_EDGE('',*,*,#3038,.F.);
#2267=ORIENTED_EDGE('',*,*,#3065,.T.);
#2268=ORIENTED_EDGE('',*,*,#3008,.F.);
#2269=ORIENTED_EDGE('',*,*,#3035,.F.);
#2270=ORIENTED_EDGE('',*,*,#3062,.F.);
#2271=ORIENTED_EDGE('',*,*,#3030,.T.);
#2272=ORIENTED_EDGE('',*,*,#3066,.F.);
#2273=ORIENTED_EDGE('',*,*,#3006,.F.);
#2274=ORIENTED_EDGE('',*,*,#3050,.F.);
#2275=ORIENTED_EDGE('',*,*,#2983,.T.);
#2276=ORIENTED_EDGE('',*,*,#2970,.F.);
#2277=ORIENTED_EDGE('',*,*,#2985,.F.);
#2278=ORIENTED_EDGE('',*,*,#3063,.F.);
#2279=ORIENTED_EDGE('',*,*,#3024,.T.);
#2280=ORIENTED_EDGE('',*,*,#3012,.T.);
#2281=ORIENTED_EDGE('',*,*,#3003,.F.);
#2282=ORIENTED_EDGE('',*,*,#2975,.F.);
#2283=ORIENTED_EDGE('',*,*,#3029,.F.);
#2284=ORIENTED_EDGE('',*,*,#3048,.T.);
#2285=ORIENTED_EDGE('',*,*,#3051,.F.);
#2286=ORIENTED_EDGE('',*,*,#2967,.F.);
#2287=ORIENTED_EDGE('',*,*,#3064,.F.);
#2288=ORIENTED_EDGE('',*,*,#3019,.T.);
#2289=ORIENTED_EDGE('',*,*,#3043,.F.);
#2290=ORIENTED_EDGE('',*,*,#3039,.F.);
#2291=ORIENTED_EDGE('',*,*,#2938,.F.);
#2292=ORIENTED_EDGE('',*,*,#3046,.F.);
#2293=ORIENTED_EDGE('',*,*,#3061,.F.);
#2294=ORIENTED_EDGE('',*,*,#3057,.F.);
#2295=ORIENTED_EDGE('',*,*,#2962,.F.);
#2296=ORIENTED_EDGE('',*,*,#3054,.F.);
#2297=ORIENTED_EDGE('',*,*,#2942,.F.);
#2298=ORIENTED_EDGE('',*,*,#2977,.F.);
#2299=ORIENTED_EDGE('',*,*,#3037,.F.);
#2300=ORIENTED_EDGE('',*,*,#3042,.F.);
#2301=ORIENTED_EDGE('',*,*,#3009,.F.);
#2302=ORIENTED_EDGE('',*,*,#3065,.F.);
#2303=ORIENTED_EDGE('',*,*,#3020,.F.);
#2304=ORIENTED_EDGE('',*,*,#2989,.T.);
#2305=ORIENTED_EDGE('',*,*,#3067,.F.);
#2306=ORIENTED_EDGE('',*,*,#2993,.F.);
#2307=ORIENTED_EDGE('',*,*,#3066,.T.);
#2308=ORIENTED_EDGE('',*,*,#3033,.T.);
#2309=ORIENTED_EDGE('',*,*,#3055,.T.);
#2310=ORIENTED_EDGE('',*,*,#2951,.F.);
#2311=ORIENTED_EDGE('',*,*,#3007,.F.);
#2312=ORIENTED_EDGE('',*,*,#2988,.T.);
#2313=ORIENTED_EDGE('',*,*,#2995,.F.);
#2314=ORIENTED_EDGE('',*,*,#2994,.T.);
#2315=ORIENTED_EDGE('',*,*,#3067,.T.);
#2316=ORIENTED_EDGE('',*,*,#2996,.T.);
#2317=ORIENTED_EDGE('',*,*,#3068,.F.);
#2318=ORIENTED_EDGE('',*,*,#3069,.F.);
#2319=ORIENTED_EDGE('',*,*,#3070,.F.);
#2320=ORIENTED_EDGE('',*,*,#3071,.F.);
#2321=ORIENTED_EDGE('',*,*,#3072,.F.);
#2322=ORIENTED_EDGE('',*,*,#3073,.F.);
#2323=ORIENTED_EDGE('',*,*,#3074,.F.);
#2324=ORIENTED_EDGE('',*,*,#3068,.T.);
#2325=ORIENTED_EDGE('',*,*,#3075,.T.);
#2326=ORIENTED_EDGE('',*,*,#3076,.F.);
#2327=ORIENTED_EDGE('',*,*,#3077,.F.);
#2328=ORIENTED_EDGE('',*,*,#3070,.T.);
#2329=ORIENTED_EDGE('',*,*,#3078,.T.);
#2330=ORIENTED_EDGE('',*,*,#3079,.F.);
#2331=ORIENTED_EDGE('',*,*,#3080,.F.);
#2332=ORIENTED_EDGE('',*,*,#3071,.T.);
#2333=ORIENTED_EDGE('',*,*,#3077,.T.);
#2334=ORIENTED_EDGE('',*,*,#3073,.T.);
#2335=ORIENTED_EDGE('',*,*,#3081,.T.);
#2336=ORIENTED_EDGE('',*,*,#3079,.T.);
#2337=ORIENTED_EDGE('',*,*,#3076,.T.);
#2338=ORIENTED_EDGE('',*,*,#3082,.T.);
#2339=ORIENTED_EDGE('',*,*,#3082,.F.);
#2340=ORIENTED_EDGE('',*,*,#3078,.F.);
#2341=ORIENTED_EDGE('',*,*,#3069,.T.);
#2342=ORIENTED_EDGE('',*,*,#3074,.T.);
#2343=ORIENTED_EDGE('',*,*,#3081,.F.);
#2344=ORIENTED_EDGE('',*,*,#3075,.F.);
#2345=ORIENTED_EDGE('',*,*,#3072,.T.);
#2346=ORIENTED_EDGE('',*,*,#3080,.T.);
#2347=ORIENTED_EDGE('',*,*,#3083,.T.);
#2348=ORIENTED_EDGE('',*,*,#3084,.F.);
#2349=ORIENTED_EDGE('',*,*,#3085,.F.);
#2350=ORIENTED_EDGE('',*,*,#3086,.T.);
#2351=ORIENTED_EDGE('',*,*,#3087,.T.);
#2352=ORIENTED_EDGE('',*,*,#3088,.T.);
#2353=ORIENTED_EDGE('',*,*,#3089,.T.);
#2354=ORIENTED_EDGE('',*,*,#3090,.T.);
#2355=ORIENTED_EDGE('',*,*,#3091,.T.);
#2356=ORIENTED_EDGE('',*,*,#3092,.T.);
#2357=ORIENTED_EDGE('',*,*,#3093,.T.);
#2358=ORIENTED_EDGE('',*,*,#3094,.T.);
#2359=ORIENTED_EDGE('',*,*,#3095,.T.);
#2360=ORIENTED_EDGE('',*,*,#3096,.F.);
#2361=ORIENTED_EDGE('',*,*,#3097,.T.);
#2362=ORIENTED_EDGE('',*,*,#3083,.F.);
#2363=ORIENTED_EDGE('',*,*,#3098,.F.);
#2364=ORIENTED_EDGE('',*,*,#3099,.F.);
#2365=ORIENTED_EDGE('',*,*,#3100,.T.);
#2366=ORIENTED_EDGE('',*,*,#3101,.F.);
#2367=ORIENTED_EDGE('',*,*,#3102,.F.);
#2368=ORIENTED_EDGE('',*,*,#3103,.T.);
#2369=ORIENTED_EDGE('',*,*,#3104,.F.);
#2370=ORIENTED_EDGE('',*,*,#3105,.F.);
#2371=ORIENTED_EDGE('',*,*,#3106,.F.);
#2372=ORIENTED_EDGE('',*,*,#3107,.T.);
#2373=ORIENTED_EDGE('',*,*,#3094,.F.);
#2374=ORIENTED_EDGE('',*,*,#3108,.T.);
#2375=ORIENTED_EDGE('',*,*,#3109,.T.);
#2376=ORIENTED_EDGE('',*,*,#3110,.F.);
#2377=ORIENTED_EDGE('',*,*,#3111,.T.);
#2378=ORIENTED_EDGE('',*,*,#3102,.T.);
#2379=ORIENTED_EDGE('',*,*,#3112,.F.);
#2380=ORIENTED_EDGE('',*,*,#3113,.F.);
#2381=ORIENTED_EDGE('',*,*,#3114,.T.);
#2382=ORIENTED_EDGE('',*,*,#3098,.T.);
#2383=ORIENTED_EDGE('',*,*,#3115,.F.);
#2384=ORIENTED_EDGE('',*,*,#3116,.F.);
#2385=ORIENTED_EDGE('',*,*,#3117,.T.);
#2386=ORIENTED_EDGE('',*,*,#3118,.T.);
#2387=ORIENTED_EDGE('',*,*,#3119,.T.);
#2388=ORIENTED_EDGE('',*,*,#3096,.T.);
#2389=ORIENTED_EDGE('',*,*,#3120,.T.);
#2390=ORIENTED_EDGE('',*,*,#3121,.T.);
#2391=ORIENTED_EDGE('',*,*,#3122,.T.);
#2392=ORIENTED_EDGE('',*,*,#3123,.T.);
#2393=ORIENTED_EDGE('',*,*,#3124,.F.);
#2394=ORIENTED_EDGE('',*,*,#3125,.T.);
#2395=ORIENTED_EDGE('',*,*,#3117,.F.);
#2396=ORIENTED_EDGE('',*,*,#3126,.F.);
#2397=ORIENTED_EDGE('',*,*,#3127,.F.);
#2398=ORIENTED_EDGE('',*,*,#3128,.F.);
#2399=ORIENTED_EDGE('',*,*,#3129,.F.);
#2400=ORIENTED_EDGE('',*,*,#3097,.F.);
#2401=ORIENTED_EDGE('',*,*,#3130,.T.);
#2402=ORIENTED_EDGE('',*,*,#3131,.F.);
#2403=ORIENTED_EDGE('',*,*,#3132,.F.);
#2404=ORIENTED_EDGE('',*,*,#3133,.T.);
#2405=ORIENTED_EDGE('',*,*,#3112,.T.);
#2406=ORIENTED_EDGE('',*,*,#3134,.F.);
#2407=ORIENTED_EDGE('',*,*,#3135,.F.);
#2408=ORIENTED_EDGE('',*,*,#3136,.T.);
#2409=ORIENTED_EDGE('',*,*,#3137,.T.);
#2410=ORIENTED_EDGE('',*,*,#3085,.T.);
#2411=ORIENTED_EDGE('',*,*,#3138,.T.);
#2412=ORIENTED_EDGE('',*,*,#3139,.T.);
#2413=ORIENTED_EDGE('',*,*,#3140,.F.);
#2414=ORIENTED_EDGE('',*,*,#3116,.T.);
#2415=ORIENTED_EDGE('',*,*,#3141,.F.);
#2416=ORIENTED_EDGE('',*,*,#3128,.T.);
#2417=ORIENTED_EDGE('',*,*,#3142,.T.);
#2418=ORIENTED_EDGE('',*,*,#3143,.T.);
#2419=ORIENTED_EDGE('',*,*,#3124,.T.);
#2420=ORIENTED_EDGE('',*,*,#3144,.T.);
#2421=ORIENTED_EDGE('',*,*,#3145,.T.);
#2422=ORIENTED_EDGE('',*,*,#3146,.T.);
#2423=ORIENTED_EDGE('',*,*,#3147,.T.);
#2424=ORIENTED_EDGE('',*,*,#3140,.T.);
#2425=ORIENTED_EDGE('',*,*,#3143,.F.);
#2426=ORIENTED_EDGE('',*,*,#3148,.F.);
#2427=ORIENTED_EDGE('',*,*,#3118,.F.);
#2428=ORIENTED_EDGE('',*,*,#3125,.F.);
#2429=ORIENTED_EDGE('',*,*,#3090,.F.);
#2430=ORIENTED_EDGE('',*,*,#3149,.T.);
#2431=ORIENTED_EDGE('',*,*,#3150,.T.);
#2432=ORIENTED_EDGE('',*,*,#3151,.F.);
#2433=ORIENTED_EDGE('',*,*,#3150,.F.);
#2434=ORIENTED_EDGE('',*,*,#3152,.T.);
#2435=ORIENTED_EDGE('',*,*,#3153,.F.);
#2436=ORIENTED_EDGE('',*,*,#3154,.F.);
#2437=ORIENTED_EDGE('',*,*,#3109,.F.);
#2438=ORIENTED_EDGE('',*,*,#3155,.T.);
#2439=ORIENTED_EDGE('',*,*,#3156,.F.);
#2440=ORIENTED_EDGE('',*,*,#3111,.F.);
#2441=ORIENTED_EDGE('',*,*,#3153,.T.);
#2442=ORIENTED_EDGE('',*,*,#3157,.T.);
#2443=ORIENTED_EDGE('',*,*,#3088,.F.);
#2444=ORIENTED_EDGE('',*,*,#3158,.T.);
#2445=ORIENTED_EDGE('',*,*,#3101,.T.);
#2446=ORIENTED_EDGE('',*,*,#3133,.F.);
#2447=ORIENTED_EDGE('',*,*,#3159,.F.);
#2448=ORIENTED_EDGE('',*,*,#3134,.T.);
#2449=ORIENTED_EDGE('',*,*,#3129,.T.);
#2450=ORIENTED_EDGE('',*,*,#3160,.F.);
#2451=ORIENTED_EDGE('',*,*,#3138,.F.);
#2452=ORIENTED_EDGE('',*,*,#3084,.T.);
#2453=ORIENTED_EDGE('',*,*,#3089,.F.);
#2454=ORIENTED_EDGE('',*,*,#3157,.F.);
#2455=ORIENTED_EDGE('',*,*,#3152,.F.);
#2456=ORIENTED_EDGE('',*,*,#3149,.F.);
#2457=ORIENTED_EDGE('',*,*,#3161,.F.);
#2458=ORIENTED_EDGE('',*,*,#3162,.F.);
#2459=ORIENTED_EDGE('',*,*,#3163,.T.);
#2460=ORIENTED_EDGE('',*,*,#3164,.F.);
#2461=ORIENTED_EDGE('',*,*,#3156,.T.);
#2462=ORIENTED_EDGE('',*,*,#3165,.T.);
#2463=ORIENTED_EDGE('',*,*,#3092,.F.);
#2464=ORIENTED_EDGE('',*,*,#3099,.T.);
#2465=ORIENTED_EDGE('',*,*,#3093,.F.);
#2466=ORIENTED_EDGE('',*,*,#3165,.F.);
#2467=ORIENTED_EDGE('',*,*,#3155,.F.);
#2468=ORIENTED_EDGE('',*,*,#3108,.F.);
#2469=ORIENTED_EDGE('',*,*,#3091,.F.);
#2470=ORIENTED_EDGE('',*,*,#3166,.F.);
#2471=ORIENTED_EDGE('',*,*,#3130,.F.);
#2472=ORIENTED_EDGE('',*,*,#3100,.F.);
#2473=ORIENTED_EDGE('',*,*,#3146,.F.);
#2474=ORIENTED_EDGE('',*,*,#3167,.F.);
#2475=ORIENTED_EDGE('',*,*,#3121,.F.);
#2476=ORIENTED_EDGE('',*,*,#3168,.F.);
#2477=ORIENTED_EDGE('',*,*,#3169,.T.);
#2478=ORIENTED_EDGE('',*,*,#3136,.F.);
#2479=ORIENTED_EDGE('',*,*,#3170,.F.);
#2480=ORIENTED_EDGE('',*,*,#3131,.T.);
#2481=ORIENTED_EDGE('',*,*,#3159,.T.);
#2482=ORIENTED_EDGE('',*,*,#3132,.T.);
#2483=ORIENTED_EDGE('',*,*,#3170,.T.);
#2484=ORIENTED_EDGE('',*,*,#3135,.T.);
#2485=ORIENTED_EDGE('',*,*,#3141,.T.);
#2486=ORIENTED_EDGE('',*,*,#3171,.F.);
#2487=ORIENTED_EDGE('',*,*,#3139,.F.);
#2488=ORIENTED_EDGE('',*,*,#3160,.T.);
#2489=ORIENTED_EDGE('',*,*,#3119,.F.);
#2490=ORIENTED_EDGE('',*,*,#3148,.T.);
#2491=ORIENTED_EDGE('',*,*,#3142,.F.);
#2492=ORIENTED_EDGE('',*,*,#3127,.T.);
#2493=ORIENTED_EDGE('',*,*,#3147,.F.);
#2494=ORIENTED_EDGE('',*,*,#3168,.T.);
#2495=ORIENTED_EDGE('',*,*,#3120,.F.);
#2496=ORIENTED_EDGE('',*,*,#3114,.F.);
#2497=ORIENTED_EDGE('',*,*,#3172,.T.);
#2498=ORIENTED_EDGE('',*,*,#3164,.T.);
#2499=ORIENTED_EDGE('',*,*,#3173,.T.);
#2500=ORIENTED_EDGE('',*,*,#3107,.F.);
#2501=ORIENTED_EDGE('',*,*,#3174,.F.);
#2502=ORIENTED_EDGE('',*,*,#3087,.F.);
#2503=ORIENTED_EDGE('',*,*,#3175,.T.);
#2504=ORIENTED_EDGE('',*,*,#3123,.F.);
#2505=ORIENTED_EDGE('',*,*,#3176,.F.);
#2506=ORIENTED_EDGE('',*,*,#3144,.F.);
#2507=ORIENTED_EDGE('',*,*,#3126,.T.);
#2508=ORIENTED_EDGE('',*,*,#3177,.F.);
#2509=ORIENTED_EDGE('',*,*,#3178,.F.);
#2510=ORIENTED_EDGE('',*,*,#3179,.F.);
#2511=ORIENTED_EDGE('',*,*,#3105,.T.);
#2512=ORIENTED_EDGE('',*,*,#3175,.F.);
#2513=ORIENTED_EDGE('',*,*,#3163,.F.);
#2514=ORIENTED_EDGE('',*,*,#3180,.F.);
#2515=ORIENTED_EDGE('',*,*,#3181,.T.);
#2516=ORIENTED_EDGE('',*,*,#3103,.F.);
#2517=ORIENTED_EDGE('',*,*,#3173,.F.);
#2518=ORIENTED_EDGE('',*,*,#3158,.F.);
#2519=ORIENTED_EDGE('',*,*,#3095,.F.);
#2520=ORIENTED_EDGE('',*,*,#3110,.T.);
#2521=ORIENTED_EDGE('',*,*,#3154,.T.);
#2522=ORIENTED_EDGE('',*,*,#3182,.T.);
#2523=ORIENTED_EDGE('',*,*,#3161,.T.);
#2524=ORIENTED_EDGE('',*,*,#3172,.F.);
#2525=ORIENTED_EDGE('',*,*,#3183,.F.);
#2526=ORIENTED_EDGE('',*,*,#3115,.T.);
#2527=ORIENTED_EDGE('',*,*,#3086,.F.);
#2528=ORIENTED_EDGE('',*,*,#3137,.F.);
#2529=ORIENTED_EDGE('',*,*,#3171,.T.);
#2530=ORIENTED_EDGE('',*,*,#3104,.T.);
#2531=ORIENTED_EDGE('',*,*,#3181,.F.);
#2532=ORIENTED_EDGE('',*,*,#3184,.F.);
#2533=ORIENTED_EDGE('',*,*,#3177,.T.);
#2534=ORIENTED_EDGE('',*,*,#3180,.T.);
#2535=ORIENTED_EDGE('',*,*,#3162,.T.);
#2536=ORIENTED_EDGE('',*,*,#3182,.F.);
#2537=ORIENTED_EDGE('',*,*,#3185,.F.);
#2538=ORIENTED_EDGE('',*,*,#3178,.T.);
#2539=ORIENTED_EDGE('',*,*,#3184,.T.);
#2540=ORIENTED_EDGE('',*,*,#3183,.T.);
#2541=ORIENTED_EDGE('',*,*,#3174,.T.);
#2542=ORIENTED_EDGE('',*,*,#3106,.T.);
#2543=ORIENTED_EDGE('',*,*,#3179,.T.);
#2544=ORIENTED_EDGE('',*,*,#3185,.T.);
#2545=ORIENTED_EDGE('',*,*,#3122,.F.);
#2546=ORIENTED_EDGE('',*,*,#3167,.T.);
#2547=ORIENTED_EDGE('',*,*,#3145,.F.);
#2548=ORIENTED_EDGE('',*,*,#3176,.T.);
#2549=ORIENTED_EDGE('',*,*,#3151,.T.);
#2550=ORIENTED_EDGE('',*,*,#3113,.T.);
#2551=ORIENTED_EDGE('',*,*,#3169,.F.);
#2552=ORIENTED_EDGE('',*,*,#3166,.T.);
#2553=EDGE_CURVE('',#3186,#3186,#3603,.T.);
#2554=EDGE_CURVE('',#3187,#3187,#3604,.T.);
#2555=EDGE_CURVE('',#3188,#3188,#3605,.T.);
#2556=EDGE_CURVE('',#3189,#3189,#3606,.T.);
#2557=EDGE_CURVE('',#3190,#3191,#102,.T.);
#2558=EDGE_CURVE('',#3192,#3190,#3607,.T.);
#2559=EDGE_CURVE('',#3193,#3192,#103,.T.);
#2560=EDGE_CURVE('',#3191,#3193,#3608,.T.);
#2561=EDGE_CURVE('',#3194,#3195,#104,.T.);
#2562=EDGE_CURVE('',#3196,#3195,#105,.T.);
#2563=EDGE_CURVE('',#3196,#3197,#106,.T.);
#2564=EDGE_CURVE('',#3194,#3197,#107,.T.);
#2565=EDGE_CURVE('',#3198,#3199,#108,.T.);
#2566=EDGE_CURVE('',#3199,#3200,#109,.T.);
#2567=EDGE_CURVE('',#3201,#3200,#110,.T.);
#2568=EDGE_CURVE('',#3201,#3198,#111,.T.);
#2569=EDGE_CURVE('',#3202,#3203,#112,.T.);
#2570=EDGE_CURVE('',#3203,#3204,#113,.T.);
#2571=EDGE_CURVE('',#3205,#3204,#114,.T.);
#2572=EDGE_CURVE('',#3205,#3202,#115,.T.);
#2573=EDGE_CURVE('',#3206,#3207,#116,.T.);
#2574=EDGE_CURVE('',#3208,#3206,#117,.T.);
#2575=EDGE_CURVE('',#3208,#3209,#118,.T.);
#2576=EDGE_CURVE('',#3209,#3207,#119,.T.);
#2577=EDGE_CURVE('',#3200,#3194,#120,.T.);
#2578=EDGE_CURVE('',#3210,#3194,#121,.T.);
#2579=EDGE_CURVE('',#3210,#3201,#122,.T.);
#2580=EDGE_CURVE('',#3211,#3203,#123,.T.);
#2581=EDGE_CURVE('',#3212,#3211,#124,.T.);
#2582=EDGE_CURVE('',#3204,#3212,#125,.T.);
#2583=EDGE_CURVE('',#3213,#3214,#3609,.T.);
#2584=EDGE_CURVE('',#3214,#3215,#3610,.T.);
#2585=EDGE_CURVE('',#3215,#3216,#3611,.T.);
#2586=EDGE_CURVE('',#3213,#3216,#126,.T.);
#2587=EDGE_CURVE('',#3217,#3218,#127,.T.);
#2588=EDGE_CURVE('',#3219,#3217,#128,.T.);
#2589=EDGE_CURVE('',#3219,#3220,#129,.T.);
#2590=EDGE_CURVE('',#3220,#3218,#130,.T.);
#2591=EDGE_CURVE('',#3221,#3222,#131,.T.);
#2592=EDGE_CURVE('',#3223,#3221,#132,.T.);
#2593=EDGE_CURVE('',#3223,#3224,#133,.T.);
#2594=EDGE_CURVE('',#3224,#3222,#134,.T.);
#2595=EDGE_CURVE('',#3225,#3226,#135,.T.);
#2596=EDGE_CURVE('',#3226,#3227,#136,.T.);
#2597=EDGE_CURVE('',#3227,#3228,#137,.T.);
#2598=EDGE_CURVE('',#3225,#3228,#138,.T.);
#2599=EDGE_CURVE('',#3229,#3230,#139,.T.);
#2600=EDGE_CURVE('',#3231,#3230,#140,.T.);
#2601=EDGE_CURVE('',#3232,#3231,#141,.T.);
#2602=EDGE_CURVE('',#3232,#3229,#142,.T.);
#2603=EDGE_CURVE('',#3233,#3234,#143,.T.);
#2604=EDGE_CURVE('',#3235,#3233,#144,.T.);
#2605=EDGE_CURVE('',#3235,#3236,#145,.T.);
#2606=EDGE_CURVE('',#3236,#3234,#146,.T.);
#2607=EDGE_CURVE('',#3237,#3238,#147,.T.);
#2608=EDGE_CURVE('',#3239,#3238,#148,.T.);
#2609=EDGE_CURVE('',#3239,#3240,#149,.T.);
#2610=EDGE_CURVE('',#3240,#3237,#150,.T.);
#2611=EDGE_CURVE('',#3241,#3242,#151,.T.);
#2612=EDGE_CURVE('',#3242,#3243,#3612,.T.);
#2613=EDGE_CURVE('',#3244,#3243,#152,.T.);
#2614=EDGE_CURVE('',#3244,#3241,#3613,.T.);
#2615=EDGE_CURVE('',#3245,#3212,#153,.T.);
#2616=EDGE_CURVE('',#3246,#3245,#154,.T.);
#2617=EDGE_CURVE('',#3204,#3246,#155,.T.);
#2618=EDGE_CURVE('',#3247,#3217,#156,.T.);
#2619=EDGE_CURVE('',#3248,#3247,#157,.T.);
#2620=EDGE_CURVE('',#3248,#3219,#158,.T.);
#2621=EDGE_CURVE('',#3249,#3250,#3614,.T.);
#2622=EDGE_CURVE('',#3250,#3251,#3615,.T.);
#2623=EDGE_CURVE('',#3251,#3252,#3616,.T.);
#2624=EDGE_CURVE('',#3249,#3252,#159,.T.);
#2625=EDGE_CURVE('',#3253,#3254,#160,.T.);
#2626=EDGE_CURVE('',#3255,#3254,#161,.T.);
#2627=EDGE_CURVE('',#3255,#3256,#162,.T.);
#2628=EDGE_CURVE('',#3256,#3257,#163,.T.);
#2629=EDGE_CURVE('',#3258,#3257,#164,.T.);
#2630=EDGE_CURVE('',#3259,#3258,#165,.T.);
#2631=EDGE_CURVE('',#3259,#3260,#166,.T.);
#2632=EDGE_CURVE('',#3260,#3253,#167,.T.);
#2633=EDGE_CURVE('',#3222,#3261,#168,.T.);
#2634=EDGE_CURVE('',#3224,#3262,#169,.T.);
#2635=EDGE_CURVE('',#3262,#3261,#170,.T.);
#2636=EDGE_CURVE('',#3263,#3263,#3617,.T.);
#2637=EDGE_CURVE('',#3264,#3248,#171,.T.);
#2638=EDGE_CURVE('',#3220,#3264,#172,.T.);
#2639=EDGE_CURVE('',#3265,#3266,#173,.T.);
#2640=EDGE_CURVE('',#3267,#3265,#174,.T.);
#2641=EDGE_CURVE('',#3267,#3268,#175,.T.);
#2642=EDGE_CURVE('',#3268,#3266,#176,.T.);
#2643=EDGE_CURVE('',#3269,#3270,#177,.T.);
#2644=EDGE_CURVE('',#3270,#3203,#178,.T.);
#2645=EDGE_CURVE('',#3202,#3269,#179,.T.);
#2646=EDGE_CURVE('',#3271,#3251,#180,.T.);
#2647=EDGE_CURVE('',#3251,#3272,#75,.T.);
#2648=EDGE_CURVE('',#3273,#3272,#181,.T.);
#2649=EDGE_CURVE('',#3273,#3271,#182,.T.);
#2650=EDGE_CURVE('',#3200,#3274,#183,.T.);
#2651=EDGE_CURVE('',#3195,#3274,#184,.T.);
#2652=EDGE_CURVE('',#3275,#3197,#185,.T.);
#2653=EDGE_CURVE('',#3197,#3199,#186,.T.);
#2654=EDGE_CURVE('',#3198,#3275,#187,.T.);
#2655=EDGE_CURVE('',#3193,#3276,#188,.T.);
#2656=EDGE_CURVE('',#3192,#3277,#189,.T.);
#2657=EDGE_CURVE('',#3277,#3276,#190,.T.);
#2658=EDGE_CURVE('',#3278,#3279,#191,.T.);
#2659=EDGE_CURVE('',#3280,#3278,#192,.T.);
#2660=EDGE_CURVE('',#3280,#3281,#193,.T.);
#2661=EDGE_CURVE('',#3281,#3279,#194,.T.);
#2662=EDGE_CURVE('',#3282,#3253,#195,.T.);
#2663=EDGE_CURVE('',#3260,#3283,#196,.T.);
#2664=EDGE_CURVE('',#3283,#3282,#197,.T.);
#2665=EDGE_CURVE('',#3284,#3273,#3618,.T.);
#2666=EDGE_CURVE('',#3285,#3284,#198,.T.);
#2667=EDGE_CURVE('',#3271,#3285,#3619,.T.);
#2668=EDGE_CURVE('',#3286,#3215,#199,.T.);
#2669=EDGE_CURVE('',#3215,#3242,#76,.T.);
#2670=EDGE_CURVE('',#3241,#3286,#200,.T.);
#2671=EDGE_CURVE('',#3287,#3216,#201,.T.);
#2672=EDGE_CURVE('',#3287,#3288,#202,.T.);
#2673=EDGE_CURVE('',#3288,#3213,#203,.T.);
#2674=EDGE_CURVE('',#3243,#3214,#77,.T.);
#2675=EDGE_CURVE('',#3289,#3214,#204,.T.);
#2676=EDGE_CURVE('',#3289,#3244,#205,.T.);
#2677=EDGE_CURVE('',#3207,#3290,#206,.T.);
#2678=EDGE_CURVE('',#3209,#3291,#207,.T.);
#2679=EDGE_CURVE('',#3291,#3290,#208,.T.);
#2680=EDGE_CURVE('',#3238,#3292,#209,.T.);
#2681=EDGE_CURVE('',#3293,#3292,#210,.T.);
#2682=EDGE_CURVE('',#3293,#3294,#211,.T.);
#2683=EDGE_CURVE('',#3294,#3295,#212,.T.);
#2684=EDGE_CURVE('',#3227,#3295,#213,.T.);
#2685=EDGE_CURVE('',#3226,#3239,#214,.T.);
#2686=EDGE_CURVE('',#3296,#3296,#3620,.T.);
#2687=EDGE_CURVE('',#3297,#3297,#3621,.T.);
#2688=EDGE_CURVE('',#3298,#3299,#215,.T.);
#2689=EDGE_CURVE('',#3300,#3298,#216,.T.);
#2690=EDGE_CURVE('',#3300,#3301,#217,.T.);
#2691=EDGE_CURVE('',#3301,#3299,#218,.T.);
#2692=EDGE_CURVE('',#3292,#3302,#219,.T.);
#2693=EDGE_CURVE('',#3303,#3302,#220,.T.);
#2694=EDGE_CURVE('',#3303,#3293,#221,.T.);
#2695=EDGE_CURVE('',#3304,#3305,#222,.T.);
#2696=EDGE_CURVE('',#3304,#3306,#223,.T.);
#2697=EDGE_CURVE('',#3306,#3307,#224,.T.);
#2698=EDGE_CURVE('',#3307,#3305,#225,.T.);
#2699=EDGE_CURVE('',#3279,#3265,#226,.T.);
#2700=EDGE_CURVE('',#3281,#3267,#227,.T.);
#2701=EDGE_CURVE('',#3272,#3308,#3622,.T.);
#2702=EDGE_CURVE('',#3284,#3308,#228,.T.);
#2703=EDGE_CURVE('',#3309,#3309,#3623,.T.);
#2704=EDGE_CURVE('',#3310,#3245,#229,.T.);
#2705=EDGE_CURVE('',#3310,#3270,#230,.T.);
#2706=EDGE_CURVE('',#3246,#3270,#231,.T.);
#2707=EDGE_CURVE('',#3311,#3221,#232,.T.);
#2708=EDGE_CURVE('',#3312,#3311,#233,.T.);
#2709=EDGE_CURVE('',#3312,#3223,#234,.T.);
#2710=EDGE_CURVE('',#3308,#3250,#78,.T.);
#2711=EDGE_CURVE('',#3285,#3250,#235,.T.);
#2712=EDGE_CURVE('',#3313,#3313,#3624,.T.);
#2713=EDGE_CURVE('',#3314,#3314,#3625,.T.);
#2714=EDGE_CURVE('',#3315,#3315,#3626,.T.);
#2715=EDGE_CURVE('',#3316,#3316,#3627,.T.);
#2716=EDGE_CURVE('',#3299,#3233,#236,.T.);
#2717=EDGE_CURVE('',#3301,#3235,#237,.T.);
#2718=EDGE_CURVE('',#3317,#3199,#238,.T.);
#2719=EDGE_CURVE('',#3317,#3196,#239,.T.);
#2720=EDGE_CURVE('',#3288,#3304,#3628,.T.);
#2721=EDGE_CURVE('',#3306,#3287,#3629,.T.);
#2722=EDGE_CURVE('',#3318,#3229,#3630,.T.);
#2723=EDGE_CURVE('',#3319,#3232,#3631,.T.);
#2724=EDGE_CURVE('',#3319,#3318,#240,.T.);
#2725=EDGE_CURVE('',#3230,#3320,#3632,.T.);
#2726=EDGE_CURVE('',#3321,#3320,#241,.T.);
#2727=EDGE_CURVE('',#3231,#3321,#3633,.T.);
#2728=EDGE_CURVE('',#3322,#3322,#3634,.T.);
#2729=EDGE_CURVE('',#3254,#3323,#242,.T.);
#2730=EDGE_CURVE('',#3324,#3323,#243,.T.);
#2731=EDGE_CURVE('',#3324,#3255,#244,.T.);
#2732=EDGE_CURVE('',#3266,#3311,#245,.T.);
#2733=EDGE_CURVE('',#3268,#3312,#246,.T.);
#2734=EDGE_CURVE('',#3286,#3289,#3635,.T.);
#2735=EDGE_CURVE('',#3323,#3282,#247,.T.);
#2736=EDGE_CURVE('',#3283,#3325,#248,.T.);
#2737=EDGE_CURVE('',#3325,#3326,#249,.T.);
#2738=EDGE_CURVE('',#3327,#3326,#250,.T.);
#2739=EDGE_CURVE('',#3328,#3327,#251,.T.);
#2740=EDGE_CURVE('',#3328,#3324,#252,.T.);
#2741=EDGE_CURVE('',#3325,#3259,#253,.T.);
#2742=EDGE_CURVE('',#3258,#3326,#254,.T.);
#2743=EDGE_CURVE('',#3234,#3329,#255,.T.);
#2744=EDGE_CURVE('',#3236,#3330,#256,.T.);
#2745=EDGE_CURVE('',#3330,#3329,#257,.T.);
#2746=EDGE_CURVE('',#3331,#3278,#258,.T.);
#2747=EDGE_CURVE('',#3332,#3331,#259,.T.);
#2748=EDGE_CURVE('',#3332,#3280,#260,.T.);
#2749=EDGE_CURVE('',#3329,#3333,#261,.T.);
#2750=EDGE_CURVE('',#3330,#3334,#262,.T.);
#2751=EDGE_CURVE('',#3334,#3333,#263,.T.);
#2752=EDGE_CURVE('',#3190,#3252,#264,.T.);
#2753=EDGE_CURVE('',#3191,#3249,#265,.T.);
#2754=EDGE_CURVE('',#3333,#3298,#266,.T.);
#2755=EDGE_CURVE('',#3334,#3300,#267,.T.);
#2756=EDGE_CURVE('',#3275,#3210,#268,.T.);
#2757=EDGE_CURVE('',#3256,#3328,#269,.T.);
#2758=EDGE_CURVE('',#3327,#3257,#270,.T.);
#2759=EDGE_CURVE('',#3335,#3247,#271,.T.);
#2760=EDGE_CURVE('',#3264,#3335,#272,.T.);
#2761=EDGE_CURVE('',#3211,#3310,#273,.T.);
#2762=EDGE_CURVE('',#3261,#3206,#274,.T.);
#2763=EDGE_CURVE('',#3262,#3208,#275,.T.);
#2764=EDGE_CURVE('',#3336,#3205,#276,.T.);
#2765=EDGE_CURVE('',#3269,#3336,#277,.T.);
#2766=EDGE_CURVE('',#3337,#3303,#278,.T.);
#2767=EDGE_CURVE('',#3294,#3337,#279,.T.);
#2768=EDGE_CURVE('',#3240,#3225,#280,.T.);
#2769=EDGE_CURVE('',#3290,#3331,#281,.T.);
#2770=EDGE_CURVE('',#3218,#3335,#282,.T.);
#2771=EDGE_CURVE('',#3320,#3318,#3636,.T.);
#2772=EDGE_CURVE('',#3302,#3237,#283,.T.);
#2773=EDGE_CURVE('',#3338,#3228,#284,.T.);
#2774=EDGE_CURVE('',#3337,#3338,#285,.T.);
#2775=EDGE_CURVE('',#3291,#3332,#286,.T.);
#2776=EDGE_CURVE('',#3338,#3295,#287,.T.);
#2777=EDGE_CURVE('',#3274,#3317,#288,.T.);
#2778=EDGE_CURVE('',#3336,#3246,#289,.T.);
#2779=EDGE_CURVE('',#3277,#3305,#3637,.T.);
#2780=EDGE_CURVE('',#3307,#3319,#3638,.T.);
#2781=EDGE_CURVE('',#3321,#3276,#3639,.T.);
#2782=EDGE_CURVE('',#3339,#3340,#290,.T.);
#2783=EDGE_CURVE('',#3339,#3341,#291,.T.);
#2784=EDGE_CURVE('',#3341,#3342,#292,.T.);
#2785=EDGE_CURVE('',#3340,#3342,#293,.T.);
#2786=EDGE_CURVE('',#3343,#3344,#3640,.T.);
#2787=EDGE_CURVE('',#3343,#3345,#294,.T.);
#2788=EDGE_CURVE('',#3345,#3346,#3641,.T.);
#2789=EDGE_CURVE('',#3344,#3346,#295,.T.);
#2790=EDGE_CURVE('',#3340,#3347,#296,.T.);
#2791=EDGE_CURVE('',#3342,#3348,#297,.T.);
#2792=EDGE_CURVE('',#3347,#3348,#298,.T.);
#2793=EDGE_CURVE('',#3349,#3350,#299,.T.);
#2794=EDGE_CURVE('',#3349,#3351,#300,.T.);
#2795=EDGE_CURVE('',#3351,#3352,#301,.T.);
#2796=EDGE_CURVE('',#3350,#3352,#302,.T.);
#2797=EDGE_CURVE('',#3353,#3354,#303,.T.);
#2798=EDGE_CURVE('',#3355,#3353,#304,.T.);
#2799=EDGE_CURVE('',#3356,#3355,#305,.T.);
#2800=EDGE_CURVE('',#3354,#3356,#306,.T.);
#2801=EDGE_CURVE('',#3357,#3358,#3642,.T.);
#2802=EDGE_CURVE('',#3357,#3359,#307,.T.);
#2803=EDGE_CURVE('',#3359,#3360,#3643,.T.);
#2804=EDGE_CURVE('',#3358,#3360,#308,.T.);
#2805=EDGE_CURVE('',#3361,#3362,#309,.T.);
#2806=EDGE_CURVE('',#3361,#3363,#310,.T.);
#2807=EDGE_CURVE('',#3363,#3364,#311,.T.);
#2808=EDGE_CURVE('',#3364,#3362,#312,.T.);
#2809=EDGE_CURVE('',#3365,#3366,#313,.T.);
#2810=EDGE_CURVE('',#3366,#3367,#314,.T.);
#2811=EDGE_CURVE('',#3368,#3367,#315,.T.);
#2812=EDGE_CURVE('',#3368,#3365,#316,.T.);
#2813=EDGE_CURVE('',#3362,#3349,#317,.T.);
#2814=EDGE_CURVE('',#3351,#3364,#318,.T.);
#2815=EDGE_CURVE('',#3369,#3370,#3644,.T.);
#2816=EDGE_CURVE('',#3369,#3371,#319,.T.);
#2817=EDGE_CURVE('',#3371,#3372,#3645,.T.);
#2818=EDGE_CURVE('',#3370,#3372,#320,.T.);
#2819=EDGE_CURVE('',#3373,#3353,#321,.T.);
#2820=EDGE_CURVE('',#3373,#3374,#322,.T.);
#2821=EDGE_CURVE('',#3374,#3355,#323,.T.);
#2822=EDGE_CURVE('',#3375,#3376,#324,.T.);
#2823=EDGE_CURVE('',#3375,#3377,#325,.T.);
#2824=EDGE_CURVE('',#3377,#3378,#326,.T.);
#2825=EDGE_CURVE('',#3376,#3378,#327,.T.);
#2826=EDGE_CURVE('',#3379,#3380,#328,.T.);
#2827=EDGE_CURVE('',#3380,#3361,#329,.T.);
#2828=EDGE_CURVE('',#3350,#3368,#330,.T.);
#2829=EDGE_CURVE('',#3367,#3373,#331,.T.);
#2830=EDGE_CURVE('',#3354,#3343,#332,.T.);
#2831=EDGE_CURVE('',#3344,#3381,#333,.T.);
#2832=EDGE_CURVE('',#3381,#3382,#334,.T.);
#2833=EDGE_CURVE('',#3382,#3339,#3646,.T.);
#2834=EDGE_CURVE('',#3347,#3369,#335,.T.);
#2835=EDGE_CURVE('',#3370,#3375,#336,.T.);
#2836=EDGE_CURVE('',#3376,#3357,#337,.T.);
#2837=EDGE_CURVE('',#3358,#3383,#338,.T.);
#2838=EDGE_CURVE('',#3383,#3384,#339,.T.);
#2839=EDGE_CURVE('',#3384,#3379,#3647,.T.);
#2840=EDGE_CURVE('',#3356,#3345,#340,.T.);
#2841=EDGE_CURVE('',#3385,#3380,#341,.T.);
#2842=EDGE_CURVE('',#3363,#3385,#342,.T.);
#2843=EDGE_CURVE('',#3372,#3377,#343,.T.);
#2844=EDGE_CURVE('',#3352,#3365,#344,.T.);
#2845=EDGE_CURVE('',#3386,#3385,#345,.T.);
#2846=EDGE_CURVE('',#3387,#3386,#3648,.T.);
#2847=EDGE_CURVE('',#3388,#3387,#346,.T.);
#2848=EDGE_CURVE('',#3360,#3388,#347,.T.);
#2849=EDGE_CURVE('',#3378,#3359,#348,.T.);
#2850=EDGE_CURVE('',#3348,#3371,#349,.T.);
#2851=EDGE_CURVE('',#3389,#3341,#3649,.T.);
#2852=EDGE_CURVE('',#3390,#3389,#350,.T.);
#2853=EDGE_CURVE('',#3346,#3390,#351,.T.);
#2854=EDGE_CURVE('',#3374,#3366,#352,.T.);
#2855=EDGE_CURVE('',#3383,#3388,#353,.T.);
#2856=EDGE_CURVE('',#3384,#3387,#354,.T.);
#2857=EDGE_CURVE('',#3379,#3386,#355,.T.);
#2858=EDGE_CURVE('',#3381,#3390,#356,.T.);
#2859=EDGE_CURVE('',#3382,#3389,#357,.T.);
#2860=EDGE_CURVE('',#3391,#3392,#358,.T.);
#2861=EDGE_CURVE('',#3391,#3393,#359,.T.);
#2862=EDGE_CURVE('',#3393,#3394,#360,.T.);
#2863=EDGE_CURVE('',#3392,#3394,#361,.T.);
#2864=EDGE_CURVE('',#3395,#3396,#3650,.T.);
#2865=EDGE_CURVE('',#3395,#3397,#362,.T.);
#2866=EDGE_CURVE('',#3397,#3398,#3651,.T.);
#2867=EDGE_CURVE('',#3396,#3398,#363,.T.);
#2868=EDGE_CURVE('',#3399,#3400,#364,.T.);
#2869=EDGE_CURVE('',#3399,#3401,#365,.T.);
#2870=EDGE_CURVE('',#3401,#3402,#366,.T.);
#2871=EDGE_CURVE('',#3400,#3402,#367,.T.);
#2872=EDGE_CURVE('',#3403,#3404,#368,.T.);
#2873=EDGE_CURVE('',#3403,#3405,#369,.T.);
#2874=EDGE_CURVE('',#3405,#3406,#370,.T.);
#2875=EDGE_CURVE('',#3404,#3406,#371,.T.);
#2876=EDGE_CURVE('',#3407,#3391,#3652,.T.);
#2877=EDGE_CURVE('',#3407,#3408,#372,.T.);
#2878=EDGE_CURVE('',#3408,#3393,#3653,.T.);
#2879=EDGE_CURVE('',#3409,#3407,#373,.T.);
#2880=EDGE_CURVE('',#3409,#3410,#374,.T.);
#2881=EDGE_CURVE('',#3410,#3408,#375,.T.);
#2882=EDGE_CURVE('',#3411,#3412,#376,.T.);
#2883=EDGE_CURVE('',#3413,#3411,#377,.T.);
#2884=EDGE_CURVE('',#3414,#3413,#378,.T.);
#2885=EDGE_CURVE('',#3412,#3414,#379,.T.);
#2886=EDGE_CURVE('',#3415,#3416,#380,.T.);
#2887=EDGE_CURVE('',#3417,#3415,#381,.T.);
#2888=EDGE_CURVE('',#3418,#3417,#382,.T.);
#2889=EDGE_CURVE('',#3416,#3418,#383,.T.);
#2890=EDGE_CURVE('',#3396,#3399,#384,.T.);
#2891=EDGE_CURVE('',#3398,#3401,#385,.T.);
#2892=EDGE_CURVE('',#3419,#3420,#386,.T.);
#2893=EDGE_CURVE('',#3419,#3421,#387,.T.);
#2894=EDGE_CURVE('',#3421,#3422,#388,.T.);
#2895=EDGE_CURVE('',#3420,#3422,#389,.T.);
#2896=EDGE_CURVE('',#3423,#3424,#390,.T.);
#2897=EDGE_CURVE('',#3424,#3425,#391,.T.);
#2898=EDGE_CURVE('',#3425,#3426,#392,.T.);
#2899=EDGE_CURVE('',#3426,#3427,#393,.T.);
#2900=EDGE_CURVE('',#3427,#3415,#394,.T.);
#2901=EDGE_CURVE('',#3416,#3411,#395,.T.);
#2902=EDGE_CURVE('',#3412,#3395,#396,.T.);
#2903=EDGE_CURVE('',#3400,#3403,#3654,.T.);
#2904=EDGE_CURVE('',#3404,#3409,#397,.T.);
#2905=EDGE_CURVE('',#3392,#3428,#398,.T.);
#2906=EDGE_CURVE('',#3428,#3429,#399,.T.);
#2907=EDGE_CURVE('',#3429,#3430,#3655,.T.);
#2908=EDGE_CURVE('',#3430,#3419,#400,.T.);
#2909=EDGE_CURVE('',#3420,#3431,#3656,.T.);
#2910=EDGE_CURVE('',#3431,#3432,#401,.T.);
#2911=EDGE_CURVE('',#3432,#3423,#402,.T.);
#2912=EDGE_CURVE('',#3433,#3434,#403,.T.);
#2913=EDGE_CURVE('',#3434,#3424,#404,.T.);
#2914=EDGE_CURVE('',#3423,#3433,#405,.T.);
#2915=EDGE_CURVE('',#3426,#3435,#406,.T.);
#2916=EDGE_CURVE('',#3435,#3436,#407,.T.);
#2917=EDGE_CURVE('',#3427,#3436,#408,.T.);
#2918=EDGE_CURVE('',#3437,#3434,#409,.T.);
#2919=EDGE_CURVE('',#3425,#3437,#410,.T.);
#2920=EDGE_CURVE('',#3394,#3438,#411,.T.);
#2921=EDGE_CURVE('',#3428,#3438,#412,.T.);
#2922=EDGE_CURVE('',#3402,#3405,#3657,.T.);
#2923=EDGE_CURVE('',#3418,#3413,#413,.T.);
#2924=EDGE_CURVE('',#3406,#3410,#414,.T.);
#2925=EDGE_CURVE('',#3436,#3417,#415,.T.);
#2926=EDGE_CURVE('',#3430,#3439,#416,.T.);
#2927=EDGE_CURVE('',#3439,#3421,#417,.T.);
#2928=EDGE_CURVE('',#3437,#3435,#418,.T.);
#2929=EDGE_CURVE('',#3433,#3440,#419,.T.);
#2930=EDGE_CURVE('',#3441,#3440,#420,.T.);
#2931=EDGE_CURVE('',#3422,#3441,#3658,.T.);
#2932=EDGE_CURVE('',#3442,#3439,#3659,.T.);
#2933=EDGE_CURVE('',#3438,#3442,#421,.T.);
#2934=EDGE_CURVE('',#3414,#3397,#422,.T.);
#2935=EDGE_CURVE('',#3431,#3441,#423,.T.);
#2936=EDGE_CURVE('',#3429,#3442,#424,.T.);
#2937=EDGE_CURVE('',#3440,#3432,#425,.T.);
#2938=EDGE_CURVE('',#3443,#3444,#3660,.T.);
#2939=EDGE_CURVE('',#3444,#3445,#426,.T.);
#2940=EDGE_CURVE('',#3445,#3446,#3661,.T.);
#2941=EDGE_CURVE('',#3446,#3447,#427,.T.);
#2942=EDGE_CURVE('',#3447,#3448,#3662,.T.);
#2943=EDGE_CURVE('',#3449,#3448,#428,.T.);
#2944=EDGE_CURVE('',#3450,#3449,#3663,.T.);
#2945=EDGE_CURVE('',#3450,#3451,#429,.T.);
#2946=EDGE_CURVE('',#3451,#3452,#3664,.T.);
#2947=EDGE_CURVE('',#3452,#3453,#430,.T.);
#2948=EDGE_CURVE('',#3454,#3453,#3665,.T.);
#2949=EDGE_CURVE('',#3454,#3455,#431,.T.);
#2950=EDGE_CURVE('',#3455,#3456,#3666,.T.);
#2951=EDGE_CURVE('',#3456,#3457,#432,.T.);
#2952=EDGE_CURVE('',#3458,#3457,#3667,.T.);
#2953=EDGE_CURVE('',#3458,#3459,#433,.T.);
#2954=EDGE_CURVE('',#3459,#3460,#3668,.T.);
#2955=EDGE_CURVE('',#3460,#3461,#434,.T.);
#2956=EDGE_CURVE('',#3462,#3461,#3669,.T.);
#2957=EDGE_CURVE('',#3462,#3463,#435,.T.);
#2958=EDGE_CURVE('',#3463,#3464,#3670,.T.);
#2959=EDGE_CURVE('',#3464,#3465,#436,.T.);
#2960=EDGE_CURVE('',#3466,#3465,#3671,.T.);
#2961=EDGE_CURVE('',#3466,#3467,#437,.T.);
#2962=EDGE_CURVE('',#3467,#3468,#3672,.T.);
#2963=EDGE_CURVE('',#3468,#3469,#438,.T.);
#2964=EDGE_CURVE('',#3469,#3470,#3673,.T.);
#2965=EDGE_CURVE('',#3470,#3443,#439,.T.);
#2966=EDGE_CURVE('',#3471,#3472,#440,.T.);
#2967=EDGE_CURVE('',#3472,#3473,#79,.T.);
#2968=EDGE_CURVE('',#3465,#3473,#441,.T.);
#2969=EDGE_CURVE('',#3464,#3471,#442,.T.);
#2970=EDGE_CURVE('',#3474,#3475,#443,.T.);
#2971=EDGE_CURVE('',#3475,#3476,#80,.T.);
#2972=EDGE_CURVE('',#3476,#3453,#444,.T.);
#2973=EDGE_CURVE('',#3474,#3452,#445,.T.);
#2974=EDGE_CURVE('',#3477,#3446,#446,.T.);
#2975=EDGE_CURVE('',#3477,#3478,#447,.T.);
#2976=EDGE_CURVE('',#3478,#3479,#448,.T.);
#2977=EDGE_CURVE('',#3479,#3447,#449,.T.);
#2978=EDGE_CURVE('',#3463,#3480,#450,.T.);
#2979=EDGE_CURVE('',#3480,#3471,#3674,.T.);
#2980=EDGE_CURVE('',#3481,#3481,#3675,.T.);
#2981=EDGE_CURVE('',#3482,#3483,#81,.T.);
#2982=EDGE_CURVE('',#3476,#3482,#3676,.T.);
#2983=EDGE_CURVE('',#3483,#3475,#3677,.T.);
#2984=EDGE_CURVE('',#3484,#3451,#451,.T.);
#2985=EDGE_CURVE('',#3484,#3474,#3678,.T.);
#2986=EDGE_CURVE('',#3485,#3486,#82,.T.);
#2987=EDGE_CURVE('',#3485,#3487,#452,.T.);
#2988=EDGE_CURVE('',#3488,#3487,#3679,.T.);
#2989=EDGE_CURVE('',#3489,#3488,#83,.T.);
#2990=EDGE_CURVE('',#3489,#3486,#453,.T.);
#2991=EDGE_CURVE('',#3490,#3485,#454,.T.);
#2992=EDGE_CURVE('',#3491,#3486,#455,.T.);
#2993=EDGE_CURVE('',#3491,#3492,#84,.T.);
#2994=EDGE_CURVE('',#3490,#3492,#85,.T.);
#2995=EDGE_CURVE('',#3490,#3487,#456,.T.);
#2996=EDGE_CURVE('',#3493,#3493,#3680,.T.);
#2997=EDGE_CURVE('',#3494,#3495,#3681,.T.);
#2998=EDGE_CURVE('',#3495,#3496,#3682,.T.);
#2999=EDGE_CURVE('',#3496,#3497,#3683,.T.);
#3000=EDGE_CURVE('',#3497,#3498,#457,.T.);
#3001=EDGE_CURVE('',#3498,#3499,#3684,.T.);
#3002=EDGE_CURVE('',#3499,#3478,#3685,.T.);
#3003=EDGE_CURVE('',#3478,#3500,#3686,.T.);
#3004=EDGE_CURVE('',#3500,#3494,#458,.T.);
#3005=EDGE_CURVE('',#3501,#3455,#459,.T.);
#3006=EDGE_CURVE('',#3501,#3502,#3687,.T.);
#3007=EDGE_CURVE('',#3502,#3456,#460,.T.);
#3008=EDGE_CURVE('',#3503,#3504,#461,.T.);
#3009=EDGE_CURVE('',#3504,#3505,#86,.T.);
#3010=EDGE_CURVE('',#3461,#3505,#462,.T.);
#3011=EDGE_CURVE('',#3460,#3503,#463,.T.);
#3012=EDGE_CURVE('',#3506,#3500,#464,.T.);
#3013=EDGE_CURVE('',#3506,#3507,#465,.T.);
#3014=EDGE_CURVE('',#3507,#3494,#466,.T.);
#3015=EDGE_CURVE('',#3508,#3498,#467,.T.);
#3016=EDGE_CURVE('',#3509,#3497,#468,.T.);
#3017=EDGE_CURVE('',#3508,#3509,#469,.T.);
#3018=EDGE_CURVE('',#3510,#3510,#3688,.T.);
#3019=EDGE_CURVE('',#3511,#3511,#3689,.T.);
#3020=EDGE_CURVE('',#3489,#3491,#470,.T.);
#3021=EDGE_CURVE('',#3512,#3513,#87,.T.);
#3022=EDGE_CURVE('',#3514,#3512,#3690,.T.);
#3023=EDGE_CURVE('',#3506,#3514,#88,.T.);
#3024=EDGE_CURVE('',#3513,#3506,#3691,.T.);
#3025=EDGE_CURVE('',#3469,#3515,#471,.T.);
#3026=EDGE_CURVE('',#3515,#3516,#3692,.T.);
#3027=EDGE_CURVE('',#3470,#3516,#472,.T.);
#3028=EDGE_CURVE('',#3517,#3445,#473,.T.);
#3029=EDGE_CURVE('',#3517,#3477,#3693,.T.);
#3030=EDGE_CURVE('',#3518,#3519,#3694,.T.);
#3031=EDGE_CURVE('',#3520,#3518,#89,.T.);
#3032=EDGE_CURVE('',#3521,#3520,#3695,.T.);
#3033=EDGE_CURVE('',#3519,#3521,#90,.T.);
#3034=EDGE_CURVE('',#3459,#3522,#474,.T.);
#3035=EDGE_CURVE('',#3522,#3503,#3696,.T.);
#3036=EDGE_CURVE('',#3462,#3523,#475,.T.);
#3037=EDGE_CURVE('',#3523,#3524,#91,.T.);
#3038=EDGE_CURVE('',#3524,#3480,#476,.T.);
#3039=EDGE_CURVE('',#3444,#3525,#477,.T.);
#3040=EDGE_CURVE('',#3499,#3525,#478,.T.);
#3041=EDGE_CURVE('',#3499,#3517,#479,.T.);
#3042=EDGE_CURVE('',#3505,#3523,#3697,.T.);
#3043=EDGE_CURVE('',#3525,#3479,#3698,.T.);
#3044=EDGE_CURVE('',#3516,#3496,#480,.T.);
#3045=EDGE_CURVE('',#3496,#3526,#481,.T.);
#3046=EDGE_CURVE('',#3526,#3443,#482,.T.);
#3047=EDGE_CURVE('',#3527,#3514,#483,.T.);
#3048=EDGE_CURVE('',#3507,#3527,#92,.T.);
#3049=EDGE_CURVE('',#3482,#3454,#484,.T.);
#3050=EDGE_CURVE('',#3483,#3501,#485,.T.);
#3051=EDGE_CURVE('',#3473,#3527,#3699,.T.);
#3052=EDGE_CURVE('',#3512,#3450,#486,.T.);
#3053=EDGE_CURVE('',#3449,#3466,#487,.T.);
#3054=EDGE_CURVE('',#3448,#3467,#488,.T.);
#3055=EDGE_CURVE('',#3521,#3457,#489,.T.);
#3056=EDGE_CURVE('',#3458,#3520,#490,.T.);
#3057=EDGE_CURVE('',#3468,#3528,#491,.T.);
#3058=EDGE_CURVE('',#3495,#3528,#492,.T.);
#3059=EDGE_CURVE('',#3495,#3515,#493,.T.);
#3060=EDGE_CURVE('',#3509,#3508,#3700,.T.);
#3061=EDGE_CURVE('',#3528,#3526,#3701,.T.);
#3062=EDGE_CURVE('',#3518,#3522,#494,.T.);
#3063=EDGE_CURVE('',#3513,#3484,#495,.T.);
#3064=EDGE_CURVE('',#3507,#3472,#3702,.T.);
#3065=EDGE_CURVE('',#3524,#3504,#3703,.T.);
#3066=EDGE_CURVE('',#3502,#3519,#496,.T.);
#3067=EDGE_CURVE('',#3492,#3488,#93,.T.);
#3068=EDGE_CURVE('',#3529,#3530,#497,.T.);
#3069=EDGE_CURVE('',#3531,#3529,#498,.T.);
#3070=EDGE_CURVE('',#3532,#3531,#499,.T.);
#3071=EDGE_CURVE('',#3533,#3532,#500,.T.);
#3072=EDGE_CURVE('',#3530,#3533,#501,.T.);
#3073=EDGE_CURVE('',#3534,#3535,#502,.T.);
#3074=EDGE_CURVE('',#3529,#3534,#503,.T.);
#3075=EDGE_CURVE('',#3530,#3535,#504,.T.);
#3076=EDGE_CURVE('',#3536,#3537,#505,.T.);
#3077=EDGE_CURVE('',#3532,#3536,#506,.T.);
#3078=EDGE_CURVE('',#3531,#3537,#507,.T.);
#3079=EDGE_CURVE('',#3538,#3536,#508,.T.);
#3080=EDGE_CURVE('',#3533,#3538,#509,.T.);
#3081=EDGE_CURVE('',#3535,#3538,#510,.T.);
#3082=EDGE_CURVE('',#3537,#3534,#511,.T.);
#3083=EDGE_CURVE('',#3539,#3540,#512,.T.);
#3084=EDGE_CURVE('',#3541,#3540,#513,.T.);
#3085=EDGE_CURVE('',#3542,#3541,#514,.T.);
#3086=EDGE_CURVE('',#3542,#3539,#515,.T.);
#3087=EDGE_CURVE('',#3543,#3543,#3704,.T.);
#3088=EDGE_CURVE('',#3544,#3545,#516,.T.);
#3089=EDGE_CURVE('',#3545,#3546,#3705,.T.);
#3090=EDGE_CURVE('',#3546,#3547,#517,.T.);
#3091=EDGE_CURVE('',#3547,#3548,#518,.T.);
#3092=EDGE_CURVE('',#3548,#3549,#519,.T.);
#3093=EDGE_CURVE('',#3549,#3550,#3706,.T.);
#3094=EDGE_CURVE('',#3550,#3551,#520,.T.);
#3095=EDGE_CURVE('',#3551,#3544,#521,.T.);
#3096=EDGE_CURVE('',#3552,#3553,#522,.T.);
#3097=EDGE_CURVE('',#3552,#3540,#94,.T.);
#3098=EDGE_CURVE('',#3553,#3539,#95,.T.);
#3099=EDGE_CURVE('',#3548,#3554,#523,.T.);
#3100=EDGE_CURVE('',#3548,#3555,#96,.T.);
#3101=EDGE_CURVE('',#3556,#3555,#524,.T.);
#3102=EDGE_CURVE('',#3554,#3556,#97,.T.);
#3103=EDGE_CURVE('',#3557,#3558,#525,.T.);
#3104=EDGE_CURVE('',#3559,#3558,#526,.T.);
#3105=EDGE_CURVE('',#3560,#3559,#527,.T.);
#3106=EDGE_CURVE('',#3561,#3560,#528,.T.);
#3107=EDGE_CURVE('',#3561,#3557,#529,.T.);
#3108=EDGE_CURVE('',#3550,#3562,#530,.T.);
#3109=EDGE_CURVE('',#3562,#3563,#531,.T.);
#3110=EDGE_CURVE('',#3551,#3563,#532,.T.);
#3111=EDGE_CURVE('',#3564,#3554,#533,.T.);
#3112=EDGE_CURVE('',#3565,#3556,#534,.T.);
#3113=EDGE_CURVE('',#3564,#3565,#98,.T.);
#3114=EDGE_CURVE('',#3566,#3553,#535,.T.);
#3115=EDGE_CURVE('',#3567,#3539,#536,.T.);
#3116=EDGE_CURVE('',#3566,#3567,#99,.T.);
#3117=EDGE_CURVE('',#3568,#3569,#537,.T.);
#3118=EDGE_CURVE('',#3569,#3570,#3707,.T.);
#3119=EDGE_CURVE('',#3570,#3552,#538,.T.);
#3120=EDGE_CURVE('',#3553,#3571,#539,.T.);
#3121=EDGE_CURVE('',#3571,#3572,#3708,.T.);
#3122=EDGE_CURVE('',#3572,#3573,#540,.T.);
#3123=EDGE_CURVE('',#3573,#3568,#541,.T.);
#3124=EDGE_CURVE('',#3574,#3575,#542,.T.);
#3125=EDGE_CURVE('',#3574,#3569,#543,.T.);
#3126=EDGE_CURVE('',#3575,#3568,#544,.T.);
#3127=EDGE_CURVE('',#3576,#3552,#545,.T.);
#3128=EDGE_CURVE('',#3577,#3576,#100,.T.);
#3129=EDGE_CURVE('',#3540,#3577,#546,.T.);
#3130=EDGE_CURVE('',#3555,#3578,#547,.T.);
#3131=EDGE_CURVE('',#3579,#3578,#548,.T.);
#3132=EDGE_CURVE('',#3580,#3579,#549,.T.);
#3133=EDGE_CURVE('',#3580,#3555,#550,.T.);
#3134=EDGE_CURVE('',#3581,#3556,#551,.T.);
#3135=EDGE_CURVE('',#3582,#3581,#552,.T.);
#3136=EDGE_CURVE('',#3582,#3565,#553,.T.);
#3137=EDGE_CURVE('',#3583,#3542,#554,.T.);
#3138=EDGE_CURVE('',#3541,#3584,#555,.T.);
#3139=EDGE_CURVE('',#3584,#3583,#556,.T.);
#3140=EDGE_CURVE('',#3566,#3576,#557,.T.);
#3141=EDGE_CURVE('',#3577,#3567,#558,.T.);
#3142=EDGE_CURVE('',#3576,#3585,#559,.T.);
#3143=EDGE_CURVE('',#3585,#3574,#3709,.T.);
#3144=EDGE_CURVE('',#3575,#3586,#560,.T.);
#3145=EDGE_CURVE('',#3586,#3587,#561,.T.);
#3146=EDGE_CURVE('',#3587,#3588,#3710,.T.);
#3147=EDGE_CURVE('',#3588,#3566,#562,.T.);
#3148=EDGE_CURVE('',#3570,#3585,#563,.T.);
#3149=EDGE_CURVE('',#3546,#3589,#564,.T.);
#3150=EDGE_CURVE('',#3589,#3564,#565,.T.);
#3151=EDGE_CURVE('',#3547,#3564,#566,.T.);
#3152=EDGE_CURVE('',#3589,#3590,#3711,.T.);
#3153=EDGE_CURVE('',#3591,#3590,#567,.T.);
#3154=EDGE_CURVE('',#3563,#3591,#568,.T.);
#3155=EDGE_CURVE('',#3562,#3592,#3712,.T.);
#3156=EDGE_CURVE('',#3554,#3592,#569,.T.);
#3157=EDGE_CURVE('',#3590,#3545,#570,.T.);
#3158=EDGE_CURVE('',#3544,#3591,#571,.T.);
#3159=EDGE_CURVE('',#3581,#3580,#572,.T.);
#3160=EDGE_CURVE('',#3584,#3577,#573,.T.);
#3161=EDGE_CURVE('',#3593,#3594,#574,.T.);
#3162=EDGE_CURVE('',#3595,#3593,#575,.T.);
#3163=EDGE_CURVE('',#3595,#3596,#576,.T.);
#3164=EDGE_CURVE('',#3594,#3596,#577,.T.);
#3165=EDGE_CURVE('',#3592,#3549,#578,.T.);
#3166=EDGE_CURVE('',#3578,#3547,#101,.T.);
#3167=EDGE_CURVE('',#3572,#3587,#579,.T.);
#3168=EDGE_CURVE('',#3588,#3571,#580,.T.);
#3169=EDGE_CURVE('',#3578,#3565,#581,.T.);
#3170=EDGE_CURVE('',#3579,#3582,#582,.T.);
#3171=EDGE_CURVE('',#3583,#3567,#583,.T.);
#3172=EDGE_CURVE('',#3597,#3594,#584,.T.);
#3173=EDGE_CURVE('',#3596,#3557,#585,.T.);
#3174=EDGE_CURVE('',#3597,#3561,#586,.T.);
#3175=EDGE_CURVE('',#3598,#3598,#3713,.T.);
#3176=EDGE_CURVE('',#3586,#3573,#587,.T.);
#3177=EDGE_CURVE('',#3599,#3559,#588,.T.);
#3178=EDGE_CURVE('',#3600,#3599,#589,.T.);
#3179=EDGE_CURVE('',#3560,#3600,#590,.T.);
#3180=EDGE_CURVE('',#3601,#3595,#591,.T.);
#3181=EDGE_CURVE('',#3601,#3558,#592,.T.);
#3182=EDGE_CURVE('',#3602,#3593,#593,.T.);
#3183=EDGE_CURVE('',#3602,#3597,#594,.T.);
#3184=EDGE_CURVE('',#3599,#3601,#595,.T.);
#3185=EDGE_CURVE('',#3600,#3602,#596,.T.);
#3186=VERTEX_POINT('',#6145);
#3187=VERTEX_POINT('',#6147);
#3188=VERTEX_POINT('',#6150);
#3189=VERTEX_POINT('',#6152);
#3190=VERTEX_POINT('',#6155);
#3191=VERTEX_POINT('',#6156);
#3192=VERTEX_POINT('',#6158);
#3193=VERTEX_POINT('',#6160);
#3194=VERTEX_POINT('',#6164);
#3195=VERTEX_POINT('',#6165);
#3196=VERTEX_POINT('',#6167);
#3197=VERTEX_POINT('',#6169);
#3198=VERTEX_POINT('',#6173);
#3199=VERTEX_POINT('',#6174);
#3200=VERTEX_POINT('',#6176);
#3201=VERTEX_POINT('',#6178);
#3202=VERTEX_POINT('',#6182);
#3203=VERTEX_POINT('',#6183);
#3204=VERTEX_POINT('',#6185);
#3205=VERTEX_POINT('',#6187);
#3206=VERTEX_POINT('',#6191);
#3207=VERTEX_POINT('',#6192);
#3208=VERTEX_POINT('',#6194);
#3209=VERTEX_POINT('',#6196);
#3210=VERTEX_POINT('',#6201);
#3211=VERTEX_POINT('',#6205);
#3212=VERTEX_POINT('',#6207);
#3213=VERTEX_POINT('',#6211);
#3214=VERTEX_POINT('',#6212);
#3215=VERTEX_POINT('',#6214);
#3216=VERTEX_POINT('',#6216);
#3217=VERTEX_POINT('',#6220);
#3218=VERTEX_POINT('',#6221);
#3219=VERTEX_POINT('',#6223);
#3220=VERTEX_POINT('',#6225);
#3221=VERTEX_POINT('',#6229);
#3222=VERTEX_POINT('',#6230);
#3223=VERTEX_POINT('',#6232);
#3224=VERTEX_POINT('',#6234);
#3225=VERTEX_POINT('',#6238);
#3226=VERTEX_POINT('',#6239);
#3227=VERTEX_POINT('',#6241);
#3228=VERTEX_POINT('',#6243);
#3229=VERTEX_POINT('',#6247);
#3230=VERTEX_POINT('',#6248);
#3231=VERTEX_POINT('',#6250);
#3232=VERTEX_POINT('',#6252);
#3233=VERTEX_POINT('',#6256);
#3234=VERTEX_POINT('',#6257);
#3235=VERTEX_POINT('',#6259);
#3236=VERTEX_POINT('',#6261);
#3237=VERTEX_POINT('',#6265);
#3238=VERTEX_POINT('',#6266);
#3239=VERTEX_POINT('',#6268);
#3240=VERTEX_POINT('',#6270);
#3241=VERTEX_POINT('',#6274);
#3242=VERTEX_POINT('',#6275);
#3243=VERTEX_POINT('',#6277);
#3244=VERTEX_POINT('',#6279);
#3245=VERTEX_POINT('',#6283);
#3246=VERTEX_POINT('',#6285);
#3247=VERTEX_POINT('',#6289);
#3248=VERTEX_POINT('',#6291);
#3249=VERTEX_POINT('',#6295);
#3250=VERTEX_POINT('',#6296);
#3251=VERTEX_POINT('',#6298);
#3252=VERTEX_POINT('',#6300);
#3253=VERTEX_POINT('',#6304);
#3254=VERTEX_POINT('',#6305);
#3255=VERTEX_POINT('',#6307);
#3256=VERTEX_POINT('',#6309);
#3257=VERTEX_POINT('',#6311);
#3258=VERTEX_POINT('',#6313);
#3259=VERTEX_POINT('',#6315);
#3260=VERTEX_POINT('',#6317);
#3261=VERTEX_POINT('',#6321);
#3262=VERTEX_POINT('',#6323);
#3263=VERTEX_POINT('',#6327);
#3264=VERTEX_POINT('',#6330);
#3265=VERTEX_POINT('',#6334);
#3266=VERTEX_POINT('',#6335);
#3267=VERTEX_POINT('',#6337);
#3268=VERTEX_POINT('',#6339);
#3269=VERTEX_POINT('',#6343);
#3270=VERTEX_POINT('',#6344);
#3271=VERTEX_POINT('',#6349);
#3272=VERTEX_POINT('',#6354);
#3273=VERTEX_POINT('',#6356);
#3274=VERTEX_POINT('',#6360);
#3275=VERTEX_POINT('',#6364);
#3276=VERTEX_POINT('',#6369);
#3277=VERTEX_POINT('',#6371);
#3278=VERTEX_POINT('',#6375);
#3279=VERTEX_POINT('',#6376);
#3280=VERTEX_POINT('',#6378);
#3281=VERTEX_POINT('',#6380);
#3282=VERTEX_POINT('',#6384);
#3283=VERTEX_POINT('',#6386);
#3284=VERTEX_POINT('',#6390);
#3285=VERTEX_POINT('',#6392);
#3286=VERTEX_POINT('',#6396);
#3287=VERTEX_POINT('',#6404);
#3288=VERTEX_POINT('',#6406);
#3289=VERTEX_POINT('',#6414);
#3290=VERTEX_POINT('',#6419);
#3291=VERTEX_POINT('',#6421);
#3292=VERTEX_POINT('',#6425);
#3293=VERTEX_POINT('',#6427);
#3294=VERTEX_POINT('',#6429);
#3295=VERTEX_POINT('',#6431);
#3296=VERTEX_POINT('',#6436);
#3297=VERTEX_POINT('',#6438);
#3298=VERTEX_POINT('',#6441);
#3299=VERTEX_POINT('',#6442);
#3300=VERTEX_POINT('',#6444);
#3301=VERTEX_POINT('',#6446);
#3302=VERTEX_POINT('',#6451);
#3303=VERTEX_POINT('',#6453);
#3304=VERTEX_POINT('',#6458);
#3305=VERTEX_POINT('',#6459);
#3306=VERTEX_POINT('',#6461);
#3307=VERTEX_POINT('',#6463);
#3308=VERTEX_POINT('',#6470);
#3309=VERTEX_POINT('',#6474);
#3310=VERTEX_POINT('',#6477);
#3311=VERTEX_POINT('',#6482);
#3312=VERTEX_POINT('',#6484);
#3313=VERTEX_POINT('',#6494);
#3314=VERTEX_POINT('',#6497);
#3315=VERTEX_POINT('',#6499);
#3316=VERTEX_POINT('',#6502);
#3317=VERTEX_POINT('',#6510);
#3318=VERTEX_POINT('',#6517);
#3319=VERTEX_POINT('',#6519);
#3320=VERTEX_POINT('',#6523);
#3321=VERTEX_POINT('',#6525);
#3322=VERTEX_POINT('',#6529);
#3323=VERTEX_POINT('',#6532);
#3324=VERTEX_POINT('',#6534);
#3325=VERTEX_POINT('',#6544);
#3326=VERTEX_POINT('',#6546);
#3327=VERTEX_POINT('',#6548);
#3328=VERTEX_POINT('',#6550);
#3329=VERTEX_POINT('',#6557);
#3330=VERTEX_POINT('',#6559);
#3331=VERTEX_POINT('',#6563);
#3332=VERTEX_POINT('',#6565);
#3333=VERTEX_POINT('',#6569);
#3334=VERTEX_POINT('',#6571);
#3335=VERTEX_POINT('',#6586);
#3336=VERTEX_POINT('',#6596);
#3337=VERTEX_POINT('',#6599);
#3338=VERTEX_POINT('',#6609);
#3339=VERTEX_POINT('',#6632);
#3340=VERTEX_POINT('',#6633);
#3341=VERTEX_POINT('',#6635);
#3342=VERTEX_POINT('',#6637);
#3343=VERTEX_POINT('',#6641);
#3344=VERTEX_POINT('',#6642);
#3345=VERTEX_POINT('',#6644);
#3346=VERTEX_POINT('',#6646);
#3347=VERTEX_POINT('',#6650);
#3348=VERTEX_POINT('',#6652);
#3349=VERTEX_POINT('',#6656);
#3350=VERTEX_POINT('',#6657);
#3351=VERTEX_POINT('',#6659);
#3352=VERTEX_POINT('',#6661);
#3353=VERTEX_POINT('',#6665);
#3354=VERTEX_POINT('',#6666);
#3355=VERTEX_POINT('',#6668);
#3356=VERTEX_POINT('',#6670);
#3357=VERTEX_POINT('',#6674);
#3358=VERTEX_POINT('',#6675);
#3359=VERTEX_POINT('',#6677);
#3360=VERTEX_POINT('',#6679);
#3361=VERTEX_POINT('',#6683);
#3362=VERTEX_POINT('',#6684);
#3363=VERTEX_POINT('',#6686);
#3364=VERTEX_POINT('',#6688);
#3365=VERTEX_POINT('',#6692);
#3366=VERTEX_POINT('',#6693);
#3367=VERTEX_POINT('',#6695);
#3368=VERTEX_POINT('',#6697);
#3369=VERTEX_POINT('',#6704);
#3370=VERTEX_POINT('',#6705);
#3371=VERTEX_POINT('',#6707);
#3372=VERTEX_POINT('',#6709);
#3373=VERTEX_POINT('',#6713);
#3374=VERTEX_POINT('',#6715);
#3375=VERTEX_POINT('',#6719);
#3376=VERTEX_POINT('',#6720);
#3377=VERTEX_POINT('',#6722);
#3378=VERTEX_POINT('',#6724);
#3379=VERTEX_POINT('',#6728);
#3380=VERTEX_POINT('',#6729);
#3381=VERTEX_POINT('',#6735);
#3382=VERTEX_POINT('',#6737);
#3383=VERTEX_POINT('',#6743);
#3384=VERTEX_POINT('',#6745);
#3385=VERTEX_POINT('',#6751);
#3386=VERTEX_POINT('',#6759);
#3387=VERTEX_POINT('',#6761);
#3388=VERTEX_POINT('',#6763);
#3389=VERTEX_POINT('',#6768);
#3390=VERTEX_POINT('',#6770);
#3391=VERTEX_POINT('',#6791);
#3392=VERTEX_POINT('',#6792);
#3393=VERTEX_POINT('',#6794);
#3394=VERTEX_POINT('',#6796);
#3395=VERTEX_POINT('',#6800);
#3396=VERTEX_POINT('',#6801);
#3397=VERTEX_POINT('',#6803);
#3398=VERTEX_POINT('',#6805);
#3399=VERTEX_POINT('',#6809);
#3400=VERTEX_POINT('',#6810);
#3401=VERTEX_POINT('',#6812);
#3402=VERTEX_POINT('',#6814);
#3403=VERTEX_POINT('',#6818);
#3404=VERTEX_POINT('',#6819);
#3405=VERTEX_POINT('',#6821);
#3406=VERTEX_POINT('',#6823);
#3407=VERTEX_POINT('',#6827);
#3408=VERTEX_POINT('',#6829);
#3409=VERTEX_POINT('',#6833);
#3410=VERTEX_POINT('',#6835);
#3411=VERTEX_POINT('',#6839);
#3412=VERTEX_POINT('',#6840);
#3413=VERTEX_POINT('',#6842);
#3414=VERTEX_POINT('',#6844);
#3415=VERTEX_POINT('',#6848);
#3416=VERTEX_POINT('',#6849);
#3417=VERTEX_POINT('',#6851);
#3418=VERTEX_POINT('',#6853);
#3419=VERTEX_POINT('',#6860);
#3420=VERTEX_POINT('',#6861);
#3421=VERTEX_POINT('',#6863);
#3422=VERTEX_POINT('',#6865);
#3423=VERTEX_POINT('',#6869);
#3424=VERTEX_POINT('',#6870);
#3425=VERTEX_POINT('',#6872);
#3426=VERTEX_POINT('',#6874);
#3427=VERTEX_POINT('',#6876);
#3428=VERTEX_POINT('',#6883);
#3429=VERTEX_POINT('',#6885);
#3430=VERTEX_POINT('',#6887);
#3431=VERTEX_POINT('',#6890);
#3432=VERTEX_POINT('',#6892);
#3433=VERTEX_POINT('',#6896);
#3434=VERTEX_POINT('',#6897);
#3435=VERTEX_POINT('',#6902);
#3436=VERTEX_POINT('',#6904);
#3437=VERTEX_POINT('',#6908);
#3438=VERTEX_POINT('',#6912);
#3439=VERTEX_POINT('',#6924);
#3440=VERTEX_POINT('',#6929);
#3441=VERTEX_POINT('',#6931);
#3442=VERTEX_POINT('',#6934);
#3443=VERTEX_POINT('',#6950);
#3444=VERTEX_POINT('',#6951);
#3445=VERTEX_POINT('',#6953);
#3446=VERTEX_POINT('',#6955);
#3447=VERTEX_POINT('',#6957);
#3448=VERTEX_POINT('',#6959);
#3449=VERTEX_POINT('',#6961);
#3450=VERTEX_POINT('',#6963);
#3451=VERTEX_POINT('',#6965);
#3452=VERTEX_POINT('',#6967);
#3453=VERTEX_POINT('',#6969);
#3454=VERTEX_POINT('',#6971);
#3455=VERTEX_POINT('',#6973);
#3456=VERTEX_POINT('',#6975);
#3457=VERTEX_POINT('',#6977);
#3458=VERTEX_POINT('',#6979);
#3459=VERTEX_POINT('',#6981);
#3460=VERTEX_POINT('',#6983);
#3461=VERTEX_POINT('',#6985);
#3462=VERTEX_POINT('',#6987);
#3463=VERTEX_POINT('',#6989);
#3464=VERTEX_POINT('',#6991);
#3465=VERTEX_POINT('',#6993);
#3466=VERTEX_POINT('',#6995);
#3467=VERTEX_POINT('',#6997);
#3468=VERTEX_POINT('',#6999);
#3469=VERTEX_POINT('',#7001);
#3470=VERTEX_POINT('',#7003);
#3471=VERTEX_POINT('',#7007);
#3472=VERTEX_POINT('',#7008);
#3473=VERTEX_POINT('',#7012);
#3474=VERTEX_POINT('',#7017);
#3475=VERTEX_POINT('',#7018);
#3476=VERTEX_POINT('',#7023);
#3477=VERTEX_POINT('',#7028);
#3478=VERTEX_POINT('',#7030);
#3479=VERTEX_POINT('',#7032);
#3480=VERTEX_POINT('',#7036);
#3481=VERTEX_POINT('',#7040);
#3482=VERTEX_POINT('',#7046);
#3483=VERTEX_POINT('',#7047);
#3484=VERTEX_POINT('',#7052);
#3485=VERTEX_POINT('',#7513);
#3486=VERTEX_POINT('',#7514);
#3487=VERTEX_POINT('',#7516);
#3488=VERTEX_POINT('',#7518);
#3489=VERTEX_POINT('',#7965);
#3490=VERTEX_POINT('',#8884);
#3491=VERTEX_POINT('',#8886);
#3492=VERTEX_POINT('',#9345);
#3493=VERTEX_POINT('',#9357);
#3494=VERTEX_POINT('',#9359);
#3495=VERTEX_POINT('',#9360);
#3496=VERTEX_POINT('',#9362);
#3497=VERTEX_POINT('',#9364);
#3498=VERTEX_POINT('',#9366);
#3499=VERTEX_POINT('',#9368);
#3500=VERTEX_POINT('',#9371);
#3501=VERTEX_POINT('',#9375);
#3502=VERTEX_POINT('',#9377);
#3503=VERTEX_POINT('',#9381);
#3504=VERTEX_POINT('',#9382);
#3505=VERTEX_POINT('',#9387);
#3506=VERTEX_POINT('',#9392);
#3507=VERTEX_POINT('',#9394);
#3508=VERTEX_POINT('',#9398);
#3509=VERTEX_POINT('',#9400);
#3510=VERTEX_POINT('',#9404);
#3511=VERTEX_POINT('',#9406);
#3512=VERTEX_POINT('',#9413);
#3513=VERTEX_POINT('',#9414);
#3514=VERTEX_POINT('',#9416);
#3515=VERTEX_POINT('',#9424);
#3516=VERTEX_POINT('',#9426);
#3517=VERTEX_POINT('',#9430);
#3518=VERTEX_POINT('',#9435);
#3519=VERTEX_POINT('',#9436);
#3520=VERTEX_POINT('',#9440);
#3521=VERTEX_POINT('',#9442);
#3522=VERTEX_POINT('',#9448);
#3523=VERTEX_POINT('',#9452);
#3524=VERTEX_POINT('',#9457);
#3525=VERTEX_POINT('',#9461);
#3526=VERTEX_POINT('',#9471);
#3527=VERTEX_POINT('',#9475);
#3528=VERTEX_POINT('',#9495);
#3529=VERTEX_POINT('',#10441);
#3530=VERTEX_POINT('',#10442);
#3531=VERTEX_POINT('',#10444);
#3532=VERTEX_POINT('',#10446);
#3533=VERTEX_POINT('',#10448);
#3534=VERTEX_POINT('',#10452);
#3535=VERTEX_POINT('',#10453);
#3536=VERTEX_POINT('',#10458);
#3537=VERTEX_POINT('',#10459);
#3538=VERTEX_POINT('',#10464);
#3539=VERTEX_POINT('',#10474);
#3540=VERTEX_POINT('',#10475);
#3541=VERTEX_POINT('',#10477);
#3542=VERTEX_POINT('',#10479);
#3543=VERTEX_POINT('',#10483);
#3544=VERTEX_POINT('',#10486);
#3545=VERTEX_POINT('',#10487);
#3546=VERTEX_POINT('',#10489);
#3547=VERTEX_POINT('',#10491);
#3548=VERTEX_POINT('',#10493);
#3549=VERTEX_POINT('',#10495);
#3550=VERTEX_POINT('',#10497);
#3551=VERTEX_POINT('',#10499);
#3552=VERTEX_POINT('',#10512);
#3553=VERTEX_POINT('',#10513);
#3554=VERTEX_POINT('',#10545);
#3555=VERTEX_POINT('',#10551);
#3556=VERTEX_POINT('',#10553);
#3557=VERTEX_POINT('',#10561);
#3558=VERTEX_POINT('',#10562);
#3559=VERTEX_POINT('',#10564);
#3560=VERTEX_POINT('',#10566);
#3561=VERTEX_POINT('',#10568);
#3562=VERTEX_POINT('',#10572);
#3563=VERTEX_POINT('',#10574);
#3564=VERTEX_POINT('',#10597);
#3565=VERTEX_POINT('',#10599);
#3566=VERTEX_POINT('',#10616);
#3567=VERTEX_POINT('',#10618);
#3568=VERTEX_POINT('',#10626);
#3569=VERTEX_POINT('',#10627);
#3570=VERTEX_POINT('',#10629);
#3571=VERTEX_POINT('',#10632);
#3572=VERTEX_POINT('',#10634);
#3573=VERTEX_POINT('',#10636);
#3574=VERTEX_POINT('',#10640);
#3575=VERTEX_POINT('',#10641);
#3576=VERTEX_POINT('',#10655);
#3577=VERTEX_POINT('',#10661);
#3578=VERTEX_POINT('',#10665);
#3579=VERTEX_POINT('',#10667);
#3580=VERTEX_POINT('',#10669);
#3581=VERTEX_POINT('',#10673);
#3582=VERTEX_POINT('',#10675);
#3583=VERTEX_POINT('',#10679);
#3584=VERTEX_POINT('',#10681);
#3585=VERTEX_POINT('',#10697);
#3586=VERTEX_POINT('',#10700);
#3587=VERTEX_POINT('',#10702);
#3588=VERTEX_POINT('',#10704);
#3589=VERTEX_POINT('',#10710);
#3590=VERTEX_POINT('',#10715);
#3591=VERTEX_POINT('',#10717);
#3592=VERTEX_POINT('',#10720);
#3593=VERTEX_POINT('',#10732);
#3594=VERTEX_POINT('',#10733);
#3595=VERTEX_POINT('',#10735);
#3596=VERTEX_POINT('',#10737);
#3597=VERTEX_POINT('',#10780);
#3598=VERTEX_POINT('',#10785);
#3599=VERTEX_POINT('',#10789);
#3600=VERTEX_POINT('',#10791);
#3601=VERTEX_POINT('',#10795);
#3602=VERTEX_POINT('',#10799);
#3603=CIRCLE('',#4584,0.9);
#3604=CIRCLE('',#4585,0.9);
#3605=CIRCLE('',#4587,0.75);
#3606=CIRCLE('',#4588,0.75);
#3607=CIRCLE('',#4590,4.875);
#3608=CIRCLE('',#4591,4.875);
#3609=CIRCLE('',#4599,4.875);
#3610=CIRCLE('',#4600,4.875);
#3611=CIRCLE('',#4601,4.875);
#3612=CIRCLE('',#4609,5.375);
#3613=CIRCLE('',#4610,5.375);
#3614=CIRCLE('',#4614,4.875);
#3615=CIRCLE('',#4615,4.875);
#3616=CIRCLE('',#4616,4.875);
#3617=CIRCLE('',#4620,1.55);
#3618=CIRCLE('',#4631,5.375);
#3619=CIRCLE('',#4632,4.875);
#3620=CIRCLE('',#4640,1.25);
#3621=CIRCLE('',#4641,1.25);
#3622=CIRCLE('',#4649,5.375);
#3623=CIRCLE('',#4651,1.75);
#3624=CIRCLE('',#4656,0.55);
#3625=CIRCLE('',#4658,0.75);
#3626=CIRCLE('',#4659,0.75);
#3627=CIRCLE('',#4661,1.75);
#3628=CIRCLE('',#4667,4.875);
#3629=CIRCLE('',#4668,4.875);
#3630=CIRCLE('',#4670,2.3);
#3631=CIRCLE('',#4671,2.3);
#3632=CIRCLE('',#4673,2.3);
#3633=CIRCLE('',#4674,2.3);
#3634=CIRCLE('',#4676,0.55);
#3635=CIRCLE('',#4680,4.875);
#3636=CIRCLE('',#4695,4.875);
#3637=CIRCLE('',#4706,4.875);
#3638=CIRCLE('',#4707,4.875);
#3639=CIRCLE('',#4708,4.875);
#3640=CIRCLE('',#4715,0.5);
#3641=CIRCLE('',#4716,0.5);
#3642=CIRCLE('',#4721,0.2);
#3643=CIRCLE('',#4722,0.2);
#3644=CIRCLE('',#4727,0.2);
#3645=CIRCLE('',#4728,0.2);
#3646=CIRCLE('',#4732,0.2);
#3647=CIRCLE('',#4733,0.5);
#3648=CIRCLE('',#4739,0.5);
#3649=CIRCLE('',#4740,0.2);
#3650=CIRCLE('',#4754,0.5);
#3651=CIRCLE('',#4755,0.5);
#3652=CIRCLE('',#4759,0.2);
#3653=CIRCLE('',#4760,0.2);
#3654=CIRCLE('',#4767,0.2);
#3655=CIRCLE('',#4768,0.2);
#3656=CIRCLE('',#4769,0.5);
#3657=CIRCLE('',#4775,0.2);
#3658=CIRCLE('',#4781,0.5);
#3659=CIRCLE('',#4782,0.2);
#3660=CIRCLE('',#4792,6.);
#3661=CIRCLE('',#4793,6.);
#3662=CIRCLE('',#4794,6.);
#3663=CIRCLE('',#4795,6.);
#3664=CIRCLE('',#4796,6.);
#3665=CIRCLE('',#4797,6.);
#3666=CIRCLE('',#4798,6.);
#3667=CIRCLE('',#4799,6.);
#3668=CIRCLE('',#4800,6.);
#3669=CIRCLE('',#4801,6.);
#3670=CIRCLE('',#4802,6.);
#3671=CIRCLE('',#4803,6.);
#3672=CIRCLE('',#4804,6.);
#3673=CIRCLE('',#4805,6.);
#3674=CIRCLE('',#4810,5.);
#3675=CIRCLE('',#4812,4.4);
#3676=CIRCLE('',#4814,5.6);
#3677=CIRCLE('',#4815,5.);
#3678=CIRCLE('',#4817,5.);
#3679=CIRCLE('',#4819,3.5);
#3680=CIRCLE('',#4822,3.5);
#3681=CIRCLE('',#4823,5.);
#3682=CIRCLE('',#4824,5.);
#3683=CIRCLE('',#4825,5.);
#3684=CIRCLE('',#4826,5.);
#3685=CIRCLE('',#4827,5.);
#3686=CIRCLE('',#4828,5.);
#3687=CIRCLE('',#4830,5.);
#3688=CIRCLE('',#4835,4.5);
#3689=CIRCLE('',#4836,4.5);
#3690=CIRCLE('',#4839,5.6);
#3691=CIRCLE('',#4840,5.);
#3692=CIRCLE('',#4842,5.);
#3693=CIRCLE('',#4844,5.);
#3694=CIRCLE('',#4847,5.);
#3695=CIRCLE('',#4848,5.6);
#3696=CIRCLE('',#4850,5.);
#3697=CIRCLE('',#4854,5.6);
#3698=CIRCLE('',#4856,5.);
#3699=CIRCLE('',#4862,5.6);
#3700=CIRCLE('',#4867,5.);
#3701=CIRCLE('',#4869,5.);
#3702=CIRCLE('',#4873,5.);
#3703=CIRCLE('',#4874,5.);
#3704=CIRCLE('',#4891,0.5);
#3705=CIRCLE('',#4893,0.3);
#3706=CIRCLE('',#4894,0.1);
#3707=CIRCLE('',#4898,0.3);
#3708=CIRCLE('',#4899,0.1);
#3709=CIRCLE('',#4905,0.3);
#3710=CIRCLE('',#4906,0.1);
#3711=CIRCLE('',#4910,0.3);
#3712=CIRCLE('',#4911,0.1);
#3713=CIRCLE('',#4927,0.5);
#3714=EDGE_LOOP('',(#1287));
#3715=EDGE_LOOP('',(#1288));
#3716=EDGE_LOOP('',(#1289));
#3717=EDGE_LOOP('',(#1290));
#3718=EDGE_LOOP('',(#1291,#1292,#1293,#1294));
#3719=EDGE_LOOP('',(#1295,#1296,#1297,#1298));
#3720=EDGE_LOOP('',(#1299,#1300,#1301,#1302));
#3721=EDGE_LOOP('',(#1303,#1304,#1305,#1306));
#3722=EDGE_LOOP('',(#1307,#1308,#1309,#1310));
#3723=EDGE_LOOP('',(#1311,#1312,#1313,#1314));
#3724=EDGE_LOOP('',(#1315,#1316,#1317,#1318));
#3725=EDGE_LOOP('',(#1319,#1320,#1321,#1322));
#3726=EDGE_LOOP('',(#1323,#1324,#1325,#1326));
#3727=EDGE_LOOP('',(#1327,#1328,#1329,#1330));
#3728=EDGE_LOOP('',(#1331,#1332,#1333,#1334));
#3729=EDGE_LOOP('',(#1335,#1336,#1337,#1338));
#3730=EDGE_LOOP('',(#1339,#1340,#1341,#1342));
#3731=EDGE_LOOP('',(#1343,#1344,#1345,#1346));
#3732=EDGE_LOOP('',(#1347,#1348,#1349,#1350));
#3733=EDGE_LOOP('',(#1351,#1352,#1353,#1354));
#3734=EDGE_LOOP('',(#1355,#1356,#1357,#1358));
#3735=EDGE_LOOP('',(#1359,#1360,#1361,#1362));
#3736=EDGE_LOOP('',(#1363,#1364,#1365,#1366,#1367,#1368,#1369,#1370));
#3737=EDGE_LOOP('',(#1371,#1372,#1373,#1374));
#3738=EDGE_LOOP('',(#1375));
#3739=EDGE_LOOP('',(#1376,#1377,#1378,#1379));
#3740=EDGE_LOOP('',(#1380,#1381,#1382,#1383));
#3741=EDGE_LOOP('',(#1384,#1385,#1386,#1387));
#3742=EDGE_LOOP('',(#1388,#1389,#1390,#1391));
#3743=EDGE_LOOP('',(#1392,#1393,#1394,#1395));
#3744=EDGE_LOOP('',(#1396,#1397,#1398,#1399));
#3745=EDGE_LOOP('',(#1400,#1401,#1402,#1403));
#3746=EDGE_LOOP('',(#1404,#1405,#1406,#1407));
#3747=EDGE_LOOP('',(#1408,#1409,#1410,#1411));
#3748=EDGE_LOOP('',(#1412,#1413,#1414,#1415));
#3749=EDGE_LOOP('',(#1416,#1417,#1418,#1419));
#3750=EDGE_LOOP('',(#1420,#1421,#1422,#1423));
#3751=EDGE_LOOP('',(#1424,#1425,#1426,#1427));
#3752=EDGE_LOOP('',(#1428,#1429,#1430,#1431));
#3753=EDGE_LOOP('',(#1432,#1433,#1434,#1435));
#3754=EDGE_LOOP('',(#1436,#1437,#1438,#1439,#1440,#1441,#1442,#1443));
#3755=EDGE_LOOP('',(#1444));
#3756=EDGE_LOOP('',(#1445));
#3757=EDGE_LOOP('',(#1446,#1447,#1448,#1449));
#3758=EDGE_LOOP('',(#1450));
#3759=EDGE_LOOP('',(#1451,#1452,#1453,#1454));
#3760=EDGE_LOOP('',(#1455));
#3761=EDGE_LOOP('',(#1456));
#3762=EDGE_LOOP('',(#1457,#1458,#1459,#1460));
#3763=EDGE_LOOP('',(#1461,#1462,#1463,#1464));
#3764=EDGE_LOOP('',(#1465,#1466,#1467,#1468));
#3765=EDGE_LOOP('',(#1469));
#3766=EDGE_LOOP('',(#1470));
#3767=EDGE_LOOP('',(#1471,#1472,#1473,#1474));
#3768=EDGE_LOOP('',(#1475,#1476,#1477,#1478));
#3769=EDGE_LOOP('',(#1479,#1480,#1481,#1482));
#3770=EDGE_LOOP('',(#1483));
#3771=EDGE_LOOP('',(#1484));
#3772=EDGE_LOOP('',(#1485));
#3773=EDGE_LOOP('',(#1486));
#3774=EDGE_LOOP('',(#1487));
#3775=EDGE_LOOP('',(#1488));
#3776=EDGE_LOOP('',(#1489));
#3777=EDGE_LOOP('',(#1490,#1491,#1492,#1493));
#3778=EDGE_LOOP('',(#1494,#1495,#1496,#1497));
#3779=EDGE_LOOP('',(#1498,#1499,#1500,#1501));
#3780=EDGE_LOOP('',(#1502,#1503,#1504,#1505));
#3781=EDGE_LOOP('',(#1506,#1507,#1508,#1509));
#3782=EDGE_LOOP('',(#1510,#1511,#1512,#1513));
#3783=EDGE_LOOP('',(#1514));
#3784=EDGE_LOOP('',(#1515));
#3785=EDGE_LOOP('',(#1516,#1517,#1518,#1519));
#3786=EDGE_LOOP('',(#1520,#1521,#1522,#1523));
#3787=EDGE_LOOP('',(#1524,#1525,#1526,#1527));
#3788=EDGE_LOOP('',(#1528,#1529,#1530,#1531,#1532,#1533,#1534,#1535));
#3789=EDGE_LOOP('',(#1536,#1537,#1538,#1539));
#3790=EDGE_LOOP('',(#1540,#1541,#1542,#1543));
#3791=EDGE_LOOP('',(#1544,#1545,#1546,#1547));
#3792=EDGE_LOOP('',(#1548,#1549,#1550,#1551));
#3793=EDGE_LOOP('',(#1552,#1553,#1554,#1555));
#3794=EDGE_LOOP('',(#1556,#1557,#1558,#1559));
#3795=EDGE_LOOP('',(#1560,#1561,#1562,#1563));
#3796=EDGE_LOOP('',(#1564,#1565,#1566,#1567));
#3797=EDGE_LOOP('',(#1568,#1569,#1570,#1571));
#3798=EDGE_LOOP('',(#1572,#1573,#1574,#1575));
#3799=EDGE_LOOP('',(#1576,#1577,#1578,#1579));
#3800=EDGE_LOOP('',(#1580,#1581,#1582,#1583,#1584,#1585));
#3801=EDGE_LOOP('',(#1586));
#3802=EDGE_LOOP('',(#1587));
#3803=EDGE_LOOP('',(#1588));
#3804=EDGE_LOOP('',(#1589,#1590,#1591,#1592));
#3805=EDGE_LOOP('',(#1593,#1594,#1595,#1596));
#3806=EDGE_LOOP('',(#1597,#1598,#1599,#1600));
#3807=EDGE_LOOP('',(#1601,#1602,#1603,#1604));
#3808=EDGE_LOOP('',(#1605,#1606,#1607,#1608));
#3809=EDGE_LOOP('',(#1609,#1610,#1611,#1612));
#3810=EDGE_LOOP('',(#1613,#1614,#1615,#1616,#1617,#1618));
#3811=EDGE_LOOP('',(#1619,#1620,#1621,#1622,#1623,#1624,#1625,#1626,#1627,
#1628,#1629,#1630));
#3812=EDGE_LOOP('',(#1631,#1632,#1633,#1634));
#3813=EDGE_LOOP('',(#1635,#1636,#1637,#1638));
#3814=EDGE_LOOP('',(#1639,#1640,#1641,#1642));
#3815=EDGE_LOOP('',(#1643,#1644,#1645,#1646,#1647,#1648,#1649,#1650));
#3816=EDGE_LOOP('',(#1651));
#3817=EDGE_LOOP('',(#1652,#1653,#1654,#1655,#1656,#1657,#1658,#1659,#1660,
#1661,#1662,#1663));
#3818=EDGE_LOOP('',(#1664,#1665,#1666,#1667));
#3819=EDGE_LOOP('',(#1668,#1669,#1670,#1671));
#3820=EDGE_LOOP('',(#1672,#1673,#1674,#1675));
#3821=EDGE_LOOP('',(#1676,#1677,#1678,#1679));
#3822=EDGE_LOOP('',(#1680,#1681,#1682,#1683));
#3823=EDGE_LOOP('',(#1684));
#3824=EDGE_LOOP('',(#1685,#1686,#1687,#1688));
#3825=EDGE_LOOP('',(#1689,#1690,#1691,#1692));
#3826=EDGE_LOOP('',(#1693,#1694,#1695,#1696));
#3827=EDGE_LOOP('',(#1697,#1698,#1699,#1700));
#3828=EDGE_LOOP('',(#1701,#1702,#1703,#1704,#1705,#1706,#1707,#1708));
#3829=EDGE_LOOP('',(#1709,#1710,#1711,#1712));
#3830=EDGE_LOOP('',(#1713,#1714,#1715,#1716));
#3831=EDGE_LOOP('',(#1717,#1718,#1719,#1720,#1721,#1722,#1723,#1724,#1725,
#1726,#1727,#1728,#1729,#1730,#1731,#1732,#1733,#1734,#1735,#1736,#1737,
#1738,#1739,#1740,#1741,#1742,#1743,#1744));
#3832=EDGE_LOOP('',(#1745,#1746,#1747,#1748));
#3833=EDGE_LOOP('',(#1749,#1750,#1751,#1752));
#3834=EDGE_LOOP('',(#1753,#1754,#1755,#1756));
#3835=EDGE_LOOP('',(#1757,#1758,#1759,#1760));
#3836=EDGE_LOOP('',(#1761,#1762,#1763,#1764));
#3837=EDGE_LOOP('',(#1765,#1766,#1767,#1768));
#3838=EDGE_LOOP('',(#1769,#1770,#1771,#1772));
#3839=EDGE_LOOP('',(#1773,#1774,#1775,#1776));
#3840=EDGE_LOOP('',(#1777,#1778,#1779,#1780));
#3841=EDGE_LOOP('',(#1781,#1782,#1783,#1784));
#3842=EDGE_LOOP('',(#1785,#1786,#1787,#1788));
#3843=EDGE_LOOP('',(#1789,#1790,#1791,#1792));
#3844=EDGE_LOOP('',(#1793,#1794,#1795,#1796,#1797,#1798,#1799,#1800,#1801,
#1802,#1803,#1804,#1805,#1806,#1807,#1808,#1809,#1810,#1811,#1812,#1813,
#1814,#1815,#1816,#1817,#1818));
#3845=EDGE_LOOP('',(#1819,#1820,#1821,#1822));
#3846=EDGE_LOOP('',(#1823,#1824,#1825,#1826));
#3847=EDGE_LOOP('',(#1827,#1828,#1829,#1830));
#3848=EDGE_LOOP('',(#1831,#1832,#1833,#1834));
#3849=EDGE_LOOP('',(#1835,#1836,#1837,#1838,#1839,#1840,#1841,#1842,#1843,
#1844,#1845,#1846,#1847,#1848,#1849,#1850,#1851,#1852,#1853,#1854,#1855,
#1856,#1857,#1858,#1859,#1860));
#3850=EDGE_LOOP('',(#1861,#1862,#1863,#1864));
#3851=EDGE_LOOP('',(#1865,#1866,#1867,#1868));
#3852=EDGE_LOOP('',(#1869,#1870,#1871,#1872));
#3853=EDGE_LOOP('',(#1873,#1874,#1875,#1876));
#3854=EDGE_LOOP('',(#1877,#1878,#1879,#1880));
#3855=EDGE_LOOP('',(#1881,#1882,#1883,#1884));
#3856=EDGE_LOOP('',(#1885,#1886,#1887,#1888));
#3857=EDGE_LOOP('',(#1889,#1890,#1891,#1892));
#3858=EDGE_LOOP('',(#1893,#1894,#1895,#1896));
#3859=EDGE_LOOP('',(#1897,#1898,#1899,#1900));
#3860=EDGE_LOOP('',(#1901,#1902,#1903,#1904));
#3861=EDGE_LOOP('',(#1905,#1906,#1907,#1908));
#3862=EDGE_LOOP('',(#1909,#1910,#1911,#1912));
#3863=EDGE_LOOP('',(#1913,#1914,#1915,#1916));
#3864=EDGE_LOOP('',(#1917,#1918,#1919,#1920));
#3865=EDGE_LOOP('',(#1921,#1922,#1923,#1924));
#3866=EDGE_LOOP('',(#1925,#1926,#1927,#1928));
#3867=EDGE_LOOP('',(#1929,#1930,#1931,#1932));
#3868=EDGE_LOOP('',(#1933,#1934,#1935,#1936));
#3869=EDGE_LOOP('',(#1937,#1938,#1939,#1940));
#3870=EDGE_LOOP('',(#1941,#1942,#1943,#1944,#1945,#1946,#1947,#1948,#1949,
#1950,#1951,#1952,#1953,#1954,#1955,#1956,#1957,#1958,#1959,#1960,#1961,
#1962,#1963,#1964,#1965,#1966));
#3871=EDGE_LOOP('',(#1967,#1968,#1969,#1970));
#3872=EDGE_LOOP('',(#1971,#1972,#1973,#1974));
#3873=EDGE_LOOP('',(#1975,#1976,#1977,#1978));
#3874=EDGE_LOOP('',(#1979,#1980,#1981,#1982));
#3875=EDGE_LOOP('',(#1983,#1984,#1985,#1986));
#3876=EDGE_LOOP('',(#1987,#1988,#1989,#1990));
#3877=EDGE_LOOP('',(#1991,#1992,#1993,#1994));
#3878=EDGE_LOOP('',(#1995,#1996,#1997,#1998));
#3879=EDGE_LOOP('',(#1999,#2000,#2001,#2002));
#3880=EDGE_LOOP('',(#2003,#2004,#2005,#2006,#2007,#2008,#2009,#2010,#2011,
#2012,#2013,#2014,#2015,#2016,#2017,#2018,#2019,#2020,#2021,#2022,#2023,
#2024,#2025,#2026,#2027,#2028));
#3881=EDGE_LOOP('',(#2029,#2030,#2031,#2032));
#3882=EDGE_LOOP('',(#2033,#2034,#2035,#2036));
#3883=EDGE_LOOP('',(#2037,#2038,#2039,#2040));
#3884=EDGE_LOOP('',(#2041,#2042,#2043,#2044));
#3885=EDGE_LOOP('',(#2045,#2046,#2047,#2048));
#3886=EDGE_LOOP('',(#2049,#2050,#2051,#2052));
#3887=EDGE_LOOP('',(#2053,#2054,#2055,#2056));
#3888=EDGE_LOOP('',(#2057,#2058,#2059,#2060,#2061,#2062,#2063,#2064,#2065,
#2066,#2067,#2068,#2069,#2070,#2071,#2072,#2073,#2074,#2075,#2076,#2077,
#2078,#2079,#2080,#2081,#2082,#2083,#2084));
#3889=EDGE_LOOP('',(#2085,#2086,#2087,#2088,#2089));
#3890=EDGE_LOOP('',(#2090,#2091,#2092,#2093,#2094));
#3891=EDGE_LOOP('',(#2095,#2096,#2097,#2098,#2099));
#3892=EDGE_LOOP('',(#2100,#2101,#2102,#2103));
#3893=EDGE_LOOP('',(#2104));
#3894=EDGE_LOOP('',(#2105,#2106,#2107,#2108));
#3895=EDGE_LOOP('',(#2109,#2110,#2111,#2112));
#3896=EDGE_LOOP('',(#2113,#2114,#2115,#2116,#2117));
#3897=EDGE_LOOP('',(#2118,#2119,#2120,#2121,#2122));
#3898=EDGE_LOOP('',(#2123,#2124,#2125));
#3899=EDGE_LOOP('',(#2126));
#3900=EDGE_LOOP('',(#2127,#2128,#2129,#2130,#2131,#2132,#2133,#2134));
#3901=EDGE_LOOP('',(#2135,#2136,#2137,#2138));
#3902=EDGE_LOOP('',(#2139,#2140,#2141,#2142,#2143));
#3903=EDGE_LOOP('',(#2144,#2145,#2146,#2147));
#3904=EDGE_LOOP('',(#2148,#2149,#2150,#2151));
#3905=EDGE_LOOP('',(#2152));
#3906=EDGE_LOOP('',(#2153));
#3907=EDGE_LOOP('',(#2154,#2155,#2156));
#3908=EDGE_LOOP('',(#2157,#2158,#2159,#2160));
#3909=EDGE_LOOP('',(#2161,#2162,#2163,#2164));
#3910=EDGE_LOOP('',(#2165,#2166,#2167,#2168));
#3911=EDGE_LOOP('',(#2169));
#3912=EDGE_LOOP('',(#2170));
#3913=EDGE_LOOP('',(#2171,#2172,#2173,#2174));
#3914=EDGE_LOOP('',(#2175,#2176,#2177,#2178));
#3915=EDGE_LOOP('',(#2179,#2180,#2181,#2182,#2183));
#3916=EDGE_LOOP('',(#2184,#2185,#2186,#2187,#2188));
#3917=EDGE_LOOP('',(#2189,#2190,#2191,#2192));
#3918=EDGE_LOOP('',(#2193,#2194,#2195,#2196));
#3919=EDGE_LOOP('',(#2197,#2198,#2199,#2200,#2201));
#3920=EDGE_LOOP('',(#2202,#2203,#2204,#2205));
#3921=EDGE_LOOP('',(#2206,#2207,#2208,#2209));
#3922=EDGE_LOOP('',(#2210,#2211,#2212,#2213,#2214));
#3923=EDGE_LOOP('',(#2215,#2216,#2217,#2218,#2219,#2220,#2221,#2222));
#3924=EDGE_LOOP('',(#2223,#2224,#2225,#2226));
#3925=EDGE_LOOP('',(#2227,#2228,#2229,#2230));
#3926=EDGE_LOOP('',(#2231,#2232,#2233,#2234,#2235));
#3927=EDGE_LOOP('',(#2236,#2237));
#3928=EDGE_LOOP('',(#2238,#2239,#2240,#2241));
#3929=EDGE_LOOP('',(#2242,#2243,#2244,#2245,#2246));
#3930=EDGE_LOOP('',(#2247,#2248,#2249,#2250,#2251));
#3931=EDGE_LOOP('',(#2252,#2253,#2254,#2255,#2256,#2257,#2258,#2259,#2260,
#2261,#2262,#2263,#2264,#2265,#2266,#2267,#2268,#2269,#2270,#2271,#2272,
#2273,#2274,#2275,#2276,#2277,#2278,#2279,#2280,#2281,#2282,#2283));
#3932=EDGE_LOOP('',(#2284,#2285,#2286,#2287));
#3933=EDGE_LOOP('',(#2288));
#3934=EDGE_LOOP('',(#2289,#2290,#2291,#2292,#2293,#2294,#2295,#2296,#2297,
#2298));
#3935=EDGE_LOOP('',(#2299,#2300,#2301,#2302));
#3936=EDGE_LOOP('',(#2303,#2304,#2305,#2306));
#3937=EDGE_LOOP('',(#2307,#2308,#2309,#2310,#2311));
#3938=EDGE_LOOP('',(#2312,#2313,#2314,#2315));
#3939=EDGE_LOOP('',(#2316));
#3940=EDGE_LOOP('',(#2317,#2318,#2319,#2320,#2321));
#3941=EDGE_LOOP('',(#2322,#2323,#2324,#2325));
#3942=EDGE_LOOP('',(#2326,#2327,#2328,#2329));
#3943=EDGE_LOOP('',(#2330,#2331,#2332,#2333));
#3944=EDGE_LOOP('',(#2334,#2335,#2336,#2337,#2338));
#3945=EDGE_LOOP('',(#2339,#2340,#2341,#2342));
#3946=EDGE_LOOP('',(#2343,#2344,#2345,#2346));
#3947=EDGE_LOOP('',(#2347,#2348,#2349,#2350));
#3948=EDGE_LOOP('',(#2351));
#3949=EDGE_LOOP('',(#2352,#2353,#2354,#2355,#2356,#2357,#2358,#2359));
#3950=EDGE_LOOP('',(#2360,#2361,#2362,#2363));
#3951=EDGE_LOOP('',(#2364,#2365,#2366,#2367));
#3952=EDGE_LOOP('',(#2368,#2369,#2370,#2371,#2372));
#3953=EDGE_LOOP('',(#2373,#2374,#2375,#2376));
#3954=EDGE_LOOP('',(#2377,#2378,#2379,#2380));
#3955=EDGE_LOOP('',(#2381,#2382,#2383,#2384));
#3956=EDGE_LOOP('',(#2385,#2386,#2387,#2388,#2389,#2390,#2391,#2392));
#3957=EDGE_LOOP('',(#2393,#2394,#2395,#2396));
#3958=EDGE_LOOP('',(#2397,#2398,#2399,#2400));
#3959=EDGE_LOOP('',(#2401,#2402,#2403,#2404));
#3960=EDGE_LOOP('',(#2405,#2406,#2407,#2408));
#3961=EDGE_LOOP('',(#2409,#2410,#2411,#2412));
#3962=EDGE_LOOP('',(#2413,#2414,#2415,#2416));
#3963=EDGE_LOOP('',(#2417,#2418,#2419,#2420,#2421,#2422,#2423,#2424));
#3964=EDGE_LOOP('',(#2425,#2426,#2427,#2428));
#3965=EDGE_LOOP('',(#2429,#2430,#2431,#2432));
#3966=EDGE_LOOP('',(#2433,#2434,#2435,#2436,#2437,#2438,#2439,#2440));
#3967=EDGE_LOOP('',(#2441,#2442,#2443,#2444));
#3968=EDGE_LOOP('',(#2445,#2446,#2447,#2448));
#3969=EDGE_LOOP('',(#2449,#2450,#2451,#2452));
#3970=EDGE_LOOP('',(#2453,#2454,#2455,#2456));
#3971=EDGE_LOOP('',(#2457,#2458,#2459,#2460));
#3972=EDGE_LOOP('',(#2461,#2462,#2463,#2464));
#3973=EDGE_LOOP('',(#2465,#2466,#2467,#2468));
#3974=EDGE_LOOP('',(#2469,#2470,#2471,#2472));
#3975=EDGE_LOOP('',(#2473,#2474,#2475,#2476));
#3976=EDGE_LOOP('',(#2477,#2478,#2479,#2480));
#3977=EDGE_LOOP('',(#2481,#2482,#2483,#2484));
#3978=EDGE_LOOP('',(#2485,#2486,#2487,#2488));
#3979=EDGE_LOOP('',(#2489,#2490,#2491,#2492));
#3980=EDGE_LOOP('',(#2493,#2494,#2495,#2496));
#3981=EDGE_LOOP('',(#2497,#2498,#2499,#2500,#2501));
#3982=EDGE_LOOP('',(#2502));
#3983=EDGE_LOOP('',(#2503));
#3984=EDGE_LOOP('',(#2504,#2505,#2506,#2507));
#3985=EDGE_LOOP('',(#2508,#2509,#2510,#2511));
#3986=EDGE_LOOP('',(#2512));
#3987=EDGE_LOOP('',(#2513,#2514,#2515,#2516,#2517));
#3988=EDGE_LOOP('',(#2518,#2519,#2520,#2521));
#3989=EDGE_LOOP('',(#2522,#2523,#2524,#2525));
#3990=EDGE_LOOP('',(#2526,#2527,#2528,#2529));
#3991=EDGE_LOOP('',(#2530,#2531,#2532,#2533));
#3992=EDGE_LOOP('',(#2534,#2535,#2536,#2537,#2538,#2539));
#3993=EDGE_LOOP('',(#2540,#2541,#2542,#2543,#2544));
#3994=EDGE_LOOP('',(#2545,#2546,#2547,#2548));
#3995=EDGE_LOOP('',(#2549,#2550,#2551,#2552));
#3996=FACE_BOUND('',#3714,.T.);
#3997=FACE_BOUND('',#3715,.T.);
#3998=FACE_BOUND('',#3716,.T.);
#3999=FACE_BOUND('',#3717,.T.);
#4000=FACE_BOUND('',#3718,.T.);
#4001=FACE_BOUND('',#3719,.T.);
#4002=FACE_BOUND('',#3720,.T.);
#4003=FACE_BOUND('',#3721,.T.);
#4004=FACE_BOUND('',#3722,.T.);
#4005=FACE_BOUND('',#3723,.T.);
#4006=FACE_BOUND('',#3724,.T.);
#4007=FACE_BOUND('',#3725,.T.);
#4008=FACE_BOUND('',#3726,.T.);
#4009=FACE_BOUND('',#3727,.T.);
#4010=FACE_BOUND('',#3728,.T.);
#4011=FACE_BOUND('',#3729,.T.);
#4012=FACE_BOUND('',#3730,.T.);
#4013=FACE_BOUND('',#3731,.T.);
#4014=FACE_BOUND('',#3732,.T.);
#4015=FACE_BOUND('',#3733,.T.);
#4016=FACE_BOUND('',#3734,.T.);
#4017=FACE_BOUND('',#3735,.T.);
#4018=FACE_BOUND('',#3736,.T.);
#4019=FACE_BOUND('',#3737,.T.);
#4020=FACE_BOUND('',#3738,.T.);
#4021=FACE_BOUND('',#3739,.T.);
#4022=FACE_BOUND('',#3740,.T.);
#4023=FACE_BOUND('',#3741,.T.);
#4024=FACE_BOUND('',#3742,.T.);
#4025=FACE_BOUND('',#3743,.T.);
#4026=FACE_BOUND('',#3744,.T.);
#4027=FACE_BOUND('',#3745,.T.);
#4028=FACE_BOUND('',#3746,.T.);
#4029=FACE_BOUND('',#3747,.T.);
#4030=FACE_BOUND('',#3748,.T.);
#4031=FACE_BOUND('',#3749,.T.);
#4032=FACE_BOUND('',#3750,.T.);
#4033=FACE_BOUND('',#3751,.T.);
#4034=FACE_BOUND('',#3752,.T.);
#4035=FACE_BOUND('',#3753,.T.);
#4036=FACE_BOUND('',#3754,.T.);
#4037=FACE_BOUND('',#3755,.T.);
#4038=FACE_BOUND('',#3756,.T.);
#4039=FACE_BOUND('',#3757,.T.);
#4040=FACE_BOUND('',#3758,.T.);
#4041=FACE_BOUND('',#3759,.T.);
#4042=FACE_BOUND('',#3760,.T.);
#4043=FACE_BOUND('',#3761,.T.);
#4044=FACE_BOUND('',#3762,.T.);
#4045=FACE_BOUND('',#3763,.T.);
#4046=FACE_BOUND('',#3764,.T.);
#4047=FACE_BOUND('',#3765,.T.);
#4048=FACE_BOUND('',#3766,.T.);
#4049=FACE_BOUND('',#3767,.T.);
#4050=FACE_BOUND('',#3768,.T.);
#4051=FACE_BOUND('',#3769,.T.);
#4052=FACE_BOUND('',#3770,.T.);
#4053=FACE_BOUND('',#3771,.T.);
#4054=FACE_BOUND('',#3772,.T.);
#4055=FACE_BOUND('',#3773,.T.);
#4056=FACE_BOUND('',#3774,.T.);
#4057=FACE_BOUND('',#3775,.T.);
#4058=FACE_BOUND('',#3776,.T.);
#4059=FACE_BOUND('',#3777,.T.);
#4060=FACE_BOUND('',#3778,.T.);
#4061=FACE_BOUND('',#3779,.T.);
#4062=FACE_BOUND('',#3780,.T.);
#4063=FACE_BOUND('',#3781,.T.);
#4064=FACE_BOUND('',#3782,.T.);
#4065=FACE_BOUND('',#3783,.T.);
#4066=FACE_BOUND('',#3784,.T.);
#4067=FACE_BOUND('',#3785,.T.);
#4068=FACE_BOUND('',#3786,.T.);
#4069=FACE_BOUND('',#3787,.T.);
#4070=FACE_BOUND('',#3788,.T.);
#4071=FACE_BOUND('',#3789,.T.);
#4072=FACE_BOUND('',#3790,.T.);
#4073=FACE_BOUND('',#3791,.T.);
#4074=FACE_BOUND('',#3792,.T.);
#4075=FACE_BOUND('',#3793,.T.);
#4076=FACE_BOUND('',#3794,.T.);
#4077=FACE_BOUND('',#3795,.T.);
#4078=FACE_BOUND('',#3796,.T.);
#4079=FACE_BOUND('',#3797,.T.);
#4080=FACE_BOUND('',#3798,.T.);
#4081=FACE_BOUND('',#3799,.T.);
#4082=FACE_BOUND('',#3800,.T.);
#4083=FACE_BOUND('',#3801,.T.);
#4084=FACE_BOUND('',#3802,.T.);
#4085=FACE_BOUND('',#3803,.T.);
#4086=FACE_BOUND('',#3804,.T.);
#4087=FACE_BOUND('',#3805,.T.);
#4088=FACE_BOUND('',#3806,.T.);
#4089=FACE_BOUND('',#3807,.T.);
#4090=FACE_BOUND('',#3808,.T.);
#4091=FACE_BOUND('',#3809,.T.);
#4092=FACE_BOUND('',#3810,.T.);
#4093=FACE_BOUND('',#3811,.T.);
#4094=FACE_BOUND('',#3812,.T.);
#4095=FACE_BOUND('',#3813,.T.);
#4096=FACE_BOUND('',#3814,.T.);
#4097=FACE_BOUND('',#3815,.T.);
#4098=FACE_BOUND('',#3816,.T.);
#4099=FACE_BOUND('',#3817,.T.);
#4100=FACE_BOUND('',#3818,.T.);
#4101=FACE_BOUND('',#3819,.T.);
#4102=FACE_BOUND('',#3820,.T.);
#4103=FACE_BOUND('',#3821,.T.);
#4104=FACE_BOUND('',#3822,.T.);
#4105=FACE_BOUND('',#3823,.T.);
#4106=FACE_BOUND('',#3824,.T.);
#4107=FACE_BOUND('',#3825,.T.);
#4108=FACE_BOUND('',#3826,.T.);
#4109=FACE_BOUND('',#3827,.T.);
#4110=FACE_BOUND('',#3828,.T.);
#4111=FACE_BOUND('',#3829,.T.);
#4112=FACE_BOUND('',#3830,.T.);
#4113=FACE_BOUND('',#3831,.T.);
#4114=FACE_BOUND('',#3832,.T.);
#4115=FACE_BOUND('',#3833,.T.);
#4116=FACE_BOUND('',#3834,.T.);
#4117=FACE_BOUND('',#3835,.T.);
#4118=FACE_BOUND('',#3836,.T.);
#4119=FACE_BOUND('',#3837,.T.);
#4120=FACE_BOUND('',#3838,.T.);
#4121=FACE_BOUND('',#3839,.T.);
#4122=FACE_BOUND('',#3840,.T.);
#4123=FACE_BOUND('',#3841,.T.);
#4124=FACE_BOUND('',#3842,.T.);
#4125=FACE_BOUND('',#3843,.T.);
#4126=FACE_BOUND('',#3844,.T.);
#4127=FACE_BOUND('',#3845,.T.);
#4128=FACE_BOUND('',#3846,.T.);
#4129=FACE_BOUND('',#3847,.T.);
#4130=FACE_BOUND('',#3848,.T.);
#4131=FACE_BOUND('',#3849,.T.);
#4132=FACE_BOUND('',#3850,.T.);
#4133=FACE_BOUND('',#3851,.T.);
#4134=FACE_BOUND('',#3852,.T.);
#4135=FACE_BOUND('',#3853,.T.);
#4136=FACE_BOUND('',#3854,.T.);
#4137=FACE_BOUND('',#3855,.T.);
#4138=FACE_BOUND('',#3856,.T.);
#4139=FACE_BOUND('',#3857,.T.);
#4140=FACE_BOUND('',#3858,.T.);
#4141=FACE_BOUND('',#3859,.T.);
#4142=FACE_BOUND('',#3860,.T.);
#4143=FACE_BOUND('',#3861,.T.);
#4144=FACE_BOUND('',#3862,.T.);
#4145=FACE_BOUND('',#3863,.T.);
#4146=FACE_BOUND('',#3864,.T.);
#4147=FACE_BOUND('',#3865,.T.);
#4148=FACE_BOUND('',#3866,.T.);
#4149=FACE_BOUND('',#3867,.T.);
#4150=FACE_BOUND('',#3868,.T.);
#4151=FACE_BOUND('',#3869,.T.);
#4152=FACE_BOUND('',#3870,.T.);
#4153=FACE_BOUND('',#3871,.T.);
#4154=FACE_BOUND('',#3872,.T.);
#4155=FACE_BOUND('',#3873,.T.);
#4156=FACE_BOUND('',#3874,.T.);
#4157=FACE_BOUND('',#3875,.T.);
#4158=FACE_BOUND('',#3876,.T.);
#4159=FACE_BOUND('',#3877,.T.);
#4160=FACE_BOUND('',#3878,.T.);
#4161=FACE_BOUND('',#3879,.T.);
#4162=FACE_BOUND('',#3880,.T.);
#4163=FACE_BOUND('',#3881,.T.);
#4164=FACE_BOUND('',#3882,.T.);
#4165=FACE_BOUND('',#3883,.T.);
#4166=FACE_BOUND('',#3884,.T.);
#4167=FACE_BOUND('',#3885,.T.);
#4168=FACE_BOUND('',#3886,.T.);
#4169=FACE_BOUND('',#3887,.T.);
#4170=FACE_BOUND('',#3888,.T.);
#4171=FACE_BOUND('',#3889,.T.);
#4172=FACE_BOUND('',#3890,.T.);
#4173=FACE_BOUND('',#3891,.T.);
#4174=FACE_BOUND('',#3892,.T.);
#4175=FACE_BOUND('',#3893,.T.);
#4176=FACE_BOUND('',#3894,.T.);
#4177=FACE_BOUND('',#3895,.T.);
#4178=FACE_BOUND('',#3896,.T.);
#4179=FACE_BOUND('',#3897,.T.);
#4180=FACE_BOUND('',#3898,.T.);
#4181=FACE_BOUND('',#3899,.T.);
#4182=FACE_BOUND('',#3900,.T.);
#4183=FACE_BOUND('',#3901,.T.);
#4184=FACE_BOUND('',#3902,.T.);
#4185=FACE_BOUND('',#3903,.T.);
#4186=FACE_BOUND('',#3904,.T.);
#4187=FACE_BOUND('',#3905,.T.);
#4188=FACE_BOUND('',#3906,.T.);
#4189=FACE_BOUND('',#3907,.T.);
#4190=FACE_BOUND('',#3908,.T.);
#4191=FACE_BOUND('',#3909,.T.);
#4192=FACE_BOUND('',#3910,.T.);
#4193=FACE_BOUND('',#3911,.T.);
#4194=FACE_BOUND('',#3912,.T.);
#4195=FACE_BOUND('',#3913,.T.);
#4196=FACE_BOUND('',#3914,.T.);
#4197=FACE_BOUND('',#3915,.T.);
#4198=FACE_BOUND('',#3916,.T.);
#4199=FACE_BOUND('',#3917,.T.);
#4200=FACE_BOUND('',#3918,.T.);
#4201=FACE_BOUND('',#3919,.T.);
#4202=FACE_BOUND('',#3920,.T.);
#4203=FACE_BOUND('',#3921,.T.);
#4204=FACE_BOUND('',#3922,.T.);
#4205=FACE_BOUND('',#3923,.T.);
#4206=FACE_BOUND('',#3924,.T.);
#4207=FACE_BOUND('',#3925,.T.);
#4208=FACE_BOUND('',#3926,.T.);
#4209=FACE_BOUND('',#3927,.T.);
#4210=FACE_BOUND('',#3928,.T.);
#4211=FACE_BOUND('',#3929,.T.);
#4212=FACE_BOUND('',#3930,.T.);
#4213=FACE_BOUND('',#3931,.T.);
#4214=FACE_BOUND('',#3932,.T.);
#4215=FACE_BOUND('',#3933,.T.);
#4216=FACE_BOUND('',#3934,.T.);
#4217=FACE_BOUND('',#3935,.T.);
#4218=FACE_BOUND('',#3936,.T.);
#4219=FACE_BOUND('',#3937,.T.);
#4220=FACE_BOUND('',#3938,.T.);
#4221=FACE_BOUND('',#3939,.T.);
#4222=FACE_BOUND('',#3940,.T.);
#4223=FACE_BOUND('',#3941,.T.);
#4224=FACE_BOUND('',#3942,.T.);
#4225=FACE_BOUND('',#3943,.T.);
#4226=FACE_BOUND('',#3944,.T.);
#4227=FACE_BOUND('',#3945,.T.);
#4228=FACE_BOUND('',#3946,.T.);
#4229=FACE_BOUND('',#3947,.T.);
#4230=FACE_BOUND('',#3948,.T.);
#4231=FACE_BOUND('',#3949,.T.);
#4232=FACE_BOUND('',#3950,.T.);
#4233=FACE_BOUND('',#3951,.T.);
#4234=FACE_BOUND('',#3952,.T.);
#4235=FACE_BOUND('',#3953,.T.);
#4236=FACE_BOUND('',#3954,.T.);
#4237=FACE_BOUND('',#3955,.T.);
#4238=FACE_BOUND('',#3956,.T.);
#4239=FACE_BOUND('',#3957,.T.);
#4240=FACE_BOUND('',#3958,.T.);
#4241=FACE_BOUND('',#3959,.T.);
#4242=FACE_BOUND('',#3960,.T.);
#4243=FACE_BOUND('',#3961,.T.);
#4244=FACE_BOUND('',#3962,.T.);
#4245=FACE_BOUND('',#3963,.T.);
#4246=FACE_BOUND('',#3964,.T.);
#4247=FACE_BOUND('',#3965,.T.);
#4248=FACE_BOUND('',#3966,.T.);
#4249=FACE_BOUND('',#3967,.T.);
#4250=FACE_BOUND('',#3968,.T.);
#4251=FACE_BOUND('',#3969,.T.);
#4252=FACE_BOUND('',#3970,.T.);
#4253=FACE_BOUND('',#3971,.T.);
#4254=FACE_BOUND('',#3972,.T.);
#4255=FACE_BOUND('',#3973,.T.);
#4256=FACE_BOUND('',#3974,.T.);
#4257=FACE_BOUND('',#3975,.T.);
#4258=FACE_BOUND('',#3976,.T.);
#4259=FACE_BOUND('',#3977,.T.);
#4260=FACE_BOUND('',#3978,.T.);
#4261=FACE_BOUND('',#3979,.T.);
#4262=FACE_BOUND('',#3980,.T.);
#4263=FACE_BOUND('',#3981,.T.);
#4264=FACE_BOUND('',#3982,.T.);
#4265=FACE_BOUND('',#3983,.T.);
#4266=FACE_BOUND('',#3984,.T.);
#4267=FACE_BOUND('',#3985,.T.);
#4268=FACE_BOUND('',#3986,.T.);
#4269=FACE_BOUND('',#3987,.T.);
#4270=FACE_BOUND('',#3988,.T.);
#4271=FACE_BOUND('',#3989,.T.);
#4272=FACE_BOUND('',#3990,.T.);
#4273=FACE_BOUND('',#3991,.T.);
#4274=FACE_BOUND('',#3992,.T.);
#4275=FACE_BOUND('',#3993,.T.);
#4276=FACE_BOUND('',#3994,.T.);
#4277=FACE_BOUND('',#3995,.T.);
#4278=CYLINDRICAL_SURFACE('',#4583,0.9);
#4279=CYLINDRICAL_SURFACE('',#4586,0.75);
#4280=CYLINDRICAL_SURFACE('',#4608,5.375);
#4281=CYLINDRICAL_SURFACE('',#4639,1.25);
#4282=CYLINDRICAL_SURFACE('',#4648,5.375);
#4283=CYLINDRICAL_SURFACE('',#4657,0.75);
#4284=CYLINDRICAL_SURFACE('',#4660,1.75);
#4285=CYLINDRICAL_SURFACE('',#4669,2.3);
#4286=CYLINDRICAL_SURFACE('',#4672,2.3);
#4287=CYLINDRICAL_SURFACE('',#4711,4.875);
#4288=CYLINDRICAL_SURFACE('',#4714,0.5);
#4289=CYLINDRICAL_SURFACE('',#4720,0.2);
#4290=CYLINDRICAL_SURFACE('',#4726,0.2);
#4291=CYLINDRICAL_SURFACE('',#4747,0.5);
#4292=CYLINDRICAL_SURFACE('',#4749,0.2);
#4293=CYLINDRICAL_SURFACE('',#4753,0.5);
#4294=CYLINDRICAL_SURFACE('',#4758,0.2);
#4295=CYLINDRICAL_SURFACE('',#4774,0.2);
#4296=CYLINDRICAL_SURFACE('',#4783,0.5);
#4297=CYLINDRICAL_SURFACE('',#4785,0.2);
#4298=CYLINDRICAL_SURFACE('',#4791,6.);
#4299=CYLINDRICAL_SURFACE('',#4834,4.5);
#4300=CYLINDRICAL_SURFACE('',#4855,5.);
#4301=CYLINDRICAL_SURFACE('',#4868,5.);
#4302=CYLINDRICAL_SURFACE('',#4872,5.);
#4303=CYLINDRICAL_SURFACE('',#4879,3.5);
#4304=CYLINDRICAL_SURFACE('',#4907,0.3);
#4305=CYLINDRICAL_SURFACE('',#4915,0.3);
#4306=CYLINDRICAL_SURFACE('',#4918,0.1);
#4307=CYLINDRICAL_SURFACE('',#4919,0.1);
#4308=CYLINDRICAL_SURFACE('',#4926,0.5);
#4309=ADVANCED_FACE('',(#3996,#3997),#4278,.F.);
#4310=ADVANCED_FACE('',(#3998,#3999),#4279,.T.);
#4311=ADVANCED_FACE('',(#4000),#1092,.F.);
#4312=ADVANCED_FACE('',(#4001),#1093,.F.);
#4313=ADVANCED_FACE('',(#4002),#1094,.F.);
#4314=ADVANCED_FACE('',(#4003),#1095,.F.);
#4315=ADVANCED_FACE('',(#4004),#1096,.T.);
#4316=ADVANCED_FACE('',(#4005),#1097,.F.);
#4317=ADVANCED_FACE('',(#4006),#1098,.F.);
#4318=ADVANCED_FACE('',(#4007),#1099,.F.);
#4319=ADVANCED_FACE('',(#4008),#1100,.T.);
#4320=ADVANCED_FACE('',(#4009),#1101,.T.);
#4321=ADVANCED_FACE('',(#4010),#1102,.F.);
#4322=ADVANCED_FACE('',(#4011),#1103,.F.);
#4323=ADVANCED_FACE('',(#4012),#1104,.T.);
#4324=ADVANCED_FACE('',(#4013),#1105,.F.);
#4325=ADVANCED_FACE('',(#4014),#4280,.T.);
#4326=ADVANCED_FACE('',(#4015),#1106,.F.);
#4327=ADVANCED_FACE('',(#4016),#1107,.T.);
#4328=ADVANCED_FACE('',(#4017),#1108,.F.);
#4329=ADVANCED_FACE('',(#4018),#1109,.F.);
#4330=ADVANCED_FACE('',(#4019),#1110,.T.);
#4331=ADVANCED_FACE('',(#4020),#1111,.T.);
#4332=ADVANCED_FACE('',(#4021),#1112,.F.);
#4333=ADVANCED_FACE('',(#4022),#1113,.T.);
#4334=ADVANCED_FACE('',(#4023),#1114,.F.);
#4335=ADVANCED_FACE('',(#4024),#1115,.T.);
#4336=ADVANCED_FACE('',(#4025),#1116,.F.);
#4337=ADVANCED_FACE('',(#4026),#1117,.F.);
#4338=ADVANCED_FACE('',(#4027),#1118,.F.);
#4339=ADVANCED_FACE('',(#4028),#1119,.T.);
#4340=ADVANCED_FACE('',(#4029),#1120,.F.);
#4341=ADVANCED_FACE('',(#4030),#1121,.T.);
#4342=ADVANCED_FACE('',(#4031),#1122,.T.);
#4343=ADVANCED_FACE('',(#4032),#1123,.F.);
#4344=ADVANCED_FACE('',(#4033),#1124,.T.);
#4345=ADVANCED_FACE('',(#4034),#68,.T.);
#4346=ADVANCED_FACE('',(#4035),#1125,.T.);
#4347=ADVANCED_FACE('',(#4036),#1126,.F.);
#4348=ADVANCED_FACE('',(#4037,#4038),#4281,.F.);
#4349=ADVANCED_FACE('',(#4039),#1127,.T.);
#4350=ADVANCED_FACE('',(#4040),#1128,.T.);
#4351=ADVANCED_FACE('',(#4041),#1129,.F.);
#4352=ADVANCED_FACE('',(#4042,#4043),#1130,.F.);
#4353=ADVANCED_FACE('',(#4044),#1131,.F.);
#4354=ADVANCED_FACE('',(#4045),#1132,.T.);
#4355=ADVANCED_FACE('',(#4046),#4282,.T.);
#4356=ADVANCED_FACE('',(#4047,#4048),#64,.T.);
#4357=ADVANCED_FACE('',(#4049),#1133,.F.);
#4358=ADVANCED_FACE('',(#4050),#1134,.T.);
#4359=ADVANCED_FACE('',(#4051),#1135,.T.);
#4360=ADVANCED_FACE('',(#4052),#1136,.T.);
#4361=ADVANCED_FACE('',(#4053,#4054),#4283,.T.);
#4362=ADVANCED_FACE('',(#4055,#4056),#4284,.T.);
#4363=ADVANCED_FACE('',(#4057,#4058),#65,.T.);
#4364=ADVANCED_FACE('',(#4059),#1137,.T.);
#4365=ADVANCED_FACE('',(#4060),#69,.T.);
#4366=ADVANCED_FACE('',(#4061),#1138,.F.);
#4367=ADVANCED_FACE('',(#4062),#1139,.F.);
#4368=ADVANCED_FACE('',(#4063),#4285,.T.);
#4369=ADVANCED_FACE('',(#4064),#4286,.T.);
#4370=ADVANCED_FACE('',(#4065,#4066),#66,.T.);
#4371=ADVANCED_FACE('',(#4067),#1140,.F.);
#4372=ADVANCED_FACE('',(#4068),#1141,.T.);
#4373=ADVANCED_FACE('',(#4069),#1142,.T.);
#4374=ADVANCED_FACE('',(#4070),#1143,.F.);
#4375=ADVANCED_FACE('',(#4071),#1144,.F.);
#4376=ADVANCED_FACE('',(#4072),#1145,.T.);
#4377=ADVANCED_FACE('',(#4073),#1146,.T.);
#4378=ADVANCED_FACE('',(#4074),#1147,.T.);
#4379=ADVANCED_FACE('',(#4075),#1148,.F.);
#4380=ADVANCED_FACE('',(#4076),#1149,.T.);
#4381=ADVANCED_FACE('',(#4077),#1150,.F.);
#4382=ADVANCED_FACE('',(#4078),#1151,.F.);
#4383=ADVANCED_FACE('',(#4079),#1152,.T.);
#4384=ADVANCED_FACE('',(#4080),#1153,.F.);
#4385=ADVANCED_FACE('',(#4081),#1154,.T.);
#4386=ADVANCED_FACE('',(#4082),#1155,.F.);
#4387=ADVANCED_FACE('',(#4083,#4084,#4085,#4086,#4087,#4088,#4089,#4090,
#4091,#4092,#4093,#4094,#4095),#1156,.T.);
#4388=ADVANCED_FACE('',(#4096),#1157,.T.);
#4389=ADVANCED_FACE('',(#4097),#1158,.F.);
#4390=ADVANCED_FACE('',(#4098),#1159,.T.);
#4391=ADVANCED_FACE('',(#4099),#1160,.F.);
#4392=ADVANCED_FACE('',(#4100),#1161,.T.);
#4393=ADVANCED_FACE('',(#4101),#1162,.F.);
#4394=ADVANCED_FACE('',(#4102),#1163,.F.);
#4395=ADVANCED_FACE('',(#4103),#1164,.T.);
#4396=ADVANCED_FACE('',(#4104),#1165,.F.);
#4397=ADVANCED_FACE('',(#4105,#4106,#4107,#4108,#4109,#4110),#1166,.F.);
#4398=ADVANCED_FACE('',(#4111),#1167,.F.);
#4399=ADVANCED_FACE('',(#4112),#1168,.T.);
#4400=ADVANCED_FACE('',(#4113),#4287,.T.);
#4401=ADVANCED_FACE('',(#4114),#1169,.F.);
#4402=ADVANCED_FACE('',(#4115),#4288,.T.);
#4403=ADVANCED_FACE('',(#4116),#1170,.F.);
#4404=ADVANCED_FACE('',(#4117),#1171,.F.);
#4405=ADVANCED_FACE('',(#4118),#1172,.F.);
#4406=ADVANCED_FACE('',(#4119),#4289,.T.);
#4407=ADVANCED_FACE('',(#4120),#1173,.F.);
#4408=ADVANCED_FACE('',(#4121),#1174,.F.);
#4409=ADVANCED_FACE('',(#4122),#1175,.F.);
#4410=ADVANCED_FACE('',(#4123),#4290,.T.);
#4411=ADVANCED_FACE('',(#4124),#1176,.F.);
#4412=ADVANCED_FACE('',(#4125),#1177,.F.);
#4413=ADVANCED_FACE('',(#4126),#1178,.T.);
#4414=ADVANCED_FACE('',(#4127),#1179,.F.);
#4415=ADVANCED_FACE('',(#4128),#1180,.F.);
#4416=ADVANCED_FACE('',(#4129),#1181,.F.);
#4417=ADVANCED_FACE('',(#4130),#1182,.F.);
#4418=ADVANCED_FACE('',(#4131),#1183,.T.);
#4419=ADVANCED_FACE('',(#4132),#1184,.F.);
#4420=ADVANCED_FACE('',(#4133),#1185,.F.);
#4421=ADVANCED_FACE('',(#4134),#1186,.F.);
#4422=ADVANCED_FACE('',(#4135),#1187,.F.);
#4423=ADVANCED_FACE('',(#4136),#1188,.F.);
#4424=ADVANCED_FACE('',(#4137),#1189,.F.);
#4425=ADVANCED_FACE('',(#4138),#4291,.T.);
#4426=ADVANCED_FACE('',(#4139),#1190,.F.);
#4427=ADVANCED_FACE('',(#4140),#4292,.T.);
#4428=ADVANCED_FACE('',(#4141),#1191,.F.);
#4429=ADVANCED_FACE('',(#4142),#1192,.F.);
#4430=ADVANCED_FACE('',(#4143),#4293,.T.);
#4431=ADVANCED_FACE('',(#4144),#1193,.F.);
#4432=ADVANCED_FACE('',(#4145),#1194,.F.);
#4433=ADVANCED_FACE('',(#4146),#4294,.T.);
#4434=ADVANCED_FACE('',(#4147),#1195,.F.);
#4435=ADVANCED_FACE('',(#4148),#1196,.F.);
#4436=ADVANCED_FACE('',(#4149),#1197,.F.);
#4437=ADVANCED_FACE('',(#4150),#1198,.F.);
#4438=ADVANCED_FACE('',(#4151),#1199,.F.);
#4439=ADVANCED_FACE('',(#4152),#1200,.T.);
#4440=ADVANCED_FACE('',(#4153),#1201,.F.);
#4441=ADVANCED_FACE('',(#4154),#1202,.F.);
#4442=ADVANCED_FACE('',(#4155),#1203,.F.);
#4443=ADVANCED_FACE('',(#4156),#1204,.F.);
#4444=ADVANCED_FACE('',(#4157),#4295,.T.);
#4445=ADVANCED_FACE('',(#4158),#1205,.F.);
#4446=ADVANCED_FACE('',(#4159),#1206,.F.);
#4447=ADVANCED_FACE('',(#4160),#1207,.F.);
#4448=ADVANCED_FACE('',(#4161),#1208,.F.);
#4449=ADVANCED_FACE('',(#4162),#1209,.F.);
#4450=ADVANCED_FACE('',(#4163),#4296,.T.);
#4451=ADVANCED_FACE('',(#4164),#1210,.F.);
#4452=ADVANCED_FACE('',(#4165),#4297,.T.);
#4453=ADVANCED_FACE('',(#4166),#1211,.F.);
#4454=ADVANCED_FACE('',(#4167),#1212,.F.);
#4455=ADVANCED_FACE('',(#4168),#1213,.F.);
#4456=ADVANCED_FACE('',(#4169),#1214,.F.);
#4457=ADVANCED_FACE('',(#4170),#4298,.T.);
#4458=ADVANCED_FACE('',(#4171),#1215,.F.);
#4459=ADVANCED_FACE('',(#4172),#1216,.F.);
#4460=ADVANCED_FACE('',(#4173),#1217,.F.);
#4461=ADVANCED_FACE('',(#4174),#1218,.F.);
#4462=ADVANCED_FACE('',(#4175),#1219,.T.);
#4463=ADVANCED_FACE('',(#4176),#70,.F.);
#4464=ADVANCED_FACE('',(#4177),#1220,.F.);
#4465=ADVANCED_FACE('',(#4178),#1221,.F.);
#4466=ADVANCED_FACE('',(#4179),#18,.F.);
#4467=ADVANCED_FACE('',(#4180),#1222,.T.);
#4468=ADVANCED_FACE('',(#4181,#4182),#1223,.T.);
#4469=ADVANCED_FACE('',(#4183),#1224,.F.);
#4470=ADVANCED_FACE('',(#4184),#1225,.F.);
#4471=ADVANCED_FACE('',(#4185),#1226,.T.);
#4472=ADVANCED_FACE('',(#4186),#1227,.F.);
#4473=ADVANCED_FACE('',(#4187,#4188),#4299,.T.);
#4474=ADVANCED_FACE('',(#4189),#1228,.T.);
#4475=ADVANCED_FACE('',(#4190),#71,.F.);
#4476=ADVANCED_FACE('',(#4191),#1229,.F.);
#4477=ADVANCED_FACE('',(#4192),#1230,.F.);
#4478=ADVANCED_FACE('',(#4193,#4194),#67,.T.);
#4479=ADVANCED_FACE('',(#4195),#72,.F.);
#4480=ADVANCED_FACE('',(#4196),#1231,.F.);
#4481=ADVANCED_FACE('',(#4197),#1232,.F.);
#4482=ADVANCED_FACE('',(#4198),#1233,.F.);
#4483=ADVANCED_FACE('',(#4199),#1234,.T.);
#4484=ADVANCED_FACE('',(#4200),#4300,.T.);
#4485=ADVANCED_FACE('',(#4201),#1235,.F.);
#4486=ADVANCED_FACE('',(#4202),#1236,.F.);
#4487=ADVANCED_FACE('',(#4203),#1237,.T.);
#4488=ADVANCED_FACE('',(#4204),#1238,.F.);
#4489=ADVANCED_FACE('',(#4205),#1239,.T.);
#4490=ADVANCED_FACE('',(#4206),#1240,.F.);
#4491=ADVANCED_FACE('',(#4207),#1241,.T.);
#4492=ADVANCED_FACE('',(#4208),#1242,.F.);
#4493=ADVANCED_FACE('',(#4209),#1243,.T.);
#4494=ADVANCED_FACE('',(#4210),#4301,.T.);
#4495=ADVANCED_FACE('',(#4211),#1244,.F.);
#4496=ADVANCED_FACE('',(#4212),#1245,.F.);
#4497=ADVANCED_FACE('',(#4213),#4302,.F.);
#4498=ADVANCED_FACE('',(#4214),#73,.F.);
#4499=ADVANCED_FACE('',(#4215,#4216),#1246,.F.);
#4500=ADVANCED_FACE('',(#4217),#74,.F.);
#4501=ADVANCED_FACE('',(#4218),#19,.F.);
#4502=ADVANCED_FACE('',(#4219),#1247,.F.);
#4503=ADVANCED_FACE('',(#4220,#4221),#4303,.F.);
#4504=ADVANCED_FACE('',(#4222),#1248,.F.);
#4505=ADVANCED_FACE('',(#4223),#1249,.T.);
#4506=ADVANCED_FACE('',(#4224),#1250,.T.);
#4507=ADVANCED_FACE('',(#4225),#1251,.T.);
#4508=ADVANCED_FACE('',(#4226),#1252,.T.);
#4509=ADVANCED_FACE('',(#4227),#1253,.T.);
#4510=ADVANCED_FACE('',(#4228),#1254,.T.);
#4511=ADVANCED_FACE('',(#4229),#1255,.T.);
#4512=ADVANCED_FACE('',(#4230),#1256,.T.);
#4513=ADVANCED_FACE('',(#4231),#1257,.T.);
#4514=ADVANCED_FACE('',(#4232),#20,.T.);
#4515=ADVANCED_FACE('',(#4233),#21,.T.);
#4516=ADVANCED_FACE('',(#4234),#1258,.F.);
#4517=ADVANCED_FACE('',(#4235),#1259,.F.);
#4518=ADVANCED_FACE('',(#4236),#22,.T.);
#4519=ADVANCED_FACE('',(#4237),#23,.T.);
#4520=ADVANCED_FACE('',(#4238),#1260,.T.);
#4521=ADVANCED_FACE('',(#4239),#1261,.F.);
#4522=ADVANCED_FACE('',(#4240),#24,.T.);
#4523=ADVANCED_FACE('',(#4241),#1262,.F.);
#4524=ADVANCED_FACE('',(#4242),#1263,.F.);
#4525=ADVANCED_FACE('',(#4243),#1264,.T.);
#4526=ADVANCED_FACE('',(#4244),#25,.T.);
#4527=ADVANCED_FACE('',(#4245),#1265,.T.);
#4528=ADVANCED_FACE('',(#4246),#4304,.T.);
#4529=ADVANCED_FACE('',(#4247),#1266,.F.);
#4530=ADVANCED_FACE('',(#4248),#1267,.F.);
#4531=ADVANCED_FACE('',(#4249),#1268,.F.);
#4532=ADVANCED_FACE('',(#4250),#1269,.T.);
#4533=ADVANCED_FACE('',(#4251),#1270,.F.);
#4534=ADVANCED_FACE('',(#4252),#4305,.T.);
#4535=ADVANCED_FACE('',(#4253),#1271,.F.);
#4536=ADVANCED_FACE('',(#4254),#1272,.F.);
#4537=ADVANCED_FACE('',(#4255),#4306,.F.);
#4538=ADVANCED_FACE('',(#4256),#26,.T.);
#4539=ADVANCED_FACE('',(#4257),#4307,.F.);
#4540=ADVANCED_FACE('',(#4258),#1273,.F.);
#4541=ADVANCED_FACE('',(#4259),#1274,.T.);
#4542=ADVANCED_FACE('',(#4260),#1275,.T.);
#4543=ADVANCED_FACE('',(#4261),#1276,.F.);
#4544=ADVANCED_FACE('',(#4262),#1277,.F.);
#4545=ADVANCED_FACE('',(#4263),#1278,.F.);
#4546=ADVANCED_FACE('',(#4264,#4265),#4308,.F.);
#4547=ADVANCED_FACE('',(#4266,#4267),#1279,.F.);
#4548=ADVANCED_FACE('',(#4268,#4269),#1280,.T.);
#4549=ADVANCED_FACE('',(#4270,#4271),#1281,.F.);
#4550=ADVANCED_FACE('',(#4272),#1282,.F.);
#4551=ADVANCED_FACE('',(#4273),#1283,.F.);
#4552=ADVANCED_FACE('',(#4274),#1284,.F.);
#4553=ADVANCED_FACE('',(#4275),#1285,.F.);
#4554=ADVANCED_FACE('',(#4276),#1286,.F.);
#4555=ADVANCED_FACE('',(#4277),#27,.T.);
#4556=CLOSED_SHELL('',(#4309,#4310,#4311,#4312,#4313,#4314,#4315,#4316,
#4317,#4318,#4319,#4320,#4321,#4322,#4323,#4324,#4325,#4326,#4327,#4328,
#4329,#4330,#4331,#4332,#4333,#4334,#4335,#4336,#4337,#4338,#4339,#4340,
#4341,#4342,#4343,#4344,#4345,#4346,#4347,#4348,#4349,#4350,#4351,#4352,
#4353,#4354,#4355,#4356,#4357,#4358,#4359,#4360,#4361,#4362,#4363,#4364,
#4365,#4366,#4367,#4368,#4369,#4370,#4371,#4372,#4373,#4374,#4375,#4376,
#4377,#4378,#4379,#4380,#4381,#4382,#4383,#4384,#4385,#4386,#4387,#4388,
#4389,#4390,#4391,#4392,#4393,#4394,#4395,#4396,#4397,#4398,#4399,#4400));
#4557=CLOSED_SHELL('',(#4401,#4402,#4403,#4404,#4405,#4406,#4407,#4408,
#4409,#4410,#4411,#4412,#4413,#4414,#4415,#4416,#4417,#4418,#4419,#4420,
#4421,#4422,#4423,#4424,#4425,#4426,#4427,#4428));
#4558=CLOSED_SHELL('',(#4429,#4430,#4431,#4432,#4433,#4434,#4435,#4436,
#4437,#4438,#4439,#4440,#4441,#4442,#4443,#4444,#4445,#4446,#4447,#4448,
#4449,#4450,#4451,#4452,#4453,#4454,#4455,#4456));
#4559=CLOSED_SHELL('',(#4457,#4458,#4459,#4460,#4461,#4462,#4463,#4464,
#4465,#4466,#4467,#4468,#4469,#4470,#4471,#4472,#4473,#4474,#4475,#4476,
#4477,#4478,#4479,#4480,#4481,#4482,#4483,#4484,#4485,#4486,#4487,#4488,
#4489,#4490,#4491,#4492,#4493,#4494,#4495,#4496,#4497,#4498,#4499,#4500,
#4501,#4502,#4503));
#4560=CLOSED_SHELL('',(#4504,#4505,#4506,#4507,#4508,#4509,#4510));
#4561=CLOSED_SHELL('',(#4511,#4512,#4513,#4514,#4515,#4516,#4517,#4518,
#4519,#4520,#4521,#4522,#4523,#4524,#4525,#4526,#4527,#4528,#4529,#4530,
#4531,#4532,#4533,#4534,#4535,#4536,#4537,#4538,#4539,#4540,#4541,#4542,
#4543,#4544,#4545,#4546,#4547,#4548,#4549,#4550,#4551,#4552,#4553,#4554,
#4555));
#4562=MANIFOLD_SOLID_BREP('\X\B6\X\F1\X\AE\X\C6-\X\A6\X\F9\X\AA\X\F85',
#4556);
#4563=MANIFOLD_SOLID_BREP('\X\BE\X\C9\X\A8\X\A47',#4557);
#4564=MANIFOLD_SOLID_BREP('\X\BE\X\C9\X\A8\X\A45',#4558);
#4565=MANIFOLD_SOLID_BREP('\X\B6\X\EA\X\A8\X\A41',#4559);
#4566=MANIFOLD_SOLID_BREP('\X\B6\X\F1\X\AE\X\C6-\X\A6\X\F9\X\AA\X\F85',
#4560);
#4567=MANIFOLD_SOLID_BREP('\X\B6\X\EA\X\A8\X\A412',#4561);
#4568=SHAPE_DEFINITION_REPRESENTATION(#10846,#4575);
#4569=SHAPE_DEFINITION_REPRESENTATION(#10847,#4576);
#4570=SHAPE_DEFINITION_REPRESENTATION(#10849,#4577);
#4571=SHAPE_DEFINITION_REPRESENTATION(#10851,#4578);
#4572=SHAPE_DEFINITION_REPRESENTATION(#10853,#4579);
#4573=SHAPE_DEFINITION_REPRESENTATION(#10855,#4580);
#4574=SHAPE_DEFINITION_REPRESENTATION(#10857,#4581);
#4575=SHAPE_REPRESENTATION('D6RLBUF1LFS',(#4582,#4712,#4751,#4790,#4880,
#4888,#4936),#10829);
#4576=SHAPE_REPRESENTATION('D6RLBUF1LFS_PART1',(#4582),#10830);
#4577=SHAPE_REPRESENTATION('D6RLBUF1LFS_PART2',(#4582),#10831);
#4578=SHAPE_REPRESENTATION('D6RLBUF1LFS_PART3',(#4582),#10832);
#4579=SHAPE_REPRESENTATION('D6RLBUF1LFS_PART4',(#4582),#10833);
#4580=SHAPE_REPRESENTATION('D6RLBUF1LFS_PART5',(#4582),#10834);
#4581=SHAPE_REPRESENTATION('D6RLBUF1LFS_PART6',(#4582),#10835);
#4582=AXIS2_PLACEMENT_3D('',#6142,#4937,#4938);
#4583=AXIS2_PLACEMENT_3D('',#6143,#4939,#4940);
#4584=AXIS2_PLACEMENT_3D('',#6144,#4941,#4942);
#4585=AXIS2_PLACEMENT_3D('',#6146,#4943,#4944);
#4586=AXIS2_PLACEMENT_3D('',#6148,#4945,#4946);
#4587=AXIS2_PLACEMENT_3D('',#6149,#4947,#4948);
#4588=AXIS2_PLACEMENT_3D('',#6151,#4949,#4950);
#4589=AXIS2_PLACEMENT_3D('',#6153,#4951,#4952);
#4590=AXIS2_PLACEMENT_3D('',#6157,#4954,#4955);
#4591=AXIS2_PLACEMENT_3D('',#6161,#4957,#4958);
#4592=AXIS2_PLACEMENT_3D('',#6162,#4959,#4960);
#4593=AXIS2_PLACEMENT_3D('',#6171,#4965,#4966);
#4594=AXIS2_PLACEMENT_3D('',#6180,#4971,#4972);
#4595=AXIS2_PLACEMENT_3D('',#6189,#4977,#4978);
#4596=AXIS2_PLACEMENT_3D('',#6198,#4983,#4984);
#4597=AXIS2_PLACEMENT_3D('',#6203,#4988,#4989);
#4598=AXIS2_PLACEMENT_3D('',#6209,#4993,#4994);
#4599=AXIS2_PLACEMENT_3D('',#6210,#4995,#4996);
#4600=AXIS2_PLACEMENT_3D('',#6213,#4997,#4998);
#4601=AXIS2_PLACEMENT_3D('',#6215,#4999,#5000);
#4602=AXIS2_PLACEMENT_3D('',#6218,#5002,#5003);
#4603=AXIS2_PLACEMENT_3D('',#6227,#5008,#5009);
#4604=AXIS2_PLACEMENT_3D('',#6236,#5014,#5015);
#4605=AXIS2_PLACEMENT_3D('',#6245,#5020,#5021);
#4606=AXIS2_PLACEMENT_3D('',#6254,#5026,#5027);
#4607=AXIS2_PLACEMENT_3D('',#6263,#5032,#5033);
#4608=AXIS2_PLACEMENT_3D('',#6272,#5038,#5039);
#4609=AXIS2_PLACEMENT_3D('',#6276,#5041,#5042);
#4610=AXIS2_PLACEMENT_3D('',#6280,#5044,#5045);
#4611=AXIS2_PLACEMENT_3D('',#6281,#5046,#5047);
#4612=AXIS2_PLACEMENT_3D('',#6287,#5051,#5052);
#4613=AXIS2_PLACEMENT_3D('',#6293,#5056,#5057);
#4614=AXIS2_PLACEMENT_3D('',#6294,#5058,#5059);
#4615=AXIS2_PLACEMENT_3D('',#6297,#5060,#5061);
#4616=AXIS2_PLACEMENT_3D('',#6299,#5062,#5063);
#4617=AXIS2_PLACEMENT_3D('',#6302,#5065,#5066);
#4618=AXIS2_PLACEMENT_3D('',#6319,#5075,#5076);
#4619=AXIS2_PLACEMENT_3D('',#6325,#5080,#5081);
#4620=AXIS2_PLACEMENT_3D('',#6326,#5082,#5083);
#4621=AXIS2_PLACEMENT_3D('',#6328,#5084,#5085);
#4622=AXIS2_PLACEMENT_3D('',#6332,#5088,#5089);
#4623=AXIS2_PLACEMENT_3D('',#6341,#5094,#5095);
#4624=AXIS2_PLACEMENT_3D('',#6347,#5099,#5100);
#4625=AXIS2_PLACEMENT_3D('',#6358,#5104,#5105);
#4626=AXIS2_PLACEMENT_3D('',#6362,#5108,#5109);
#4627=AXIS2_PLACEMENT_3D('',#6367,#5113,#5114);
#4628=AXIS2_PLACEMENT_3D('',#6373,#5118,#5119);
#4629=AXIS2_PLACEMENT_3D('',#6382,#5124,#5125);
#4630=AXIS2_PLACEMENT_3D('',#6388,#5129,#5130);
#4631=AXIS2_PLACEMENT_3D('',#6389,#5131,#5132);
#4632=AXIS2_PLACEMENT_3D('',#6393,#5134,#5135);
#4633=AXIS2_PLACEMENT_3D('',#6394,#5136,#5137);
#4634=AXIS2_PLACEMENT_3D('',#6402,#5140,#5141);
#4635=AXIS2_PLACEMENT_3D('',#6408,#5145,#5146);
#4636=AXIS2_PLACEMENT_3D('',#6416,#5149,#5150);
#4637=AXIS2_PLACEMENT_3D('',#6417,#5151,#5152);
#4638=AXIS2_PLACEMENT_3D('',#6423,#5156,#5157);
#4639=AXIS2_PLACEMENT_3D('',#6434,#5164,#5165);
#4640=AXIS2_PLACEMENT_3D('',#6435,#5166,#5167);
#4641=AXIS2_PLACEMENT_3D('',#6437,#5168,#5169);
#4642=AXIS2_PLACEMENT_3D('',#6439,#5170,#5171);
#4643=AXIS2_PLACEMENT_3D('',#6448,#5176,#5177);
#4644=AXIS2_PLACEMENT_3D('',#6449,#5178,#5179);
#4645=AXIS2_PLACEMENT_3D('',#6455,#5183,#5184);
#4646=AXIS2_PLACEMENT_3D('',#6456,#5185,#5186);
#4647=AXIS2_PLACEMENT_3D('',#6465,#5191,#5192);
#4648=AXIS2_PLACEMENT_3D('',#6468,#5195,#5196);
#4649=AXIS2_PLACEMENT_3D('',#6469,#5197,#5198);
#4650=AXIS2_PLACEMENT_3D('',#6472,#5200,#5201);
#4651=AXIS2_PLACEMENT_3D('',#6473,#5202,#5203);
#4652=AXIS2_PLACEMENT_3D('',#6475,#5204,#5205);
#4653=AXIS2_PLACEMENT_3D('',#6480,#5209,#5210);
#4654=AXIS2_PLACEMENT_3D('',#6486,#5214,#5215);
#4655=AXIS2_PLACEMENT_3D('',#6492,#5217,#5218);
#4656=AXIS2_PLACEMENT_3D('',#6493,#5219,#5220);
#4657=AXIS2_PLACEMENT_3D('',#6495,#5221,#5222);
#4658=AXIS2_PLACEMENT_3D('',#6496,#5223,#5224);
#4659=AXIS2_PLACEMENT_3D('',#6498,#5225,#5226);
#4660=AXIS2_PLACEMENT_3D('',#6500,#5227,#5228);
#4661=AXIS2_PLACEMENT_3D('',#6501,#5229,#5230);
#4662=AXIS2_PLACEMENT_3D('',#6503,#5231,#5232);
#4663=AXIS2_PLACEMENT_3D('',#6504,#5233,#5234);
#4664=AXIS2_PLACEMENT_3D('',#6507,#5237,#5238);
#4665=AXIS2_PLACEMENT_3D('',#6508,#5239,#5240);
#4666=AXIS2_PLACEMENT_3D('',#6512,#5243,#5244);
#4667=AXIS2_PLACEMENT_3D('',#6513,#5245,#5246);
#4668=AXIS2_PLACEMENT_3D('',#6514,#5247,#5248);
#4669=AXIS2_PLACEMENT_3D('',#6515,#5249,#5250);
#4670=AXIS2_PLACEMENT_3D('',#6516,#5251,#5252);
#4671=AXIS2_PLACEMENT_3D('',#6518,#5253,#5254);
#4672=AXIS2_PLACEMENT_3D('',#6521,#5256,#5257);
#4673=AXIS2_PLACEMENT_3D('',#6522,#5258,#5259);
#4674=AXIS2_PLACEMENT_3D('',#6526,#5261,#5262);
#4675=AXIS2_PLACEMENT_3D('',#6527,#5263,#5264);
#4676=AXIS2_PLACEMENT_3D('',#6528,#5265,#5266);
#4677=AXIS2_PLACEMENT_3D('',#6530,#5267,#5268);
#4678=AXIS2_PLACEMENT_3D('',#6536,#5272,#5273);
#4679=AXIS2_PLACEMENT_3D('',#6539,#5276,#5277);
#4680=AXIS2_PLACEMENT_3D('',#6540,#5278,#5279);
#4681=AXIS2_PLACEMENT_3D('',#6541,#5280,#5281);
#4682=AXIS2_PLACEMENT_3D('',#6552,#5288,#5289);
#4683=AXIS2_PLACEMENT_3D('',#6555,#5292,#5293);
#4684=AXIS2_PLACEMENT_3D('',#6561,#5297,#5298);
#4685=AXIS2_PLACEMENT_3D('',#6567,#5302,#5303);
#4686=AXIS2_PLACEMENT_3D('',#6573,#5307,#5308);
#4687=AXIS2_PLACEMENT_3D('',#6576,#5311,#5312);
#4688=AXIS2_PLACEMENT_3D('',#6579,#5315,#5316);
#4689=AXIS2_PLACEMENT_3D('',#6581,#5318,#5319);
#4690=AXIS2_PLACEMENT_3D('',#6584,#5322,#5323);
#4691=AXIS2_PLACEMENT_3D('',#6588,#5326,#5327);
#4692=AXIS2_PLACEMENT_3D('',#6590,#5329,#5330);
#4693=AXIS2_PLACEMENT_3D('',#6593,#5333,#5334);
#4694=AXIS2_PLACEMENT_3D('',#6594,#5335,#5336);
#4695=AXIS2_PLACEMENT_3D('',#6604,#5344,#5345);
#4696=AXIS2_PLACEMENT_3D('',#6605,#5346,#5347);
#4697=AXIS2_PLACEMENT_3D('',#6606,#5348,#5349);
#4698=AXIS2_PLACEMENT_3D('',#6611,#5353,#5354);
#4699=AXIS2_PLACEMENT_3D('',#6612,#5355,#5356);
#4700=AXIS2_PLACEMENT_3D('',#6614,#5358,#5359);
#4701=AXIS2_PLACEMENT_3D('',#6616,#5361,#5362);
#4702=AXIS2_PLACEMENT_3D('',#6618,#5364,#5365);
#4703=AXIS2_PLACEMENT_3D('',#6620,#5367,#5368);
#4704=AXIS2_PLACEMENT_3D('',#6621,#5369,#5370);
#4705=AXIS2_PLACEMENT_3D('',#6622,#5371,#5372);
#4706=AXIS2_PLACEMENT_3D('',#6623,#5373,#5374);
#4707=AXIS2_PLACEMENT_3D('',#6624,#5375,#5376);
#4708=AXIS2_PLACEMENT_3D('',#6625,#5377,#5378);
#4709=AXIS2_PLACEMENT_3D('',#6626,#5379,#5380);
#4710=AXIS2_PLACEMENT_3D('',#6627,#5381,#5382);
#4711=AXIS2_PLACEMENT_3D('',#6628,#5383,#5384);
#4712=AXIS2_PLACEMENT_3D('',#6629,#5385,#5386);
#4713=AXIS2_PLACEMENT_3D('',#6630,#5387,#5388);
#4714=AXIS2_PLACEMENT_3D('',#6639,#5393,#5394);
#4715=AXIS2_PLACEMENT_3D('',#6640,#5395,#5396);
#4716=AXIS2_PLACEMENT_3D('',#6645,#5398,#5399);
#4717=AXIS2_PLACEMENT_3D('',#6648,#5401,#5402);
#4718=AXIS2_PLACEMENT_3D('',#6654,#5406,#5407);
#4719=AXIS2_PLACEMENT_3D('',#6663,#5412,#5413);
#4720=AXIS2_PLACEMENT_3D('',#6672,#5418,#5419);
#4721=AXIS2_PLACEMENT_3D('',#6673,#5420,#5421);
#4722=AXIS2_PLACEMENT_3D('',#6678,#5423,#5424);
#4723=AXIS2_PLACEMENT_3D('',#6681,#5426,#5427);
#4724=AXIS2_PLACEMENT_3D('',#6690,#5432,#5433);
#4725=AXIS2_PLACEMENT_3D('',#6699,#5438,#5439);
#4726=AXIS2_PLACEMENT_3D('',#6702,#5442,#5443);
#4727=AXIS2_PLACEMENT_3D('',#6703,#5444,#5445);
#4728=AXIS2_PLACEMENT_3D('',#6708,#5447,#5448);
#4729=AXIS2_PLACEMENT_3D('',#6711,#5450,#5451);
#4730=AXIS2_PLACEMENT_3D('',#6717,#5455,#5456);
#4731=AXIS2_PLACEMENT_3D('',#6726,#5461,#5462);
#4732=AXIS2_PLACEMENT_3D('',#6738,#5470,#5471);
#4733=AXIS2_PLACEMENT_3D('',#6746,#5477,#5478);
#4734=AXIS2_PLACEMENT_3D('',#6747,#5479,#5480);
#4735=AXIS2_PLACEMENT_3D('',#6749,#5482,#5483);
#4736=AXIS2_PLACEMENT_3D('',#6753,#5486,#5487);
#4737=AXIS2_PLACEMENT_3D('',#6755,#5489,#5490);
#4738=AXIS2_PLACEMENT_3D('',#6757,#5492,#5493);
#4739=AXIS2_PLACEMENT_3D('',#6760,#5495,#5496);
#4740=AXIS2_PLACEMENT_3D('',#6767,#5501,#5502);
#4741=AXIS2_PLACEMENT_3D('',#6773,#5506,#5507);
#4742=AXIS2_PLACEMENT_3D('',#6776,#5510,#5511);
#4743=AXIS2_PLACEMENT_3D('',#6777,#5512,#5513);
#4744=AXIS2_PLACEMENT_3D('',#6778,#5514,#5515);
#4745=AXIS2_PLACEMENT_3D('',#6779,#5516,#5517);
#4746=AXIS2_PLACEMENT_3D('',#6780,#5518,#5519);
#4747=AXIS2_PLACEMENT_3D('',#6782,#5521,#5522);
#4748=AXIS2_PLACEMENT_3D('',#6783,#5523,#5524);
#4749=AXIS2_PLACEMENT_3D('',#6785,#5526,#5527);
#4750=AXIS2_PLACEMENT_3D('',#6787,#5529,#5530);
#4751=AXIS2_PLACEMENT_3D('',#6788,#5531,#5532);
#4752=AXIS2_PLACEMENT_3D('',#6789,#5533,#5534);
#4753=AXIS2_PLACEMENT_3D('',#6798,#5539,#5540);
#4754=AXIS2_PLACEMENT_3D('',#6799,#5541,#5542);
#4755=AXIS2_PLACEMENT_3D('',#6804,#5544,#5545);
#4756=AXIS2_PLACEMENT_3D('',#6807,#5547,#5548);
#4757=AXIS2_PLACEMENT_3D('',#6816,#5553,#5554);
#4758=AXIS2_PLACEMENT_3D('',#6825,#5559,#5560);
#4759=AXIS2_PLACEMENT_3D('',#6826,#5561,#5562);
#4760=AXIS2_PLACEMENT_3D('',#6830,#5564,#5565);
#4761=AXIS2_PLACEMENT_3D('',#6831,#5566,#5567);
#4762=AXIS2_PLACEMENT_3D('',#6837,#5571,#5572);
#4763=AXIS2_PLACEMENT_3D('',#6846,#5577,#5578);
#4764=AXIS2_PLACEMENT_3D('',#6855,#5583,#5584);
#4765=AXIS2_PLACEMENT_3D('',#6858,#5587,#5588);
#4766=AXIS2_PLACEMENT_3D('',#6867,#5593,#5594);
#4767=AXIS2_PLACEMENT_3D('',#6880,#5602,#5603);
#4768=AXIS2_PLACEMENT_3D('',#6886,#5607,#5608);
#4769=AXIS2_PLACEMENT_3D('',#6889,#5610,#5611);
#4770=AXIS2_PLACEMENT_3D('',#6894,#5614,#5615);
#4771=AXIS2_PLACEMENT_3D('',#6900,#5619,#5620);
#4772=AXIS2_PLACEMENT_3D('',#6906,#5624,#5625);
#4773=AXIS2_PLACEMENT_3D('',#6910,#5628,#5629);
#4774=AXIS2_PLACEMENT_3D('',#6914,#5632,#5633);
#4775=AXIS2_PLACEMENT_3D('',#6915,#5634,#5635);
#4776=AXIS2_PLACEMENT_3D('',#6916,#5636,#5637);
#4777=AXIS2_PLACEMENT_3D('',#6918,#5639,#5640);
#4778=AXIS2_PLACEMENT_3D('',#6920,#5642,#5643);
#4779=AXIS2_PLACEMENT_3D('',#6922,#5645,#5646);
#4780=AXIS2_PLACEMENT_3D('',#6926,#5649,#5650);
#4781=AXIS2_PLACEMENT_3D('',#6932,#5654,#5655);
#4782=AXIS2_PLACEMENT_3D('',#6933,#5656,#5657);
#4783=AXIS2_PLACEMENT_3D('',#6937,#5660,#5661);
#4784=AXIS2_PLACEMENT_3D('',#6939,#5663,#5664);
#4785=AXIS2_PLACEMENT_3D('',#6941,#5666,#5667);
#4786=AXIS2_PLACEMENT_3D('',#6942,#5668,#5669);
#4787=AXIS2_PLACEMENT_3D('',#6943,#5670,#5671);
#4788=AXIS2_PLACEMENT_3D('',#6944,#5672,#5673);
#4789=AXIS2_PLACEMENT_3D('',#6946,#5675,#5676);
#4790=AXIS2_PLACEMENT_3D('',#6947,#5677,#5678);
#4791=AXIS2_PLACEMENT_3D('',#6948,#5679,#5680);
#4792=AXIS2_PLACEMENT_3D('',#6949,#5681,#5682);
#4793=AXIS2_PLACEMENT_3D('',#6954,#5684,#5685);
#4794=AXIS2_PLACEMENT_3D('',#6958,#5687,#5688);
#4795=AXIS2_PLACEMENT_3D('',#6962,#5690,#5691);
#4796=AXIS2_PLACEMENT_3D('',#6966,#5693,#5694);
#4797=AXIS2_PLACEMENT_3D('',#6970,#5696,#5697);
#4798=AXIS2_PLACEMENT_3D('',#6974,#5699,#5700);
#4799=AXIS2_PLACEMENT_3D('',#6978,#5702,#5703);
#4800=AXIS2_PLACEMENT_3D('',#6982,#5705,#5706);
#4801=AXIS2_PLACEMENT_3D('',#6986,#5708,#5709);
#4802=AXIS2_PLACEMENT_3D('',#6990,#5711,#5712);
#4803=AXIS2_PLACEMENT_3D('',#6994,#5714,#5715);
#4804=AXIS2_PLACEMENT_3D('',#6998,#5717,#5718);
#4805=AXIS2_PLACEMENT_3D('',#7002,#5720,#5721);
#4806=AXIS2_PLACEMENT_3D('',#7005,#5723,#5724);
#4807=AXIS2_PLACEMENT_3D('',#7015,#5728,#5729);
#4808=AXIS2_PLACEMENT_3D('',#7026,#5733,#5734);
#4809=AXIS2_PLACEMENT_3D('',#7034,#5739,#5740);
#4810=AXIS2_PLACEMENT_3D('',#7037,#5742,#5743);
#4811=AXIS2_PLACEMENT_3D('',#7038,#5744,#5745);
#4812=AXIS2_PLACEMENT_3D('',#7039,#5746,#5747);
#4813=AXIS2_PLACEMENT_3D('',#7041,#5748,#5749);
#4814=AXIS2_PLACEMENT_3D('',#7048,#5750,#5751);
#4815=AXIS2_PLACEMENT_3D('',#7049,#5752,#5753);
#4816=AXIS2_PLACEMENT_3D('',#7050,#5754,#5755);
#4817=AXIS2_PLACEMENT_3D('',#7053,#5757,#5758);
#4818=AXIS2_PLACEMENT_3D('',#7054,#5759,#5760);
#4819=AXIS2_PLACEMENT_3D('',#7517,#5762,#5763);
#4820=AXIS2_PLACEMENT_3D('',#9353,#5767,#5768);
#4821=AXIS2_PLACEMENT_3D('',#9355,#5770,#5771);
#4822=AXIS2_PLACEMENT_3D('',#9356,#5772,#5773);
#4823=AXIS2_PLACEMENT_3D('',#9358,#5774,#5775);
#4824=AXIS2_PLACEMENT_3D('',#9361,#5776,#5777);
#4825=AXIS2_PLACEMENT_3D('',#9363,#5778,#5779);
#4826=AXIS2_PLACEMENT_3D('',#9367,#5781,#5782);
#4827=AXIS2_PLACEMENT_3D('',#9369,#5783,#5784);
#4828=AXIS2_PLACEMENT_3D('',#9370,#5785,#5786);
#4829=AXIS2_PLACEMENT_3D('',#9373,#5788,#5789);
#4830=AXIS2_PLACEMENT_3D('',#9376,#5791,#5792);
#4831=AXIS2_PLACEMENT_3D('',#9379,#5794,#5795);
#4832=AXIS2_PLACEMENT_3D('',#9390,#5799,#5800);
#4833=AXIS2_PLACEMENT_3D('',#9396,#5804,#5805);
#4834=AXIS2_PLACEMENT_3D('',#9402,#5809,#5810);
#4835=AXIS2_PLACEMENT_3D('',#9403,#5811,#5812);
#4836=AXIS2_PLACEMENT_3D('',#9405,#5813,#5814);
#4837=AXIS2_PLACEMENT_3D('',#9407,#5815,#5816);
#4838=AXIS2_PLACEMENT_3D('',#9409,#5818,#5819);
#4839=AXIS2_PLACEMENT_3D('',#9415,#5820,#5821);
#4840=AXIS2_PLACEMENT_3D('',#9421,#5822,#5823);
#4841=AXIS2_PLACEMENT_3D('',#9422,#5824,#5825);
#4842=AXIS2_PLACEMENT_3D('',#9425,#5827,#5828);
#4843=AXIS2_PLACEMENT_3D('',#9428,#5830,#5831);
#4844=AXIS2_PLACEMENT_3D('',#9431,#5833,#5834);
#4845=AXIS2_PLACEMENT_3D('',#9432,#5835,#5836);
#4846=AXIS2_PLACEMENT_3D('',#9433,#5837,#5838);
#4847=AXIS2_PLACEMENT_3D('',#9434,#5839,#5840);
#4848=AXIS2_PLACEMENT_3D('',#9441,#5841,#5842);
#4849=AXIS2_PLACEMENT_3D('',#9446,#5843,#5844);
#4850=AXIS2_PLACEMENT_3D('',#9449,#5846,#5847);
#4851=AXIS2_PLACEMENT_3D('',#9450,#5848,#5849);
#4852=AXIS2_PLACEMENT_3D('',#9459,#5852,#5853);
#4853=AXIS2_PLACEMENT_3D('',#9464,#5857,#5858);
#4854=AXIS2_PLACEMENT_3D('',#9465,#5859,#5860);
#4855=AXIS2_PLACEMENT_3D('',#9466,#5861,#5862);
#4856=AXIS2_PLACEMENT_3D('',#9467,#5863,#5864);
#4857=AXIS2_PLACEMENT_3D('',#9468,#5865,#5866);
#4858=AXIS2_PLACEMENT_3D('',#9473,#5870,#5871);
#4859=AXIS2_PLACEMENT_3D('',#9480,#5873,#5874);
#4860=AXIS2_PLACEMENT_3D('',#9482,#5876,#5877);
#4861=AXIS2_PLACEMENT_3D('',#9484,#5879,#5880);
#4862=AXIS2_PLACEMENT_3D('',#9485,#5881,#5882);
#4863=AXIS2_PLACEMENT_3D('',#9488,#5885,#5886);
#4864=AXIS2_PLACEMENT_3D('',#9490,#5888,#5889);
#4865=AXIS2_PLACEMENT_3D('',#9493,#5892,#5893);
#4866=AXIS2_PLACEMENT_3D('',#9498,#5897,#5898);
#4867=AXIS2_PLACEMENT_3D('',#9499,#5899,#5900);
#4868=AXIS2_PLACEMENT_3D('',#9500,#5901,#5902);
#4869=AXIS2_PLACEMENT_3D('',#9501,#5903,#5904);
#4870=AXIS2_PLACEMENT_3D('',#9502,#5905,#5906);
#4871=AXIS2_PLACEMENT_3D('',#9504,#5908,#5909);
#4872=AXIS2_PLACEMENT_3D('',#9506,#5911,#5912);
#4873=AXIS2_PLACEMENT_3D('',#9507,#5913,#5914);
#4874=AXIS2_PLACEMENT_3D('',#9508,#5915,#5916);
#4875=AXIS2_PLACEMENT_3D('',#9510,#5918,#5919);
#4876=AXIS2_PLACEMENT_3D('',#9511,#5920,#5921);
#4877=AXIS2_PLACEMENT_3D('',#9512,#5922,#5923);
#4878=AXIS2_PLACEMENT_3D('',#10436,#5924,#5925);
#4879=AXIS2_PLACEMENT_3D('',#10437,#5926,#5927);
#4880=AXIS2_PLACEMENT_3D('',#10438,#5928,#5929);
#4881=AXIS2_PLACEMENT_3D('',#10439,#5930,#5931);
#4882=AXIS2_PLACEMENT_3D('',#10450,#5937,#5938);
#4883=AXIS2_PLACEMENT_3D('',#10456,#5942,#5943);
#4884=AXIS2_PLACEMENT_3D('',#10462,#5947,#5948);
#4885=AXIS2_PLACEMENT_3D('',#10466,#5951,#5952);
#4886=AXIS2_PLACEMENT_3D('',#10469,#5955,#5956);
#4887=AXIS2_PLACEMENT_3D('',#10470,#5957,#5958);
#4888=AXIS2_PLACEMENT_3D('',#10471,#5959,#5960);
#4889=AXIS2_PLACEMENT_3D('',#10472,#5961,#5962);
#4890=AXIS2_PLACEMENT_3D('',#10481,#5967,#5968);
#4891=AXIS2_PLACEMENT_3D('',#10482,#5969,#5970);
#4892=AXIS2_PLACEMENT_3D('',#10484,#5971,#5972);
#4893=AXIS2_PLACEMENT_3D('',#10488,#5974,#5975);
#4894=AXIS2_PLACEMENT_3D('',#10496,#5979,#5980);
#4895=AXIS2_PLACEMENT_3D('',#10559,#5986,#5987);
#4896=AXIS2_PLACEMENT_3D('',#10570,#5993,#5994);
#4897=AXIS2_PLACEMENT_3D('',#10624,#6002,#6003);
#4898=AXIS2_PLACEMENT_3D('',#10628,#6005,#6006);
#4899=AXIS2_PLACEMENT_3D('',#10633,#6009,#6010);
#4900=AXIS2_PLACEMENT_3D('',#10638,#6013,#6014);
#4901=AXIS2_PLACEMENT_3D('',#10663,#6020,#6021);
#4902=AXIS2_PLACEMENT_3D('',#10671,#6026,#6027);
#4903=AXIS2_PLACEMENT_3D('',#10677,#6031,#6032);
#4904=AXIS2_PLACEMENT_3D('',#10695,#6038,#6039);
#4905=AXIS2_PLACEMENT_3D('',#10698,#6041,#6042);
#4906=AXIS2_PLACEMENT_3D('',#10703,#6045,#6046);
#4907=AXIS2_PLACEMENT_3D('',#10706,#6048,#6049);
#4908=AXIS2_PLACEMENT_3D('',#10708,#6051,#6052);
#4909=AXIS2_PLACEMENT_3D('',#10713,#6056,#6057);
#4910=AXIS2_PLACEMENT_3D('',#10714,#6058,#6059);
#4911=AXIS2_PLACEMENT_3D('',#10719,#6062,#6063);
#4912=AXIS2_PLACEMENT_3D('',#10722,#6065,#6066);
#4913=AXIS2_PLACEMENT_3D('',#10725,#6069,#6070);
#4914=AXIS2_PLACEMENT_3D('',#10727,#6072,#6073);
#4915=AXIS2_PLACEMENT_3D('',#10729,#6075,#6076);
#4916=AXIS2_PLACEMENT_3D('',#10730,#6077,#6078);
#4917=AXIS2_PLACEMENT_3D('',#10739,#6083,#6084);
#4918=AXIS2_PLACEMENT_3D('',#10741,#6086,#6087);
#4919=AXIS2_PLACEMENT_3D('',#10767,#6088,#6089);
#4920=AXIS2_PLACEMENT_3D('',#10770,#6092,#6093);
#4921=AXIS2_PLACEMENT_3D('',#10773,#6096,#6097);
#4922=AXIS2_PLACEMENT_3D('',#10774,#6098,#6099);
#4923=AXIS2_PLACEMENT_3D('',#10776,#6101,#6102);
#4924=AXIS2_PLACEMENT_3D('',#10777,#6103,#6104);
#4925=AXIS2_PLACEMENT_3D('',#10778,#6105,#6106);
#4926=AXIS2_PLACEMENT_3D('',#10783,#6110,#6111);
#4927=AXIS2_PLACEMENT_3D('',#10784,#6112,#6113);
#4928=AXIS2_PLACEMENT_3D('',#10786,#6114,#6115);
#4929=AXIS2_PLACEMENT_3D('',#10793,#6120,#6121);
#4930=AXIS2_PLACEMENT_3D('',#10797,#6124,#6125);
#4931=AXIS2_PLACEMENT_3D('',#10801,#6128,#6129);
#4932=AXIS2_PLACEMENT_3D('',#10802,#6130,#6131);
#4933=AXIS2_PLACEMENT_3D('',#10804,#6133,#6134);
#4934=AXIS2_PLACEMENT_3D('',#10806,#6136,#6137);
#4935=AXIS2_PLACEMENT_3D('',#10807,#6138,#6139);
#4936=AXIS2_PLACEMENT_3D('',#10828,#6140,#6141);
#4937=DIRECTION('',(0.,0.,1.));
#4938=DIRECTION('',(1.,0.,0.));
#4939=DIRECTION('',(0.,1.,0.));
#4940=DIRECTION('',(0.,0.,-1.));
#4941=DIRECTION('',(0.,-1.,0.));
#4942=DIRECTION('',(0.,0.,-1.));
#4943=DIRECTION('',(0.,-1.,0.));
#4944=DIRECTION('',(0.,0.,-1.));
#4945=DIRECTION('',(0.,-1.,0.));
#4946=DIRECTION('',(0.,0.,1.));
#4947=DIRECTION('',(0.,1.,0.));
#4948=DIRECTION('',(0.,0.,-1.));
#4949=DIRECTION('',(0.,-1.,0.));
#4950=DIRECTION('',(0.,0.,-1.));
#4951=DIRECTION('',(0.,-1.,0.));
#4952=DIRECTION('',(0.,0.,-1.));
#4953=DIRECTION('',(-1.,0.,0.));
#4954=DIRECTION('',(0.,-1.,0.));
#4955=DIRECTION('',(0.,0.,-1.));
#4956=DIRECTION('',(1.,0.,0.));
#4957=DIRECTION('',(0.,-1.,0.));
#4958=DIRECTION('',(0.,0.,-1.));
#4959=DIRECTION('',(0.,-0.258819045102518,0.965925826289069));
#4960=DIRECTION('',(-1.,0.,0.));
#4961=DIRECTION('',(-0.250562807085736,0.935113126531027,0.250562807085735));
#4962=DIRECTION('',(-1.,0.,0.));
#4963=DIRECTION('',(-0.250562807085735,-0.935113126531028,-0.250562807085735));
#4964=DIRECTION('',(1.,0.,0.));
#4965=DIRECTION('',(0.,0.,-1.));
#4966=DIRECTION('',(0.,-1.,0.));
#4967=DIRECTION('',(0.,1.,0.));
#4968=DIRECTION('',(-1.,0.,0.));
#4969=DIRECTION('',(0.,1.,0.));
#4970=DIRECTION('',(1.,0.,0.));
#4971=DIRECTION('',(0.,0.,-1.));
#4972=DIRECTION('',(0.,-1.,0.));
#4973=DIRECTION('',(0.,1.,0.));
#4974=DIRECTION('',(-1.,0.,0.));
#4975=DIRECTION('',(0.,1.,0.));
#4976=DIRECTION('',(1.,0.,0.));
#4977=DIRECTION('',(-1.,0.,0.));
#4978=DIRECTION('',(0.,0.,1.));
#4979=DIRECTION('',(0.,0.,1.));
#4980=DIRECTION('',(0.,1.,0.));
#4981=DIRECTION('',(0.,0.,1.));
#4982=DIRECTION('',(0.,1.,0.));
#4983=DIRECTION('',(-1.,0.,0.));
#4984=DIRECTION('',(0.,0.,1.));
#4985=DIRECTION('',(0.,0.,1.));
#4986=DIRECTION('',(0.,1.,0.));
#4987=DIRECTION('',(0.,0.,-1.));
#4988=DIRECTION('',(0.,-0.258819045102518,-0.965925826289069));
#4989=DIRECTION('',(0.,-0.965925826289069,0.258819045102518));
#4990=DIRECTION('',(-0.250562807085735,-0.935113126531028,0.250562807085735));
#4991=DIRECTION('',(1.,0.,0.));
#4992=DIRECTION('',(-0.250562807085735,0.935113126531028,-0.250562807085735));
#4993=DIRECTION('',(0.,-1.,0.));
#4994=DIRECTION('',(0.,0.,-1.));
#4995=DIRECTION('',(0.,1.,0.));
#4996=DIRECTION('',(0.,0.,1.));
#4997=DIRECTION('',(0.,1.,0.));
#4998=DIRECTION('',(0.,0.,-1.));
#4999=DIRECTION('',(0.,1.,0.));
#5000=DIRECTION('',(0.,0.,1.));
#5001=DIRECTION('',(-1.,0.,0.));
#5002=DIRECTION('',(1.,0.,0.));
#5003=DIRECTION('',(0.,1.,0.));
#5004=DIRECTION('',(0.,0.,-1.));
#5005=DIRECTION('',(0.,1.,0.));
#5006=DIRECTION('',(0.,0.,-1.));
#5007=DIRECTION('',(0.,1.,0.));
#5008=DIRECTION('',(0.,0.,-1.));
#5009=DIRECTION('',(0.,-1.,0.));
#5010=DIRECTION('',(-1.,0.,0.));
#5011=DIRECTION('',(0.,1.,0.));
#5012=DIRECTION('',(-1.,0.,0.));
#5013=DIRECTION('',(0.,1.,0.));
#5014=DIRECTION('',(1.,0.,0.));
#5015=DIRECTION('',(0.,1.,0.));
#5016=DIRECTION('',(1.08673617379883E-14,0.,1.));
#5017=DIRECTION('',(0.,1.,0.));
#5018=DIRECTION('',(-1.08673617379883E-14,0.,-1.));
#5019=DIRECTION('',(0.,1.,0.));
#5020=DIRECTION('',(1.,0.,0.));
#5021=DIRECTION('',(0.,1.,0.));
#5022=DIRECTION('',(0.,0.,1.));
#5023=DIRECTION('',(0.,-1.,0.));
#5024=DIRECTION('',(0.,0.,1.));
#5025=DIRECTION('',(0.,-1.,0.));
#5026=DIRECTION('',(1.,0.,0.));
#5027=DIRECTION('',(0.,1.,0.));
#5028=DIRECTION('',(0.,0.,-1.));
#5029=DIRECTION('',(0.,1.,0.));
#5030=DIRECTION('',(0.,0.,-1.));
#5031=DIRECTION('',(0.,1.,0.));
#5032=DIRECTION('',(-1.,0.,0.));
#5033=DIRECTION('',(0.,0.,1.));
#5034=DIRECTION('',(0.,0.,1.));
#5035=DIRECTION('',(0.,1.,0.));
#5036=DIRECTION('',(0.,0.,-1.));
#5037=DIRECTION('',(0.,1.,0.));
#5038=DIRECTION('',(0.,-1.,0.));
#5039=DIRECTION('',(0.,0.,1.));
#5040=DIRECTION('',(0.,1.,0.));
#5041=DIRECTION('',(0.,-1.,0.));
#5042=DIRECTION('',(0.,0.,-1.));
#5043=DIRECTION('',(0.,1.,0.));
#5044=DIRECTION('',(0.,1.,0.));
#5045=DIRECTION('',(0.,0.,-1.));
#5046=DIRECTION('',(-0.965925826289069,-0.258819045102518,0.));
#5047=DIRECTION('',(-0.258819045102518,0.965925826289069,0.));
#5048=DIRECTION('',(0.,0.,-1.));
#5049=DIRECTION('',(-0.250562807085735,0.935113126531028,0.250562807085735));
#5050=DIRECTION('',(0.,0.,1.));
#5051=DIRECTION('',(0.,0.,1.));
#5052=DIRECTION('',(1.,0.,0.));
#5053=DIRECTION('',(1.,0.,0.));
#5054=DIRECTION('',(0.,1.,0.));
#5055=DIRECTION('',(1.,0.,0.));
#5056=DIRECTION('',(0.,-1.,0.));
#5057=DIRECTION('',(0.,0.,-1.));
#5058=DIRECTION('',(0.,1.,0.));
#5059=DIRECTION('',(0.,0.,1.));
#5060=DIRECTION('',(0.,1.,0.));
#5061=DIRECTION('',(0.,0.,-1.));
#5062=DIRECTION('',(0.,1.,0.));
#5063=DIRECTION('',(0.,0.,1.));
#5064=DIRECTION('',(1.,0.,0.));
#5065=DIRECTION('',(0.,0.,1.));
#5066=DIRECTION('',(1.,0.,0.));
#5067=DIRECTION('',(1.,0.,0.));
#5068=DIRECTION('',(0.,1.,0.));
#5069=DIRECTION('',(-1.,0.,0.));
#5070=DIRECTION('',(0.,1.,0.));
#5071=DIRECTION('',(1.,0.,0.));
#5072=DIRECTION('',(0.,1.,0.));
#5073=DIRECTION('',(-1.,0.,0.));
#5074=DIRECTION('',(0.,1.,0.));
#5075=DIRECTION('',(1.,0.,0.));
#5076=DIRECTION('',(0.,1.,0.));
#5077=DIRECTION('',(0.,0.,-1.));
#5078=DIRECTION('',(0.,0.,-1.));
#5079=DIRECTION('',(0.,1.,0.));
#5080=DIRECTION('',(0.,-1.,0.));
#5081=DIRECTION('',(0.,0.,-1.));
#5082=DIRECTION('',(0.,-1.,0.));
#5083=DIRECTION('',(0.,0.,-1.));
#5084=DIRECTION('',(0.,1.,0.));
#5085=DIRECTION('',(1.,0.,0.));
#5086=DIRECTION('',(0.,0.,1.));
#5087=DIRECTION('',(-1.,0.,0.));
#5088=DIRECTION('',(1.,0.,0.));
#5089=DIRECTION('',(0.,1.,0.));
#5090=DIRECTION('',(0.,0.,-1.));
#5091=DIRECTION('',(0.,1.,0.));
#5092=DIRECTION('',(0.,0.,-1.));
#5093=DIRECTION('',(0.,1.,0.));
#5094=DIRECTION('',(1.,0.,0.));
#5095=DIRECTION('',(0.,1.,0.));
#5096=DIRECTION('',(0.,1.,0.));
#5097=DIRECTION('',(0.,0.,-1.));
#5098=DIRECTION('',(0.,0.,1.));
#5099=DIRECTION('',(1.,1.80900681370578E-31,7.69414389157112E-47));
#5100=DIRECTION('',(0.,-4.25324207364898E-16,1.));
#5101=DIRECTION('',(0.,1.,0.));
#5102=DIRECTION('',(0.,1.,0.));
#5103=DIRECTION('',(1.04253242073648E-14,0.,-1.));
#5104=DIRECTION('',(-0.965925826289069,-0.258819045102518,0.));
#5105=DIRECTION('',(-0.258819045102518,0.965925826289069,0.));
#5106=DIRECTION('',(-0.250562807085736,0.935113126531027,-0.250562807085735));
#5107=DIRECTION('',(0.,0.,-1.));
#5108=DIRECTION('',(1.,0.,0.));
#5109=DIRECTION('',(0.,1.,0.));
#5110=DIRECTION('',(0.,1.,0.));
#5111=DIRECTION('',(0.,0.,-1.));
#5112=DIRECTION('',(0.,0.,1.));
#5113=DIRECTION('',(0.,0.,1.));
#5114=DIRECTION('',(1.,0.,0.));
#5115=DIRECTION('',(0.,-1.,0.));
#5116=DIRECTION('',(0.,-1.,0.));
#5117=DIRECTION('',(-1.,0.,0.));
#5118=DIRECTION('',(-1.,0.,0.));
#5119=DIRECTION('',(0.,0.,1.));
#5120=DIRECTION('',(0.,0.,1.));
#5121=DIRECTION('',(0.,1.,0.));
#5122=DIRECTION('',(0.,0.,1.));
#5123=DIRECTION('',(0.,1.,0.));
#5124=DIRECTION('',(-1.,0.,0.));
#5125=DIRECTION('',(0.,0.,1.));
#5126=DIRECTION('',(0.,0.,1.));
#5127=DIRECTION('',(0.,0.,-1.));
#5128=DIRECTION('',(0.,1.,0.));
#5129=DIRECTION('',(0.,-1.,0.));
#5130=DIRECTION('',(0.,0.,-1.));
#5131=DIRECTION('',(0.,1.,0.));
#5132=DIRECTION('',(0.,0.,-1.));
#5133=DIRECTION('',(1.04253242073648E-14,0.,1.));
#5134=DIRECTION('',(0.,-1.,0.));
#5135=DIRECTION('',(0.,0.,-1.));
#5136=DIRECTION('',(-1.,0.,0.));
#5137=DIRECTION('',(0.,1.,0.));
#5138=DIRECTION('',(0.,1.,0.));
#5139=DIRECTION('',(-1.04253242073648E-14,0.,1.));
#5140=DIRECTION('',(0.,0.,1.));
#5141=DIRECTION('',(1.,0.,0.));
#5142=DIRECTION('',(0.,-1.,0.));
#5143=DIRECTION('',(1.,0.,0.));
#5144=DIRECTION('',(0.,-1.,0.));
#5145=DIRECTION('',(1.,1.80900681370578E-31,7.69414389157112E-47));
#5146=DIRECTION('',(0.,-4.25324207364898E-16,1.));
#5147=DIRECTION('',(0.,1.,0.));
#5148=DIRECTION('',(-1.04253242073648E-14,0.,-1.));
#5149=DIRECTION('',(0.,-1.,0.));
#5150=DIRECTION('',(0.,0.,-1.));
#5151=DIRECTION('',(0.,0.,-1.));
#5152=DIRECTION('',(0.,-1.,0.));
#5153=DIRECTION('',(-1.,0.,0.));
#5154=DIRECTION('',(-1.,0.,0.));
#5155=DIRECTION('',(0.,1.,0.));
#5156=DIRECTION('',(0.,0.,1.));
#5157=DIRECTION('',(1.,0.,0.));
#5158=DIRECTION('',(1.,0.,0.));
#5159=DIRECTION('',(0.,1.,0.));
#5160=DIRECTION('',(-1.,0.,0.));
#5161=DIRECTION('',(0.,1.,0.));
#5162=DIRECTION('',(1.,0.,0.));
#5163=DIRECTION('',(-1.,0.,0.));
#5164=DIRECTION('',(0.,1.,0.));
#5165=DIRECTION('',(0.,0.,-1.));
#5166=DIRECTION('',(0.,-1.,0.));
#5167=DIRECTION('',(0.,0.,-1.));
#5168=DIRECTION('',(0.,-1.,0.));
#5169=DIRECTION('',(0.,0.,-1.));
#5170=DIRECTION('',(-1.,0.,0.));
#5171=DIRECTION('',(0.,0.,1.));
#5172=DIRECTION('',(0.,0.,1.));
#5173=DIRECTION('',(0.,1.,0.));
#5174=DIRECTION('',(0.,0.,1.));
#5175=DIRECTION('',(0.,1.,0.));
#5176=DIRECTION('',(0.,1.,0.));
#5177=DIRECTION('',(1.,0.,0.));
#5178=DIRECTION('',(1.,0.,0.));
#5179=DIRECTION('',(0.,1.,0.));
#5180=DIRECTION('',(0.,0.,-1.));
#5181=DIRECTION('',(0.,1.,0.));
#5182=DIRECTION('',(0.,0.,1.));
#5183=DIRECTION('',(0.,-1.,0.));
#5184=DIRECTION('',(0.,0.,-1.));
#5185=DIRECTION('',(0.,0.,-1.));
#5186=DIRECTION('',(0.,-1.,0.));
#5187=DIRECTION('',(0.,-1.,0.));
#5188=DIRECTION('',(-1.,0.,0.));
#5189=DIRECTION('',(0.,-1.,0.));
#5190=DIRECTION('',(1.,0.,0.));
#5191=DIRECTION('',(0.,0.,1.));
#5192=DIRECTION('',(1.,0.,0.));
#5193=DIRECTION('',(1.,0.,0.));
#5194=DIRECTION('',(1.,0.,0.));
#5195=DIRECTION('',(0.,-1.,0.));
#5196=DIRECTION('',(0.,0.,1.));
#5197=DIRECTION('',(0.,-1.,0.));
#5198=DIRECTION('',(0.,0.,-1.));
#5199=DIRECTION('',(0.,1.,0.));
#5200=DIRECTION('',(0.,-1.,0.));
#5201=DIRECTION('',(0.,0.,-1.));
#5202=DIRECTION('',(0.,1.,0.));
#5203=DIRECTION('',(0.,0.,-1.));
#5204=DIRECTION('',(0.,-0.258819045102518,0.965925826289069));
#5205=DIRECTION('',(-1.,0.,0.));
#5206=DIRECTION('',(-1.,0.,0.));
#5207=DIRECTION('',(-0.250562807085735,-0.935113126531028,-0.250562807085735));
#5208=DIRECTION('',(1.,0.,0.));
#5209=DIRECTION('',(1.,0.,0.));
#5210=DIRECTION('',(0.,1.,0.));
#5211=DIRECTION('',(0.,0.,-1.));
#5212=DIRECTION('',(0.,1.,0.));
#5213=DIRECTION('',(0.,0.,-1.));
#5214=DIRECTION('',(-1.,0.,0.));
#5215=DIRECTION('',(0.,1.,0.));
#5216=DIRECTION('',(0.,1.,0.));
#5217=DIRECTION('',(0.,-1.,0.));
#5218=DIRECTION('',(0.,0.,-1.));
#5219=DIRECTION('',(0.,-1.,0.));
#5220=DIRECTION('',(0.,0.,1.));
#5221=DIRECTION('',(0.,-1.,0.));
#5222=DIRECTION('',(0.,0.,1.));
#5223=DIRECTION('',(0.,1.,0.));
#5224=DIRECTION('',(0.,0.,1.));
#5225=DIRECTION('',(0.,-1.,0.));
#5226=DIRECTION('',(0.,0.,1.));
#5227=DIRECTION('',(0.,-1.,0.));
#5228=DIRECTION('',(0.,0.,1.));
#5229=DIRECTION('',(0.,-1.,0.));
#5230=DIRECTION('',(0.,0.,-1.));
#5231=DIRECTION('',(0.,1.,0.));
#5232=DIRECTION('',(0.,0.,1.));
#5233=DIRECTION('',(0.,0.,1.));
#5234=DIRECTION('',(1.,0.,0.));
#5235=DIRECTION('',(1.,0.,0.));
#5236=DIRECTION('',(1.,0.,0.));
#5237=DIRECTION('',(0.,-1.,0.));
#5238=DIRECTION('',(0.,0.,-1.));
#5239=DIRECTION('',(0.965925826289069,-0.258819045102517,0.));
#5240=DIRECTION('',(0.,0.,-1.));
#5241=DIRECTION('',(-0.250562807085735,-0.935113126531028,0.250562807085735));
#5242=DIRECTION('',(0.,0.,1.));
#5243=DIRECTION('',(0.,-1.,0.));
#5244=DIRECTION('',(0.,0.,-1.));
#5245=DIRECTION('',(0.,-1.,0.));
#5246=DIRECTION('',(0.,0.,-1.));
#5247=DIRECTION('',(0.,-1.,0.));
#5248=DIRECTION('',(0.,0.,-1.));
#5249=DIRECTION('',(0.,1.,0.));
#5250=DIRECTION('',(0.,0.,-1.));
#5251=DIRECTION('',(0.,1.,0.));
#5252=DIRECTION('',(0.,0.,1.));
#5253=DIRECTION('',(0.,1.,0.));
#5254=DIRECTION('',(0.,0.,1.));
#5255=DIRECTION('',(0.,-1.,0.));
#5256=DIRECTION('',(0.,1.,0.));
#5257=DIRECTION('',(0.,0.,-1.));
#5258=DIRECTION('',(0.,1.,0.));
#5259=DIRECTION('',(0.,0.,-1.));
#5260=DIRECTION('',(0.,-1.,0.));
#5261=DIRECTION('',(0.,1.,0.));
#5262=DIRECTION('',(0.,0.,-1.));
#5263=DIRECTION('',(0.,-1.,0.));
#5264=DIRECTION('',(0.,0.,-1.));
#5265=DIRECTION('',(0.,-1.,0.));
#5266=DIRECTION('',(0.,0.,-1.));
#5267=DIRECTION('',(1.,0.,0.));
#5268=DIRECTION('',(0.,1.,0.));
#5269=DIRECTION('',(0.,0.,-1.));
#5270=DIRECTION('',(0.,1.,0.));
#5271=DIRECTION('',(0.,0.,1.));
#5272=DIRECTION('',(0.,0.,1.));
#5273=DIRECTION('',(1.,0.,0.));
#5274=DIRECTION('',(1.,0.,0.));
#5275=DIRECTION('',(1.,0.,0.));
#5276=DIRECTION('',(0.,-1.,0.));
#5277=DIRECTION('',(0.,0.,-1.));
#5278=DIRECTION('',(0.,-1.,0.));
#5279=DIRECTION('',(0.,0.,-1.));
#5280=DIRECTION('',(0.,0.,-1.));
#5281=DIRECTION('',(0.,-1.,0.));
#5282=DIRECTION('',(-1.,0.,0.));
#5283=DIRECTION('',(1.,0.,0.));
#5284=DIRECTION('',(0.,1.,0.));
#5285=DIRECTION('',(-1.,0.,0.));
#5286=DIRECTION('',(0.,1.,0.));
#5287=DIRECTION('',(1.,0.,0.));
#5288=DIRECTION('',(1.,0.,0.));
#5289=DIRECTION('',(0.,1.,0.));
#5290=DIRECTION('',(-1.08673617379883E-14,0.,1.));
#5291=DIRECTION('',(1.08673617379883E-14,0.,-1.));
#5292=DIRECTION('',(0.,0.,-1.));
#5293=DIRECTION('',(0.,-1.,0.));
#5294=DIRECTION('',(-1.,0.,0.));
#5295=DIRECTION('',(-1.,0.,0.));
#5296=DIRECTION('',(0.,1.,0.));
#5297=DIRECTION('',(0.,0.,1.));
#5298=DIRECTION('',(1.,0.,0.));
#5299=DIRECTION('',(1.,0.,0.));
#5300=DIRECTION('',(0.,1.,0.));
#5301=DIRECTION('',(1.,0.,0.));
#5302=DIRECTION('',(1.,0.,0.));
#5303=DIRECTION('',(0.,1.,0.));
#5304=DIRECTION('',(0.,0.,-1.));
#5305=DIRECTION('',(0.,0.,-1.));
#5306=DIRECTION('',(0.,1.,0.));
#5307=DIRECTION('',(0.,0.,-1.));
#5308=DIRECTION('',(0.,-1.,0.));
#5309=DIRECTION('',(0.,-1.,0.));
#5310=DIRECTION('',(0.,-1.,0.));
#5311=DIRECTION('',(-0.496686511837686,0.,-0.867930013859707));
#5312=DIRECTION('',(-0.867930013859707,0.,0.496686511837686));
#5313=DIRECTION('',(-0.867930013859705,0.,0.49668651183769));
#5314=DIRECTION('',(-0.867930013859705,0.,0.49668651183769));
#5315=DIRECTION('',(0.,0.,1.));
#5316=DIRECTION('',(1.,0.,0.));
#5317=DIRECTION('',(-1.,0.,0.));
#5318=DIRECTION('',(-1.,0.,0.));
#5319=DIRECTION('',(0.,0.,1.));
#5320=DIRECTION('',(-1.08673617379883E-14,0.,-1.));
#5321=DIRECTION('',(1.08673617379883E-14,0.,1.));
#5322=DIRECTION('',(-1.,0.,0.));
#5323=DIRECTION('',(0.,0.,1.));
#5324=DIRECTION('',(0.,0.,1.));
#5325=DIRECTION('',(0.,1.,0.));
#5326=DIRECTION('',(0.965925826289069,-0.258819045102518,0.));
#5327=DIRECTION('',(0.,0.,-1.));
#5328=DIRECTION('',(0.,0.,1.));
#5329=DIRECTION('',(0.,0.,-1.));
#5330=DIRECTION('',(0.,-1.,0.));
#5331=DIRECTION('',(-1.,0.,0.));
#5332=DIRECTION('',(-1.,0.,0.));
#5333=DIRECTION('',(0.,1.,0.));
#5334=DIRECTION('',(1.,0.,0.));
#5335=DIRECTION('',(0.,-1.,0.));
#5336=DIRECTION('',(0.,0.,-1.));
#5337=DIRECTION('',(0.,0.,-1.));
#5338=DIRECTION('',(-1.,0.,0.));
#5339=DIRECTION('',(1.,0.,0.));
#5340=DIRECTION('',(1.08673617379883E-14,0.,-1.));
#5341=DIRECTION('',(1.,0.,0.));
#5342=DIRECTION('',(0.,0.,1.));
#5343=DIRECTION('',(-1.,0.,0.));
#5344=DIRECTION('',(0.,1.,0.));
#5345=DIRECTION('',(0.,0.,1.));
#5346=DIRECTION('',(0.,1.,0.));
#5347=DIRECTION('',(1.,0.,0.));
#5348=DIRECTION('',(0.,0.,-1.));
#5349=DIRECTION('',(0.,-1.,0.));
#5350=DIRECTION('',(-1.,0.,0.));
#5351=DIRECTION('',(-1.,0.,0.));
#5352=DIRECTION('',(0.,1.,0.));
#5353=DIRECTION('',(0.,-1.,0.));
#5354=DIRECTION('',(0.,0.,-1.));
#5355=DIRECTION('',(0.,1.,0.));
#5356=DIRECTION('',(1.,0.,0.));
#5357=DIRECTION('',(0.,0.,1.));
#5358=DIRECTION('',(0.,1.,0.));
#5359=DIRECTION('',(1.,0.,0.));
#5360=DIRECTION('',(-1.08673617379883E-14,0.,1.));
#5361=DIRECTION('',(0.,-0.258819045102518,-0.965925826289069));
#5362=DIRECTION('',(0.,-0.965925826289069,0.258819045102518));
#5363=DIRECTION('',(1.,0.,0.));
#5364=DIRECTION('',(0.,0.,1.));
#5365=DIRECTION('',(1.,0.,0.));
#5366=DIRECTION('',(0.,1.,0.));
#5367=DIRECTION('',(0.,0.,-1.));
#5368=DIRECTION('',(0.,-1.,0.));
#5369=DIRECTION('',(-1.,0.,0.));
#5370=DIRECTION('',(0.,0.,1.));
#5371=DIRECTION('',(0.,-1.,0.));
#5372=DIRECTION('',(0.,0.,-1.));
#5373=DIRECTION('',(0.,1.,0.));
#5374=DIRECTION('',(0.,0.,1.));
#5375=DIRECTION('',(0.,1.,0.));
#5376=DIRECTION('',(0.,0.,1.));
#5377=DIRECTION('',(0.,1.,0.));
#5378=DIRECTION('',(0.,0.,1.));
#5379=DIRECTION('',(-1.,0.,0.));
#5380=DIRECTION('',(0.,0.,1.));
#5381=DIRECTION('',(-1.,0.,0.));
#5382=DIRECTION('',(0.,0.,1.));
#5383=DIRECTION('',(0.,1.,0.));
#5384=DIRECTION('',(0.,0.,-1.));
#5385=DIRECTION('',(0.,0.,1.));
#5386=DIRECTION('',(1.,0.,0.));
#5387=DIRECTION('',(0.682679486791998,-0.730717947167999,0.));
#5388=DIRECTION('',(0.,0.,-1.));
#5389=DIRECTION('',(-0.730717947167998,-0.682679486791999,0.));
#5390=DIRECTION('',(0.,0.,-1.));
#5391=DIRECTION('',(-0.730717947167998,-0.682679486791999,0.));
#5392=DIRECTION('',(0.,0.,-1.));
#5393=DIRECTION('',(0.,0.,1.));
#5394=DIRECTION('',(-1.,0.,0.));
#5395=DIRECTION('',(0.,0.,1.));
#5396=DIRECTION('',(1.,0.,0.));
#5397=DIRECTION('',(0.,0.,-1.));
#5398=DIRECTION('',(0.,0.,1.));
#5399=DIRECTION('',(1.,0.,0.));
#5400=DIRECTION('',(0.,0.,-1.));
#5401=DIRECTION('',(0.,-1.,0.));
#5402=DIRECTION('',(0.,0.,-1.));
#5403=DIRECTION('',(-1.,-1.14456028966472E-14,0.));
#5404=DIRECTION('',(-1.,-1.14456028966472E-14,0.));
#5405=DIRECTION('',(0.,0.,-1.));
#5406=DIRECTION('',(-1.,0.,0.));
#5407=DIRECTION('',(0.,1.,0.));
#5408=DIRECTION('',(-1.01294569758191E-14,1.,0.));
#5409=DIRECTION('',(0.,0.,-1.));
#5410=DIRECTION('',(-1.01294569758191E-14,1.,0.));
#5411=DIRECTION('',(0.,0.,-1.));
#5412=DIRECTION('',(-0.970142500145333,0.24253562503633,0.));
#5413=DIRECTION('',(0.,0.,1.));
#5414=DIRECTION('',(0.242535625036337,0.970142500145331,0.));
#5415=DIRECTION('',(0.,0.,1.));
#5416=DIRECTION('',(-0.242535625036337,-0.970142500145331,0.));
#5417=DIRECTION('',(0.,0.,-1.));
#5418=DIRECTION('',(0.,0.,1.));
#5419=DIRECTION('',(-1.,0.,0.));
#5420=DIRECTION('',(0.,0.,1.));
#5421=DIRECTION('',(1.,0.,0.));
#5422=DIRECTION('',(0.,0.,-1.));
#5423=DIRECTION('',(0.,0.,1.));
#5424=DIRECTION('',(-1.,0.,0.));
#5425=DIRECTION('',(0.,0.,-1.));
#5426=DIRECTION('',(0.,1.,0.));
#5427=DIRECTION('',(1.,0.,0.));
#5428=DIRECTION('',(1.,0.,0.));
#5429=DIRECTION('',(0.,0.,-1.));
#5430=DIRECTION('',(1.,0.,0.));
#5431=DIRECTION('',(0.,0.,1.));
#5432=DIRECTION('',(1.,0.,0.));
#5433=DIRECTION('',(0.,0.,1.));
#5434=DIRECTION('',(-1.01294569758191E-14,-1.,0.));
#5435=DIRECTION('',(0.,0.,1.));
#5436=DIRECTION('',(-1.01294569758191E-14,-1.,0.));
#5437=DIRECTION('',(0.,0.,-1.));
#5438=DIRECTION('',(-0.970142500145333,0.24253562503633,0.));
#5439=DIRECTION('',(0.,0.,1.));
#5440=DIRECTION('',(0.242535625036337,0.970142500145331,0.));
#5441=DIRECTION('',(-0.242535625036337,-0.970142500145331,0.));
#5442=DIRECTION('',(0.,0.,1.));
#5443=DIRECTION('',(-1.,0.,0.));
#5444=DIRECTION('',(0.,0.,1.));
#5445=DIRECTION('',(1.,0.,0.));
#5446=DIRECTION('',(0.,0.,-1.));
#5447=DIRECTION('',(0.,0.,1.));
#5448=DIRECTION('',(-1.,0.,0.));
#5449=DIRECTION('',(0.,0.,-1.));
#5450=DIRECTION('',(0.,1.,0.));
#5451=DIRECTION('',(1.,0.,0.));
#5452=DIRECTION('',(1.,0.,0.));
#5453=DIRECTION('',(0.,0.,-1.));
#5454=DIRECTION('',(1.,0.,0.));
#5455=DIRECTION('',(0.,-1.,0.));
#5456=DIRECTION('',(0.,0.,-1.));
#5457=DIRECTION('',(-1.,1.14456028966472E-14,0.));
#5458=DIRECTION('',(0.,0.,-1.));
#5459=DIRECTION('',(-1.,1.14456028966472E-14,0.));
#5460=DIRECTION('',(0.,0.,-1.));
#5461=DIRECTION('',(0.,0.,1.));
#5462=DIRECTION('',(1.,0.,0.));
#5463=DIRECTION('',(1.01188166764367E-14,-1.,0.));
#5464=DIRECTION('',(0.242535625036338,-0.970142500145331,0.));
#5465=DIRECTION('',(1.,0.,0.));
#5466=DIRECTION('',(0.242535625036337,-0.970142500145331,0.));
#5467=DIRECTION('',(1.01188166764367E-14,1.,0.));
#5468=DIRECTION('',(-1.,0.,0.));
#5469=DIRECTION('',(-0.730717947167997,0.682679486792,0.));
#5470=DIRECTION('',(0.,0.,1.));
#5471=DIRECTION('',(1.,0.,0.));
#5472=DIRECTION('',(-0.730717947167996,0.682679486792001,0.));
#5473=DIRECTION('',(-0.730717947167998,-0.682679486791999,0.));
#5474=DIRECTION('',(-0.730717947167998,0.682679486791999,0.));
#5475=DIRECTION('',(-0.730717947167998,-0.682679486791999,0.));
#5476=DIRECTION('',(-1.,-1.04818676322157E-14,0.));
#5477=DIRECTION('',(0.,0.,1.));
#5478=DIRECTION('',(1.,0.,0.));
#5479=DIRECTION('',(-1.,0.,0.));
#5480=DIRECTION('',(0.,0.,1.));
#5481=DIRECTION('',(1.01188166764367E-14,1.,0.));
#5482=DIRECTION('',(0.970142500145332,0.242535625036331,0.));
#5483=DIRECTION('',(0.,0.,-1.));
#5484=DIRECTION('',(0.,0.,1.));
#5485=DIRECTION('',(-0.242535625036338,0.970142500145331,0.));
#5486=DIRECTION('',(0.682679486791999,-0.730717947167998,0.));
#5487=DIRECTION('',(0.,0.,-1.));
#5488=DIRECTION('',(-0.730717947167998,-0.682679486791999,0.));
#5489=DIRECTION('',(0.,1.,0.));
#5490=DIRECTION('',(1.,0.,0.));
#5491=DIRECTION('',(1.,0.,0.));
#5492=DIRECTION('',(0.,0.,-1.));
#5493=DIRECTION('',(0.,-1.,0.));
#5494=DIRECTION('',(1.01188166764367E-14,-1.,0.));
#5495=DIRECTION('',(0.,0.,1.));
#5496=DIRECTION('',(-1.,0.,0.));
#5497=DIRECTION('',(-1.,-1.04818676322157E-14,0.));
#5498=DIRECTION('',(-0.730717947167998,-0.682679486791999,0.));
#5499=DIRECTION('',(-0.730717947167998,0.682679486791999,0.));
#5500=DIRECTION('',(-0.730717947167996,0.682679486792001,0.));
#5501=DIRECTION('',(0.,0.,1.));
#5502=DIRECTION('',(1.,0.,0.));
#5503=DIRECTION('',(-0.730717947167997,0.682679486792,0.));
#5504=DIRECTION('',(-1.,0.,0.));
#5505=DIRECTION('',(-0.242535625036337,0.970142500145331,0.));
#5506=DIRECTION('',(0.,-1.,0.));
#5507=DIRECTION('',(0.,0.,-1.));
#5508=DIRECTION('',(0.,0.,-1.));
#5509=DIRECTION('',(0.,0.,-1.));
#5510=DIRECTION('',(0.682679486791999,-0.730717947167998,0.));
#5511=DIRECTION('',(0.,0.,-1.));
#5512=DIRECTION('',(-0.682679486792001,-0.730717947167996,0.));
#5513=DIRECTION('',(-0.730717947167996,0.682679486792001,0.));
#5514=DIRECTION('',(-0.682679486791999,-0.730717947167998,0.));
#5515=DIRECTION('',(-0.730717947167998,0.682679486791999,0.));
#5516=DIRECTION('',(0.970142500145333,0.24253562503633,0.));
#5517=DIRECTION('',(0.,0.,-1.));
#5518=DIRECTION('',(1.,1.67738285678994E-48,1.41174025994795E-32));
#5519=DIRECTION('',(0.,1.,-1.18816676436768E-16));
#5520=DIRECTION('',(0.,0.,-1.));
#5521=DIRECTION('',(0.,0.,1.));
#5522=DIRECTION('',(-1.,0.,0.));
#5523=DIRECTION('',(0.,-1.,0.));
#5524=DIRECTION('',(0.,0.,-1.));
#5525=DIRECTION('',(0.,0.,-1.));
#5526=DIRECTION('',(0.,0.,1.));
#5527=DIRECTION('',(-1.,0.,0.));
#5528=DIRECTION('',(0.,0.,-1.));
#5529=DIRECTION('',(-0.682679486791999,-0.730717947167998,0.));
#5530=DIRECTION('',(-0.730717947167998,0.682679486791999,0.));
#5531=DIRECTION('',(0.,0.,1.));
#5532=DIRECTION('',(1.,0.,0.));
#5533=DIRECTION('',(-0.682679486792001,-0.730717947167996,1.57772181044202E-30));
#5534=DIRECTION('',(-0.730717947167996,0.682679486792001,0.));
#5535=DIRECTION('',(0.730717947167996,-0.682679486792001,0.));
#5536=DIRECTION('',(0.,-9.9999999999999E-15,1.));
#5537=DIRECTION('',(0.730717947167996,-0.682679486792001,0.));
#5538=DIRECTION('',(0.,-9.9999999999999E-15,1.));
#5539=DIRECTION('',(0.,1.57772181044202E-30,-1.));
#5540=DIRECTION('',(1.,0.,0.));
#5541=DIRECTION('',(0.,0.,-1.));
#5542=DIRECTION('',(-1.,0.,0.));
#5543=DIRECTION('',(0.,-9.9999999999999E-15,1.));
#5544=DIRECTION('',(0.,0.,-1.));
#5545=DIRECTION('',(-1.,0.,0.));
#5546=DIRECTION('',(0.,-9.9999999999999E-15,1.));
#5547=DIRECTION('',(0.682679486791999,-0.730717947167998,3.50324616081204E-46));
#5548=DIRECTION('',(0.,-4.79425224792873E-46,-1.));
#5549=DIRECTION('',(0.730717947167998,0.682679486791999,9.99999999999986E-15));
#5550=DIRECTION('',(0.,-9.9999999999999E-15,1.));
#5551=DIRECTION('',(0.730717947167998,0.682679486791999,0.));
#5552=DIRECTION('',(0.,-9.9999999999999E-15,1.));
#5553=DIRECTION('',(-0.682679486791999,-0.730717947167998,-3.15544362088405E-30));
#5554=DIRECTION('',(-0.730717947167998,0.682679486791999,0.));
#5555=DIRECTION('',(0.730717947167998,-0.682679486791999,0.));
#5556=DIRECTION('',(0.,-9.9999999999999E-15,1.));
#5557=DIRECTION('',(0.730717947167998,-0.682679486791999,9.99999999999987E-15));
#5558=DIRECTION('',(0.,-9.9999999999999E-15,1.));
#5559=DIRECTION('',(0.,1.57772181044202E-30,-1.));
#5560=DIRECTION('',(1.,0.,0.));
#5561=DIRECTION('',(0.,0.,-1.));
#5562=DIRECTION('',(-1.,0.,0.));
#5563=DIRECTION('',(0.,-9.9999999999999E-15,1.));
#5564=DIRECTION('',(0.,0.,-1.));
#5565=DIRECTION('',(-1.,0.,0.));
#5566=DIRECTION('',(0.682679486791999,-0.730717947167998,1.75162308040602E-46));
#5567=DIRECTION('',(0.,-2.39712612396437E-46,-1.));
#5568=DIRECTION('',(0.730717947167998,0.682679486791999,9.99999999999986E-15));
#5569=DIRECTION('',(0.,-9.9999999999999E-15,1.));
#5570=DIRECTION('',(0.730717947167998,0.682679486791999,9.99999999999986E-15));
#5571=DIRECTION('',(0.970142500145333,0.24253562503633,3.82653745429006E-31));
#5572=DIRECTION('',(0.,1.57772181044202E-30,-1.));
#5573=DIRECTION('',(-0.242535625036337,0.970142500145331,0.));
#5574=DIRECTION('',(0.,9.9999999999999E-15,-1.));
#5575=DIRECTION('',(0.242535625036337,-0.970142500145331,0.));
#5576=DIRECTION('',(0.,-9.9999999999999E-15,1.));
#5577=DIRECTION('',(-0.970142500145333,0.24253562503633,3.82653745429006E-31));
#5578=DIRECTION('',(3.94430452610501E-31,1.06207749658584E-47,1.));
#5579=DIRECTION('',(-0.242535625036337,-0.970142500145331,9.99999999999988E-15));
#5580=DIRECTION('',(0.,9.9999999999999E-15,-1.));
#5581=DIRECTION('',(0.242535625036337,0.970142500145331,-9.99999999999988E-15));
#5582=DIRECTION('',(0.,-9.9999999999999E-15,1.));
#5583=DIRECTION('',(0.,-1.,0.));
#5584=DIRECTION('',(0.,0.,-1.));
#5585=DIRECTION('',(1.,1.04818676322157E-14,0.));
#5586=DIRECTION('',(1.,1.04818676322157E-14,0.));
#5587=DIRECTION('',(0.,-1.,0.));
#5588=DIRECTION('',(0.,0.,-1.));
#5589=DIRECTION('',(1.,1.04818676322157E-14,0.));
#5590=DIRECTION('',(0.,-9.9999999999999E-15,1.));
#5591=DIRECTION('',(1.,1.04818676322157E-14,0.));
#5592=DIRECTION('',(0.,-9.9999999999999E-15,1.));
#5593=DIRECTION('',(-3.29882033591818E-61,1.57772181044202E-30,-1.));
#5594=DIRECTION('',(-1.,0.,3.29882033591818E-61));
#5595=DIRECTION('',(-1.,-9.9999999999999E-15,0.));
#5596=DIRECTION('',(-0.242535625036337,0.970142500145331,0.));
#5597=DIRECTION('',(1.01294569758191E-14,1.,0.));
#5598=DIRECTION('',(-1.,-9.9999999999999E-15,0.));
#5599=DIRECTION('',(1.01294569758191E-14,-1.,9.9999999999999E-15));
#5600=DIRECTION('',(-1.,-9.9999999999999E-15,0.));
#5601=DIRECTION('',(-1.01188166764367E-14,1.,-9.9999999999999E-15));
#5602=DIRECTION('',(0.,0.,-1.));
#5603=DIRECTION('',(-1.,0.,0.));
#5604=DIRECTION('',(1.,-1.14456028966472E-14,9.99999999999991E-15));
#5605=DIRECTION('',(1.,1.14456028966472E-14,0.));
#5606=DIRECTION('',(0.730717947167998,0.682679486791999,9.99999999999986E-15));
#5607=DIRECTION('',(0.,0.,-1.));
#5608=DIRECTION('',(-1.,0.,0.));
#5609=DIRECTION('',(0.730717947167997,-0.682679486792,0.));
#5610=DIRECTION('',(0.,0.,-1.));
#5611=DIRECTION('',(-1.,0.,0.));
#5612=DIRECTION('',(-1.01188166764367E-14,-1.,0.));
#5613=DIRECTION('',(-0.242535625036338,-0.970142500145331,0.));
#5614=DIRECTION('',(3.29882033591836E-61,1.,1.57772181044202E-30));
#5615=DIRECTION('',(1.,0.,-2.090875789436E-31));
#5616=DIRECTION('',(-1.,-9.9999999999999E-15,0.));
#5617=DIRECTION('',(0.,9.9999999999999E-15,-1.));
#5618=DIRECTION('',(0.,-9.9999999999999E-15,1.));
#5619=DIRECTION('',(3.29882033591836E-61,1.,1.57772181044202E-30));
#5620=DIRECTION('',(1.,0.,-2.090875789436E-31));
#5621=DIRECTION('',(0.,-9.9999999999999E-15,1.));
#5622=DIRECTION('',(-1.,-9.9999999999999E-15,0.));
#5623=DIRECTION('',(0.,-9.9999999999999E-15,1.));
#5624=DIRECTION('',(0.970142500145333,0.24253562503633,3.82653745429006E-31));
#5625=DIRECTION('',(0.,1.57772181044202E-30,-1.));
#5626=DIRECTION('',(0.242535625036337,-0.970142500145331,0.));
#5627=DIRECTION('',(0.,-9.9999999999999E-15,1.));
#5628=DIRECTION('',(0.,-1.,0.));
#5629=DIRECTION('',(0.,0.,-1.));
#5630=DIRECTION('',(1.,1.14456028966472E-14,0.));
#5631=DIRECTION('',(0.,-9.9999999999999E-15,1.));
#5632=DIRECTION('',(0.,1.57772181044202E-30,-1.));
#5633=DIRECTION('',(1.,0.,0.));
#5634=DIRECTION('',(0.,0.,-1.));
#5635=DIRECTION('',(-1.,0.,0.));
#5636=DIRECTION('',(3.29882033591836E-61,1.,1.57772181044202E-30));
#5637=DIRECTION('',(1.,0.,-2.090875789436E-31));
#5638=DIRECTION('',(-1.,-9.9999999999999E-15,0.));
#5639=DIRECTION('',(0.,-1.,0.));
#5640=DIRECTION('',(0.,0.,-1.));
#5641=DIRECTION('',(1.,-1.14456028966472E-14,9.99999999999991E-15));
#5642=DIRECTION('',(-1.,0.,0.));
#5643=DIRECTION('',(0.,1.,0.));
#5644=DIRECTION('',(1.01294569758191E-14,-1.,9.9999999999999E-15));
#5645=DIRECTION('',(-0.682679486791999,-0.730717947167998,-3.15544362088405E-30));
#5646=DIRECTION('',(-0.730717947167998,0.682679486791999,0.));
#5647=DIRECTION('',(0.,-9.9999999999999E-15,1.));
#5648=DIRECTION('',(0.730717947167997,-0.682679486792,0.));
#5649=DIRECTION('',(-3.29882033591818E-61,1.57772181044202E-30,-1.));
#5650=DIRECTION('',(-1.,0.,3.29882033591818E-61));
#5651=DIRECTION('',(1.01294569758191E-14,1.,0.));
#5652=DIRECTION('',(0.242535625036338,0.970142500145331,0.));
#5653=DIRECTION('',(-1.01188166764367E-14,-1.,0.));
#5654=DIRECTION('',(0.,0.,-1.));
#5655=DIRECTION('',(-1.,0.,0.));
#5656=DIRECTION('',(0.,0.,-1.));
#5657=DIRECTION('',(-1.,0.,0.));
#5658=DIRECTION('',(0.730717947167998,0.682679486791999,9.99999999999986E-15));
#5659=DIRECTION('',(-1.01188166764367E-14,1.,-9.9999999999999E-15));
#5660=DIRECTION('',(0.,1.57772181044202E-30,-1.));
#5661=DIRECTION('',(1.,0.,0.));
#5662=DIRECTION('',(0.,-9.9999999999999E-15,1.));
#5663=DIRECTION('',(0.682679486791998,-0.730717947167999,6.3108872417681E-30));
#5664=DIRECTION('',(0.,-8.63655705491679E-30,-1.));
#5665=DIRECTION('',(0.,-9.9999999999999E-15,1.));
#5666=DIRECTION('',(0.,1.57772181044202E-30,-1.));
#5667=DIRECTION('',(1.,0.,0.));
#5668=DIRECTION('',(1.,0.,0.));
#5669=DIRECTION('',(0.,-6.31088724176809E-30,1.));
#5670=DIRECTION('',(1.,1.67738285678993E-48,1.41174025994795E-32));
#5671=DIRECTION('',(0.,1.,-1.18816676436767E-16));
#5672=DIRECTION('',(-0.970142500145332,0.242535625036331,3.82653745429007E-31));
#5673=DIRECTION('',(3.94430452610502E-31,-1.06207749658584E-47,1.));
#5674=DIRECTION('',(0.,9.9999999999999E-15,-1.));
#5675=DIRECTION('',(-1.,0.,0.));
#5676=DIRECTION('',(0.,0.,1.));
#5677=DIRECTION('',(0.,0.,1.));
#5678=DIRECTION('',(1.,0.,0.));
#5679=DIRECTION('',(0.,-1.,0.));
#5680=DIRECTION('',(0.,0.,1.));
#5681=DIRECTION('',(0.,-1.,0.));
#5682=DIRECTION('',(0.,0.,-1.));
#5683=DIRECTION('',(0.,-1.,0.));
#5684=DIRECTION('',(0.,-1.,0.));
#5685=DIRECTION('',(0.,0.,-1.));
#5686=DIRECTION('',(0.,1.,0.));
#5687=DIRECTION('',(0.,-1.,0.));
#5688=DIRECTION('',(0.,0.,-1.));
#5689=DIRECTION('',(0.,1.,0.));
#5690=DIRECTION('',(0.,-1.,0.));
#5691=DIRECTION('',(0.,0.,-1.));
#5692=DIRECTION('',(0.,1.,0.));
#5693=DIRECTION('',(0.,1.,0.));
#5694=DIRECTION('',(0.,0.,1.));
#5695=DIRECTION('',(0.,-1.,0.));
#5696=DIRECTION('',(0.,-1.,0.));
#5697=DIRECTION('',(0.,0.,-1.));
#5698=DIRECTION('',(0.,1.,0.));
#5699=DIRECTION('',(0.,1.,0.));
#5700=DIRECTION('',(0.,0.,1.));
#5701=DIRECTION('',(0.,-1.,0.));
#5702=DIRECTION('',(0.,-1.,0.));
#5703=DIRECTION('',(0.,0.,-1.));
#5704=DIRECTION('',(0.,1.,0.));
#5705=DIRECTION('',(0.,1.,0.));
#5706=DIRECTION('',(0.,0.,1.));
#5707=DIRECTION('',(0.,-1.,0.));
#5708=DIRECTION('',(0.,-1.,0.));
#5709=DIRECTION('',(0.,0.,-1.));
#5710=DIRECTION('',(0.,1.,0.));
#5711=DIRECTION('',(0.,1.,0.));
#5712=DIRECTION('',(0.,0.,1.));
#5713=DIRECTION('',(0.,-1.,0.));
#5714=DIRECTION('',(0.,-1.,0.));
#5715=DIRECTION('',(0.,0.,-1.));
#5716=DIRECTION('',(0.,1.,0.));
#5717=DIRECTION('',(0.,-1.,0.));
#5718=DIRECTION('',(0.,0.,-1.));
#5719=DIRECTION('',(0.,-1.,0.));
#5720=DIRECTION('',(0.,-1.,0.));
#5721=DIRECTION('',(0.,0.,-1.));
#5722=DIRECTION('',(0.,1.,0.));
#5723=DIRECTION('',(0.,0.,1.));
#5724=DIRECTION('',(1.,0.,0.));
#5725=DIRECTION('',(0.,-1.,0.));
#5726=DIRECTION('',(1.,0.,0.));
#5727=DIRECTION('',(1.,0.,0.));
#5728=DIRECTION('',(0.,0.,-1.));
#5729=DIRECTION('',(-1.,0.,0.));
#5730=DIRECTION('',(0.,-1.,0.));
#5731=DIRECTION('',(1.,0.,0.));
#5732=DIRECTION('',(1.,0.,0.));
#5733=DIRECTION('',(0.,0.,1.));
#5734=DIRECTION('',(1.,0.,0.));
#5735=DIRECTION('',(1.,0.,0.));
#5736=DIRECTION('',(0.,1.,0.));
#5737=DIRECTION('',(0.,1.,0.));
#5738=DIRECTION('',(1.,0.,0.));
#5739=DIRECTION('',(0.,1.,0.));
#5740=DIRECTION('',(1.,0.,0.));
#5741=DIRECTION('',(1.,0.,0.));
#5742=DIRECTION('',(0.,1.,0.));
#5743=DIRECTION('',(0.,0.,1.));
#5744=DIRECTION('',(0.,1.,0.));
#5745=DIRECTION('',(1.,0.,0.));
#5746=DIRECTION('',(0.,1.,0.));
#5747=DIRECTION('',(0.,0.,1.));
#5748=DIRECTION('',(0.,-1.,0.));
#5749=DIRECTION('',(0.,0.,-1.));
#5750=DIRECTION('',(0.,1.,0.));
#5751=DIRECTION('',(0.,0.,-1.));
#5752=DIRECTION('',(0.,-1.,0.));
#5753=DIRECTION('',(0.,0.,-1.));
#5754=DIRECTION('',(0.,1.,0.));
#5755=DIRECTION('',(1.,0.,0.));
#5756=DIRECTION('',(1.,0.,0.));
#5757=DIRECTION('',(0.,1.,0.));
#5758=DIRECTION('',(0.,0.,1.));
#5759=DIRECTION('',(0.,1.,0.));
#5760=DIRECTION('',(1.,0.,0.));
#5761=DIRECTION('',(0.824994483747857,0.,0.565140780501289));
#5762=DIRECTION('',(0.,1.,0.));
#5763=DIRECTION('',(0.,0.,1.));
#5764=DIRECTION('',(-0.875098292056892,0.,-0.483945223387018));
#5765=DIRECTION('',(-0.565422096092431,0.72819999262686,-0.387327540963308));
#5766=DIRECTION('',(-0.599761477596665,0.728199992626861,-0.331678972395455));
#5767=DIRECTION('',(-0.565140780501287,-1.52461279300513E-15,0.824994483747859));
#5768=DIRECTION('',(-2.69775752451058E-15,1.,0.));
#5769=DIRECTION('',(0.,1.,0.));
#5770=DIRECTION('',(0.,-1.,0.));
#5771=DIRECTION('',(0.,0.,-1.));
#5772=DIRECTION('',(0.,-1.,0.));
#5773=DIRECTION('',(0.,0.,-1.));
#5774=DIRECTION('',(0.,-1.,0.));
#5775=DIRECTION('',(0.,0.,-1.));
#5776=DIRECTION('',(0.,-1.,0.));
#5777=DIRECTION('',(0.,0.,-1.));
#5778=DIRECTION('',(0.,-1.,0.));
#5779=DIRECTION('',(0.,0.,-1.));
#5780=DIRECTION('',(1.,0.,-1.03652251769532E-14));
#5781=DIRECTION('',(0.,-1.,0.));
#5782=DIRECTION('',(0.,0.,-1.));
#5783=DIRECTION('',(0.,-1.,0.));
#5784=DIRECTION('',(0.,0.,-1.));
#5785=DIRECTION('',(0.,-1.,0.));
#5786=DIRECTION('',(0.,0.,-1.));
#5787=DIRECTION('',(-1.,0.,-1.01826125884765E-14));
#5788=DIRECTION('',(0.,1.,0.));
#5789=DIRECTION('',(1.,0.,0.));
#5790=DIRECTION('',(1.,0.,0.));
#5791=DIRECTION('',(0.,1.,0.));
#5792=DIRECTION('',(0.,0.,1.));
#5793=DIRECTION('',(1.,0.,0.));
#5794=DIRECTION('',(0.,0.,1.));
#5795=DIRECTION('',(1.,0.,0.));
#5796=DIRECTION('',(0.,-1.,0.));
#5797=DIRECTION('',(1.,0.,0.));
#5798=DIRECTION('',(1.,0.,0.));
#5799=DIRECTION('',(0.,0.,-1.));
#5800=DIRECTION('',(0.,-1.,0.));
#5801=DIRECTION('',(0.,1.,0.));
#5802=DIRECTION('',(-1.,0.,0.));
#5803=DIRECTION('',(0.,1.,0.));
#5804=DIRECTION('',(0.,0.,-1.));
#5805=DIRECTION('',(0.,-1.,0.));
#5806=DIRECTION('',(0.,1.,0.));
#5807=DIRECTION('',(0.,1.,0.));
#5808=DIRECTION('',(-1.,0.,0.));
#5809=DIRECTION('',(0.,1.,0.));
#5810=DIRECTION('',(0.,0.,-1.));
#5811=DIRECTION('',(0.,-1.,0.));
#5812=DIRECTION('',(0.,0.,1.));
#5813=DIRECTION('',(0.,-1.,0.));
#5814=DIRECTION('',(0.,0.,-1.));
#5815=DIRECTION('',(0.483945223387015,0.,-0.875098292056894));
#5816=DIRECTION('',(0.,-1.,0.));
#5817=DIRECTION('',(-0.599761477596665,-0.728199992626861,-0.331678972395455));
#5818=DIRECTION('',(0.,-1.,0.));
#5819=DIRECTION('',(0.,0.,-1.));
#5820=DIRECTION('',(0.,1.,0.));
#5821=DIRECTION('',(0.,0.,-1.));
#5822=DIRECTION('',(0.,-1.,0.));
#5823=DIRECTION('',(0.,0.,-1.));
#5824=DIRECTION('',(0.,-1.,0.));
#5825=DIRECTION('',(0.,0.,-1.));
#5826=DIRECTION('',(1.,0.,0.));
#5827=DIRECTION('',(0.,-1.,0.));
#5828=DIRECTION('',(0.,0.,-1.));
#5829=DIRECTION('',(1.,0.,0.));
#5830=DIRECTION('',(0.,-1.,0.));
#5831=DIRECTION('',(0.,0.,-1.));
#5832=DIRECTION('',(1.,0.,0.));
#5833=DIRECTION('',(0.,-1.,0.));
#5834=DIRECTION('',(0.,0.,-1.));
#5835=DIRECTION('',(0.,1.,0.));
#5836=DIRECTION('',(0.,0.,1.));
#5837=DIRECTION('',(0.,-1.,0.));
#5838=DIRECTION('',(0.,0.,-1.));
#5839=DIRECTION('',(0.,-1.,0.));
#5840=DIRECTION('',(0.,0.,-1.));
#5841=DIRECTION('',(0.,1.,0.));
#5842=DIRECTION('',(0.,0.,-1.));
#5843=DIRECTION('',(0.,1.,0.));
#5844=DIRECTION('',(1.,0.,0.));
#5845=DIRECTION('',(1.,0.,0.));
#5846=DIRECTION('',(0.,1.,0.));
#5847=DIRECTION('',(0.,0.,1.));
#5848=DIRECTION('',(0.,0.,-1.));
#5849=DIRECTION('',(-1.,0.,0.));
#5850=DIRECTION('',(1.,0.,0.));
#5851=DIRECTION('',(0.,1.,0.));
#5852=DIRECTION('',(0.,0.,-1.));
#5853=DIRECTION('',(0.,-1.,0.));
#5854=DIRECTION('',(-1.,0.,0.));
#5855=DIRECTION('',(0.,1.,0.));
#5856=DIRECTION('',(0.,-1.,0.));
#5857=DIRECTION('',(0.,-1.,0.));
#5858=DIRECTION('',(0.,0.,-1.));
#5859=DIRECTION('',(0.,1.,0.));
#5860=DIRECTION('',(0.,0.,-1.));
#5861=DIRECTION('',(0.,-1.,0.));
#5862=DIRECTION('',(0.,0.,1.));
#5863=DIRECTION('',(0.,-1.,0.));
#5864=DIRECTION('',(0.,0.,1.));
#5865=DIRECTION('',(0.,0.,-1.));
#5866=DIRECTION('',(0.,-1.,0.));
#5867=DIRECTION('',(0.,1.,0.));
#5868=DIRECTION('',(0.,1.,0.));
#5869=DIRECTION('',(-1.,0.,0.));
#5870=DIRECTION('',(0.,0.707106781186548,0.707106781186548));
#5871=DIRECTION('',(1.,0.,0.));
#5872=DIRECTION('',(1.,0.,0.));
#5873=DIRECTION('',(0.,-1.,0.));
#5874=DIRECTION('',(0.,0.,-1.));
#5875=DIRECTION('',(1.,0.,0.));
#5876=DIRECTION('',(0.,0.,1.));
#5877=DIRECTION('',(1.,0.,0.));
#5878=DIRECTION('',(0.,1.,0.));
#5879=DIRECTION('',(0.,-1.,0.));
#5880=DIRECTION('',(0.,0.,-1.));
#5881=DIRECTION('',(0.,1.,0.));
#5882=DIRECTION('',(0.,0.,-1.));
#5883=DIRECTION('',(1.,0.,0.));
#5884=DIRECTION('',(-1.,0.,0.));
#5885=DIRECTION('',(0.,0.,-1.));
#5886=DIRECTION('',(0.,-1.,0.));
#5887=DIRECTION('',(-1.,0.,0.));
#5888=DIRECTION('',(0.,-1.,0.));
#5889=DIRECTION('',(0.,0.,-1.));
#5890=DIRECTION('',(1.,0.,0.));
#5891=DIRECTION('',(1.,0.,0.));
#5892=DIRECTION('',(0.,0.,1.));
#5893=DIRECTION('',(1.,0.,0.));
#5894=DIRECTION('',(1.,0.,0.));
#5895=DIRECTION('',(0.,1.,0.));
#5896=DIRECTION('',(0.,-1.,0.));
#5897=DIRECTION('',(0.,-1.,0.));
#5898=DIRECTION('',(0.,0.,-1.));
#5899=DIRECTION('',(0.,-1.,0.));
#5900=DIRECTION('',(0.,0.,-1.));
#5901=DIRECTION('',(0.,-1.,0.));
#5902=DIRECTION('',(0.,0.,1.));
#5903=DIRECTION('',(0.,-1.,0.));
#5904=DIRECTION('',(0.,0.,-1.));
#5905=DIRECTION('',(0.,0.,-1.));
#5906=DIRECTION('',(-1.,0.,0.));
#5907=DIRECTION('',(0.,1.,0.));
#5908=DIRECTION('',(0.,0.,1.));
#5909=DIRECTION('',(1.,0.,0.));
#5910=DIRECTION('',(0.,1.,0.));
#5911=DIRECTION('',(0.,-1.,0.));
#5912=DIRECTION('',(0.,0.,1.));
#5913=DIRECTION('',(0.,-1.,0.));
#5914=DIRECTION('',(0.,0.,-1.));
#5915=DIRECTION('',(0.,-1.,0.));
#5916=DIRECTION('',(0.,0.,-1.));
#5917=DIRECTION('',(0.,-1.,0.));
#5918=DIRECTION('',(0.,-1.,0.));
#5919=DIRECTION('',(0.,0.,-1.));
#5920=DIRECTION('',(0.,-1.,0.));
#5921=DIRECTION('',(0.,0.,-1.));
#5922=DIRECTION('',(0.,-1.,0.));
#5923=DIRECTION('',(0.,0.,-1.));
#5924=DIRECTION('',(0.,0.,-1.));
#5925=DIRECTION('',(-1.,0.,0.));
#5926=DIRECTION('',(0.,1.,0.));
#5927=DIRECTION('',(0.,0.,-1.));
#5928=DIRECTION('',(-1.,0.,0.));
#5929=DIRECTION('',(0.,0.,1.));
#5930=DIRECTION('',(0.,1.,0.));
#5931=DIRECTION('',(1.,0.,0.));
#5932=DIRECTION('',(0.,0.,-1.));
#5933=DIRECTION('',(1.,0.,0.));
#5934=DIRECTION('',(0.707106781186547,0.,0.707106781186548));
#5935=DIRECTION('',(0.,0.,1.));
#5936=DIRECTION('',(-1.,0.,1.00803112720359E-14));
#5937=DIRECTION('',(1.,0.,0.));
#5938=DIRECTION('',(0.,1.,0.));
#5939=DIRECTION('',(0.,0.,-1.));
#5940=DIRECTION('',(0.,1.,0.));
#5941=DIRECTION('',(0.,1.,0.));
#5942=DIRECTION('',(-0.707106781186548,0.,0.707106781186548));
#5943=DIRECTION('',(0.,1.,0.));
#5944=DIRECTION('',(0.707106781186547,0.,0.707106781186548));
#5945=DIRECTION('',(0.,1.,0.));
#5946=DIRECTION('',(0.,1.,0.));
#5947=DIRECTION('',(-1.,0.,0.));
#5948=DIRECTION('',(0.,0.,1.));
#5949=DIRECTION('',(0.,0.,1.));
#5950=DIRECTION('',(0.,1.,0.));
#5951=DIRECTION('',(0.,1.,0.));
#5952=DIRECTION('',(1.,0.,0.));
#5953=DIRECTION('',(-1.,0.,1.00803112720359E-14));
#5954=DIRECTION('',(1.,0.,0.));
#5955=DIRECTION('',(0.,0.,1.));
#5956=DIRECTION('',(1.,0.,0.));
#5957=DIRECTION('',(-8.03112720359633E-17,0.,-1.));
#5958=DIRECTION('',(-1.,0.,8.03112720359633E-17));
#5959=DIRECTION('',(0.,0.,-1.));
#5960=DIRECTION('',(-1.,0.,0.));
#5961=DIRECTION('',(0.,0.,1.));
#5962=DIRECTION('',(1.,0.,0.));
#5963=DIRECTION('',(-1.,0.,0.));
#5964=DIRECTION('',(-1.42781660258856E-14,1.,0.));
#5965=DIRECTION('',(-1.,-1.43368086899419E-14,0.));
#5966=DIRECTION('',(-1.42781660258856E-14,1.,0.));
#5967=DIRECTION('',(0.,-1.,0.));
#5968=DIRECTION('',(0.,0.,-1.));
#5969=DIRECTION('',(0.,-1.,0.));
#5970=DIRECTION('',(0.,0.,-1.));
#5971=DIRECTION('',(0.,0.,1.));
#5972=DIRECTION('',(1.,0.,0.));
#5973=DIRECTION('',(-1.,-1.00338813178901E-14,0.));
#5974=DIRECTION('',(0.,0.,1.));
#5975=DIRECTION('',(1.,0.,0.));
#5976=DIRECTION('',(-1.01495451272393E-14,-1.,0.));
#5977=DIRECTION('',(1.,0.,0.));
#5978=DIRECTION('',(1.01548860246407E-14,1.,0.));
#5979=DIRECTION('',(0.,0.,-1.));
#5980=DIRECTION('',(1.,0.,0.));
#5981=DIRECTION('',(1.,-1.001936075308E-14,0.));
#5982=DIRECTION('',(0.,1.,0.));
#5983=DIRECTION('',(-1.,0.,0.));
#5984=DIRECTION('',(0.,0.,-1.));
#5985=DIRECTION('',(-1.,0.,0.));
#5986=DIRECTION('',(0.,0.,-1.));
#5987=DIRECTION('',(0.,-1.,0.));
#5988=DIRECTION('',(1.,0.,0.));
#5989=DIRECTION('',(-0.447213595499962,-0.894427190999914,0.));
#5990=DIRECTION('',(0.,-1.,0.));
#5991=DIRECTION('',(1.,0.,0.));
#5992=DIRECTION('',(0.,-1.,0.));
#5993=DIRECTION('',(0.,1.,0.));
#5994=DIRECTION('',(1.,0.,0.));
#5995=DIRECTION('',(0.,0.,-1.));
#5996=DIRECTION('',(1.,-1.001936075308E-14,0.));
#5997=DIRECTION('',(0.,0.,-1.));
#5998=DIRECTION('',(1.,0.,0.));
#5999=DIRECTION('',(0.,0.,1.));
#6000=DIRECTION('',(0.,0.,-1.));
#6001=DIRECTION('',(0.,0.,1.));
#6002=DIRECTION('',(0.,0.,-1.));
#6003=DIRECTION('',(0.,-1.,0.));
#6004=DIRECTION('',(1.,-1.00338813178901E-14,0.));
#6005=DIRECTION('',(0.,0.,-1.));
#6006=DIRECTION('',(-1.,0.,0.));
#6007=DIRECTION('',(1.01495451272393E-14,-1.,0.));
#6008=DIRECTION('',(-1.01548860246407E-14,1.,0.));
#6009=DIRECTION('',(0.,0.,1.));
#6010=DIRECTION('',(-1.,0.,0.));
#6011=DIRECTION('',(-1.,-1.001936075308E-14,0.));
#6012=DIRECTION('',(0.,1.,0.));
#6013=DIRECTION('',(-3.3881317890172E-17,-1.,0.));
#6014=DIRECTION('',(-1.,3.3881317890172E-17,0.));
#6015=DIRECTION('',(-1.,1.00338813178901E-14,0.));
#6016=DIRECTION('',(0.,0.,-1.));
#6017=DIRECTION('',(0.,0.,-1.));
#6018=DIRECTION('',(0.,0.,-1.));
#6019=DIRECTION('',(0.,0.,-1.));
#6020=DIRECTION('',(1.,0.,0.));
#6021=DIRECTION('',(0.,0.,1.));
#6022=DIRECTION('',(0.,0.,-1.));
#6023=DIRECTION('',(-1.42781660258856E-14,1.,0.));
#6024=DIRECTION('',(0.,0.,-1.));
#6025=DIRECTION('',(-1.42781660258856E-14,1.,0.));
#6026=DIRECTION('',(-1.,0.,0.));
#6027=DIRECTION('',(0.,0.,1.));
#6028=DIRECTION('',(-1.42781660258856E-14,1.,0.));
#6029=DIRECTION('',(0.,0.,1.));
#6030=DIRECTION('',(-1.42781660258856E-14,1.,0.));
#6031=DIRECTION('',(0.,-1.,0.));
#6032=DIRECTION('',(0.,0.,-1.));
#6033=DIRECTION('',(0.,0.,1.));
#6034=DIRECTION('',(0.,0.,-1.));
#6035=DIRECTION('',(1.,1.43368086899419E-14,0.));
#6036=DIRECTION('',(1.,0.,0.));
#6037=DIRECTION('',(1.,0.,0.));
#6038=DIRECTION('',(0.,0.,1.));
#6039=DIRECTION('',(1.,0.,0.));
#6040=DIRECTION('',(-1.01495451272393E-14,1.,0.));
#6041=DIRECTION('',(0.,0.,1.));
#6042=DIRECTION('',(1.,0.,0.));
#6043=DIRECTION('',(0.,-1.,0.));
#6044=DIRECTION('',(1.,1.001936075308E-14,0.));
#6045=DIRECTION('',(0.,0.,-1.));
#6046=DIRECTION('',(1.,0.,0.));
#6047=DIRECTION('',(1.01548860246407E-14,-1.,0.));
#6048=DIRECTION('',(0.,0.,1.));
#6049=DIRECTION('',(-1.,0.,0.));
#6050=DIRECTION('',(0.,0.,1.));
#6051=DIRECTION('',(1.,0.,0.));
#6052=DIRECTION('',(0.,0.,1.));
#6053=DIRECTION('',(0.,0.,-1.));
#6054=DIRECTION('',(-1.01495451272393E-14,-1.,0.));
#6055=DIRECTION('',(0.,0.,-1.));
#6056=DIRECTION('',(0.,0.,1.));
#6057=DIRECTION('',(1.,0.,0.));
#6058=DIRECTION('',(0.,0.,-1.));
#6059=DIRECTION('',(1.,0.,0.));
#6060=DIRECTION('',(-1.,-1.00338813178901E-14,0.));
#6061=DIRECTION('',(0.,1.,0.));
#6062=DIRECTION('',(0.,0.,1.));
#6063=DIRECTION('',(1.,0.,0.));
#6064=DIRECTION('',(1.01548860246407E-14,1.,0.));
#6065=DIRECTION('',(-3.3881317890172E-17,-1.,0.));
#6066=DIRECTION('',(-1.,3.3881317890172E-17,0.));
#6067=DIRECTION('',(0.,0.,1.));
#6068=DIRECTION('',(0.,0.,-1.));
#6069=DIRECTION('',(0.,0.,1.));
#6070=DIRECTION('',(1.,0.,0.));
#6071=DIRECTION('',(-1.,-1.43368086899419E-14,0.));
#6072=DIRECTION('',(1.,3.71566626503196E-48,2.39896806290263E-32));
#6073=DIRECTION('',(0.,1.,-1.54886024640786E-16));
#6074=DIRECTION('',(-1.42781660258856E-14,1.,0.));
#6075=DIRECTION('',(0.,0.,1.));
#6076=DIRECTION('',(-1.,0.,0.));
#6077=DIRECTION('',(0.894427190999916,0.447213595499958,0.));
#6078=DIRECTION('',(0.,0.,-1.));
#6079=DIRECTION('',(0.,0.,1.));
#6080=DIRECTION('',(-0.447213595499962,0.894427190999914,0.));
#6081=DIRECTION('',(0.,0.,1.));
#6082=DIRECTION('',(0.408248290463866,-0.816496580927723,0.408248290463867));
#6083=DIRECTION('',(-1.,0.,0.));
#6084=DIRECTION('',(0.,0.,1.));
#6085=DIRECTION('',(0.,0.,1.));
#6086=DIRECTION('',(0.,0.,-1.));
#6087=DIRECTION('',(1.,0.,0.));
#6088=DIRECTION('',(0.,0.,-1.));
#6089=DIRECTION('',(1.,0.,0.));
#6090=DIRECTION('',(0.,0.,1.));
#6091=DIRECTION('',(0.,0.,-1.));
#6092=DIRECTION('',(0.,0.,1.));
#6093=DIRECTION('',(1.,0.,0.));
#6094=DIRECTION('',(1.,0.,0.));
#6095=DIRECTION('',(1.,1.43368086899419E-14,0.));
#6096=DIRECTION('',(0.,-1.,0.));
#6097=DIRECTION('',(0.,0.,-1.));
#6098=DIRECTION('',(0.,0.,-1.));
#6099=DIRECTION('',(0.,-1.,0.));
#6100=DIRECTION('',(-1.42781660258856E-14,1.,0.));
#6101=DIRECTION('',(-1.,0.,0.));
#6102=DIRECTION('',(0.,1.,0.));
#6103=DIRECTION('',(1.,3.71566626503196E-48,2.39896806290263E-32));
#6104=DIRECTION('',(0.,1.,-1.54886024640786E-16));
#6105=DIRECTION('',(0.707106781186548,0.,-0.707106781186548));
#6106=DIRECTION('',(0.,-1.,0.));
#6107=DIRECTION('',(0.,-1.,0.));
#6108=DIRECTION('',(0.707106781186547,0.,0.707106781186548));
#6109=DIRECTION('',(0.707106781186547,0.,0.707106781186548));
#6110=DIRECTION('',(0.,1.,0.));
#6111=DIRECTION('',(0.,0.,-1.));
#6112=DIRECTION('',(0.,-1.,0.));
#6113=DIRECTION('',(0.,0.,-1.));
#6114=DIRECTION('',(-1.,0.,0.));
#6115=DIRECTION('',(0.,0.,1.));
#6116=DIRECTION('',(0.,0.,-1.));
#6117=DIRECTION('',(0.,0.,1.));
#6118=DIRECTION('',(0.,-1.,0.));
#6119=DIRECTION('',(0.,0.,-1.));
#6120=DIRECTION('',(0.,-1.,0.));
#6121=DIRECTION('',(0.,0.,-1.));
#6122=DIRECTION('',(-1.,0.,0.));
#6123=DIRECTION('',(0.,0.,1.));
#6124=DIRECTION('',(1.,0.,0.));
#6125=DIRECTION('',(0.,1.,0.));
#6126=DIRECTION('',(0.,-1.,0.));
#6127=DIRECTION('',(0.,0.,1.));
#6128=DIRECTION('',(-1.,0.,0.));
#6129=DIRECTION('',(0.,1.,0.));
#6130=DIRECTION('',(-0.894427190999916,0.447213595499958,0.));
#6131=DIRECTION('',(0.,0.,1.));
#6132=DIRECTION('',(-0.447213595499962,-0.894427190999914,0.));
#6133=DIRECTION('',(0.,0.,1.));
#6134=DIRECTION('',(1.,0.,0.));
#6135=DIRECTION('',(-1.,0.,0.));
#6136=DIRECTION('',(0.,-1.,0.));
#6137=DIRECTION('',(0.,0.,-1.));
#6138=DIRECTION('',(0.,1.,0.));
#6139=DIRECTION('',(1.,0.,0.));
#6140=DIRECTION('',(0.,0.,-1.));
#6141=DIRECTION('',(-1.,0.,0.));
#6142=CARTESIAN_POINT('',(0.,0.,0.));
#6143=CARTESIAN_POINT('',(-2.16840434497101E-16,0.,0.));
#6144=CARTESIAN_POINT('',(-1.00002168404345E-11,1.00000000001,0.));
#6145=CARTESIAN_POINT('',(-1.00002168404345E-11,1.00000000001,-0.9));
#6146=CARTESIAN_POINT('',(-1.00002168404345E-11,-1.00000000001,0.));
#6147=CARTESIAN_POINT('',(-1.00002168404345E-11,-1.00000000001,-0.9));
#6148=CARTESIAN_POINT('',(0.,-1.5,3.7));
#6149=CARTESIAN_POINT('',(0.,-1.30000000001,3.70000000001));
#6150=CARTESIAN_POINT('',(0.,-1.30000000001,2.95000000001));
#6151=CARTESIAN_POINT('',(0.,0.,3.70000000001));
#6152=CARTESIAN_POINT('',(0.,0.,2.95000000001));
#6153=CARTESIAN_POINT('',(-2.045,3.5,1.63124927745641));
#6154=CARTESIAN_POINT('',(-2.29687287415868,3.50000000001,4.30000000001));
#6155=CARTESIAN_POINT('',(2.29687287414868,3.5,4.3));
#6156=CARTESIAN_POINT('',(-2.29687287414868,3.5,4.3));
#6157=CARTESIAN_POINT('',(0.,3.50000000001,0.));
#6158=CARTESIAN_POINT('',(3.17421250076298,3.5,3.7));
#6159=CARTESIAN_POINT('',(-3.17421250077298,3.50000000001,3.70000000001));
#6160=CARTESIAN_POINT('',(-3.17421250076298,3.5,3.7));
#6161=CARTESIAN_POINT('',(0.,3.50000000001,0.));
#6162=CARTESIAN_POINT('',(-2.96,1.89999999999999,0.3));
#6163=CARTESIAN_POINT('',(2.96000000001,1.90000000000999,0.30000000001));
#6164=CARTESIAN_POINT('',(2.96000000000809,1.9000000000053,0.300000000006914));
#6165=CARTESIAN_POINT('',(2.79923048454877,2.50000000000708,0.46076951546456));
#6166=CARTESIAN_POINT('',(-2.04500000001,2.50000000001,0.460769515468673));
#6167=CARTESIAN_POINT('',(3.40076951546414,2.50000000000552,0.460769515464142));
#6168=CARTESIAN_POINT('',(3.22242111832749,1.83439472043062,0.28242111832749));
#6169=CARTESIAN_POINT('',(3.2400000000066,1.90000000000413,0.3000000000066));
#6170=CARTESIAN_POINT('',(2.96000000001,1.90000000000999,0.30000000001));
#6171=CARTESIAN_POINT('',(-2.96,-1.5,-0.3));
#6172=CARTESIAN_POINT('',(3.24000000001,-1.50000000001,-0.30000000001));
#6173=CARTESIAN_POINT('',(3.24000000000667,0.,-0.300000000006667));
#6174=CARTESIAN_POINT('',(3.2400000000066,1.90000000000413,-0.3000000000066));
#6175=CARTESIAN_POINT('',(2.96000000001,1.90000000000999,-0.30000000001));
#6176=CARTESIAN_POINT('',(2.96000000000809,1.9000000000053,-0.300000000006914));
#6177=CARTESIAN_POINT('',(2.96000000001,-1.50000000001,-0.30000000001));
#6178=CARTESIAN_POINT('',(2.96000000000667,0.,-0.300000000006667));
#6179=CARTESIAN_POINT('',(-2.04500000001,0.,-0.30000000001));
#6180=CARTESIAN_POINT('',(-2.96,-1.5,-0.3));
#6181=CARTESIAN_POINT('',(-2.96000000001,-1.50000000001,-0.30000000001));
#6182=CARTESIAN_POINT('',(-2.96,0.,-0.3));
#6183=CARTESIAN_POINT('',(-2.96,1.89999999999999,-0.3));
#6184=CARTESIAN_POINT('',(-2.96000000001,1.90000000000999,-0.30000000001));
#6185=CARTESIAN_POINT('',(-3.24,1.89999999999999,-0.3));
#6186=CARTESIAN_POINT('',(-3.24000000001,-1.50000000001,-0.30000000001));
#6187=CARTESIAN_POINT('',(-3.24,0.,-0.3));
#6188=CARTESIAN_POINT('',(-2.04500000001,0.,-0.30000000001));
#6189=CARTESIAN_POINT('',(3.02179487179487,-0.1,1.08846153846154));
#6190=CARTESIAN_POINT('',(3.02179487180487,0.,0.703846153856154));
#6191=CARTESIAN_POINT('',(3.02179487180154,0.,0.703846153852821));
#6192=CARTESIAN_POINT('',(3.02179487180154,0.,0.998717948724616));
#6193=CARTESIAN_POINT('',(3.02179487180487,-0.10000000001,0.703846153856154));
#6194=CARTESIAN_POINT('',(3.02179487180154,-0.100000000006667,0.703846153852821));
#6195=CARTESIAN_POINT('',(3.02179487180487,-0.10000000001,0.703846153856154));
#6196=CARTESIAN_POINT('',(3.02179487180154,-0.100000000006667,0.998717948724616));
#6197=CARTESIAN_POINT('',(3.02179487180487,-0.10000000001,0.998717948727949));
#6198=CARTESIAN_POINT('',(2.96,-1.5,-0.3));
#6199=CARTESIAN_POINT('',(2.96000000001,1.90000000000999,-0.30000000001));
#6200=CARTESIAN_POINT('',(2.96000000001,-1.50000000001,0.30000000001));
#6201=CARTESIAN_POINT('',(2.96000000000667,0.,0.300000000006667));
#6202=CARTESIAN_POINT('',(2.96000000001,0.,1.63124927746641));
#6203=CARTESIAN_POINT('',(-2.96,1.89999999999999,-0.3));
#6204=CARTESIAN_POINT('',(-2.96000000001,1.90000000000999,-0.30000000001));
#6205=CARTESIAN_POINT('',(-2.79923048454133,2.5,-0.460769515458674));
#6206=CARTESIAN_POINT('',(-2.04500000001,2.50000000001,-0.460769515468674));
#6207=CARTESIAN_POINT('',(-3.40076951545867,2.5,-0.460769515458674));
#6208=CARTESIAN_POINT('',(-3.24000000001,1.90000000000999,-0.30000000001));
#6209=CARTESIAN_POINT('',(-2.045,2.5,1.63124927745641));
#6210=CARTESIAN_POINT('',(0.,2.50000000001,0.));
#6211=CARTESIAN_POINT('',(2.29687287414868,2.5,-4.3));
#6212=CARTESIAN_POINT('',(1.000000000005,2.5000000000075,-4.77133367100308));
#6213=CARTESIAN_POINT('',(0.,2.50000000001,0.));
#6214=CARTESIAN_POINT('',(-1.000000000005,2.5000000000075,-4.77133367100308));
#6215=CARTESIAN_POINT('',(0.,2.50000000001,0.));
#6216=CARTESIAN_POINT('',(-2.29687287414868,2.5,-4.3));
#6217=CARTESIAN_POINT('',(-2.29687287415868,2.50000000001,-4.30000000001));
#6218=CARTESIAN_POINT('',(-2.92143791492784,-0.1,0.985897435897436));
#6219=CARTESIAN_POINT('',(-2.92143791493784,0.,0.985897435907436));
#6220=CARTESIAN_POINT('',(-2.92143791492784,0.,0.985897435897436));
#6221=CARTESIAN_POINT('',(-2.92143791492784,0.,0.883333333333333));
#6222=CARTESIAN_POINT('',(-2.92143791493784,-0.10000000001,0.985897435907436));
#6223=CARTESIAN_POINT('',(-2.92143791492784,-0.1,0.985897435897436));
#6224=CARTESIAN_POINT('',(-2.92143791493784,-0.10000000001,0.985897435907436));
#6225=CARTESIAN_POINT('',(-2.92143791492784,-0.1,0.883333333333333));
#6226=CARTESIAN_POINT('',(-2.92143791493784,-0.10000000001,0.883333333343333));
#6227=CARTESIAN_POINT('',(3.02179487179487,-0.1,0.998717948717949));
#6228=CARTESIAN_POINT('',(3.40641025642026,0.,0.998717948727949));
#6229=CARTESIAN_POINT('',(3.40641025641693,0.,0.998717948724616));
#6230=CARTESIAN_POINT('',(3.11153846154513,0.,0.998717948724616));
#6231=CARTESIAN_POINT('',(3.40641025642026,-0.10000000001,0.998717948727949));
#6232=CARTESIAN_POINT('',(3.40641025641693,-0.100000000006667,0.998717948724616));
#6233=CARTESIAN_POINT('',(3.40641025642026,-0.10000000001,0.998717948727949));
#6234=CARTESIAN_POINT('',(3.11153846154513,-0.100000000006667,0.998717948724616));
#6235=CARTESIAN_POINT('',(3.11153846154846,-0.10000000001,0.998717948727949));
#6236=CARTESIAN_POINT('',(-2.1,-1.5,2.75));
#6237=CARTESIAN_POINT('',(-2.10000000001,0.,1.63124927746641));
#6238=CARTESIAN_POINT('',(-2.10000000000666,0.,2.25000000000667));
#6239=CARTESIAN_POINT('',(-2.10000000000666,0.,2.75000000000667));
#6240=CARTESIAN_POINT('',(-2.10000000001,-1.50000000001,2.75000000001));
#6241=CARTESIAN_POINT('',(-2.10000000000667,1.70000000000667,2.75000000000667));
#6242=CARTESIAN_POINT('',(-2.10000000001,1.70000000001,2.75000000001));
#6243=CARTESIAN_POINT('',(-2.10000000000667,1.70000000000667,2.25000000000667));
#6244=CARTESIAN_POINT('',(-2.10000000001,-1.50000000001,2.25000000001));
#6245=CARTESIAN_POINT('',(-4.075,2.5,-0.55));
#6246=CARTESIAN_POINT('',(-4.07500000001,0.,-0.55000000001));
#6247=CARTESIAN_POINT('',(-4.075,0.,-0.549999999999999));
#6248=CARTESIAN_POINT('',(-4.075,0.,0.55));
#6249=CARTESIAN_POINT('',(-4.07500000001,2.50000000001,0.55000000001));
#6250=CARTESIAN_POINT('',(-4.075,2.5,0.55));
#6251=CARTESIAN_POINT('',(-4.07500000001,2.50000000001,-0.55000000001));
#6252=CARTESIAN_POINT('',(-4.075,2.5,-0.549999999999999));
#6253=CARTESIAN_POINT('',(-4.07500000001,2.50000000001,-0.55000000001));
#6254=CARTESIAN_POINT('',(0.5,-0.1,2.36666666666667));
#6255=CARTESIAN_POINT('',(0.50000000001,0.,2.36666666667667));
#6256=CARTESIAN_POINT('',(0.5,0.,2.36666666666667));
#6257=CARTESIAN_POINT('',(0.5,0.,2.27692307692308));
#6258=CARTESIAN_POINT('',(0.50000000001,-0.10000000001,2.36666666667667));
#6259=CARTESIAN_POINT('',(0.5,-0.1,2.36666666666667));
#6260=CARTESIAN_POINT('',(0.50000000001,-0.10000000001,2.36666666667667));
#6261=CARTESIAN_POINT('',(0.5,-0.1,2.27692307692308));
#6262=CARTESIAN_POINT('',(0.50000000001,-0.10000000001,2.27692307693308));
#6263=CARTESIAN_POINT('',(-2.9,1.7,2.75));
#6264=CARTESIAN_POINT('',(-2.90000000001,2.50000000001,2.75000000001));
#6265=CARTESIAN_POINT('',(-2.9,2.5,2.25));
#6266=CARTESIAN_POINT('',(-2.9,2.5,2.75));
#6267=CARTESIAN_POINT('',(-2.90000000001,1.70000000001,2.75000000001));
#6268=CARTESIAN_POINT('',(-2.9,0.,2.75));
#6269=CARTESIAN_POINT('',(-2.90000000001,0.,1.63124927746641));
#6270=CARTESIAN_POINT('',(-2.9,0.,2.25));
#6271=CARTESIAN_POINT('',(-2.90000000001,1.70000000001,2.25000000001));
#6272=CARTESIAN_POINT('',(0.,-2.08911776517521,0.));
#6273=CARTESIAN_POINT('',(-1.00000000001,-2.08911776518521,-5.2811575435794));
#6274=CARTESIAN_POINT('',(-1.00000000000666,1.00000000000667,-5.28115754357273));
#6275=CARTESIAN_POINT('',(-1.00000000000667,1.50000000000666,-5.28115754357607));
#6276=CARTESIAN_POINT('',(0.,1.50000000000999,0.));
#6277=CARTESIAN_POINT('',(1.00000000000667,1.50000000000666,-5.28115754357607));
#6278=CARTESIAN_POINT('',(1.00000000001,-2.08911776518521,-5.2811575435794));
#6279=CARTESIAN_POINT('',(1.00000000000667,1.00000000000667,-5.28115754357273));
#6280=CARTESIAN_POINT('',(0.,1.00000000001,0.));
#6281=CARTESIAN_POINT('',(-3.24,1.89999999999999,-0.3));
#6282=CARTESIAN_POINT('',(-3.40076951546867,2.50000000001,1.63124927746641));
#6283=CARTESIAN_POINT('',(-3.40076951545867,2.5,0.460769515458674));
#6284=CARTESIAN_POINT('',(-3.22242111832749,1.83439472043062,0.28242111832749));
#6285=CARTESIAN_POINT('',(-3.24,1.89999999999999,0.3));
#6286=CARTESIAN_POINT('',(-3.24000000001,1.90000000000999,-0.30000000001));
#6287=CARTESIAN_POINT('',(-3.30605329954322,-0.1,0.985897435897436));
#6288=CARTESIAN_POINT('',(-3.30605329955322,0.,0.985897435907436));
#6289=CARTESIAN_POINT('',(-3.30605329954322,0.,0.985897435897436));
#6290=CARTESIAN_POINT('',(-3.30605329955322,-0.10000000001,0.985897435907436));
#6291=CARTESIAN_POINT('',(-3.30605329954322,-0.1,0.985897435897436));
#6292=CARTESIAN_POINT('',(-3.30605329955322,-0.10000000001,0.985897435907436));
#6293=CARTESIAN_POINT('',(-2.045,2.5,1.63124927745641));
#6294=CARTESIAN_POINT('',(0.,2.50000000001,0.));
#6295=CARTESIAN_POINT('',(-2.29687287414868,2.5,4.3));
#6296=CARTESIAN_POINT('',(-1.000000000005,2.5000000000075,4.77133367100308));
#6297=CARTESIAN_POINT('',(0.,2.50000000001,0.));
#6298=CARTESIAN_POINT('',(1.,2.5,4.77133367099808));
#6299=CARTESIAN_POINT('',(0.,2.50000000001,0.));
#6300=CARTESIAN_POINT('',(2.29687287414868,2.5,4.3));
#6301=CARTESIAN_POINT('',(-2.29687287415868,2.50000000001,4.30000000001));
#6302=CARTESIAN_POINT('',(-2.9,1.7,-2.25));
#6303=CARTESIAN_POINT('',(-2.90000000001,2.50000000001,-2.25000000001));
#6304=CARTESIAN_POINT('',(-2.90000000000667,2.50000000000667,-2.25000000000667));
#6305=CARTESIAN_POINT('',(2.90000000000667,2.50000000000667,-2.25000000000667));
#6306=CARTESIAN_POINT('',(2.90000000001,1.70000000001,-2.25000000001));
#6307=CARTESIAN_POINT('',(2.90000000000667,0.,-2.25000000000667));
#6308=CARTESIAN_POINT('',(-2.04500000001,0.,-2.25000000001));
#6309=CARTESIAN_POINT('',(2.10000000000665,0.,-2.25000000000667));
#6310=CARTESIAN_POINT('',(2.10000000001,-1.50000000001,-2.25000000001));
#6311=CARTESIAN_POINT('',(2.10000000000667,1.70000000000667,-2.25000000000667));
#6312=CARTESIAN_POINT('',(-2.90000000001,1.70000000001,-2.25000000001));
#6313=CARTESIAN_POINT('',(-2.10000000000667,1.70000000000667,-2.25000000000667));
#6314=CARTESIAN_POINT('',(-2.10000000001,-1.50000000001,-2.25000000001));
#6315=CARTESIAN_POINT('',(-2.10000000000665,0.,-2.25000000000667));
#6316=CARTESIAN_POINT('',(-2.04500000001,0.,-2.25000000001));
#6317=CARTESIAN_POINT('',(-2.90000000000667,0.,-2.25000000000667));
#6318=CARTESIAN_POINT('',(-2.90000000001,1.70000000001,-2.25000000001));
#6319=CARTESIAN_POINT('',(3.11153846153846,-0.1,1.38333333333333));
#6320=CARTESIAN_POINT('',(3.11153846154846,0.,0.998717948727949));
#6321=CARTESIAN_POINT('',(3.11153846154513,0.,0.703846153852821));
#6322=CARTESIAN_POINT('',(3.11153846154846,-0.10000000001,0.998717948727949));
#6323=CARTESIAN_POINT('',(3.11153846154513,-0.100000000006667,0.703846153852821));
#6324=CARTESIAN_POINT('',(3.11153846154846,-0.10000000001,0.703846153856154));
#6325=CARTESIAN_POINT('',(0.,-1.5,0.));
#6326=CARTESIAN_POINT('',(0.,-1.50000000001,0.));
#6327=CARTESIAN_POINT('',(0.,-1.50000000001,-1.55));
#6328=CARTESIAN_POINT('',(0.,-0.1,0.));
#6329=CARTESIAN_POINT('',(-3.30605329955322,-0.10000000001,0.883333333343333));
#6330=CARTESIAN_POINT('',(-3.30605329954322,-0.1,0.883333333333333));
#6331=CARTESIAN_POINT('',(-2.92143791493784,-0.10000000001,0.883333333343333));
#6332=CARTESIAN_POINT('',(3.11153846153846,-0.1,1.38333333333333));
#6333=CARTESIAN_POINT('',(3.11153846154846,0.,1.38333333334333));
#6334=CARTESIAN_POINT('',(3.11153846153846,0.,1.38333333333333));
#6335=CARTESIAN_POINT('',(3.11153846154513,0.,1.08846153846821));
#6336=CARTESIAN_POINT('',(3.11153846154846,-0.10000000001,1.38333333334333));
#6337=CARTESIAN_POINT('',(3.11153846154513,-0.100000000006667,1.38333333334));
#6338=CARTESIAN_POINT('',(3.11153846154846,-0.10000000001,1.38333333334333));
#6339=CARTESIAN_POINT('',(3.11153846154513,-0.100000000006667,1.08846153846821));
#6340=CARTESIAN_POINT('',(3.11153846154846,-0.10000000001,1.08846153847154));
#6341=CARTESIAN_POINT('',(-2.96,-1.5,-0.3));
#6342=CARTESIAN_POINT('',(-2.96000000001,-1.50000000001,0.30000000001));
#6343=CARTESIAN_POINT('',(-2.96,0.,0.3));
#6344=CARTESIAN_POINT('',(-2.96,1.89999999999999,0.3));
#6345=CARTESIAN_POINT('',(-2.96000000001,1.90000000000999,-0.30000000001));
#6346=CARTESIAN_POINT('',(-2.96000000001,0.,1.63124927746641));
#6347=CARTESIAN_POINT('',(1.,-2.08911776517521,4.77133367099808));
#6348=CARTESIAN_POINT('',(1.00000000001,-2.08911776518521,4.77133367100808));
#6349=CARTESIAN_POINT('',(1.,1.,4.77133367099808));
#6350=CARTESIAN_POINT('',(1.00000000001,2.50000000001,4.77133367100808));
#6351=CARTESIAN_POINT('',(1.00000000001,2.16680694246825,4.94154982727789));
#6352=CARTESIAN_POINT('',(1.00000000001,1.83345997374045,5.11146488207344));
#6353=CARTESIAN_POINT('',(1.00000000001,1.50000000000999,5.2811575435794));
#6354=CARTESIAN_POINT('',(1.,1.49999999999999,5.2811575435694));
#6355=CARTESIAN_POINT('',(1.00000000001,-2.08911776518521,5.2811575435794));
#6356=CARTESIAN_POINT('',(1.,1.,5.2811575435694));
#6357=CARTESIAN_POINT('',(1.00000000001,1.00000000001,4.77133367100808));
#6358=CARTESIAN_POINT('',(2.96,1.89999999999999,-0.3));
#6359=CARTESIAN_POINT('',(2.96000000001,1.90000000000999,-0.30000000001));
#6360=CARTESIAN_POINT('',(2.79923048454877,2.50000000000708,-0.460769515464561));
#6361=CARTESIAN_POINT('',(2.79923048455133,2.50000000001,1.63124927746641));
#6362=CARTESIAN_POINT('',(3.24,-1.5,-0.3));
#6363=CARTESIAN_POINT('',(3.24000000001,-1.50000000001,0.30000000001));
#6364=CARTESIAN_POINT('',(3.24000000000667,0.,0.300000000006667));
#6365=CARTESIAN_POINT('',(3.24000000001,1.90000000000999,-0.30000000001));
#6366=CARTESIAN_POINT('',(3.24000000001,0.,1.63124927746641));
#6367=CARTESIAN_POINT('',(-3.17421250076298,13.3767154554677,3.7));
#6368=CARTESIAN_POINT('',(-3.17421250077298,13.3767154554777,3.70000000001));
#6369=CARTESIAN_POINT('',(-3.17421250076298,2.5,3.7));
#6370=CARTESIAN_POINT('',(3.17421250077298,13.3767154554777,3.70000000001));
#6371=CARTESIAN_POINT('',(3.17421250076298,2.5,3.7));
#6372=CARTESIAN_POINT('',(-3.17421250077298,2.50000000001,3.70000000001));
#6373=CARTESIAN_POINT('',(3.02179487179487,-0.1,1.08846153846154));
#6374=CARTESIAN_POINT('',(3.02179487180487,0.,1.08846153847154));
#6375=CARTESIAN_POINT('',(3.02179487179487,0.,1.08846153846154));
#6376=CARTESIAN_POINT('',(3.02179487179487,0.,1.38333333333333));
#6377=CARTESIAN_POINT('',(3.02179487180487,-0.10000000001,1.08846153847154));
#6378=CARTESIAN_POINT('',(3.02179487180154,-0.100000000006667,1.08846153846821));
#6379=CARTESIAN_POINT('',(3.02179487180487,-0.10000000001,1.08846153847154));
#6380=CARTESIAN_POINT('',(3.02179487180154,-0.100000000006667,1.38333333334));
#6381=CARTESIAN_POINT('',(3.02179487180487,-0.10000000001,1.38333333334333));
#6382=CARTESIAN_POINT('',(-2.9,1.7,2.75));
#6383=CARTESIAN_POINT('',(-2.90000000001,2.50000000001,-2.75000000001));
#6384=CARTESIAN_POINT('',(-2.90000000000667,2.50000000000667,-2.75000000000667));
#6385=CARTESIAN_POINT('',(-2.90000000001,0.,1.63124927746641));
#6386=CARTESIAN_POINT('',(-2.90000000000667,0.,-2.75000000000667));
#6387=CARTESIAN_POINT('',(-2.90000000001,1.70000000001,-2.75000000001));
#6388=CARTESIAN_POINT('',(-2.045,1.,1.63124927745641));
#6389=CARTESIAN_POINT('',(0.,1.00000000001,0.));
#6390=CARTESIAN_POINT('',(-1.00000000000666,1.00000000000667,5.28115754357273));
#6391=CARTESIAN_POINT('',(-1.00000000001,1.00000000001,4.77133367100808));
#6392=CARTESIAN_POINT('',(-1.00000000000667,1.00000000000667,4.77133367100141));
#6393=CARTESIAN_POINT('',(0.,1.00000000001,0.));
#6394=CARTESIAN_POINT('',(-1.,-2.08911776517521,4.77133367099808));
#6395=CARTESIAN_POINT('',(-1.00000000001,-2.08911776518521,-4.77133367100808));
#6396=CARTESIAN_POINT('',(-1.00000000000667,1.00000000000667,-4.77133367100141));
#6397=CARTESIAN_POINT('',(-1.00000000001,2.50000000001,-4.77133367100808));
#6398=CARTESIAN_POINT('',(-1.00000000001,2.16680694246825,-4.94154982727789));
#6399=CARTESIAN_POINT('',(-1.00000000001,1.83345997374045,-5.11146488207344));
#6400=CARTESIAN_POINT('',(-1.00000000001,1.50000000000999,-5.2811575435794));
#6401=CARTESIAN_POINT('',(-1.00000000001,1.00000000001,-4.77133367100808));
#6402=CARTESIAN_POINT('',(-2.29687287414868,13.3767154554677,-4.3));
#6403=CARTESIAN_POINT('',(-2.29687287415868,13.3767154554777,-4.30000000001));
#6404=CARTESIAN_POINT('',(-2.29687287414868,3.5,-4.3));
#6405=CARTESIAN_POINT('',(-2.29687287415868,3.50000000001,-4.30000000001));
#6406=CARTESIAN_POINT('',(2.29687287414868,3.5,-4.3));
#6407=CARTESIAN_POINT('',(2.29687287415868,13.3767154554777,-4.30000000001));
#6408=CARTESIAN_POINT('',(1.,-2.08911776517521,4.77133367099808));
#6409=CARTESIAN_POINT('',(1.00000000001,1.50000000000999,-5.2811575435794));
#6410=CARTESIAN_POINT('',(1.00000000001,1.83345997374045,-5.11146488207344));
#6411=CARTESIAN_POINT('',(1.00000000001,2.16680694246824,-4.94154982727789));
#6412=CARTESIAN_POINT('',(1.00000000001,2.50000000001,-4.77133367100808));
#6413=CARTESIAN_POINT('',(1.00000000001,-2.08911776518521,-4.77133367100808));
#6414=CARTESIAN_POINT('',(1.00000000000667,1.00000000000667,-4.77133367100141));
#6415=CARTESIAN_POINT('',(1.00000000001,1.00000000001,-4.77133367100808));
#6416=CARTESIAN_POINT('',(0.,2.5,0.));
#6417=CARTESIAN_POINT('',(3.02179487179487,-0.1,0.998717948717949));
#6418=CARTESIAN_POINT('',(3.02179487180487,0.,0.998717948727949));
#6419=CARTESIAN_POINT('',(2.72692307692308,0.,0.998717948717949));
#6420=CARTESIAN_POINT('',(3.02179487180487,-0.10000000001,0.998717948727949));
#6421=CARTESIAN_POINT('',(2.72692307692975,-0.100000000006667,0.998717948724616));
#6422=CARTESIAN_POINT('',(2.72692307693308,-0.10000000001,0.998717948727949));
#6423=CARTESIAN_POINT('',(-2.9,1.7,2.75));
#6424=CARTESIAN_POINT('',(-2.90000000001,2.50000000001,2.75000000001));
#6425=CARTESIAN_POINT('',(2.9,2.5,2.75));
#6426=CARTESIAN_POINT('',(2.90000000001,1.70000000001,2.75000000001));
#6427=CARTESIAN_POINT('',(2.9,0.,2.75));
#6428=CARTESIAN_POINT('',(-2.04500000001,0.,2.75000000001));
#6429=CARTESIAN_POINT('',(2.10000000000666,0.,2.75000000000667));
#6430=CARTESIAN_POINT('',(2.10000000001,-1.50000000001,2.75000000001));
#6431=CARTESIAN_POINT('',(2.10000000000667,1.70000000000667,2.75000000000667));
#6432=CARTESIAN_POINT('',(-2.90000000001,1.70000000001,2.75000000001));
#6433=CARTESIAN_POINT('',(-2.04500000001,0.,2.75000000001));
#6434=CARTESIAN_POINT('',(-2.16840434497101E-16,0.,0.));
#6435=CARTESIAN_POINT('',(-1.00002168404345E-11,2.50000000001,0.));
#6436=CARTESIAN_POINT('',(-1.00002168404345E-11,2.50000000001,-1.25));
#6437=CARTESIAN_POINT('',(-1.00002168404345E-11,1.00000000001,0.));
#6438=CARTESIAN_POINT('',(-1.00002168404345E-11,1.00000000001,-1.25));
#6439=CARTESIAN_POINT('',(-0.5,-0.1,2.18177083333333));
#6440=CARTESIAN_POINT('',(-0.50000000001,0.,2.18177083334333));
#6441=CARTESIAN_POINT('',(-0.5,0.,2.18177083333333));
#6442=CARTESIAN_POINT('',(-0.5,0.,2.36666666666667));
#6443=CARTESIAN_POINT('',(-0.50000000001,-0.10000000001,2.18177083334333));
#6444=CARTESIAN_POINT('',(-0.5,-0.1,2.18177083333333));
#6445=CARTESIAN_POINT('',(-0.50000000001,-0.10000000001,2.18177083334333));
#6446=CARTESIAN_POINT('',(-0.5,-0.1,2.36666666666667));
#6447=CARTESIAN_POINT('',(-0.50000000001,-0.10000000001,2.36666666667667));
#6448=CARTESIAN_POINT('',(-0.9,-1.,0.));
#6449=CARTESIAN_POINT('',(2.9,1.7,2.75));
#6450=CARTESIAN_POINT('',(2.90000000001,2.50000000001,2.75000000001));
#6451=CARTESIAN_POINT('',(2.9,2.5,2.25));
#6452=CARTESIAN_POINT('',(2.90000000001,1.70000000001,2.25000000001));
#6453=CARTESIAN_POINT('',(2.9,0.,2.25));
#6454=CARTESIAN_POINT('',(2.90000000001,0.,1.63124927746641));
#6455=CARTESIAN_POINT('',(-2.045,1.,1.63124927745641));
#6456=CARTESIAN_POINT('',(-3.17421250076298,13.3767154554677,-3.7));
#6457=CARTESIAN_POINT('',(3.17421250077298,13.3767154554777,-3.70000000001));
#6458=CARTESIAN_POINT('',(3.17421250076298,3.5,-3.7));
#6459=CARTESIAN_POINT('',(3.17421250076298,2.5,-3.7));
#6460=CARTESIAN_POINT('',(-3.17421250077298,3.50000000001,-3.70000000001));
#6461=CARTESIAN_POINT('',(-3.17421250076298,3.5,-3.7));
#6462=CARTESIAN_POINT('',(-3.17421250077298,13.3767154554777,-3.70000000001));
#6463=CARTESIAN_POINT('',(-3.17421250076298,2.5,-3.7));
#6464=CARTESIAN_POINT('',(-3.17421250077298,2.50000000001,-3.70000000001));
#6465=CARTESIAN_POINT('',(3.02179487179487,-0.1,1.38333333333333));
#6466=CARTESIAN_POINT('',(3.02179487180487,0.,1.38333333334333));
#6467=CARTESIAN_POINT('',(3.02179487180487,-0.10000000001,1.38333333334333));
#6468=CARTESIAN_POINT('',(0.,-2.08911776517521,0.));
#6469=CARTESIAN_POINT('',(0.,1.50000000000999,0.));
#6470=CARTESIAN_POINT('',(-1.00000000000667,1.50000000000666,5.28115754357607));
#6471=CARTESIAN_POINT('',(-1.00000000001,-2.08911776518521,5.2811575435794));
#6472=CARTESIAN_POINT('',(0.,-1.3,0.));
#6473=CARTESIAN_POINT('',(0.,-1.30000000001,0.));
#6474=CARTESIAN_POINT('',(0.,-1.30000000001,-1.75));
#6475=CARTESIAN_POINT('',(-2.96,1.89999999999999,0.3));
#6476=CARTESIAN_POINT('',(-2.04500000001,2.50000000001,0.460769515468673));
#6477=CARTESIAN_POINT('',(-2.79923048454133,2.5,0.460769515458674));
#6478=CARTESIAN_POINT('',(-2.96000000001,1.90000000000999,0.30000000001));
#6479=CARTESIAN_POINT('',(-2.96000000001,1.90000000000999,0.30000000001));
#6480=CARTESIAN_POINT('',(3.40641025641026,-0.1,1.08846153846154));
#6481=CARTESIAN_POINT('',(3.40641025642026,0.,1.08846153847154));
#6482=CARTESIAN_POINT('',(3.40641025641693,0.,1.08846153846821));
#6483=CARTESIAN_POINT('',(3.40641025642026,-0.10000000001,1.08846153847154));
#6484=CARTESIAN_POINT('',(3.40641025641693,-0.100000000006667,1.08846153846821));
#6485=CARTESIAN_POINT('',(3.40641025642026,-0.10000000001,1.08846153847154));
#6486=CARTESIAN_POINT('',(-1.,-2.08911776517521,4.77133367099808));
#6487=CARTESIAN_POINT('',(-1.00000000001,1.50000000000999,5.2811575435794));
#6488=CARTESIAN_POINT('',(-1.00000000001,1.83345997374045,5.11146488207344));
#6489=CARTESIAN_POINT('',(-1.00000000001,2.16680694246824,4.94154982727789));
#6490=CARTESIAN_POINT('',(-1.00000000001,2.50000000001,4.77133367100808));
#6491=CARTESIAN_POINT('',(-1.00000000001,-2.08911776518521,4.77133367100808));
#6492=CARTESIAN_POINT('',(0.,-1.5,0.));
#6493=CARTESIAN_POINT('',(0.,-1.50000000001,-3.70000000001));
#6494=CARTESIAN_POINT('',(0.,-1.50000000001,-3.15000000001));
#6495=CARTESIAN_POINT('',(0.,-1.5,-3.7));
#6496=CARTESIAN_POINT('',(0.,-1.30000000001,-3.70000000001));
#6497=CARTESIAN_POINT('',(0.,-1.30000000001,-2.95000000001));
#6498=CARTESIAN_POINT('',(0.,0.,-3.70000000001));
#6499=CARTESIAN_POINT('',(0.,0.,-2.95000000001));
#6500=CARTESIAN_POINT('',(0.,-1.5,0.));
#6501=CARTESIAN_POINT('',(0.,0.,0.));
#6502=CARTESIAN_POINT('',(0.,0.,-1.75));
#6503=CARTESIAN_POINT('',(0.,-1.3,-3.7));
#6504=CARTESIAN_POINT('',(-0.5,-0.1,2.36666666666667));
#6505=CARTESIAN_POINT('',(-0.50000000001,0.,2.36666666667667));
#6506=CARTESIAN_POINT('',(-0.50000000001,-0.10000000001,2.36666666667667));
#6507=CARTESIAN_POINT('',(0.,2.5,0.));
#6508=CARTESIAN_POINT('',(3.24,1.89999999999999,-0.3));
#6509=CARTESIAN_POINT('',(3.22242111832749,1.83439472043062,-0.28242111832749));
#6510=CARTESIAN_POINT('',(3.40076951546414,2.50000000000552,-0.460769515464143));
#6511=CARTESIAN_POINT('',(3.40076951546867,2.50000000001,1.63124927746641));
#6512=CARTESIAN_POINT('',(-2.045,3.5,1.63124927745641));
#6513=CARTESIAN_POINT('',(0.,3.50000000001,0.));
#6514=CARTESIAN_POINT('',(0.,3.50000000001,0.));
#6515=CARTESIAN_POINT('',(-2.045,2.5,-1.63124927745641));
#6516=CARTESIAN_POINT('',(-2.04500000001,0.,-1.63124927746641));
#6517=CARTESIAN_POINT('',(-3.41619691324709,0.,-3.47781880636715));
#6518=CARTESIAN_POINT('',(-2.04500000001,2.50000000001,-1.63124927746641));
#6519=CARTESIAN_POINT('',(-3.41619691324709,2.5,-3.47781880636715));
#6520=CARTESIAN_POINT('',(-3.41619691325709,2.50000000001,-3.47781880637715));
#6521=CARTESIAN_POINT('',(-2.045,2.5,1.63124927745641));
#6522=CARTESIAN_POINT('',(-2.04500000001,0.,1.63124927746641));
#6523=CARTESIAN_POINT('',(-3.41619691324709,0.,3.47781880636716));
#6524=CARTESIAN_POINT('',(-3.41619691325709,2.50000000001,3.47781880637715));
#6525=CARTESIAN_POINT('',(-3.41619691324709,2.5,3.47781880636716));
#6526=CARTESIAN_POINT('',(-2.04500000001,2.50000000001,1.63124927746641));
#6527=CARTESIAN_POINT('',(0.,-1.3,3.7));
#6528=CARTESIAN_POINT('',(0.,-1.50000000001,3.70000000001));
#6529=CARTESIAN_POINT('',(0.,-1.50000000001,3.15000000001));
#6530=CARTESIAN_POINT('',(2.9,1.7,2.75));
#6531=CARTESIAN_POINT('',(2.90000000001,2.50000000001,-2.75000000001));
#6532=CARTESIAN_POINT('',(2.90000000000667,2.50000000000667,-2.75000000000667));
#6533=CARTESIAN_POINT('',(2.90000000001,1.70000000001,-2.75000000001));
#6534=CARTESIAN_POINT('',(2.90000000000667,0.,-2.75000000000667));
#6535=CARTESIAN_POINT('',(2.90000000001,0.,1.63124927746641));
#6536=CARTESIAN_POINT('',(2.72692307692308,-0.1,1.08846153846154));
#6537=CARTESIAN_POINT('',(3.11153846154846,0.,1.08846153847154));
#6538=CARTESIAN_POINT('',(3.11153846154846,-0.10000000001,1.08846153847154));
#6539=CARTESIAN_POINT('',(-2.045,1.,1.63124927745641));
#6540=CARTESIAN_POINT('',(0.,1.00000000001,0.));
#6541=CARTESIAN_POINT('',(-2.9,1.7,-2.75));
#6542=CARTESIAN_POINT('',(-2.90000000001,2.50000000001,-2.75000000001));
#6543=CARTESIAN_POINT('',(-2.04500000001,0.,-2.75000000001));
#6544=CARTESIAN_POINT('',(-2.10000000000665,0.,-2.75000000000667));
#6545=CARTESIAN_POINT('',(-2.10000000001,-1.50000000001,-2.75000000001));
#6546=CARTESIAN_POINT('',(-2.10000000000667,1.70000000000667,-2.75000000000667));
#6547=CARTESIAN_POINT('',(-2.90000000001,1.70000000001,-2.75000000001));
#6548=CARTESIAN_POINT('',(2.10000000000667,1.70000000000667,-2.75000000000667));
#6549=CARTESIAN_POINT('',(2.10000000001,-1.50000000001,-2.75000000001));
#6550=CARTESIAN_POINT('',(2.10000000000665,0.,-2.75000000000667));
#6551=CARTESIAN_POINT('',(-2.04500000001,0.,-2.75000000001));
#6552=CARTESIAN_POINT('',(-2.1,-1.5,2.75));
#6553=CARTESIAN_POINT('',(-2.10000000001,0.,1.63124927746641));
#6554=CARTESIAN_POINT('',(-2.10000000001,1.70000000001,-2.75000000001));
#6555=CARTESIAN_POINT('',(0.5,-0.1,2.27692307692308));
#6556=CARTESIAN_POINT('',(0.50000000001,0.,2.27692307693308));
#6557=CARTESIAN_POINT('',(-0.397435897435898,0.,2.27692307692308));
#6558=CARTESIAN_POINT('',(0.50000000001,-0.10000000001,2.27692307693308));
#6559=CARTESIAN_POINT('',(-0.397435897435898,-0.1,2.27692307692308));
#6560=CARTESIAN_POINT('',(-0.397435897445898,-0.10000000001,2.27692307693308));
#6561=CARTESIAN_POINT('',(2.72692307692308,-0.1,1.08846153846154));
#6562=CARTESIAN_POINT('',(2.72692307693308,0.,1.08846153847154));
#6563=CARTESIAN_POINT('',(2.72692307692308,0.,1.08846153846154));
#6564=CARTESIAN_POINT('',(2.72692307693308,-0.10000000001,1.08846153847154));
#6565=CARTESIAN_POINT('',(2.72692307692975,-0.100000000006667,1.08846153846821));
#6566=CARTESIAN_POINT('',(2.72692307693308,-0.10000000001,1.08846153847154));
#6567=CARTESIAN_POINT('',(-0.397435897435898,-0.1,2.27692307692308));
#6568=CARTESIAN_POINT('',(-0.397435897445898,0.,2.27692307693308));
#6569=CARTESIAN_POINT('',(-0.397435897435898,0.,2.12307692307692));
#6570=CARTESIAN_POINT('',(-0.397435897445898,-0.10000000001,2.27692307693308));
#6571=CARTESIAN_POINT('',(-0.397435897435898,-0.1,2.12307692307692));
#6572=CARTESIAN_POINT('',(-0.397435897445898,-0.10000000001,2.12307692308692));
#6573=CARTESIAN_POINT('',(-2.29687287414868,13.3767154554677,4.3));
#6574=CARTESIAN_POINT('',(2.29687287415868,13.3767154554777,4.30000000001));
#6575=CARTESIAN_POINT('',(-2.29687287415868,13.3767154554777,4.30000000001));
#6576=CARTESIAN_POINT('',(-0.397435897435898,-0.1,2.12307692307692));
#6577=CARTESIAN_POINT('',(-0.397435897445898,0.,2.12307692308692));
#6578=CARTESIAN_POINT('',(-0.397435897445898,-0.10000000001,2.12307692308692));
#6579=CARTESIAN_POINT('',(-2.96,-1.5,0.3));
#6580=CARTESIAN_POINT('',(-2.04500000001,0.,0.30000000001));
#6581=CARTESIAN_POINT('',(2.1,-1.5,2.75));
#6582=CARTESIAN_POINT('',(2.10000000001,0.,1.6312492774664));
#6583=CARTESIAN_POINT('',(2.10000000001,1.70000000001,-2.75000000001));
#6584=CARTESIAN_POINT('',(-3.30605329954322,-0.1,0.883333333333333));
#6585=CARTESIAN_POINT('',(-3.30605329955322,0.,0.883333333343333));
#6586=CARTESIAN_POINT('',(-3.30605329954322,0.,0.883333333333333));
#6587=CARTESIAN_POINT('',(-3.30605329955322,-0.10000000001,0.883333333343333));
#6588=CARTESIAN_POINT('',(-2.96,1.89999999999999,-0.3));
#6589=CARTESIAN_POINT('',(-2.79923048455133,2.50000000001,1.63124927746641));
#6590=CARTESIAN_POINT('',(3.11153846153846,-0.1,0.703846153846154));
#6591=CARTESIAN_POINT('',(3.11153846154846,0.,0.703846153856154));
#6592=CARTESIAN_POINT('',(3.11153846154846,-0.10000000001,0.703846153856154));
#6593=CARTESIAN_POINT('',(0.,-0.1,0.));
#6594=CARTESIAN_POINT('',(-2.045,0.,1.63124927745641));
#6595=CARTESIAN_POINT('',(-3.24000000001,0.,1.63124927746641));
#6596=CARTESIAN_POINT('',(-3.24,0.,0.3));
#6597=CARTESIAN_POINT('',(-2.04500000001,0.,0.30000000001));
#6598=CARTESIAN_POINT('',(-2.04500000001,0.,2.25000000001));
#6599=CARTESIAN_POINT('',(2.10000000000666,0.,2.25000000000667));
#6600=CARTESIAN_POINT('',(2.10000000001,0.,1.63124927746641));
#6601=CARTESIAN_POINT('',(-2.04500000001,0.,2.25000000001));
#6602=CARTESIAN_POINT('',(2.72692307693308,0.,0.998717948727949));
#6603=CARTESIAN_POINT('',(-2.92143791493784,0.,0.883333333343333));
#6604=CARTESIAN_POINT('',(0.,0.,0.));
#6605=CARTESIAN_POINT('',(0.,1.7,0.));
#6606=CARTESIAN_POINT('',(-2.9,1.7,2.25));
#6607=CARTESIAN_POINT('',(-2.90000000001,2.50000000001,2.25000000001));
#6608=CARTESIAN_POINT('',(-2.90000000001,1.70000000001,2.25000000001));
#6609=CARTESIAN_POINT('',(2.10000000000667,1.70000000000667,2.25000000000667));
#6610=CARTESIAN_POINT('',(2.10000000001,-1.50000000001,2.25000000001));
#6611=CARTESIAN_POINT('',(0.,-1.5,0.));
#6612=CARTESIAN_POINT('',(0.,-0.1,0.));
#6613=CARTESIAN_POINT('',(2.72692307693308,-0.10000000001,0.998717948727949));
#6614=CARTESIAN_POINT('',(0.,1.7,0.));
#6615=CARTESIAN_POINT('',(2.10000000001,1.70000000001,2.75000000001));
#6616=CARTESIAN_POINT('',(-2.96,1.89999999999999,-0.3));
#6617=CARTESIAN_POINT('',(-2.04500000001,2.50000000001,-0.460769515468674));
#6618=CARTESIAN_POINT('',(-2.96,-1.5,0.3));
#6619=CARTESIAN_POINT('',(-3.24000000001,-1.50000000001,0.30000000001));
#6620=CARTESIAN_POINT('',(-2.92143791492784,-0.1,0.883333333333333));
#6621=CARTESIAN_POINT('',(2.1,-1.5,2.75));
#6622=CARTESIAN_POINT('',(-2.045,2.5,1.63124927745641));
#6623=CARTESIAN_POINT('',(0.,2.50000000001,0.));
#6624=CARTESIAN_POINT('',(0.,2.50000000001,0.));
#6625=CARTESIAN_POINT('',(0.,2.50000000001,0.));
#6626=CARTESIAN_POINT('',(-3.24,-1.5,-0.3));
#6627=CARTESIAN_POINT('',(2.72692307692308,-0.1,0.998717948717949));
#6628=CARTESIAN_POINT('',(0.,2.5,0.));
#6629=CARTESIAN_POINT('',(0.,0.,0.));
#6630=CARTESIAN_POINT('',(0.9634641026416,3.0461435894336,7.71242942258564));
#6631=CARTESIAN_POINT('',(0.9634641026516,3.0461435894436,-2.25000000001));
#6632=CARTESIAN_POINT('',(0.9634641026416,3.0461435894336,-2.25));
#6633=CARTESIAN_POINT('',(0.700000000003224,2.80000000000678,-2.25000000000667));
#6634=CARTESIAN_POINT('',(0.9634641026516,3.0461435894436,7.71242942259564));
#6635=CARTESIAN_POINT('',(0.9634641026416,3.0461435894336,-2.75));
#6636=CARTESIAN_POINT('',(0.9634641026516,3.0461435894436,-2.75000000001));
#6637=CARTESIAN_POINT('',(0.700000000003224,2.80000000000678,-2.75000000000667));
#6638=CARTESIAN_POINT('',(0.70000000001,2.80000000001,7.71242942259564));
#6639=CARTESIAN_POINT('',(2.4,2.3,7.71242942258564));
#6640=CARTESIAN_POINT('',(2.40000000001,2.30000000001,-2.25000000001));
#6641=CARTESIAN_POINT('',(2.90000000001,2.30000000000333,-2.25000000000667));
#6642=CARTESIAN_POINT('',(2.40000000000333,2.80000000001,-2.25000000000667));
#6643=CARTESIAN_POINT('',(2.90000000001,2.30000000001,7.71242942259564));
#6644=CARTESIAN_POINT('',(2.90000000001,2.30000000000333,-2.75000000000667));
#6645=CARTESIAN_POINT('',(2.40000000001,2.30000000001,-2.75000000001));
#6646=CARTESIAN_POINT('',(2.40000000000333,2.80000000001,-2.75000000000667));
#6647=CARTESIAN_POINT('',(2.40000000001,2.80000000001,7.71242942259564));
#6648=CARTESIAN_POINT('',(-2.4,2.8,7.71242942258564));
#6649=CARTESIAN_POINT('',(0.70000000001,2.80000000001,-2.25000000001));
#6650=CARTESIAN_POINT('',(0.400000000006549,2.80000000001011,-2.25000000000667));
#6651=CARTESIAN_POINT('',(0.70000000001,2.80000000001,-2.75000000001));
#6652=CARTESIAN_POINT('',(0.400000000006549,2.80000000001011,-2.75000000000667));
#6653=CARTESIAN_POINT('',(0.400000000009999,2.80000000001,7.71242942259564));
#6654=CARTESIAN_POINT('',(-2.1,1.7,7.71242942258564));
#6655=CARTESIAN_POINT('',(-2.10000000001,1.70000000001,-2.25000000001));
#6656=CARTESIAN_POINT('',(-2.10000000000996,-4.1999999999964,-2.25000000000667));
#6657=CARTESIAN_POINT('',(-2.10000000000667,1.70000000000667,-2.25000000000667));
#6658=CARTESIAN_POINT('',(-2.10000000001,-4.20000000000999,7.71242942259564));
#6659=CARTESIAN_POINT('',(-2.10000000000996,-4.19999999999638,-2.75000000000667));
#6660=CARTESIAN_POINT('',(-2.10000000001,1.70000000001,-2.75000000001));
#6661=CARTESIAN_POINT('',(-2.10000000000667,1.70000000000667,-2.75000000000667));
#6662=CARTESIAN_POINT('',(-2.10000000001,1.70000000001,7.71242942259564));
#6663=CARTESIAN_POINT('',(2.9,-4.19999999999999,7.71242942258564));
#6664=CARTESIAN_POINT('',(3.9470588235394,-0.0117647058923292,-2.25000000001));
#6665=CARTESIAN_POINT('',(2.70000000000724,-5.00000000000764,-2.25000000000667));
#6666=CARTESIAN_POINT('',(2.90000000001056,-4.20000000000429,-2.25000000000667));
#6667=CARTESIAN_POINT('',(2.70000000001,-5.00000000001,7.71242942259564));
#6668=CARTESIAN_POINT('',(2.70000000000567,-5.00000000000725,-2.75000000000667));
#6669=CARTESIAN_POINT('',(4.11764705883352,0.670588235304141,-2.75000000001));
#6670=CARTESIAN_POINT('',(2.90000000000996,-4.19999999999674,-2.75000000000667));
#6671=CARTESIAN_POINT('',(2.90000000001,-4.20000000000999,7.71242942259564));
#6672=CARTESIAN_POINT('',(-1.1,2.9,7.71242942258564));
#6673=CARTESIAN_POINT('',(-1.10000000001,2.90000000001,-2.25000000001));
#6674=CARTESIAN_POINT('',(-0.9634641026416,3.0461435894336,-2.25));
#6675=CARTESIAN_POINT('',(-1.2365358973584,3.0461435894336,-2.25));
#6676=CARTESIAN_POINT('',(-0.9634641026516,3.0461435894436,7.71242942259564));
#6677=CARTESIAN_POINT('',(-0.9634641026416,3.0461435894336,-2.75));
#6678=CARTESIAN_POINT('',(-1.10000000001,2.90000000001,-2.75000000001));
#6679=CARTESIAN_POINT('',(-1.2365358973584,3.0461435894336,-2.75));
#6680=CARTESIAN_POINT('',(-1.2365358973684,3.0461435894436,7.71242942259564));
#6681=CARTESIAN_POINT('',(-2.9,-5.,7.71242942258564));
#6682=CARTESIAN_POINT('',(-2.90000000001,-5.00000000001,-2.25000000001));
#6683=CARTESIAN_POINT('',(-2.7,-5.,-2.25));
#6684=CARTESIAN_POINT('',(-2.3,-5.,-2.25));
#6685=CARTESIAN_POINT('',(-2.70000000001,-5.00000000001,7.71242942259564));
#6686=CARTESIAN_POINT('',(-2.7,-5.,-2.75));
#6687=CARTESIAN_POINT('',(-2.90000000001,-5.00000000001,-2.75000000001));
#6688=CARTESIAN_POINT('',(-2.3,-5.,-2.75));
#6689=CARTESIAN_POINT('',(-2.30000000001,-5.00000000001,7.71242942259564));
#6690=CARTESIAN_POINT('',(2.1,1.7,7.71242942258564));
#6691=CARTESIAN_POINT('',(2.10000000001,1.70000000001,-2.75000000001));
#6692=CARTESIAN_POINT('',(2.10000000000667,1.70000000000667,-2.75000000000667));
#6693=CARTESIAN_POINT('',(2.10000000000996,-4.19999999999635,-2.75000000000667));
#6694=CARTESIAN_POINT('',(2.10000000001,-4.20000000000999,7.71242942259564));
#6695=CARTESIAN_POINT('',(2.10000000000996,-4.19999999999636,-2.25000000000667));
#6696=CARTESIAN_POINT('',(2.10000000001,1.70000000001,-2.25000000001));
#6697=CARTESIAN_POINT('',(2.10000000000667,1.70000000000667,-2.25000000000667));
#6698=CARTESIAN_POINT('',(2.10000000001,1.70000000001,7.71242942259564));
#6699=CARTESIAN_POINT('',(-2.1,-4.19999999999999,7.71242942258564));
#6700=CARTESIAN_POINT('',(-0.75882352942178,1.16470588236295,-2.25000000001));
#6701=CARTESIAN_POINT('',(-0.588235294127665,1.84705882353942,-2.75000000001));
#6702=CARTESIAN_POINT('',(0.,2.9,7.71242942258564));
#6703=CARTESIAN_POINT('',(0.,2.90000000001,-2.25000000001));
#6704=CARTESIAN_POINT('',(0.1365358973584,3.0461435894336,-2.25));
#6705=CARTESIAN_POINT('',(-0.1365358973584,3.0461435894336,-2.25));
#6706=CARTESIAN_POINT('',(0.1365358973684,3.0461435894436,7.71242942259564));
#6707=CARTESIAN_POINT('',(0.1365358973584,3.0461435894336,-2.75));
#6708=CARTESIAN_POINT('',(0.,2.90000000001,-2.75000000001));
#6709=CARTESIAN_POINT('',(-0.1365358973584,3.0461435894336,-2.75));
#6710=CARTESIAN_POINT('',(-0.1365358973684,3.0461435894436,7.71242942259564));
#6711=CARTESIAN_POINT('',(-2.9,-5.,7.71242942258564));
#6712=CARTESIAN_POINT('',(2.90000000001,-5.00000000001,-2.25000000001));
#6713=CARTESIAN_POINT('',(2.30000000000727,-5.00000000000568,-2.25000000000667));
#6714=CARTESIAN_POINT('',(2.30000000001,-5.00000000001,7.71242942259564));
#6715=CARTESIAN_POINT('',(2.30000000000727,-5.00000000000568,-2.75000000000667));
#6716=CARTESIAN_POINT('',(2.90000000001,-5.00000000001,-2.75000000001));
#6717=CARTESIAN_POINT('',(-2.4,2.8,7.71242942258564));
#6718=CARTESIAN_POINT('',(-0.70000000001,2.80000000001,-2.25000000001));
#6719=CARTESIAN_POINT('',(-0.400000000006551,2.80000000001011,-2.25000000000667));
#6720=CARTESIAN_POINT('',(-0.700000000003224,2.80000000000678,-2.25000000000667));
#6721=CARTESIAN_POINT('',(-0.400000000010001,2.80000000001,7.71242942259564));
#6722=CARTESIAN_POINT('',(-0.400000000006551,2.80000000001011,-2.75000000000667));
#6723=CARTESIAN_POINT('',(-0.70000000001,2.80000000001,-2.75000000001));
#6724=CARTESIAN_POINT('',(-0.700000000003224,2.80000000000678,-2.75000000000667));
#6725=CARTESIAN_POINT('',(-0.70000000001,2.80000000001,7.71242942259564));
#6726=CARTESIAN_POINT('',(-2.9,1.7,-2.25));
#6727=CARTESIAN_POINT('',(-2.90000000001,2.30000000001,-2.25000000001));
#6728=CARTESIAN_POINT('',(-2.9,2.3,-2.25));
#6729=CARTESIAN_POINT('',(-2.9,-4.19999999999999,-2.25));
#6730=CARTESIAN_POINT('',(-4.28823529412763,1.3529411764806,-2.25000000001));
#6731=CARTESIAN_POINT('',(-2.10000000001,1.70000000001,-2.25000000001));
#6732=CARTESIAN_POINT('',(0.417647058833556,2.52941176471588,-2.25000000001));
#6733=CARTESIAN_POINT('',(2.90000000001,2.30000000001,-2.25000000001));
#6734=CARTESIAN_POINT('',(2.40000000001,2.80000000001,-2.25000000001));
#6735=CARTESIAN_POINT('',(1.50000000000655,2.80000000001011,-2.25000000000667));
#6736=CARTESIAN_POINT('',(1.50000000001,2.80000000001,-2.25000000001));
#6737=CARTESIAN_POINT('',(1.2365358973584,3.0461435894336,-2.25));
#6738=CARTESIAN_POINT('',(1.10000000001,2.90000000001,-2.25000000001));
#6739=CARTESIAN_POINT('',(0.1365358973684,3.0461435894436,-2.25000000001));
#6740=CARTESIAN_POINT('',(-0.400000000010001,2.80000000001,-2.25000000001));
#6741=CARTESIAN_POINT('',(-0.9634641026516,3.0461435894436,-2.25000000001));
#6742=CARTESIAN_POINT('',(-1.50000000001,2.80000000001,-2.25000000001));
#6743=CARTESIAN_POINT('',(-1.50000000000655,2.80000000001011,-2.25000000000667));
#6744=CARTESIAN_POINT('',(-2.40000000001,2.80000000001,-2.25000000001));
#6745=CARTESIAN_POINT('',(-2.40000000000333,2.80000000001,-2.25000000000667));
#6746=CARTESIAN_POINT('',(-2.40000000001,2.30000000001,-2.25000000001));
#6747=CARTESIAN_POINT('',(2.9,2.3,7.71242942258564));
#6748=CARTESIAN_POINT('',(2.90000000001,2.30000000001,-2.75000000001));
#6749=CARTESIAN_POINT('',(-2.7,-5.,7.71242942258564));
#6750=CARTESIAN_POINT('',(-2.90000000001,-4.20000000000999,7.71242942259564));
#6751=CARTESIAN_POINT('',(-2.9,-4.19999999999999,-2.75));
#6752=CARTESIAN_POINT('',(-4.40000000000998,1.80000000001001,-2.75000000001));
#6753=CARTESIAN_POINT('',(-0.400000000000001,2.8,7.71242942258564));
#6754=CARTESIAN_POINT('',(-0.400000000010001,2.80000000001,-2.75000000001));
#6755=CARTESIAN_POINT('',(-2.1,1.7,7.71242942258564));
#6756=CARTESIAN_POINT('',(-2.10000000001,1.70000000001,-2.75000000001));
#6757=CARTESIAN_POINT('',(-2.4,2.3,-2.75));
#6758=CARTESIAN_POINT('',(-2.90000000001,2.30000000001,-2.75000000001));
#6759=CARTESIAN_POINT('',(-2.9,2.3,-2.75));
#6760=CARTESIAN_POINT('',(-2.40000000001,2.30000000001,-2.75000000001));
#6761=CARTESIAN_POINT('',(-2.40000000000333,2.80000000001,-2.75000000000667));
#6762=CARTESIAN_POINT('',(-2.40000000001,2.80000000001,-2.75000000001));
#6763=CARTESIAN_POINT('',(-1.50000000000655,2.80000000001011,-2.75000000000667));
#6764=CARTESIAN_POINT('',(-1.50000000001,2.80000000001,-2.75000000001));
#6765=CARTESIAN_POINT('',(-0.9634641026516,3.0461435894436,-2.75000000001));
#6766=CARTESIAN_POINT('',(0.1365358973684,3.0461435894436,-2.75000000001));
#6767=CARTESIAN_POINT('',(1.10000000001,2.90000000001,-2.75000000001));
#6768=CARTESIAN_POINT('',(1.2365358973584,3.0461435894336,-2.75));
#6769=CARTESIAN_POINT('',(1.50000000001,2.80000000001,-2.75000000001));
#6770=CARTESIAN_POINT('',(1.50000000000655,2.80000000001011,-2.75000000000667));
#6771=CARTESIAN_POINT('',(2.40000000001,2.80000000001,-2.75000000001));
#6772=CARTESIAN_POINT('',(0.305882352951203,2.97647058824529,-2.75000000001));
#6773=CARTESIAN_POINT('',(-2.4,2.8,7.71242942258564));
#6774=CARTESIAN_POINT('',(-1.50000000001,2.80000000001,7.71242942259564));
#6775=CARTESIAN_POINT('',(-2.40000000001,2.80000000001,7.71242942259564));
#6776=CARTESIAN_POINT('',(-1.5,2.8,7.71242942258564));
#6777=CARTESIAN_POINT('',(0.1365358973584,3.0461435894336,7.71242942258564));
#6778=CARTESIAN_POINT('',(-0.9634641026416,3.0461435894336,7.71242942258564));
#6779=CARTESIAN_POINT('',(2.3,-5.,7.71242942258564));
#6780=CARTESIAN_POINT('',(-2.9,2.3,7.71242942258564));
#6781=CARTESIAN_POINT('',(-2.90000000001,2.30000000001,7.71242942259564));
#6782=CARTESIAN_POINT('',(-2.4,2.3,7.71242942258564));
#6783=CARTESIAN_POINT('',(-2.4,2.8,7.71242942258564));
#6784=CARTESIAN_POINT('',(1.50000000001,2.80000000001,7.71242942259564));
#6785=CARTESIAN_POINT('',(1.1,2.9,7.71242942258564));
#6786=CARTESIAN_POINT('',(1.2365358973684,3.0461435894436,7.71242942259564));
#6787=CARTESIAN_POINT('',(1.5,2.8,7.71242942258564));
#6788=CARTESIAN_POINT('',(0.,0.,0.));
#6789=CARTESIAN_POINT('',(0.1365358973584,3.0461435894336,-7.71242942258564));
#6790=CARTESIAN_POINT('',(0.1365358973684,3.0461435894436,2.25000000001));
#6791=CARTESIAN_POINT('',(0.1365358973584,3.0461435894336,2.25));
#6792=CARTESIAN_POINT('',(0.400000000006549,2.80000000001008,2.25000000000667));
#6793=CARTESIAN_POINT('',(0.1365358973684,3.0461435894436,-7.71242942259564));
#6794=CARTESIAN_POINT('',(0.1365358973584,3.0461435894336,2.75));
#6795=CARTESIAN_POINT('',(0.1365358973684,3.0461435894436,2.75000000001));
#6796=CARTESIAN_POINT('',(0.400000000006549,2.80000000001007,2.75000000000667));
#6797=CARTESIAN_POINT('',(0.400000000009999,2.80000000001,-7.71242942259564));
#6798=CARTESIAN_POINT('',(-2.4,2.3,-7.71242942258564));
#6799=CARTESIAN_POINT('',(-2.40000000001,2.30000000001,2.25000000001));
#6800=CARTESIAN_POINT('',(-2.9,2.3,2.25));
#6801=CARTESIAN_POINT('',(-2.40000000000333,2.80000000000997,2.25000000000667));
#6802=CARTESIAN_POINT('',(-2.90000000001,2.30000000001,-7.71242942259564));
#6803=CARTESIAN_POINT('',(-2.9,2.3,2.75));
#6804=CARTESIAN_POINT('',(-2.40000000001,2.30000000001,2.75000000001));
#6805=CARTESIAN_POINT('',(-2.40000000000333,2.80000000000996,2.75000000000667));
#6806=CARTESIAN_POINT('',(-2.40000000001,2.80000000001,-7.71242942259564));
#6807=CARTESIAN_POINT('',(-1.5,2.8,-7.71242942258564));
#6808=CARTESIAN_POINT('',(-1.50000000001,2.80000000001,2.25000000001));
#6809=CARTESIAN_POINT('',(-1.50000000000655,2.80000000001008,2.25000000000667));
#6810=CARTESIAN_POINT('',(-1.2365358973584,3.0461435894336,2.25));
#6811=CARTESIAN_POINT('',(-1.50000000001,2.80000000001,-7.71242942259564));
#6812=CARTESIAN_POINT('',(-1.50000000000655,2.80000000001008,2.75000000000667));
#6813=CARTESIAN_POINT('',(-1.50000000001,2.80000000001,2.75000000001));
#6814=CARTESIAN_POINT('',(-1.2365358973584,3.0461435894336,2.75));
#6815=CARTESIAN_POINT('',(-1.2365358973684,3.0461435894436,-7.71242942259564));
#6816=CARTESIAN_POINT('',(-0.9634641026416,3.0461435894336,-7.71242942258564));
#6817=CARTESIAN_POINT('',(-0.9634641026516,3.0461435894436,2.25000000001));
#6818=CARTESIAN_POINT('',(-0.9634641026416,3.0461435894336,2.25));
#6819=CARTESIAN_POINT('',(-0.700000000003224,2.80000000000675,2.25000000000667));
#6820=CARTESIAN_POINT('',(-0.9634641026516,3.0461435894436,-7.71242942259564));
#6821=CARTESIAN_POINT('',(-0.9634641026416,3.0461435894336,2.75));
#6822=CARTESIAN_POINT('',(-0.9634641026516,3.0461435894436,2.75000000001));
#6823=CARTESIAN_POINT('',(-0.700000000003224,2.80000000000675,2.75000000000667));
#6824=CARTESIAN_POINT('',(-0.70000000001,2.80000000001,-7.71242942259564));
#6825=CARTESIAN_POINT('',(0.,2.9,-7.71242942258564));
#6826=CARTESIAN_POINT('',(0.,2.90000000001,2.25000000001));
#6827=CARTESIAN_POINT('',(-0.1365358973584,3.0461435894336,2.25));
#6828=CARTESIAN_POINT('',(-0.1365358973684,3.0461435894436,-7.71242942259564));
#6829=CARTESIAN_POINT('',(-0.1365358973584,3.0461435894336,2.75));
#6830=CARTESIAN_POINT('',(0.,2.90000000001,2.75000000001));
#6831=CARTESIAN_POINT('',(-0.400000000000001,2.8,-7.71242942258564));
#6832=CARTESIAN_POINT('',(-0.400000000010001,2.80000000001,2.25000000001));
#6833=CARTESIAN_POINT('',(-0.400000000006551,2.80000000001007,2.25000000000667));
#6834=CARTESIAN_POINT('',(-0.400000000010001,2.80000000001,-7.71242942259564));
#6835=CARTESIAN_POINT('',(-0.400000000006551,2.80000000001007,2.75000000000667));
#6836=CARTESIAN_POINT('',(-0.400000000010001,2.80000000001,2.75000000001));
#6837=CARTESIAN_POINT('',(-2.9,-4.19999999999999,-7.71242942258564));
#6838=CARTESIAN_POINT('',(-4.28823529412762,1.3529411764806,2.25000000001));
#6839=CARTESIAN_POINT('',(-2.7,-5.,2.25));
#6840=CARTESIAN_POINT('',(-2.89999999999999,-4.20000000000002,2.25));
#6841=CARTESIAN_POINT('',(-2.70000000001,-5.00000000001,-7.71242942259564));
#6842=CARTESIAN_POINT('',(-2.7,-5.,2.75));
#6843=CARTESIAN_POINT('',(-2.90000000001,-4.20000000000999,2.75000000001));
#6844=CARTESIAN_POINT('',(-2.9,-4.19999999999999,2.75));
#6845=CARTESIAN_POINT('',(-2.90000000001,-4.20000000000999,-7.71242942259564));
#6846=CARTESIAN_POINT('',(-2.3,-5.,-7.71242942258564));
#6847=CARTESIAN_POINT('',(-0.75882352942178,1.16470588236295,2.25000000001));
#6848=CARTESIAN_POINT('',(-2.10000000000996,-4.19999999999643,2.2500000000067));
#6849=CARTESIAN_POINT('',(-2.3,-5.,2.25));
#6850=CARTESIAN_POINT('',(-2.10000000001,-4.20000000000999,-7.71242942259564));
#6851=CARTESIAN_POINT('',(-2.100000000009,-4.20000000000276,2.75000000000668));
#6852=CARTESIAN_POINT('',(-2.30000000001,-5.00000000001,2.75000000001));
#6853=CARTESIAN_POINT('',(-2.3,-5.,2.75));
#6854=CARTESIAN_POINT('',(-2.30000000001,-5.00000000001,-7.71242942259564));
#6855=CARTESIAN_POINT('',(-2.4,2.8,-7.71242942258564));
#6856=CARTESIAN_POINT('',(-2.40000000001,2.80000000001,2.25000000001));
#6857=CARTESIAN_POINT('',(-2.40000000001,2.80000000001,2.75000000001));
#6858=CARTESIAN_POINT('',(-2.4,2.8,-7.71242942258564));
#6859=CARTESIAN_POINT('',(1.50000000001,2.80000000001,2.25000000001));
#6860=CARTESIAN_POINT('',(1.50000000000655,2.80000000001008,2.25000000000667));
#6861=CARTESIAN_POINT('',(2.40000000000333,2.80000000000997,2.25000000000667));
#6862=CARTESIAN_POINT('',(1.50000000001,2.80000000001,-7.71242942259564));
#6863=CARTESIAN_POINT('',(1.50000000000655,2.80000000001007,2.75000000000667));
#6864=CARTESIAN_POINT('',(1.50000000001,2.80000000001,2.75000000001));
#6865=CARTESIAN_POINT('',(2.40000000000333,2.80000000000997,2.75000000000667));
#6866=CARTESIAN_POINT('',(2.40000000001,2.80000000001,-7.71242942259564));
#6867=CARTESIAN_POINT('',(-2.9,1.7,2.25));
#6868=CARTESIAN_POINT('',(2.90000000001,-5.00000000001,2.25000000001));
#6869=CARTESIAN_POINT('',(2.70000000000723,-5.00000000000768,2.25000000000667));
#6870=CARTESIAN_POINT('',(2.30000000000727,-5.00000000000572,2.25000000000667));
#6871=CARTESIAN_POINT('',(0.417647058833555,2.52941176471588,2.25000000001));
#6872=CARTESIAN_POINT('',(2.10000000001001,-4.19999999999658,2.25000000000667));
#6873=CARTESIAN_POINT('',(2.10000000001,-5.00000000001,2.25000000001));
#6874=CARTESIAN_POINT('',(2.10000000000669,1.70000000000663,2.25000000000667));
#6875=CARTESIAN_POINT('',(2.10000000001,1.70000000001,2.25000000001));
#6876=CARTESIAN_POINT('',(-2.10000000000667,1.70000000000662,2.25000000000667));
#6877=CARTESIAN_POINT('',(-2.10000000001,1.70000000001,2.25000000001));
#6878=CARTESIAN_POINT('',(-2.10000000001,-5.00000000001,2.25000000001));
#6879=CARTESIAN_POINT('',(-2.90000000001,-5.00000000001,2.25000000001));
#6880=CARTESIAN_POINT('',(-1.10000000001,2.90000000001,2.25000000001));
#6881=CARTESIAN_POINT('',(-0.70000000001,2.80000000001,2.25000000001));
#6882=CARTESIAN_POINT('',(0.400000000009999,2.80000000001,2.25000000001));
#6883=CARTESIAN_POINT('',(0.700000000003224,2.80000000000675,2.25000000000667));
#6884=CARTESIAN_POINT('',(0.70000000001,2.80000000001,2.25000000001));
#6885=CARTESIAN_POINT('',(0.9634641026416,3.0461435894336,2.25));
#6886=CARTESIAN_POINT('',(1.10000000001,2.90000000001,2.25000000001));
#6887=CARTESIAN_POINT('',(1.2365358973584,3.0461435894336,2.25));
#6888=CARTESIAN_POINT('',(1.2365358973684,3.0461435894436,2.25000000001));
#6889=CARTESIAN_POINT('',(2.40000000001,2.30000000001,2.25000000001));
#6890=CARTESIAN_POINT('',(2.90000000001,2.3000000000033,2.25000000000667));
#6891=CARTESIAN_POINT('',(2.90000000001,2.30000000001,2.25000000001));
#6892=CARTESIAN_POINT('',(2.90000000001055,-4.20000000000433,2.25000000000667));
#6893=CARTESIAN_POINT('',(3.9470588235394,-0.0117647058923331,2.25000000001));
#6894=CARTESIAN_POINT('',(-2.1,-5.,-7.71242942258564));
#6895=CARTESIAN_POINT('',(2.90000000001,-5.00000000001,2.75000000001));
#6896=CARTESIAN_POINT('',(2.70000000000724,-5.00000000000768,2.75000000000667));
#6897=CARTESIAN_POINT('',(2.30000000000569,-5.00000000000612,2.75000000000667));
#6898=CARTESIAN_POINT('',(2.30000000001,-5.00000000001,-7.71242942259564));
#6899=CARTESIAN_POINT('',(2.70000000000999,-5.00000000001,-7.71242942259564));
#6900=CARTESIAN_POINT('',(2.1,1.7,-7.71242942258564));
#6901=CARTESIAN_POINT('',(2.10000000001,1.70000000001,-7.71242942259564));
#6902=CARTESIAN_POINT('',(2.10000000000669,1.70000000000663,2.75000000000667));
#6903=CARTESIAN_POINT('',(2.10000000001,1.70000000001,2.75000000001));
#6904=CARTESIAN_POINT('',(-2.10000000000667,1.70000000000662,2.75000000000667));
#6905=CARTESIAN_POINT('',(-2.10000000001,1.70000000001,-7.71242942259564));
#6906=CARTESIAN_POINT('',(2.1,-4.19999999999998,-7.71242942258564));
#6907=CARTESIAN_POINT('',(2.10000000001,-4.20000000000998,2.75000000001));
#6908=CARTESIAN_POINT('',(2.10000000000902,-4.20000000000276,2.75000000000667));
#6909=CARTESIAN_POINT('',(2.10000000001,-4.20000000000998,-7.71242942259564));
#6910=CARTESIAN_POINT('',(-2.4,2.8,-7.71242942258564));
#6911=CARTESIAN_POINT('',(0.400000000009999,2.80000000001,2.75000000001));
#6912=CARTESIAN_POINT('',(0.700000000003224,2.80000000000675,2.75000000000667));
#6913=CARTESIAN_POINT('',(0.70000000001,2.80000000001,-7.71242942259564));
#6914=CARTESIAN_POINT('',(-1.1,2.9,-7.71242942258564));
#6915=CARTESIAN_POINT('',(-1.10000000001,2.90000000001,2.75000000001));
#6916=CARTESIAN_POINT('',(-2.1,-5.,-7.71242942258564));
#6917=CARTESIAN_POINT('',(-2.10000000001,-5.00000000001,2.75000000001));
#6918=CARTESIAN_POINT('',(-2.4,2.8,-7.71242942258564));
#6919=CARTESIAN_POINT('',(-0.70000000001,2.80000000001,2.75000000001));
#6920=CARTESIAN_POINT('',(-2.1,1.7,-7.71242942258564));
#6921=CARTESIAN_POINT('',(-2.10000000001,1.70000000001,2.75000000001));
#6922=CARTESIAN_POINT('',(1.2365358973584,3.0461435894336,-7.71242942258564));
#6923=CARTESIAN_POINT('',(1.2365358973684,3.0461435894436,-7.71242942259564));
#6924=CARTESIAN_POINT('',(1.2365358973584,3.0461435894336,2.75));
#6925=CARTESIAN_POINT('',(1.2365358973684,3.0461435894436,2.75000000001));
#6926=CARTESIAN_POINT('',(-2.4,2.3,2.75));
#6927=CARTESIAN_POINT('',(2.10000000001,-5.00000000001,2.75000000001));
#6928=CARTESIAN_POINT('',(2.70000000000999,-5.00000000001,2.75000000001));
#6929=CARTESIAN_POINT('',(2.90000000001057,-4.20000000000434,2.75000000000667));
#6930=CARTESIAN_POINT('',(2.90000000001,2.30000000001,2.75000000001));
#6931=CARTESIAN_POINT('',(2.90000000001,2.3000000000033,2.75000000000667));
#6932=CARTESIAN_POINT('',(2.40000000001,2.30000000001,2.75000000001));
#6933=CARTESIAN_POINT('',(1.10000000001,2.90000000001,2.75000000001));
#6934=CARTESIAN_POINT('',(0.963464102641601,3.0461435894336,2.75));
#6935=CARTESIAN_POINT('',(0.70000000001,2.80000000001,2.75000000001));
#6936=CARTESIAN_POINT('',(-2.90000000001,-5.00000000001,2.75000000001));
#6937=CARTESIAN_POINT('',(2.4,2.3,-7.71242942258564));
#6938=CARTESIAN_POINT('',(2.90000000001,2.30000000001,-7.71242942259564));
#6939=CARTESIAN_POINT('',(0.7,2.8,-7.71242942258564));
#6940=CARTESIAN_POINT('',(0.963464102651601,3.0461435894436,-7.71242942259564));
#6941=CARTESIAN_POINT('',(1.1,2.9,-7.71242942258564));
#6942=CARTESIAN_POINT('',(2.1,-5.,-7.71242942258564));
#6943=CARTESIAN_POINT('',(-2.9,-5.,-7.71242942258564));
#6944=CARTESIAN_POINT('',(2.69999999999999,-5.,-7.71242942258564));
#6945=CARTESIAN_POINT('',(2.90000000001,-4.20000000000999,-7.71242942259564));
#6946=CARTESIAN_POINT('',(2.9,2.3,-7.71242942258564));
#6947=CARTESIAN_POINT('',(0.,0.,0.));
#6948=CARTESIAN_POINT('',(0.,-5.8,0.));
#6949=CARTESIAN_POINT('',(0.,0.,0.));
#6950=CARTESIAN_POINT('',(-5.89830484122678,0.,-1.10000000000667));
#6951=CARTESIAN_POINT('',(5.89830484122678,0.,-1.10000000000667));
#6952=CARTESIAN_POINT('',(5.89830484123345,-5.80000000001,-1.10000000001));
#6953=CARTESIAN_POINT('',(5.89830484122678,-4.80000000000667,-1.10000000000667));
#6954=CARTESIAN_POINT('',(0.,-4.80000000001,0.));
#6955=CARTESIAN_POINT('',(5.89830484122345,-4.8,1.1));
#6956=CARTESIAN_POINT('',(5.89830484123345,-5.80000000001,1.10000000001));
#6957=CARTESIAN_POINT('',(5.89830484122345,0.,1.1));
#6958=CARTESIAN_POINT('',(0.,0.,0.));
#6959=CARTESIAN_POINT('',(2.61533936612441,0.,5.4));
#6960=CARTESIAN_POINT('',(2.61533936613441,-5.80000000001,5.40000000001));
#6961=CARTESIAN_POINT('',(2.61533936612441,-5.8,5.4));
#6962=CARTESIAN_POINT('',(0.,-5.80000000001,0.));
#6963=CARTESIAN_POINT('',(4.87339717240303,-5.80000000000667,3.50000000001));
#6964=CARTESIAN_POINT('',(4.87339717241448,-5.80000000001,3.50000000001));
#6965=CARTESIAN_POINT('',(4.87339717240303,-3.30000000000667,3.50000000001));
#6966=CARTESIAN_POINT('',(0.,-3.30000000001,0.));
#6967=CARTESIAN_POINT('',(5.5416604010023,-3.30000000000667,2.30000000000667));
#6968=CARTESIAN_POINT('',(5.54166040100897,-5.80000000001,2.30000000001));
#6969=CARTESIAN_POINT('',(5.5416604010023,-5.80000000000667,2.30000000000667));
#6970=CARTESIAN_POINT('',(0.,-5.80000000001,0.));
#6971=CARTESIAN_POINT('',(5.54166040100229,-5.80000000000667,-2.30000000000667));
#6972=CARTESIAN_POINT('',(5.54166040100896,-5.80000000001,-2.30000000001));
#6973=CARTESIAN_POINT('',(5.54166040100229,-3.30000000000667,-2.30000000000667));
#6974=CARTESIAN_POINT('',(0.,-3.30000000001,0.));
#6975=CARTESIAN_POINT('',(4.87339717240303,-3.30000000000667,-3.50000000001));
#6976=CARTESIAN_POINT('',(4.87339717241448,-5.80000000001,-3.50000000001));
#6977=CARTESIAN_POINT('',(4.87339717240303,-5.80000000000667,-3.50000000001));
#6978=CARTESIAN_POINT('',(0.,-5.80000000001,0.));
#6979=CARTESIAN_POINT('',(-4.87339717240303,-5.80000000000667,-3.50000000001));
#6980=CARTESIAN_POINT('',(-4.87339717241448,-5.80000000001,-3.50000000001));
#6981=CARTESIAN_POINT('',(-4.87339717240303,-3.30000000000667,-3.50000000001));
#6982=CARTESIAN_POINT('',(0.,-3.30000000001,0.));
#6983=CARTESIAN_POINT('',(-5.54166040100229,-3.30000000000667,-2.30000000000667));
#6984=CARTESIAN_POINT('',(-5.54166040100896,-5.80000000001,-2.30000000001));
#6985=CARTESIAN_POINT('',(-5.54166040100229,-5.80000000000667,-2.30000000000667));
#6986=CARTESIAN_POINT('',(0.,-5.80000000001,0.));
#6987=CARTESIAN_POINT('',(-5.5416604010023,-5.80000000000667,2.30000000000667));
#6988=CARTESIAN_POINT('',(-5.54166040100897,-5.80000000001,2.30000000001));
#6989=CARTESIAN_POINT('',(-5.5416604010023,-3.30000000000667,2.30000000000667));
#6990=CARTESIAN_POINT('',(0.,-3.30000000001,0.));
#6991=CARTESIAN_POINT('',(-4.87339717240303,-3.30000000000667,3.50000000001));
#6992=CARTESIAN_POINT('',(-4.87339717241448,-5.80000000001,3.50000000001));
#6993=CARTESIAN_POINT('',(-4.87339717240303,-5.80000000000667,3.50000000001));
#6994=CARTESIAN_POINT('',(0.,-5.80000000001,0.));
#6995=CARTESIAN_POINT('',(-2.61533936612441,-5.8,5.4));
#6996=CARTESIAN_POINT('',(-2.61533936613441,-5.80000000001,5.40000000001));
#6997=CARTESIAN_POINT('',(-2.61533936612441,0.,5.4));
#6998=CARTESIAN_POINT('',(0.,0.,0.));
#6999=CARTESIAN_POINT('',(-5.89830484122345,0.,1.1));
#7000=CARTESIAN_POINT('',(-5.89830484123345,-5.80000000001,1.10000000001));
#7001=CARTESIAN_POINT('',(-5.89830484122345,-4.8,1.1));
#7002=CARTESIAN_POINT('',(0.,-4.80000000001,0.));
#7003=CARTESIAN_POINT('',(-5.89830484122678,-4.80000000000667,-1.10000000000667));
#7004=CARTESIAN_POINT('',(-5.89830484123345,-5.80000000001,-1.10000000001));
#7005=CARTESIAN_POINT('',(-6.,-3.3,3.5));
#7006=CARTESIAN_POINT('',(-3.57071421428143,-5.80000000001,3.50000000001));
#7007=CARTESIAN_POINT('',(-3.57071421426823,-3.30000000000667,3.50000000001));
#7008=CARTESIAN_POINT('',(-3.5707142142781,-5.20000000000667,3.50000000000333));
#7009=CARTESIAN_POINT('',(-3.57071421428143,-5.20000000001,3.5));
#7010=CARTESIAN_POINT('',(-3.94844269759354,-5.46975209290955,3.5));
#7011=CARTESIAN_POINT('',(-4.37149859888889,-5.80000000001,3.5));
#7012=CARTESIAN_POINT('',(-4.37149859887688,-5.80000000001,3.50000000000667));
#7013=CARTESIAN_POINT('',(-6.00000000001,-5.80000000001,3.50000000001));
#7014=CARTESIAN_POINT('',(-6.00000000001,-3.30000000001,3.50000000001));
#7015=CARTESIAN_POINT('',(-6.,-3.3,2.3));
#7016=CARTESIAN_POINT('',(4.43959457609462,-5.80000000001,2.30000000001));
#7017=CARTESIAN_POINT('',(4.43959457608795,-3.30000000000667,2.30000000000667));
#7018=CARTESIAN_POINT('',(4.43959457608956,-5.20000000000667,2.30000000001));
#7019=CARTESIAN_POINT('',(4.43959457609462,-5.20000000001,2.30000000001));
#7020=CARTESIAN_POINT('',(4.66308393627101,-5.39844043026034,2.30000000001));
#7021=CARTESIAN_POINT('',(4.88502367675667,-5.59863207717538,2.30000000001));
#7022=CARTESIAN_POINT('',(5.1058789644979,-5.80000000001,2.30000000001));
#7023=CARTESIAN_POINT('',(5.10587896448823,-5.80000000001,2.30000000001));
#7024=CARTESIAN_POINT('',(-6.00000000001,-5.80000000001,2.30000000001));
#7025=CARTESIAN_POINT('',(-6.00000000001,-3.30000000001,2.30000000001));
#7026=CARTESIAN_POINT('',(-6.,-2.8,1.1));
#7027=CARTESIAN_POINT('',(-6.00000000001,-4.80000000001,1.10000000001));
#7028=CARTESIAN_POINT('',(4.87749935930288,-4.8,1.1));
#7029=CARTESIAN_POINT('',(4.87749935931288,-5.80000000001,1.10000000001));
#7030=CARTESIAN_POINT('',(4.87749935930788,-0.700000000005,1.100000000005));
#7031=CARTESIAN_POINT('',(4.87749935931288,-7.26981936351929,1.10000000001));
#7032=CARTESIAN_POINT('',(4.87749935930621,0.,1.10000000000667));
#7033=CARTESIAN_POINT('',(5.89830484123345,0.,1.10000000001));
#7034=CARTESIAN_POINT('',(-6.,-3.3,3.5));
#7035=CARTESIAN_POINT('',(-6.00000000001,-3.30000000001,2.30000000001));
#7036=CARTESIAN_POINT('',(-4.43959457608796,-3.30000000000667,2.30000000000667));
#7037=CARTESIAN_POINT('',(0.,-3.30000000001,0.));
#7038=CARTESIAN_POINT('',(0.,7.,0.));
#7039=CARTESIAN_POINT('',(0.,7.00000000001,0.));
#7040=CARTESIAN_POINT('',(0.,7.00000000001,4.4));
#7041=CARTESIAN_POINT('',(0.,-5.2,0.));
#7042=CARTESIAN_POINT('',(5.1058789644979,-5.80000000001,-2.30000000001));
#7043=CARTESIAN_POINT('',(4.88502367675667,-5.59863207717538,-2.30000000001));
#7044=CARTESIAN_POINT('',(4.66308393627101,-5.39844043026034,-2.30000000001));
#7045=CARTESIAN_POINT('',(4.43959457609462,-5.20000000001,-2.30000000001));
#7046=CARTESIAN_POINT('',(5.10587896448823,-5.80000000001,-2.30000000001));
#7047=CARTESIAN_POINT('',(4.43959457608956,-5.20000000000667,-2.30000000001));
#7048=CARTESIAN_POINT('',(0.,-5.80000000001,0.));
#7049=CARTESIAN_POINT('',(0.,-5.20000000001,0.));
#7050=CARTESIAN_POINT('',(-6.,-3.3,3.5));
#7051=CARTESIAN_POINT('',(-6.00000000001,-3.30000000001,3.50000000001));
#7052=CARTESIAN_POINT('',(3.57071421426823,-3.30000000000667,3.50000000001));
#7053=CARTESIAN_POINT('',(0.,-3.30000000001,0.));
#7054=CARTESIAN_POINT('',(0.,6.,0.));
#7055=CARTESIAN_POINT('',(2.81121538925838,6.00000000001,1.96427560478916));
#7056=CARTESIAN_POINT('',(3.06485322425065,6.00000000001009,1.59400364178984));
#7057=CARTESIAN_POINT('',(3.244430879783,6.00000000001009,1.17381099845113));
#7058=CARTESIAN_POINT('',(3.4289944919281,6.00000000001009,0.298708684939077));
#7059=CARTESIAN_POINT('',(3.43406788056665,6.00000000001009,-0.156553366881689));
#7060=CARTESIAN_POINT('',(3.27026799382494,6.00000000001009,-1.03244992985086));
#7061=CARTESIAN_POINT('',(3.10134051127707,6.00000000001009,-1.45344529465257));
#7062=CARTESIAN_POINT('',(2.61658018181393,6.00000000001009,-2.19722714376685));
#7063=CARTESIAN_POINT('',(2.30055845039669,6.00000000001009,-2.52032733772382));
#7064=CARTESIAN_POINT('',(1.57074858806084,6.00000000001009,-3.02010911350564));
#7065=CARTESIAN_POINT('',(1.15666483335502,6.00000000001009,-3.19700895727668));
#7066=CARTESIAN_POINT('',(0.294346140220586,6.00000000001009,-3.37875710941935));
#7067=CARTESIAN_POINT('',(-0.15424670250374,6.00000000001009,-3.38369418774721));
#7068=CARTESIAN_POINT('',(-1.01725531343538,6.00000000001009,-3.22218525344499));
#7069=CARTESIAN_POINT('',(-1.4320369719706,6.00000000001009,-3.05568404114765));
#7070=CARTESIAN_POINT('',(-2.16478862558902,6.00000000001009,-2.57797229764453));
#7071=CARTESIAN_POINT('',(-2.48307660331005,6.00000000001009,-2.26657003700297));
#7072=CARTESIAN_POINT('',(-2.97536519995783,6.00000000001009,-1.54749330324996));
#7073=CARTESIAN_POINT('',(-3.14958693920468,6.00000000001009,-1.13951894245766));
#7074=CARTESIAN_POINT('',(-3.32851970595627,6.00000000001009,-0.289983887064914));
#7075=CARTESIAN_POINT('',(-3.33332051176411,6.00000000001009,0.151939745049652));
#7076=CARTESIAN_POINT('',(-3.17410260631,6.00000000001009,1.00206041658775));
#7077=CARTESIAN_POINT('',(-3.01002770014684,6.00000000001009,1.41062838206187));
#7078=CARTESIAN_POINT('',(-2.53936460908456,6.00000000001009,2.13234988155411));
#7079=CARTESIAN_POINT('',(-2.23258184762915,6.00000000001009,2.445825669257));
#7080=CARTESIAN_POINT('',(-1.52423828855502,6.00000000001009,2.93062115113276));
#7081=CARTESIAN_POINT('',(-1.12237333807295,6.00000000001009,3.10216482133795));
#7082=CARTESIAN_POINT('',(-0.285621938582075,6.00000000001009,3.27828228065793));
#7083=CARTESIAN_POINT('',(0.149632481333338,6.00000000001009,3.28294685343599));
#7084=CARTESIAN_POINT('',(0.986865226674634,6.00000000001009,3.12602005668531));
#7085=CARTESIAN_POINT('',(1.38921951288236,6.00000000001009,2.96437149416436));
#7086=CARTESIAN_POINT('',(2.09991090147383,6.00000000001009,2.50075712503963));
#7087=CARTESIAN_POINT('',(2.40857452655855,6.00000000001009,2.19859389247508));
#7088=CARTESIAN_POINT('',(2.88587696093869,6.00000000001009,1.50098355628433));
#7089=CARTESIAN_POINT('',(3.05474259919513,6.00000000001009,1.10522803326265));
#7090=CARTESIAN_POINT('',(3.22804483259279,6.00000000001009,0.281260308680197));
#7091=CARTESIAN_POINT('',(3.2325732136353,6.00000000001009,-0.147324897365699));
#7092=CARTESIAN_POINT('',(3.07793760910023,6.00000000001009,-0.971669730292328));
#7093=CARTESIAN_POINT('',(2.91871542945226,6.00000000001009,-1.36781035165239));
#7094=CARTESIAN_POINT('',(2.46214985496565,6.00000000001009,-2.06747167453864));
#7095=CARTESIAN_POINT('',(2.16460618236955,6.00000000001009,-2.37132316566011));
#7096=CARTESIAN_POINT('',(1.47772911950559,6.00000000001009,-2.84113262291087));
#7097=CARTESIAN_POINT('',(1.08808304189554,6.00000000001009,-3.00732026802261));
#7098=CARTESIAN_POINT('',(0.276899012126535,6.00000000001009,-3.17780736077559));
#7099=CARTESIAN_POINT('',(-0.145016978292259,6.00000000001009,-3.18219959329176));
#7100=CARTESIAN_POINT('',(-0.956473913207112,6.00000000001009,-3.02985526836983));
#7101=CARTESIAN_POINT('',(-1.34640088480084,6.00000000001009,-2.87305951265506));
#7102=CARTESIAN_POINT('',(-2.03503218926823,6.00000000001009,-2.42354280891023));
#7103=CARTESIAN_POINT('',(-2.33407157641391,6.00000000001009,-2.13061872881925));
#7104=CARTESIAN_POINT('',(-2.79638813018535,6.00000000001009,-1.45447499210507));
#7105=CARTESIAN_POINT('',(-2.95989782277319,6.00000000001009,-1.07093837870898));
#7106=CARTESIAN_POINT('',(-3.12756986416408,6.00000000001009,-0.272538064615861));
#7107=CARTESIAN_POINT('',(-3.13182599339846,6.00000000001009,0.142708708325923));
#7108=CARTESIAN_POINT('',(-2.98177303961632,6.00000000001009,0.941277760289886));
#7109=CARTESIAN_POINT('',(-2.82740375084127,6.00000000001009,1.32499109790258));
#7110=CARTESIAN_POINT('',(-2.38493599755903,6.00000000001009,2.00259243345958));
#7111=CARTESIAN_POINT('',(-2.09663154406252,6.00000000001009,2.29681974803319));
#7112=CARTESIAN_POINT('',(-1.43122118885307,6.00000000001009,2.75164347546646));
#7113=CARTESIAN_POINT('',(-1.05379405937916,6.00000000001009,2.91247525808347));
#7114=CARTESIAN_POINT('',(-0.268177482843613,6.00000000001009,3.07733234165429));
#7115=CARTESIAN_POINT('',(0.140400070671875,6.00000000001009,3.08145241501712));
#7116=CARTESIAN_POINT('',(0.926081255445062,6.00000000001009,2.93369092829426));
#7117=CARTESIAN_POINT('',(1.30358097560989,6.00000000001009,2.78174815153602));
#7118=CARTESIAN_POINT('',(1.97015239412882,6.00000000001009,2.34632943228948));
#7119=CARTESIAN_POINT('',(2.2595676690411,6.00000000001009,2.06264464112906));
#7120=CARTESIAN_POINT('',(2.70689865099226,6.00000000001009,1.40796772547511));
#7121=CARTESIAN_POINT('',(2.86505256824799,6.00000000001009,1.03665010059706));
#7122=CARTESIAN_POINT('',(3.02709479207666,6.00000000001009,0.263817284587153));
#7123=CARTESIAN_POINT('',(3.0310788592834,6.00000000001009,-0.138091047446396));
#7124=CARTESIAN_POINT('',(2.88560894021866,6.00000000001009,-0.910884381531358));
#7125=CARTESIAN_POINT('',(2.73609272275964,6.00000000001009,-1.28217050157848));
#7126=CARTESIAN_POINT('',(2.30772312522611,6.00000000001009,-1.93771205744744));
#7127=CARTESIAN_POINT('',(2.028658033904,6.00000000001009,-2.22231532721432));
#7128=CARTESIAN_POINT('',(1.38471461873075,6.00000000001009,-2.66215364849731));
#7129=CARTESIAN_POINT('',(1.01950652015139,6.00000000001009,-2.81762974719311));
#7130=CARTESIAN_POINT('',(0.259457488794838,6.00000000001009,-2.9768572141896));
#7131=CARTESIAN_POINT('',(-0.135781619586671,6.00000000001009,-2.98070532741345));
#7132=CARTESIAN_POINT('',(-0.895687120276631,6.00000000001009,-2.83752708159505));
#7133=CARTESIAN_POINT('',(-1.26075965838421,6.00000000001009,-2.6904374730699));
#7134=CARTESIAN_POINT('',(-1.90527140867319,6.00000000001009,-2.26911708930228));
#7135=CARTESIAN_POINT('',(-2.18506270952163,6.00000000001009,-1.99467173719986));
#7136=CARTESIAN_POINT('',(-2.61740845917073,6.00000000001009,-1.36146188649978));
#7137=CARTESIAN_POINT('',(-2.77020678844519,6.00000000001009,-1.00236333702047));
#7138=CARTESIAN_POINT('',(-2.92661960667556,6.00000000001009,-0.255098115684223));
#7139=CARTESIAN_POINT('',(-2.93033182071239,6.00000000001009,0.133471766752374));
#7140=CARTESIAN_POINT('',(-2.78944535905178,6.00000000001009,0.880489452181931));
#7141=CARTESIAN_POINT('',(-2.64478241160589,6.00000000001009,1.23934842743281));
#7142=CARTESIAN_POINT('',(-2.23051133833081,6.00000000001009,1.87283043207285));
#7143=CARTESIAN_POINT('',(-1.96068576683551,6.00000000001009,2.14780980205636));
#7144=CARTESIAN_POINT('',(-1.3382095478773,6.00000000001009,2.57266307360999));
#7145=CARTESIAN_POINT('',(-0.985220571473773,6.00000000001009,2.72278368509769));
#7146=CARTESIAN_POINT('',(-0.250739186849926,6.00000000001009,2.87638196813443));
#7147=CARTESIAN_POINT('',(0.131161467216903,6.00000000001009,2.87995834058105));
#7148=CARTESIAN_POINT('',(0.865291356417367,6.00000000001009,2.74136377967794));
#7149=CARTESIAN_POINT('',(1.21793678885998,6.00000000001009,2.59912754813961));
#7150=CARTESIAN_POINT('',(1.84038911083787,6.00000000001009,2.19190588707825));
#7151=CARTESIAN_POINT('',(2.11055658996031,6.00000000001009,1.92670013972254));
#7152=CARTESIAN_POINT('',(2.52791748177207,6.00000000001009,1.31495762327888));
#7153=CARTESIAN_POINT('',(2.67536042977487,6.00000000001009,0.968078245182791));
#7154=CARTESIAN_POINT('',(2.8261442970768,6.00000000001009,0.24638072538314));
#7155=CARTESIAN_POINT('',(2.82958488852588,6.00000000001009,-0.128850697746809));
#7156=CARTESIAN_POINT('',(2.69328235106316,6.00000000001009,-0.850092810706722));
#7157=CARTESIAN_POINT('',(2.55347289313099,6.00000000001009,-1.19652472142169));
#7158=CARTESIAN_POINT('',(2.1533007513496,6.00000000001009,-1.80794742699021));
#7159=CARTESIAN_POINT('',(1.8927148739613,6.00000000001009,-2.07330305734304));
#7160=CARTESIAN_POINT('',(1.29170613455696,6.00000000001009,-2.4831716729157));
#7161=CARTESIAN_POINT('',(0.950936381345452,6.00000000001009,-2.62793701459049));
#7162=CARTESIAN_POINT('',(0.242022756003173,6.00000000001009,-2.77590659191732));
#7163=CARTESIAN_POINT('',(-0.126539433469285,6.00000000001009,-2.77921146616786));
#7164=CARTESIAN_POINT('',(-0.834893791199054,6.00000000001009,-2.64520108134376));
#7165=CARTESIAN_POINT('',(-1.17511220237072,6.00000000001009,-2.50781845778973));
#7166=CARTESIAN_POINT('',(-1.77550536128008,6.00000000001009,-2.11469594808111));
#7167=CARTESIAN_POINT('',(-2.03604918718868,6.00000000001009,-1.85872998894783));
#7168=CARTESIAN_POINT('',(-2.43842563554152,6.00000000001009,-1.26845510512903));
#7169=CARTESIAN_POINT('',(-2.58051343110344,6.00000000001009,-0.933795004821973));
#7170=CARTESIAN_POINT('',(-2.72566885096654,6.00000000001009,-0.237665305203831));
#7171=CARTESIAN_POINT('',(-2.72883807525477,6.00000000001009,0.124227647724621));
#7172=CARTESIAN_POINT('',(-2.59711997925155,6.00000000001009,0.819694272327944));
#7173=CARTESIAN_POINT('',(-2.46216425414507,6.00000000001009,1.15369920732295));
#7174=CARTESIAN_POINT('',(-2.07609149544159,6.00000000001009,1.7430628930704));
#7175=CARTESIAN_POINT('',(-1.82474550549147,6.00000000001009,1.99879496125556));
#7176=CARTESIAN_POINT('',(-1.24520456012025,6.00000000001009,2.39367935732323));
#7177=CARTESIAN_POINT('',(-0.916654142287061,6.00000000001009,2.53308967026752));
#7178=CARTESIAN_POINT('',(-0.233308401415238,6.00000000001009,2.67543107242276));
#7179=CARTESIAN_POINT('',(0.121915311903382,6.00000000001009,2.67846471767321));
#7180=CARTESIAN_POINT('',(0.804494226653593,6.00000000001009,2.54903905416988));
#7181=CARTESIAN_POINT('',(1.13228571010671,6.00000000001009,2.41651029511851));
#7182=CARTESIAN_POINT('',(1.71062000020968,6.00000000001009,2.03748741295055));
#7183=CARTESIAN_POINT('',(1.9615403599637,6.00000000001009,1.79076144594543));
#7184=CARTESIAN_POINT('',(2.34893282503169,6.00000000001009,1.22195452652307));
#7185=CARTESIAN_POINT('',(2.48566572237755,6.00000000001009,0.899513822398092));
#7186=CARTESIAN_POINT('',(2.62519325436136,6.00000000001009,0.228952075184656));
#7187=CARTESIAN_POINT('',(2.6280913954624,6.00000000001009,-0.11960239526404));
#7188=CARTESIAN_POINT('',(2.50095831619575,6.00000000001009,-0.789293624688649));
#7189=CARTESIAN_POINT('',(2.37085659461204,6.00000000001009,-1.11087168259593));
#7190=CARTESIAN_POINT('',(1.99888372160178,6.00000000001009,-1.67817665889104));
#7191=CARTESIAN_POINT('',(1.75677783435384,6.00000000001009,-1.92428536226922));
#7192=CARTESIAN_POINT('',(1.19870503337231,6.00000000001009,-2.30418602445162));
#7193=CARTESIAN_POINT('',(0.882374075983203,6.00000000001009,-2.43824157700608));
#7194=CARTESIAN_POINT('',(0.224596359376379,6.00000000001009,-2.5749553947265));
#7195=CARTESIAN_POINT('',(-0.117288864731511,6.00000000001009,-2.57771811083084));
#7196=CARTESIAN_POINT('',(-0.774092434703261,6.00000000001009,-2.45287777620788));
#7197=CARTESIAN_POINT('',(-1.08945709452442,6.00000000001009,-2.32520316760082));
#7198=CARTESIAN_POINT('',(-1.64573284349424,6.00000000001009,-1.96028044400746));
#7199=CARTESIAN_POINT('',(-1.88702994552629,6.00000000001009,-1.72279469661355));
#7200=CARTESIAN_POINT('',(-2.25943894028651,6.00000000001009,-1.17545611194343));
#7201=CARTESIAN_POINT('',(-2.39081722293726,6.00000000001009,-0.865234936250496));
#7202=CARTESIAN_POINT('',(-2.5247174913175,6.00000000001009,-0.220241289396218));
#7203=CARTESIAN_POINT('',(-2.52734486617186,6.00000000001009,0.114974684670521));
#7204=CARTESIAN_POINT('',(-2.40479744594611,6.00000000001009,0.758890622508089));
#7205=CARTESIAN_POINT('',(-2.27955003023866,6.00000000001009,1.06804191327781));
#7206=CARTESIAN_POINT('',(-1.9216776045574,6.00000000001009,1.61328852641008));
#7207=CARTESIAN_POINT('',(-1.68881206065721,6.00000000001009,1.8497740853299));
#7208=CARTESIAN_POINT('',(-1.15220779597188,6.00000000001009,2.21469155605556));
#7209=CARTESIAN_POINT('',(-0.848096439022233,6.00000000001009,2.34339264808937));
#7210=CARTESIAN_POINT('',(-0.215886903442178,6.00000000001009,2.47447954177755));
#7211=CARTESIAN_POINT('',(0.112659816633989,6.00000000001009,2.47697166408613));
#7212=CARTESIAN_POINT('',(0.743688151210909,6.00000000001009,2.3567173380954));
#7213=CARTESIAN_POINT('',(1.04662610366287,6.00000000001009,2.23389719997704));
#7214=CARTESIAN_POINT('',(1.58084367784249,6.00000000001009,1.8830752295961));
#7215=CARTESIAN_POINT('',(1.81251775534332,6.00000000001009,1.65482995665605));
#7216=CARTESIAN_POINT('',(2.16994385397555,6.00000000001009,1.12896012190068));
#7217=CARTESIAN_POINT('',(2.29596783943,6.00000000001009,0.830958622997381));
#7218=CARTESIAN_POINT('',(2.42424154357952,6.00000000001009,0.211533242784517));
#7219=CARTESIAN_POINT('',(2.42659850740188,6.00000000001009,-0.110344219079363));
#7220=CARTESIAN_POINT('',(2.30863746638539,6.00000000001009,-0.728484980944665));
#7221=CARTESIAN_POINT('',(2.1882446956983,6.00000000001009,-1.02520962764551));
#7222=CARTESIAN_POINT('',(1.84447334762252,6.00000000001009,-1.54839826558939));
#7223=CARTESIAN_POINT('',(1.62084841724963,6.00000000001009,-1.77526092710251));
#7224=CARTESIAN_POINT('',(1.1057131291571,6.00000000001009,-2.12519581482988));
#7225=CARTESIAN_POINT('',(0.813821530046103,6.00000000001009,-2.2485427828817));
#7226=CARTESIAN_POINT('',(0.207180352081724,6.00000000001009,-2.37400349400943));
#7227=CARTESIAN_POINT('',(-0.108027847051,6.00000000001009,-2.37622539920233));
#7228=CARTESIAN_POINT('',(-0.713281068560994,6.00000000001009,-2.26055784569806));
#7229=CARTESIAN_POINT('',(-1.00379244405929,6.00000000001009,-2.14259253786432));
#7230=CARTESIAN_POINT('',(-1.51595225479371,6.00000000001009,-1.80587198951592));
#7231=CARTESIAN_POINT('',(-1.73800356979608,6.00000000001009,-1.58686747780315));
#7232=CARTESIAN_POINT('',(-2.08044741782233,6.00000000001009,-1.08246686046442));
#7233=CARTESIAN_POINT('',(-2.20111746321314,6.00000000001009,-0.796685205541345));
#7234=CARTESIAN_POINT('',(-2.32376539015108,6.00000000001009,-0.202828279734937));
#7235=CARTESIAN_POINT('',(-2.3258523428531,6.00000000001009,0.105710651822646));
#7236=CARTESIAN_POINT('',(-2.2124784921928,6.00000000001009,0.698076367285714));
#7237=CARTESIAN_POINT('',(-2.09694074868522,6.00000000001009,0.982374508276675));
#7238=CARTESIAN_POINT('',(-1.76727118878942,6.00000000001009,1.48350560766394));
#7239=CARTESIAN_POINT('',(-1.552887176698,6.00000000001009,1.70074565002015));
#7240=CARTESIAN_POINT('',(-1.05922136219387,6.00000000001009,2.03569864040945));
#7241=CARTESIAN_POINT('',(-0.779549698733131,6.00000000001009,2.15369186392073));
#7242=CARTESIAN_POINT('',(-0.198477078288422,6.00000000001009,2.27352722886502));
#7243=CARTESIAN_POINT('',(0.103392580493033,6.00000000001009,2.27547934203568));
#7244=CARTESIAN_POINT('',(0.682870826330238,6.00000000001009,2.1643994234459));
#7245=CARTESIAN_POINT('',(0.960955771836452,6.00000000001009,2.0512893523109));
#7246=CARTESIAN_POINT('',(1.45105828315943,6.00000000001009,1.72867098187629));
#7247=CARTESIAN_POINT('',(1.66348713149805,6.00000000001009,1.51890755566049));
#7248=CARTESIAN_POINT('',(1.99094945811484,6.00000000001009,1.03597668476236));
#7249=CARTESIAN_POINT('',(2.10626596709097,6.00000000001009,0.762415063171433));
#7250=CARTESIAN_POINT('',(2.22328900676896,6.00000000001009,0.194126804882959));
#7251=CARTESIAN_POINT('',(2.22510640078575,6.00000000001009,-0.101073575529389));
#7252=CARTESIAN_POINT('',(2.11632065860856,6.00000000001009,-0.667664390450898));
#7253=CARTESIAN_POINT('',(2.00563837504762,6.00000000001009,-0.939536182023881));
#7254=CARTESIAN_POINT('',(1.69007140845465,6.00000000001009,-1.41861023663313));
#7255=CARTESIAN_POINT('',(1.48492866013376,6.00000000001009,-1.62622797476591));
#7256=CARTESIAN_POINT('',(1.01273288308364,6.00000000001009,-1.94619984431663));
#7257=CARTESIAN_POINT('',(0.745281357186004,6.00000000001009,-2.05883975324849));
#7258=CARTESIAN_POINT('',(0.189777521769067,6.00000000001009,-2.17305072021259));
#7259=CARTESIAN_POINT('',(-0.0987535742495386,6.00000000001009,-2.17473352353548));
#7260=CARTESIAN_POINT('',(-0.652456999449776,6.00000000001009,-2.06824221858813));
#7261=CARTESIAN_POINT('',(-0.918115681393179,6.00000000001009,-1.95998784560282));
#7262=CARTESIAN_POINT('',(-1.38616141942674,6.00000000001009,-1.65147251181843));
#7263=CARTESIAN_POINT('',(-1.58896813681408,6.00000000001009,-1.45095053970174));
#7264=CARTESIAN_POINT('',(-1.90144977000772,6.00000000001009,-0.989490017080636));
#7265=CARTESIAN_POINT('',(-2.01141320118078,6.00000000001009,-0.728148644431701));
#7266=CARTESIAN_POINT('',(-2.12281236525229,6.00000000001009,-0.185429296891634));
#7267=CARTESIAN_POINT('',(-2.12436071516346,6.00000000001009,0.0964325082318647));
#7268=CARTESIAN_POINT('',(-2.02016412625376,6.00000000001009,0.637248587607051));
#7269=CARTESIAN_POINT('',(-1.91433779536626,6.00000000001009,0.896694207224978));
#7270=CARTESIAN_POINT('',(-1.61287433929769,6.00000000001009,1.35371177840986));
#7271=CARTESIAN_POINT('',(-1.41697324857126,6.00000000001009,1.55170757068047));
#7272=CARTESIAN_POINT('',(-0.966248152270204,6.00000000001009,1.85669920352208));
#7273=CARTESIAN_POINT('',(-0.71101699451044,6.00000000001009,1.96398628774096));
#7274=CARTESIAN_POINT('',(-0.181082204555906,6.00000000001009,2.07257393762085));
#7275=CARTESIAN_POINT('',(0.0941103026440284,6.00000000001009,2.07398798105184));
#7276=CARTESIAN_POINT('',(0.622039083032322,6.00000000001009,1.97208640667173));
#7277=CARTESIAN_POINT('',(0.875271690906653,6.00000000001009,1.86868825873102));
#7278=CARTESIAN_POINT('',(1.32126125545443,6.00000000001009,1.57427694273995));
#7279=CARTESIAN_POINT('',(1.51444622498562,6.00000000001009,1.38299684612354));
#7280=CARTESIAN_POINT('',(1.8119481102234,6.00000000001009,0.943007360431355));
#7281=CARTESIAN_POINT('',(1.91655898762155,6.00000000001009,0.693886483681918));
#7282=CARTESIAN_POINT('',(2.02233543269512,6.00000000001009,0.1767363261897));
#7283=CARTESIAN_POINT('',(2.02361532715223,6.00000000001009,-0.0917868754734587));
#7284=CARTESIAN_POINT('',(1.92400908737605,6.00000000001009,-0.606828406923786));
#7285=CARTESIAN_POINT('',(1.82303927346069,6.00000000001009,-0.853848057223887));
#7286=CARTESIAN_POINT('',(1.53568037906284,6.00000000001009,-1.28880978683283));
#7287=CARTESIAN_POINT('',(1.34902139754687,6.00000000001009,-1.47718404340074));
#7288=CARTESIAN_POINT('',(0.919767720371528,6.00000000001009,-1.76719645214871));
#7289=CARTESIAN_POINT('',(0.676757195679497,6.00000000001009,-1.86913127309763));
#7290=CARTESIAN_POINT('',(0.172391751217457,6.00000000001009,-1.9720968454578));
#7291=CARTESIAN_POINT('',(-0.0894621366456401,6.00000000001009,-1.97324276006266));
#7292=CARTESIAN_POINT('',(-0.591616472716927,6.00000000001009,-1.87593219867916));
#7293=CARTESIAN_POINT('',(-0.832423223547083,6.00000000001009,-1.77739088111249));
#7294=CARTESIAN_POINT('',(-1.2563573025272,6.00000000001009,-1.49708471088922));
#7295=CARTESIAN_POINT('',(-1.43992096403734,6.00000000001009,-1.31504697456374));
#7296=CARTESIAN_POINT('',(-1.72244418759913,6.00000000001009,-0.896529318808658));
#7297=CARTESIAN_POINT('',(-1.82170311373055,6.00000000001009,-0.659629222648456));
#7298=CARTESIAN_POINT('',(-1.9218581704564,6.00000000001009,-0.168048578066481));
#7299=CARTESIAN_POINT('',(-1.92287028711726,6.00000000001009,0.0871359870083043));
#7300=CARTESIAN_POINT('',(-1.82785577403101,6.00000000001009,0.57640318510481));
#7301=CARTESIAN_POINT('',(-1.73174312752618,6.00000000001009,0.810997098894813));
#7302=CARTESIAN_POINT('',(-1.45849000727984,6.00000000001009,1.22390372543374));
#7303=CARTESIAN_POINT('',(-1.28107365627084,6.00000000001009,1.40265691874451));
#7304=CARTESIAN_POINT('',(-0.873292251388606,6.00000000001009,1.67769127066866));
#7305=CARTESIAN_POINT('',(-0.642502666229106,6.00000000001009,1.77427447602758));
#7306=CARTESIAN_POINT('',(-0.163706915329339,6.00000000001009,1.87161940175654));
#7307=CARTESIAN_POINT('',(0.084808317158682,6.00000000001009,1.87249791648959));
#7308=CARTESIAN_POINT('',(0.561188438905911,6.00000000001009,1.77977985043674));
#7309=CARTESIAN_POINT('',(0.789569582850792,6.00000000001009,1.68609606339021));
#7310=CARTESIAN_POINT('',(1.19144897044364,6.00000000001009,1.41989634458216));
#7311=CARTESIAN_POINT('',(1.36539183229538,6.00000000001009,1.24710153011163));
#7312=CARTESIAN_POINT('',(1.63293765070094,6.00000000001009,0.850056623864463));
#7313=CARTESIAN_POINT('',(1.72684532305024,6.00000000001009,0.625377638812311));
#7314=CARTESIAN_POINT('',(1.82138053288829,6.00000000001009,0.159366883110277));
#7315=CARTESIAN_POINT('',(1.82212565731619,6.00000000001009,-0.0824790060838253));
#7316=CARTESIAN_POINT('',(1.73170446894042,6.00000000001009,-0.545972117751482));
#7317=CARTESIAN_POINT('',(1.64044974489905,6.00000000001009,-0.768140564309659));
#7318=CARTESIAN_POINT('',(1.38130380741812,6.00000000001009,-1.15899294337582));
#7319=CARTESIAN_POINT('',(1.21313069300647,6.00000000001009,-1.32812562144605));
#7320=CARTESIAN_POINT('',(0.82682255346798,6.00000000001009,-1.58818327165746));
#7321=CARTESIAN_POINT('',(0.608254264999243,6.00000000001009,-1.67941561395894));
#7322=CARTESIAN_POINT('',(0.155028614592089,6.00000000001009,-1.77114155678713));
#7323=CARTESIAN_POINT('',(-0.0801479195787457,6.00000000001009,-1.77175351984094));
#7324=CARTESIAN_POINT('',(-0.530754092557918,6.00000000001009,-1.68362967519141));
#7325=CARTESIAN_POINT('',(-0.746709920014623,6.00000000001009,-1.59480423452251));
#7326=CARTESIAN_POINT('',(-1.12653553973661,6.00000000001009,-1.34271248983491));
#7327=CARTESIAN_POINT('',(-1.29085819383702,6.00000000001009,-1.17916125267261));
#7328=CARTESIAN_POINT('',(-1.54342807138507,6.00000000001009,-0.803590170509552));
#7329=CARTESIAN_POINT('',(-1.6319853034851,6.00000000001009,-0.591132683305259));
#7330=CARTESIAN_POINT('',(-1.72090246572609,6.00000000001009,-0.150692257866053));
#7331=CARTESIAN_POINT('',(-1.72138151558578,6.00000000001009,0.0778149083987279));
#7332=CARTESIAN_POINT('',(-1.63555552010887,6.00000000001009,0.515534219741497));
#7333=CARTESIAN_POINT('',(-1.54915960190537,6.00000000001009,0.725277512851165));
#7334=CARTESIAN_POINT('',(-1.30412249665546,6.00000000001009,1.09407664326761));
#7335=CARTESIAN_POINT('',(-1.14519332916967,6.00000000001009,1.25358944671205));
#7336=CARTESIAN_POINT('',(-0.780359620254732,6.00000000001009,1.49867198075778));
#7337=CARTESIAN_POINT('',(-0.574013048157872,6.00000000001009,1.58455434131432));
#7338=CARTESIAN_POINT('',(-0.146357978077449,6.00000000001009,1.67066325123958));
#7339=CARTESIAN_POINT('',(0.0754798060921353,6.00000000001009,1.67100965755476));
#7340=CARTESIAN_POINT('',(0.500312339124106,6.00000000001009,1.58748206066359));
#7341=CARTESIAN_POINT('',(0.703843189842565,6.00000000001009,1.50351592492833));
#7342=CARTESIAN_POINT('',(1.06161612424335,6.00000000001009,1.26553394506615));
#7343=CARTESIAN_POINT('',(1.2163192654121,6.00000000001009,1.11122705671986));
#7344=CARTESIAN_POINT('',(1.45391492267247,6.00000000001009,0.757131065131824));
#7345=CARTESIAN_POINT('',(1.53712267136384,6.00000000001009,0.556895532248771));
#7346=CARTESIAN_POINT('',(1.62042390403717,6.00000000001009,0.142025959952704));
#7347=CARTESIAN_POINT('',(1.62063796047703,6.00000000001009,-0.07314242644752));
#7348=CARTESIAN_POINT('',(1.53940936080434,6.00000000001009,-0.485088271464937));
#7349=CARTESIAN_POINT('',(1.45787329096148,6.00000000001009,-0.68240677978909));
#7350=CARTESIAN_POINT('',(1.22694696649471,6.00000000001009,-1.02915383746295));
#7351=CARTESIAN_POINT('',(1.07726258585854,6.00000000001009,-1.17904752160216));
#7352=CARTESIAN_POINT('',(0.733904687343956,6.00000000001009,-1.40915681086352));
#7353=CARTESIAN_POINT('',(0.53978032931531,6.00000000001009,-1.48969023093273));
#7354=CARTESIAN_POINT('',(0.137696410790174,6.00000000001009,-1.57018441390536));
#7355=CARTESIAN_POINT('',(-0.0708025604722939,6.00000000001009,-1.57026644109948));
#7356=CARTESIAN_POINT('',(-0.469861815538508,6.00000000001009,-1.49133749255865));
#7357=CARTESIAN_POINT('',(-0.660968090471334,6.00000000001009,-1.41223179835412));
#7358=CARTESIAN_POINT('',(-0.996689619872658,6.00000000001009,-1.18836170884097));
#7359=CARTESIAN_POINT('',(-1.14177407116947,6.00000000001009,-1.04330008599012));
#7360=CARTESIAN_POINT('',(-1.36439754850179,6.00000000001009,-0.710680691971659));
#7361=CARTESIAN_POINT('',(-1.4422569496967,6.00000000001009,-0.522667657447238));
#7362=CARTESIAN_POINT('',(-1.5199447695971,6.00000000001009,-0.133369564014876));
#7363=CARTESIAN_POINT('',(-1.51989511854005,6.00000000001009,0.0684599727997748));
#7364=CARTESIAN_POINT('',(-1.44326653734921,6.00000000001009,0.45463274465794));
#7365=CARTESIAN_POINT('',(-1.36659155821477,6.00000000001009,0.639526905322907));
#7366=CARTESIAN_POINT('',(-1.14977833913952,6.00000000001009,0.964223287735883));
#7367=CARTESIAN_POINT('',(-1.00933974843896,6.00000000001009,1.10449875172316));
#7368=CARTESIAN_POINT('',(-0.687459310679229,6.00000000001009,1.31963702652761));
#7369=CARTESIAN_POINT('',(-0.505557763035652,6.00000000001009,1.39482274851493));
#7370=CARTESIAN_POINT('',(-0.129045683428235,6.00000000001009,1.46970495870602));
#7371=CARTESIAN_POINT('',(0.0661143973942171,6.00000000001009,1.46952401471731));
#7372=CARTESIAN_POINT('',(0.439400802517394,6.00000000001009,1.39519658757576));
#7373=CARTESIAN_POINT('',(0.618082979450731,6.00000000001009,1.32095269654805));
#7374=CARTESIAN_POINT('',(0.931754633247137,6.00000000001009,1.11119704675701));
#7375=CARTESIAN_POINT('',(1.06722137960262,6.00000000001009,0.975381790112449));
#7376=CARTESIAN_POINT('',(1.27487512165804,6.00000000001009,0.664240806165247));
#7377=CARTESIAN_POINT('',(1.34738753800578,6.00000000001009,0.488450925516954));
#7378=CARTESIAN_POINT('',(1.41946496752423,6.00000000001009,0.124725068313874));
#7379=CARTESIAN_POINT('',(1.41915315487582,6.00000000001009,-0.0637655323884155));
#7380=CARTESIAN_POINT('',(1.34712774852758,6.00000000001009,-0.424165698192416));
#7381=CARTESIAN_POINT('',(1.27531535683583,6.00000000001009,-0.596636034848418));
#7382=CARTESIAN_POINT('',(1.07261804725211,6.00000000001009,-0.899283420458821));
#7383=CARTESIAN_POINT('',(0.941426457923353,6.00000000001009,-1.02994174627854));
#7384=CARTESIAN_POINT('',(0.641025477538173,6.00000000001009,-1.23011169399223));
#7385=CARTESIAN_POINT('',(0.47134746310345,6.00000000001009,-1.2999512168366));
#7386=CARTESIAN_POINT('',(0.120408059609494,6.00000000001009,-1.36922478088281));
#7387=CARTESIAN_POINT('',(-0.0614130338424782,6.00000000001009,-1.36878256823278));
#7388=CARTESIAN_POINT('',(-0.408927100092631,6.00000000001009,-1.29906014070996));
#7389=CARTESIAN_POINT('',(-0.575185754605164,6.00000000001009,-1.22967970317488));
#7390=CARTESIAN_POINT('',(-0.866809380352264,6.00000000001009,-1.03404158706363));
#7391=CARTESIAN_POINT('',(-0.992659613998251,6.00000000001009,-0.907474034162447));
#7392=CARTESIAN_POINT('',(-1.18534658411606,6.00000000001009,-0.617813666848724));
#7393=CARTESIAN_POINT('',(-1.25251366966165,6.00000000001009,-0.454247739748979));
#7394=CARTESIAN_POINT('',(-1.31898438197068,6.00000000001009,-0.116095047412877));
#7395=CARTESIAN_POINT('',(-1.31841228878058,6.00000000001009,0.0590565081515045));
#7396=CARTESIAN_POINT('',(-1.2509939026922,6.00000000001009,0.393684628600874));
#7397=CARTESIAN_POINT('',(-1.18404592411356,6.00000000001009,0.553731775855536));
#7398=CARTESIAN_POINT('',(-0.995467949244032,6.00000000001009,0.834332204835827));
#7399=CARTESIAN_POINT('',(-0.873524843067788,6.00000000001009,0.955374710483244));
#7400=CARTESIAN_POINT('',(-0.594605767080812,6.00000000001009,1.14057960958022));
#7401=CARTESIAN_POINT('',(-0.437152173672052,6.00000000001009,1.20507476461591));
#7402=CARTESIAN_POINT('',(-0.111786480170859,6.00000000001009,1.26874375213476));
#7403=CARTESIAN_POINT('',(0.0566955027477829,6.00000000001009,1.26804235628847));
#7404=CARTESIAN_POINT('',(0.378437847054498,6.00000000001009,1.20292919462044));
#7405=CARTESIAN_POINT('',(0.532273681139935,6.00000000001009,1.13841423737937));
#7406=CARTESIAN_POINT('',(0.801851539386135,6.00000000001009,0.956897460517856));
#7407=CARTESIAN_POINT('',(0.918086722428956,6.00000000001009,0.839579258913592));
#7408=CARTESIAN_POINT('',(1.09581056058815,6.00000000001009,0.571402231995232));
#7409=CARTESIAN_POINT('',(1.15763435025476,6.00000000001009,0.42006124785702));
#7410=CARTESIAN_POINT('',(1.21850287065671,6.00000000001009,0.107482876009588));
#7411=CARTESIAN_POINT('',(1.21767281756508,6.00000000001009,-0.0543294946339741));
#7412=CARTESIAN_POINT('',(1.15486620258143,6.00000000001009,-0.363186250615314));
#7413=CARTESIAN_POINT('',(1.09278489574581,6.00000000001009,-0.510810987739258));
#7414=CARTESIAN_POINT('',(0.918330500038053,6.00000000001009,-0.769366973963393));
#7415=CARTESIAN_POINT('',(0.805637716045441,6.00000000001009,-0.880795287479643));
#7416=CARTESIAN_POINT('',(0.548203588347155,6.00000000001009,-1.05103919467845));
#7417=CARTESIAN_POINT('',(0.402975523092282,6.00000000001009,-1.11019225178666));
#7418=CARTESIAN_POINT('',(0.103184836809771,6.00000000001009,-1.16826171451168));
#7419=CARTESIAN_POINT('',(-0.0519578761327561,6.00000000001009,-1.16730372806231));
#7420=CARTESIAN_POINT('',(-0.347929252429076,6.00000000001009,-1.10680514406887));
#7421=CARTESIAN_POINT('',(-0.489343134409455,6.00000000001009,-1.0471581943726));
#7422=CARTESIAN_POINT('',(-0.736878031707146,6.00000000001009,-0.879767510336558));
#7423=CARTESIAN_POINT('',(-0.843499984243799,6.00000000001009,-0.771700721430197));
#7424=CARTESIAN_POINT('',(-1.00626523011823,6.00000000001009,-0.525010451173204));
#7425=CARTESIAN_POINT('',(-1.06274826640446,6.00000000001009,-0.385895654288097));
#7426=CARTESIAN_POINT('',(-1.11802025811117,6.00000000001009,-0.0988930658369464));
#7427=CARTESIAN_POINT('',(-1.11693515393198,6.00000000001009,0.0495799370317589));
#7428=CARTESIAN_POINT('',(-1.05874627489116,6.00000000001009,0.332666166271926));
#7429=CARTESIAN_POINT('',(-1.00153448007027,6.00000000001009,0.467869464744353));
#7430=CARTESIAN_POINT('',(-0.841209011136821,6.00000000001009,0.70438415475442));
#7431=CARTESIAN_POINT('',(-0.737768870487928,6.00000000001009,0.806200319769394));
#7432=CARTESIAN_POINT('',(-0.501823543086602,6.00000000001009,0.961488337627064));
#7433=CARTESIAN_POINT('',(-0.368822411080111,6.00000000001009,1.01530215745229));
#7434=CARTESIAN_POINT('',(-0.0946083900183043,6.00000000001009,1.06777847304145));
#7435=CARTESIAN_POINT('',(0.0471948420137815,6.00000000001009,1.06656717469131));
#7436=CARTESIAN_POINT('',(0.317396184597966,6.00000000001009,1.0106898979824));
#7437=CARTESIAN_POINT('',(0.446389206123541,6.00000000001009,0.955914163103054));
#7438=CARTESIAN_POINT('',(0.671884686288182,6.00000000001009,0.802655616941324));
#7439=CARTESIAN_POINT('',(0.768895713690796,6.00000000001009,0.703842867252198));
#7440=CARTESIAN_POINT('',(0.916708129920182,6.00000000001009,0.478643718861911));
#7441=CARTESIAN_POINT('',(0.967853647076324,6.00000000001009,0.351756704089775));
#7442=CARTESIAN_POINT('',(1.0175363278169,6.00000000001009,0.0903317883613191));
#7443=CARTESIAN_POINT('',(1.01619988671347,6.00000000001009,-0.0448016018538598));
#7444=CARTESIAN_POINT('',(0.962636374758792,6.00000000001009,-0.302118350500938));
#7445=CARTESIAN_POINT('',(0.910297732379616,6.00000000001009,-0.424901442815723));
#7446=CARTESIAN_POINT('',(0.764108059654029,6.00000000001009,-0.639378847593684));
#7447=CARTESIAN_POINT('',(0.669923550304133,6.00000000001009,-0.731585477970226));
#7448=CARTESIAN_POINT('',(0.455471997081468,6.00000000001009,-0.871924148369129));
#7449=CARTESIAN_POINT('',(0.334699618740858,6.00000000001009,-0.920402406880079));
#7450=CARTESIAN_POINT('',(0.0860644285824502,6.00000000001009,-0.967293787684243));
#7451=CARTESIAN_POINT('',(-0.0423990362779863,6.00000000001009,-0.965833407855811));
#7452=CARTESIAN_POINT('',(-0.286831521528112,6.00000000001009,-0.914586139917854));
#7453=CARTESIAN_POINT('',(-0.403405081254126,6.00000000001009,-0.864685775221676));
#7454=CARTESIAN_POINT('',(-0.606865708425629,6.00000000001009,-0.72556721800251));
#7455=CARTESIAN_POINT('',(-0.694359666934446,6.00000000001009,-0.635874332201188));
#7456=CARTESIAN_POINT('',(-0.893387620952722,6.00000000001009,-0.330733627346308));
#7457=CARTESIAN_POINT('',(-0.939788708567845,6.00000000001009,-0.0751115066375581));
#7458=CARTESIAN_POINT('',(-0.842218896069606,6.00000000001009,0.386631554589096));
#7459=CARTESIAN_POINT('',(-0.698004377800564,6.00000000001009,0.594622711924851));
#7460=CARTESIAN_POINT('',(-0.313262852059587,6.00000000001009,0.844664514337639));
#7461=CARTESIAN_POINT('',(-0.0710956655303119,6.00000000001009,0.888261881793298));
#7462=CARTESIAN_POINT('',(0.364880694719805,6.00000000001009,0.795339378404083));
#7463=CARTESIAN_POINT('',(0.561022090370257,6.00000000001009,0.658734564370259));
#7464=CARTESIAN_POINT('',(0.796133303460148,6.00000000001009,0.295501395177716));
#7465=CARTESIAN_POINT('',(0.83673433061551,6.00000000001009,0.0670946517051174));
#7466=CARTESIAN_POINT('',(0.748467214177459,6.00000000001009,-0.343115991686966));
#7467=CARTESIAN_POINT('',(0.61947557995179,6.00000000001009,-0.527409555508315));
#7468=CARTESIAN_POINT('',(0.277756225087998,6.00000000001009,-0.747597128325279));
#7469=CARTESIAN_POINT('',(0.0631111185572616,6.00000000001009,-0.785205967762778));
#7470=CARTESIAN_POINT('',(-0.321334939462996,6.00000000001009,-0.701603788541153));
#7471=CARTESIAN_POINT('',(-0.493782944535643,6.00000000001009,-0.580229456353271));
#7472=CARTESIAN_POINT('',(-0.699055106518387,6.00000000001009,-0.260030425754158));
#7473=CARTESIAN_POINT('',(-0.733676695207345,6.00000000001009,-0.0591483922102296));
#7474=CARTESIAN_POINT('',(-0.654750857199007,6.00000000001009,0.29953438893336));
#7475=CARTESIAN_POINT('',(-0.540998766897626,6.00000000001009,0.460139537996617));
#7476=CARTESIAN_POINT('',(-0.242327911443009,6.00000000001009,0.650506134507215));
#7477=CARTESIAN_POINT('',(-0.0552106989338592,6.00000000001009,0.682146404617217));
#7478=CARTESIAN_POINT('',(0.277710327729477,6.00000000001009,0.607910678947532));
#7479=CARTESIAN_POINT('',(0.426475868622176,6.00000000001009,0.50178681943127));
#7480=CARTESIAN_POINT('',(0.601948814269667,6.00000000001009,0.224653726004672));
#7481=CARTESIAN_POINT('',(0.630614979903747,6.00000000001009,0.051303491402301));
#7482=CARTESIAN_POINT('',(0.561086209359767,6.00000000001009,-0.255857563093902));
#7483=CARTESIAN_POINT('',(0.462597938078858,6.00000000001009,-0.392787445707378));
#7484=CARTESIAN_POINT('',(0.207014481488688,6.00000000001009,-0.553381348924746));
#7485=CARTESIAN_POINT('',(0.0474339277572713,6.00000000001009,-0.579082304124724));
#7486=CARTESIAN_POINT('',(-0.233969254094129,6.00000000001009,-0.514281391178259));
#7487=CARTESIAN_POINT('',(-0.359068348113375,6.00000000001009,-0.423437885207914));
#7488=CARTESIAN_POINT('',(-0.504801391149878,6.00000000001009,-0.189419018027831));
#7489=CARTESIAN_POINT('',(-0.527548275347211,6.00000000001009,-0.0436115939094111));
#7490=CARTESIAN_POINT('',(-0.467501602699274,6.00000000001009,0.212036202688908));
#7491=CARTESIAN_POINT('',(-0.384314512177093,6.00000000001009,0.325310606698894));
#7492=CARTESIAN_POINT('',(-0.171879426928021,6.00000000001009,0.456205817897769));
#7493=CARTESIAN_POINT('',(-0.039849626211138,6.00000000001009,0.476012841099737));
#7494=CARTESIAN_POINT('',(0.190045745356676,6.00000000001009,0.420754374078563));
#7495=CARTESIAN_POINT('',(0.291503237445248,6.00000000001009,0.345238797558773));
#7496=CARTESIAN_POINT('',(0.407590386956129,6.00000000001009,0.154412693220289));
#7497=CARTESIAN_POINT('',(0.424476072297263,6.00000000001009,0.0361665191712931));
#7498=CARTESIAN_POINT('',(0.374050578188707,6.00000000001009,-0.167979956351439));
#7499=CARTESIAN_POINT('',(0.306226570735966,6.00000000001009,-0.25763067159147));
#7500=CARTESIAN_POINT('',(0.137043443133564,6.00000000001009,-0.358949198637458));
#7501=CARTESIAN_POINT('',(0.0325891596863746,6.00000000001009,-0.372938324062855));
#7502=CARTESIAN_POINT('',(-0.145812608269035,6.00000000001009,-0.327406506404272));
#7503=CARTESIAN_POINT('',(-0.223670095142722,6.00000000001009,-0.267301511725687));
#7504=CARTESIAN_POINT('',(-0.310273826775539,6.00000000001009,-0.119808769964852));
#7505=CARTESIAN_POINT('',(-0.321400597606634,6.00000000001009,-0.0291581788480342));
#7506=CARTESIAN_POINT('',(-0.280847699792045,6.00000000001009,0.123503762009203));
#7507=CARTESIAN_POINT('',(-0.228500678823093,6.00000000001009,0.189586703340907));
#7508=CARTESIAN_POINT('',(-0.102767228397266,6.00000000001009,0.261551874649244));
#7509=CARTESIAN_POINT('',(-0.0259379775911058,6.00000000001009,0.269865398859186));
#7510=CARTESIAN_POINT('',(0.100989522999642,6.00000000001009,0.234416536365583));
#7511=CARTESIAN_POINT('',(0.15538940426481,6.00000000000967,0.189769403832238));
#7512=CARTESIAN_POINT('',(0.184044608458811,6.00000000001,0.137951156435227));
#7513=CARTESIAN_POINT('',(2.81121538924838,6.,1.96427560477916));
#7514=CARTESIAN_POINT('',(0.184044608448811,6.,0.137951156425227));
#7515=CARTESIAN_POINT('',(-0.017962479374034,6.00000000001,0.0262216900756474));
#7516=CARTESIAN_POINT('',(2.86939914954504,6.,2.00413286001458));
#7517=CARTESIAN_POINT('',(0.,6.00000000001,0.));
#7518=CARTESIAN_POINT('',(-0.854829122619812,6.000000000005,-3.39400459209523));
#7519=CARTESIAN_POINT('',(0.313429900878184,6.00000000001,0.209503569245577));
#7520=CARTESIAN_POINT('',(0.264785162509734,6.00000000000968,0.297467674320161));
#7521=CARTESIAN_POINT('',(0.180215668715583,6.00000000001009,0.365801368498704));
#7522=CARTESIAN_POINT('',(-0.0256253148520891,6.00000000001009,0.42328714081361));
#7523=CARTESIAN_POINT('',(-0.140707243585324,6.00000000001009,0.410195275834406));
#7524=CARTESIAN_POINT('',(-0.337454733253377,6.00000000001009,0.297581839801361));
#7525=CARTESIAN_POINT('',(-0.413253245990853,6.00000000001009,0.200960078441806));
#7526=CARTESIAN_POINT('',(-0.47478902343945,6.00000000001009,-0.0306999891286149));
#7527=CARTESIAN_POINT('',(-0.4584471698314,6.00000000001009,-0.159462575862182));
#7528=CARTESIAN_POINT('',(-0.330491276828179,6.00000000001009,-0.37737745920379));
#7529=CARTESIAN_POINT('',(-0.221909886690686,6.00000000001009,-0.460577544834693));
#7530=CARTESIAN_POINT('',(0.0355638895966573,6.00000000001009,-0.52628831381906));
#7531=CARTESIAN_POINT('',(0.178024810776579,6.00000000001009,-0.506745684871186));
#7532=CARTESIAN_POINT('',(0.417175924807851,6.00000000001009,-0.363523488429646));
#7533=CARTESIAN_POINT('',(0.507816622631223,6.00000000001009,-0.243001196875395));
#7534=CARTESIAN_POINT('',(0.577787538295586,6.00000000001009,0.0402814151765222));
#7535=CARTESIAN_POINT('',(0.555078411872972,6.00000000001009,0.19645249281628));
#7536=CARTESIAN_POINT('',(0.396643682207332,6.00000000001009,0.456887198556068));
#7537=CARTESIAN_POINT('',(0.26419406871315,6.00000000001009,0.554996007805929));
#7538=CARTESIAN_POINT('',(-0.0448931957773401,6.00000000001009,0.629287710720447));
#7539=CARTESIAN_POINT('',(-0.214782708758055,6.00000000001009,0.603436916838597));
#7540=CARTESIAN_POINT('',(-0.496534966985691,6.00000000001009,0.429829051998343));
#7541=CARTESIAN_POINT('',(-0.602131983492267,6.00000000001009,0.285462274062512));
#7542=CARTESIAN_POINT('',(-0.680789194457823,6.00000000001009,-0.0494261175583293));
#7543=CARTESIAN_POINT('',(-0.65181529487998,6.00000000001009,-0.233040080469067));
#7544=CARTESIAN_POINT('',(-0.463064034242292,6.00000000001009,-0.536135063841498));
#7545=CARTESIAN_POINT('',(-0.306787886695059,6.00000000001009,-0.649235416963218));
#7546=CARTESIAN_POINT('',(0.0538986745459112,6.00000000001009,-0.73229206602227));
#7547=CARTESIAN_POINT('',(0.251241589953514,6.00000000001009,-0.700209300197629));
#7548=CARTESIAN_POINT('',(0.575698470722699,6.00000000001009,-0.496337648507691));
#7549=CARTESIAN_POINT('',(0.696313834437825,6.00000000001009,-0.328158242760943));
#7550=CARTESIAN_POINT('',(0.783796276879032,6.00000000001009,0.0583240027642052));
#7551=CARTESIAN_POINT('',(0.748615807190387,6.00000000001009,0.269399326351393));
#7552=CARTESIAN_POINT('',(0.529641928207135,6.00000000001009,0.615233041153874));
#7553=CARTESIAN_POINT('',(0.349564143988001,6.00000000001009,0.743372611364634));
#7554=CARTESIAN_POINT('',(-0.0627116878929551,6.00000000001009,0.835301727942886));
#7555=CARTESIAN_POINT('',(-0.287522128205162,6.00000000001009,0.797032466668714));
#7556=CARTESIAN_POINT('',(-0.654744539092862,6.00000000001009,0.562970954068742));
#7557=CARTESIAN_POINT('',(-0.790415688375392,6.00000000001009,0.370998749276749));
#7558=CARTESIAN_POINT('',(-0.886808304382421,6.00000000001009,-0.0670688879068811));
#7559=CARTESIAN_POINT('',(-0.845457480354956,6.00000000001009,-0.305616606370413));
#7560=CARTESIAN_POINT('',(-0.596320236784222,6.00000000001009,-0.694237289858265));
#7561=CARTESIAN_POINT('',(-0.392456865746185,6.00000000001009,-0.837446019445864));
#7562=CARTESIAN_POINT('',(0.0714010553565959,6.00000000001009,-0.938315891706269));
#7563=CARTESIAN_POINT('',(0.323687803783549,6.00000000001009,-0.893889449161743));
#7564=CARTESIAN_POINT('',(0.733714602210216,6.00000000001009,-0.629686310149797));
#7565=CARTESIAN_POINT('',(0.884465862141508,6.00000000001009,-0.413934480934293));
#7566=CARTESIAN_POINT('',(0.989824382813484,6.00000000001009,0.0757124164184833));
#7567=CARTESIAN_POINT('',(0.942327268730116,6.00000000001009,0.341739634000471));
#7568=CARTESIAN_POINT('',(0.66306645553653,6.00000000001009,0.773179050182562));
#7569=CARTESIAN_POINT('',(0.435428445654622,6.00000000001009,0.931476971202189));
#7570=CARTESIAN_POINT('',(-0.0800062971441337,6.00000000001009,1.04133368064029));
#7571=CARTESIAN_POINT('',(-0.359775180423246,6.00000000001009,0.990770055994344));
#7572=CARTESIAN_POINT('',(-0.812632666145066,6.00000000001009,0.696458510792133));
#7573=CARTESIAN_POINT('',(-0.978480731013745,6.00000000001009,0.456936253823454));
#7574=CARTESIAN_POINT('',(-1.09284369868056,6.00000000001009,-0.0842853508726739));
#7575=CARTESIAN_POINT('',(-1.03901760346546,6.00000000001009,-0.378097585785345));
#7576=CARTESIAN_POINT('',(-0.807299571857132,6.00000000001009,-0.733356693077414));
#7577=CARTESIAN_POINT('',(-0.70650975995796,6.00000000001009,-0.836545490419353));
#7578=CARTESIAN_POINT('',(-0.470662604660908,6.00000000001009,-0.99780803737361));
#7579=CARTESIAN_POINT('',(-0.33636710923407,6.00000000001009,-1.05526777230301));
#7580=CARTESIAN_POINT('',(-0.0535370571044732,6.00000000001009,-1.11456483654698));
#7581=CARTESIAN_POINT('',(0.0941917757820065,6.00000000001009,-1.11622002849002));
#7582=CARTESIAN_POINT('',(0.381378659906647,6.00000000001009,-1.06205742233193));
#7583=CARTESIAN_POINT('',(0.52002139421246,6.00000000001009,-1.00638022949976));
#7584=CARTESIAN_POINT('',(0.767299000225289,6.00000000001009,-0.8445592871137));
#7585=CARTESIAN_POINT('',(0.875233497121701,6.00000000001009,-0.738858411366336));
#7586=CARTESIAN_POINT('',(1.04351764564941,6.00000000001009,-0.49196483526429));
#7587=CARTESIAN_POINT('',(1.10338922248758,6.00000000001009,-0.351450560216237));
#7588=CARTESIAN_POINT('',(1.16494679495571,6.00000000001009,-0.0557279847759433));
#7589=CARTESIAN_POINT('',(1.16645074277934,6.00000000001009,0.0986692465331149));
#7590=CARTESIAN_POINT('',(1.10944345497632,6.00000000001009,0.398632497887178));
#7591=CARTESIAN_POINT('',(1.05107492953074,6.00000000001009,0.543378292302674));
#7592=CARTESIAN_POINT('',(0.881737044763017,6.00000000001009,0.801371496104021));
#7593=CARTESIAN_POINT('',(0.771214363219302,6.00000000001009,0.91391478846583));
#7594=CARTESIAN_POINT('',(0.51327566415043,6.00000000001009,1.08922278008214));
#7595=CARTESIAN_POINT('',(0.366543005945586,6.00000000001009,1.15150738452577));
#7596=CARTESIAN_POINT('',(0.0579282379919666,6.00000000001009,1.21532794400796));
#7597=CARTESIAN_POINT('',(-0.103137475608207,6.00000000001009,1.21668185213978));
#7598=CARTESIAN_POINT('',(-0.415877714024174,6.00000000001009,1.15683221727796));
#7599=CARTESIAN_POINT('',(-0.566727088189114,6.00000000001009,1.09577340347628));
#7600=CARTESIAN_POINT('',(-0.835437305454617,6.00000000001009,0.918920431983912));
#7601=CARTESIAN_POINT('',(-0.952590243142224,6.00000000001009,0.803576685274139));
#7602=CARTESIAN_POINT('',(-1.13492402803064,6.00000000001009,0.534593997749953));
#7603=CARTESIAN_POINT('',(-1.19962269308377,6.00000000001009,0.381643303985357));
#7604=CARTESIAN_POINT('',(-1.26570840159244,6.00000000001009,0.0601366364625956));
#7605=CARTESIAN_POINT('',(-1.26691332179595,6.00000000001009,-0.107597630698082));
#7606=CARTESIAN_POINT('',(-1.20422338086251,6.00000000001009,-0.433115393767097));
#7607=CARTESIAN_POINT('',(-1.14047519269793,6.00000000001009,-0.590068800423392));
#7608=CARTESIAN_POINT('',(-0.956108760748621,6.00000000001009,-0.86949726688891));
#7609=CARTESIAN_POINT('',(-0.835944598818577,6.00000000001009,-0.991260593024106));
#7610=CARTESIAN_POINT('',(-0.555918920329109,6.00000000001009,-1.18062187843429));
#7611=CARTESIAN_POINT('',(-0.39675049744272,6.00000000001009,-1.2477355095512));
#7612=CARTESIAN_POINT('',(-0.0623521909494072,6.00000000001009,-1.31608826410888));
#7613=CARTESIAN_POINT('',(0.112050690788667,6.00000000001009,-1.31714512024394));
#7614=CARTESIAN_POINT('',(0.450346447758911,6.00000000001009,-1.25161666789441));
#7615=CARTESIAN_POINT('',(0.613404283754343,6.00000000001009,-1.18517990990253));
#7616=CARTESIAN_POINT('',(0.903552084466206,6.00000000001009,-0.993301450699872));
#7617=CARTESIAN_POINT('',(1.02992645258824,6.00000000001009,-0.868317447037623));
#7618=CARTESIAN_POINT('',(1.22631674158306,6.00000000001009,-0.577249659265422));
#7619=CARTESIAN_POINT('',(1.29584613684022,6.00000000001009,-0.411863778783157));
#7620=CARTESIAN_POINT('',(1.36646761109642,6.00000000001009,-0.0645740661238524));
#7621=CARTESIAN_POINT('',(1.36737721905475,6.00000000001009,0.116497482789041));
#7622=CARTESIAN_POINT('',(1.29901184173309,6.00000000001009,0.467571645653409));
#7623=CARTESIAN_POINT('',(1.22988722580297,6.00000000001009,0.636734260773518));
#7624=CARTESIAN_POINT('',(1.03049800889234,6.00000000001009,0.937602353628261));
#7625=CARTESIAN_POINT('',(0.900694672070363,6.00000000001009,1.06858834153619));
#7626=CARTESIAN_POINT('',(0.598585558150686,6.00000000001009,1.27200896430935));
#7627=CARTESIAN_POINT('',(0.426982461792491,6.00000000001009,1.34395483074055));
#7628=CARTESIAN_POINT('',(0.0668015517638663,6.00000000001009,1.41684650872559));
#7629=CARTESIAN_POINT('',(-0.12093870994928,6.00000000001009,1.41760959262704));
#7630=CARTESIAN_POINT('',(-0.484791642376294,6.00000000001009,1.3464086995842));
#7631=CARTESIAN_POINT('',(-0.66005934649908,6.00000000001009,1.27459685866043));
#7632=CARTESIAN_POINT('',(-0.971648581360379,6.00000000001009,1.06769801394044));
#7633=CARTESIAN_POINT('',(-1.10724670238135,6.00000000001009,0.933075797057959));
#7634=CARTESIAN_POINT('',(-1.31769884179142,6.00000000001009,0.619926055739206));
#7635=CARTESIAN_POINT('',(-1.39206180873035,6.00000000001009,0.442105959624798));
#7636=CARTESIAN_POINT('',(-1.46722501246381,6.00000000001009,0.0690340401837811));
#7637=CARTESIAN_POINT('',(-1.46784221792491,6.00000000001009,-0.12537497413691));
#7638=CARTESIAN_POINT('',(-1.39380706666728,6.00000000001009,-0.502006998729108));
#7639=CARTESIAN_POINT('',(-1.31930856600881,6.00000000001009,-0.683380067670518));
#7640=CARTESIAN_POINT('',(-1.10490110349316,6.00000000001009,-1.0056912020238));
#7641=CARTESIAN_POINT('',(-0.965460411962132,6.00000000001009,-1.14590191426123));
#7642=CARTESIAN_POINT('',(-0.641270669310375,6.00000000001009,-1.36338662681824));
#7643=CARTESIAN_POINT('',(-0.457233767449089,6.00000000001009,-1.4401672568829));
#7644=CARTESIAN_POINT('',(-0.0712710083790809,6.00000000001009,-1.5176031691332));
#7645=CARTESIAN_POINT('',(0.129806793466772,6.00000000001009,-1.51807507422103));
#7646=CARTESIAN_POINT('',(0.519218197707586,6.00000000001009,-1.44120679154669));
#7647=CARTESIAN_POINT('',(0.706696878035044,6.00000000001009,-1.36402213804754));
#7648=CARTESIAN_POINT('',(1.03973058990637,6.00000000001009,-1.14210696424988));
#7649=CARTESIAN_POINT('',(1.18455430388679,6.00000000001009,-0.997848162261125));
#7650=CARTESIAN_POINT('',(1.40907253713083,6.00000000001009,-0.662618981403012));
#7651=CARTESIAN_POINT('',(1.48827133533273,6.00000000001009,-0.472365448608946));
#7652=CARTESIAN_POINT('',(1.56798101851461,6.00000000001009,-0.0735120037758198));
#7653=CARTESIAN_POINT('',(1.56830814285398,6.00000000001009,0.134234616375831));
#7654=CARTESIAN_POINT('',(1.48860774236574,6.00000000001009,0.536425657540072));
#7655=CARTESIAN_POINT('',(1.40873739232387,6.00000000001009,0.730010170564976));
#7656=CARTESIAN_POINT('',(1.17931532393557,6.00000000001009,1.07376706925773));
#7657=CARTESIAN_POINT('',(1.0302387398642,6.00000000001009,1.22320415429846));
#7658=CARTESIAN_POINT('',(0.683970629150715,6.00000000001009,1.45475676128965));
#7659=CARTESIAN_POINT('',(0.487500623492663,6.00000000001009,1.53637418263935));
#7660=CARTESIAN_POINT('',(0.0757566327636851,6.00000000001009,1.61835859461021));
#7661=CARTESIAN_POINT('',(-0.13865883295339,6.00000000001009,1.61854140700627));
#7662=CARTESIAN_POINT('',(-0.55362974218888,6.00000000001009,1.53600980378512));
#7663=CARTESIAN_POINT('',(-0.753320287300832,6.00000000001009,1.45345416942071));
#7664=CARTESIAN_POINT('',(-1.10780092237884,6.00000000001009,1.21652594480054));
#7665=CARTESIAN_POINT('',(-1.26185171192537,6.00000000001009,1.06263187575396));
#7666=CARTESIAN_POINT('',(-1.50043946340112,6.00000000001009,0.705325295641446));
#7667=CARTESIAN_POINT('',(-1.58447591929917,6.00000000001009,0.502638960514547));
#7668=CARTESIAN_POINT('',(-1.6687359266461,6.00000000001009,0.0780045513980158));
#7669=CARTESIAN_POINT('',(-1.66877485150254,6.00000000001009,-0.143079784129617));
#7670=CARTESIAN_POINT('',(-1.58341287447861,6.00000000001009,-0.570830769873811));
#7671=CARTESIAN_POINT('',(-1.49817232943442,6.00000000001009,-0.776627527342193));
#7672=CARTESIAN_POINT('',(-1.25373861831825,6.00000000001009,-1.14183239619135));
#7673=CARTESIAN_POINT('',(-1.09502733398382,6.00000000001009,-1.30049719231698));
#7674=CARTESIAN_POINT('',(-0.726682702867781,6.00000000001009,-1.54612078695631));
#7675=CARTESIAN_POINT('',(-0.5177801687544,6.00000000001009,-1.63257665059404));
#7676=CARTESIAN_POINT('',(-0.0802554578073942,6.00000000001009,-1.71911303987427));
#7677=CARTESIAN_POINT('',(0.147497769181676,6.00000000001009,-1.71900846263009));
#7678=CARTESIAN_POINT('',(0.588029020037812,6.00000000001009,-1.63081686506938));
#7679=CARTESIAN_POINT('',(0.799932153379857,6.00000000001009,-1.5428917490801));
#7680=CARTESIAN_POINT('',(1.17586170761038,6.00000000001009,-1.2909531608301));
#7681=CARTESIAN_POINT('',(1.33914078483225,6.00000000001009,-1.12742490674931));
#7682=CARTESIAN_POINT('',(1.59180085796753,6.00000000001009,-0.748042605935691));
#7683=CARTESIAN_POINT('',(1.68067646891714,6.00000000001009,-0.532923991910021));
#7684=CARTESIAN_POINT('',(1.76948995621982,6.00000000001009,-0.082509085952436));
#7685=CARTESIAN_POINT('',(1.76924222797789,6.00000000001009,0.151913051905184));
#7686=CARTESIAN_POINT('',(1.67822169642126,6.00000000001009,0.605224739077741));
#7687=CARTESIAN_POINT('',(1.58761231929607,6.00000000001009,0.823234397071324));
#7688=CARTESIAN_POINT('',(1.32816940994715,6.00000000001009,1.20988904796719));
#7689=CARTESIAN_POINT('',(1.1598244103144,6.00000000001009,1.37778265649912));
#7690=CARTESIAN_POINT('',(0.769404788278138,6.00000000001009,1.63747978754998));
#7691=CARTESIAN_POINT('',(0.548070203297925,6.00000000001009,1.72877545568526));
#7692=CARTESIAN_POINT('',(0.0847652004631149,6.00000000001009,1.81986669480661));
#7693=CARTESIAN_POINT('',(-0.156325865720148,6.00000000001009,1.81947613629479));
#7694=CARTESIAN_POINT('',(-0.622418145088361,6.00000000001009,1.72562729821407));
#7695=CARTESIAN_POINT('',(-0.846534463491137,6.00000000001009,1.63233394325144));
#7696=CARTESIAN_POINT('',(-1.24391458667211,6.00000000001009,1.36538722155844));
#7697=CARTESIAN_POINT('',(-1.41642295521114,6.00000000001009,1.19222568162619));
#7698=CARTESIAN_POINT('',(-1.68315767405922,6.00000000001009,0.790769057674892));
#7699=CARTESIAN_POINT('',(-1.77687368292093,6.00000000001009,0.563218601695402));
#7700=CARTESIAN_POINT('',(-1.87024327238655,6.00000000001009,0.0870235923439724));
#7701=CARTESIAN_POINT('',(-1.86971017736392,6.00000000001009,-0.160736417920261));
#7702=CARTESIAN_POINT('',(-1.77303360775027,6.00000000001009,-0.639609431811637));
#7703=CARTESIAN_POINT('',(-1.67705653467949,6.00000000001009,-0.869832534836811));
#7704=CARTESIAN_POINT('',(-1.40260646733007,6.00000000001009,-1.2779384742661));
#7705=CARTESIAN_POINT('',(-1.22462857548462,6.00000000001009,-1.45506181239078));
#7706=CARTESIAN_POINT('',(-0.812135242925409,6.00000000001009,-1.7288346048706));
#7707=CARTESIAN_POINT('',(-0.578369007864279,6.00000000001009,-1.82497121456815));
#7708=CARTESIAN_POINT('',(-0.089284075380975,6.00000000001009,-1.92061970369352));
#7709=CARTESIAN_POINT('',(0.165144893228048,6.00000000001009,-1.91994434189165));
#7710=CARTESIAN_POINT('',(0.656798771943259,6.00000000001009,-1.82044056895026));
#7711=CARTESIAN_POINT('',(0.893128773532269,6.00000000001009,-1.72178001647525));
#7712=CARTESIAN_POINT('',(1.31196084497581,6.00000000001009,-1.4398270326048));
#7713=CARTESIAN_POINT('',(1.49369934521972,6.00000000001009,-1.25703296216468));
#7714=CARTESIAN_POINT('',(1.77451065786948,6.00000000001009,-0.833503191052549));
#7715=CARTESIAN_POINT('',(1.87306810759394,6.00000000001009,-0.593521261628754));
#7716=CARTESIAN_POINT('',(1.97099600173537,6.00000000001009,-0.0915464831201715));
#7717=CARTESIAN_POINT('',(1.97017862140955,6.00000000001009,0.169551456785204));
#7718=CARTESIAN_POINT('',(1.8678481315025,6.00000000001009,0.673986319914278));
#7719=CARTESIAN_POINT('',(1.76650431951194,6.00000000001009,0.916423324838435));
#7720=CARTESIAN_POINT('',(1.47704881462721,6.00000000001009,1.34598181886547));
#7721=CARTESIAN_POINT('',(1.28943872540865,6.00000000001009,1.53233565851639));
#7722=CARTESIAN_POINT('',(0.854872764941035,6.00000000001009,1.82018590270522));
#7723=CARTESIAN_POINT('',(0.608675219407332,6.00000000001009,1.92116441291346));
#7724=CARTESIAN_POINT('',(0.0938106663146786,6.00000000001009,2.02137217803802));
#7725=CARTESIAN_POINT('',(-0.17395625667964,6.00000000001009,2.02041300818845));
#7726=CARTESIAN_POINT('',(-0.691172214243415,6.00000000001009,1.91525625014061));
#7727=CARTESIAN_POINT('',(-0.939716319062093,6.00000000001009,1.81122938163509));
#7728=CARTESIAN_POINT('',(-1.38000150365592,6.00000000001009,1.51427172103913));
#7729=CARTESIAN_POINT('',(-1.57097084632455,6.00000000001009,1.32184576072299));
#7730=CARTESIAN_POINT('',(-1.86586040185102,6.00000000001009,0.876243841333978));
#7731=CARTESIAN_POINT('',(-1.96926017617317,6.00000000001009,0.623830752118078));
#7732=CARTESIAN_POINT('',(-2.07174824284828,6.00000000001009,0.0960764907577278));
#7733=CARTESIAN_POINT('',(-2.07064749516122,6.00000000001009,-0.178359426091383));
#7734=CARTESIAN_POINT('',(-1.96266488402764,6.00000000001009,-0.708356579534556));
#7735=CARTESIAN_POINT('',(-1.8559551468058,6.00000000001009,-0.963007873431385));
#7736=CARTESIAN_POINT('',(-1.55149566859703,6.00000000001009,-1.41401999627113));
#7737=CARTESIAN_POINT('',(-1.35425397392766,6.00000000001009,-1.60960499326225));
#7738=CARTESIAN_POINT('',(-0.89761630912498,6.00000000001009,-1.91153421150523));
#7739=CARTESIAN_POINT('',(-0.638987743394098,6.00000000001009,-2.01735543841421));
#7740=CARTESIAN_POINT('',(-0.098343835434571,6.00000000001009,-2.12212420530559));
#7741=CARTESIAN_POINT('',(0.182761085122037,6.00000000001009,-2.1208820758564));
#7742=CARTESIAN_POINT('',(0.725539528181317,6.00000000001009,-2.01007399622658));
#7743=CARTESIAN_POINT('',(0.986298093696574,6.00000000001009,-1.90068156436641));
#7744=CARTESIAN_POINT('',(1.44803738415735,6.00000000001009,-1.58872058207539));
#7745=CARTESIAN_POINT('',(1.64823817567433,6.00000000001009,-1.38666327991381));
#7746=CARTESIAN_POINT('',(1.95720738235892,6.00000000001009,-0.91899006789785));
#7747=CARTESIAN_POINT('',(2.06545023663858,6.00000000001009,-0.654146088055296));
#7748=CARTESIAN_POINT('',(2.17250007358665,6.00000000001009,-0.100612590941013));
#7749=CARTESIAN_POINT('',(2.17111674433726,6.00000000001009,0.187161342361782));
#7750=CARTESIAN_POINT('',(2.05748355324708,6.00000000001009,0.74272116182634));
#7751=CARTESIAN_POINT('',(1.94540858841046,6.00000000001009,1.00958707550074));
#7752=CARTESIAN_POINT('',(1.62594639332368,6.00000000001009,1.48205374641415));
#7753=CARTESIAN_POINT('',(1.41907360157829,6.00000000001009,1.6868704626187));
#7754=CARTESIAN_POINT('',(0.940365026670408,6.00000000001009,2.00287996025471));
#7755=CARTESIAN_POINT('',(0.669305690796222,6.00000000001009,2.11354460429456));
#7756=CARTESIAN_POINT('',(0.102882658123355,6.00000000001009,2.22287585502728));
#7757=CARTESIAN_POINT('',(-0.191560296235809,6.00000000001009,2.22135149515003));
#7758=CARTESIAN_POINT('',(-0.759901572617018,6.00000000001009,2.10489352465178));
#7759=CARTESIAN_POINT('',(-1.03287490555891,6.00000000001009,1.99013617723832));
#7760=CARTESIAN_POINT('',(-1.51606915476687,6.00000000001009,1.66317304045421));
#7761=CARTESIAN_POINT('',(-1.72550191671527,6.00000000001009,1.45148486890355));
#7762=CARTESIAN_POINT('',(-2.04855198675278,6.00000000001009,0.961741102812795));
#7763=CARTESIAN_POINT('',(-2.16163857169238,6.00000000001009,0.684466465053563));
#7764=CARTESIAN_POINT('',(-2.27325155622772,6.00000000001009,0.105153946905764));
#7765=CARTESIAN_POINT('',(-2.27158632327636,6.00000000001009,-0.195958036166577));
#7766=CARTESIAN_POINT('',(-2.1523038827168,6.00000000001009,-0.777080844288632));
#7767=CARTESIAN_POINT('',(-2.03486429288629,6.00000000001009,-1.05616166267639));
#7768=CARTESIAN_POINT('',(-1.70040046713893,6.00000000001009,-1.5500836744059));
#7769=CARTESIAN_POINT('',(-1.48389701816224,6.00000000001009,-1.76413259487948));
#7770=CARTESIAN_POINT('',(-0.983118221110433,6.00000000001009,-2.09422349961888));
#7771=CARTESIAN_POINT('',(-0.699628332026696,6.00000000001009,-2.20973216636373));
#7772=CARTESIAN_POINT('',(-0.107426375274547,6.00000000001009,-2.32362718314186));
#7773=CARTESIAN_POINT('',(0.200354643580155,6.00000000001009,-2.32182122409111));
#7774=CARTESIAN_POINT('',(0.794259053102751,6.00000000001009,-2.19971460213664));
#7775=CARTESIAN_POINT('',(1.07944741863007,6.00000000001009,-2.07959290071774));
#7776=CARTESIAN_POINT('',(1.58409736471466,6.00000000001009,-1.73762862199865));
#7777=CARTESIAN_POINT('',(1.80276254895722,6.00000000001009,-1.51630999122655));
#7778=CARTESIAN_POINT('',(2.13989453324769,6.00000000001009,-1.00449631295048));
#7779=CARTESIAN_POINT('',(2.25782541337344,6.00000000001009,-0.7147912198263));
#7780=CARTESIAN_POINT('',(2.37400274115336,6.00000000001009,-0.109699868396284));
#7781=CARTESIAN_POINT('',(2.3720561933261,6.00000000001009,0.204750192780202));
#7782=CARTESIAN_POINT('',(2.2471256597654,6.00000000001009,0.811436268662815));
#7783=CARTESIAN_POINT('',(2.12432196906617,6.00000000001009,1.10273223893512));
#7784=CARTESIAN_POINT('',(1.77485745807178,6.00000000001009,1.61811027990162));
#7785=CARTESIAN_POINT('',(1.54872373496651,6.00000000001009,1.84139182627627));
#7786=CARTESIAN_POINT('',(1.02587531561305,6.00000000001009,2.18556511903134));
#7787=CARTESIAN_POINT('',(0.729955062733435,6.00000000001009,2.30591833558861));
#7788=CARTESIAN_POINT('',(0.111974357848543,6.00000000001009,2.42437823514281));
#7789=CARTESIAN_POINT('',(-0.209144751710042,6.00000000001009,2.42229122703644));
#7790=CARTESIAN_POINT('',(-0.828612554625184,6.00000000001009,2.29453703439186));
#7791=CARTESIAN_POINT('',(-1.12601618351264,6.00000000001009,2.16905146892389));
#7792=CARTESIAN_POINT('',(-1.65212246955248,6.00000000001009,1.81208693234931));
#7793=CARTESIAN_POINT('',(-1.88002047012853,6.00000000001009,1.58113820072395));
#7794=CARTESIAN_POINT('',(-2.2312352856792,6.00000000001009,1.04725517165234));
#7795=CARTESIAN_POINT('',(-2.35401095391529,6.00000000001009,0.745119800551138));
#7796=CARTESIAN_POINT('',(-2.47475366954373,6.00000000001009,0.114249780947998));
#7797=CARTESIAN_POINT('',(-2.47252632157142,6.00000000001009,-0.213538382619016));
#7798=CARTESIAN_POINT('',(-2.34194870654099,6.00000000001009,-0.845787969320981));
#7799=CARTESIAN_POINT('',(-2.21378137366877,6.00000000001009,-1.14929930727475));
#7800=CARTESIAN_POINT('',(-1.84931700536748,6.00000000001009,-1.68613397911219));
#7801=CARTESIAN_POINT('',(-1.61355334385215,6.00000000001009,-1.91864852019138));
#7802=CARTESIAN_POINT('',(-1.06863582835311,6.00000000001009,-2.27690505949839));
#7803=CARTESIAN_POINT('',(-0.760285378036618,6.00000000001009,-2.4021032875038));
#7804=CARTESIAN_POINT('',(-0.116526080161266,6.00000000001009,-2.52512904839261));
#7805=CARTESIAN_POINT('',(0.217931142646405,6.00000000001009,-2.52276147354712));
#7806=CARTESIAN_POINT('',(0.862962566301413,6.00000000001009,-2.38936065830101));
#7807=CARTESIAN_POINT('',(1.17258166063679,6.00000000001009,-2.25851165882374));
#7808=CARTESIAN_POINT('',(1.7201448503084,6.00000000001009,-1.88654764085049));
#7809=CARTESIAN_POINT('',(1.95727601289635,6.00000000001009,-1.64596912331063));
#7810=CARTESIAN_POINT('',(2.32257446464043,6.00000000001009,-1.09001723725418));
#7811=CARTESIAN_POINT('',(2.45019535392876,6.00000000001009,-0.775451744401945));
#7812=CARTESIAN_POINT('',(2.57550437537265,6.00000000001009,-0.118803202586287));
#7813=CARTESIAN_POINT('',(2.57299667982388,6.00000000001009,0.222323084335577));
#7814=CARTESIAN_POINT('',(2.43677287316847,6.00000000001009,0.880136394817535));
#7815=CARTESIAN_POINT('',(2.30324230184585,6.00000000001009,1.19586328996869));
#7816=CARTESIAN_POINT('',(1.92377880539384,6.00000000001009,1.75415512152391));
#7817=CARTESIAN_POINT('',(1.67838550130825,6.00000000001009,1.99590298175477));
#7818=CARTESIAN_POINT('',(1.11139935372744,6.00000000001009,2.36824352331733));
#7819=CARTESIAN_POINT('',(0.790618852873545,6.00000000001009,2.49828716934816));
#7820=CARTESIAN_POINT('',(0.12108109949606,6.00000000001009,2.6258796538509));
#7821=CARTESIAN_POINT('',(-0.22671425608655,6.00000000001009,2.62323193748396));
#7822=CARTESIAN_POINT('',(-0.897309500243554,6.00000000001009,2.48418533591358));
#7823=CARTESIAN_POINT('',(-1.21914423799276,6.00000000001009,2.34797328193746));
#7824=CARTESIAN_POINT('',(-1.788164828125,6.00000000001009,1.96101046818752));
#7825=CARTESIAN_POINT('',(-2.03452945764431,6.00000000001009,1.71080244298807));
#7826=CARTESIAN_POINT('',(-2.41391225599244,6.00000000001009,1.13278213660655));
#7827=CARTESIAN_POINT('',(-2.54637874864386,6.00000000001009,0.805786660303926));
#7828=CARTESIAN_POINT('',(-2.67625488691066,6.00000000001009,0.123359725934351));
#7829=CARTESIAN_POINT('',(-2.67346724381357,6.00000000001009,-0.231104702556765));
#7830=CARTESIAN_POINT('',(-2.53159803245875,6.00000000001009,-0.914481924450398));
#7831=CARTESIAN_POINT('',(-2.39270457988243,6.00000000001009,-1.24242454413475));
#7832=CARTESIAN_POINT('',(-1.99824260076717,6.00000000001009,-1.82217400275252));
#7833=CARTESIAN_POINT('',(-1.74321991614758,6.00000000001009,-2.07315546906388));
#7834=CARTESIAN_POINT('',(-1.15416554785774,6.00000000001009,-2.45958068154822));
#7835=CARTESIAN_POINT('',(-0.820955126826385,6.00000000001009,-2.59447010554344));
#7836=CARTESIAN_POINT('',(-0.125639040358114,6.00000000001009,-2.72663007738222));
#7837=CARTESIAN_POINT('',(0.235494465015764,6.00000000001009,-2.72370259628435));
#7838=CARTESIAN_POINT('',(0.931653706138039,6.00000000001009,-2.57901094977273));
#7839=CARTESIAN_POINT('',(1.26570424483666,6.00000000001009,-2.43743617789717));
#7840=CARTESIAN_POINT('',(1.85618267557896,6.00000000001009,-2.03547517679625));
#7841=CARTESIAN_POINT('',(2.11178104235688,6.00000000001009,-1.77563789099186));
#7842=CARTESIAN_POINT('',(2.50524881743734,6.00000000001009,-1.17554955228648));
#7843=CARTESIAN_POINT('',(2.64256125273217,6.00000000001009,-0.836124215549326));
#7844=CARTESIAN_POINT('',(2.77700522786597,6.00000000001009,-0.127919004319495));
#7845=CARTESIAN_POINT('',(2.7739379925388,6.00000000001009,0.239883581660333));
#7846=CARTESIAN_POINT('',(2.62642407577457,6.00000000001009,0.948824881129667));
#7847=CARTESIAN_POINT('',(2.48216805950039,6.00000000001009,1.28898337383308));
#7848=CARTESIAN_POINT('',(2.07270817187044,6.00000000001009,1.8901908745376));
#7849=CARTESIAN_POINT('',(1.80805633991132,6.00000000001009,2.15040620191135));
#7850=CARTESIAN_POINT('',(1.19693411727907,6.00000000001009,2.5509166798152));
#7851=CARTESIAN_POINT('',(0.851293892283955,6.00000000001009,2.69065220194769));
#7852=CARTESIAN_POINT('',(0.130199582182967,6.00000000001009,2.8273803407574));
#7853=CARTESIAN_POINT('',(-0.244272087895878,6.00000000001009,2.82417343037644));
#7854=CARTESIAN_POINT('',(-0.96599548263393,6.00000000001009,2.67383739924818));
#7855=CARTESIAN_POINT('',(-1.31226196239861,6.00000000001009,2.52690020939582));
#7856=CARTESIAN_POINT('',(-1.92419862552625,6.00000000001009,2.10994156334356));
#7857=CARTESIAN_POINT('',(-2.18903097033878,6.00000000001009,1.84047523728595));
#7858=CARTESIAN_POINT('',(-2.59658428365774,6.00000000001009,1.21831921256895));
#7859=CARTESIAN_POINT('',(-2.73874296406896,6.00000000001009,0.866464125300863));
#7860=CARTESIAN_POINT('',(-2.87775541826481,6.00000000001009,0.132480740872703));
#7861=CARTESIAN_POINT('',(-2.87440890773969,6.00000000001009,-0.248660016586128));
#7862=CARTESIAN_POINT('',(-2.72125090976782,6.00000000001009,-0.983165541479689));
#7863=CARTESIAN_POINT('',(-2.5716326133675,6.00000000001009,-1.33554003956745));
#7864=CARTESIAN_POINT('',(-2.14717533017233,6.00000000001009,-1.9582059525898));
#7865=CARTESIAN_POINT('',(-1.87289455930885,6.00000000001009,-2.22765536863316));
#7866=CARTESIAN_POINT('',(-1.23970481002993,6.00000000001009,-2.64225164286683));
#7867=CARTESIAN_POINT('',(-0.881634885113143,6.00000000001009,-2.78683354919188));
#7868=CARTESIAN_POINT('',(-0.13476244964704,6.00000000001009,-2.92813046242848));
#7869=CARTESIAN_POINT('',(0.253047398277237,6.00000000001009,-2.92464442270476));
#7870=CARTESIAN_POINT('',(1.00033508632512,6.00000000001009,-2.76866459762753));
#7871=CARTESIAN_POINT('',(1.3588176323306,6.00000000001009,-2.61636525818642));
#7872=CARTESIAN_POINT('',(1.99221287808265,6.00000000001009,-2.18440945277683));
#7873=CARTESIAN_POINT('',(2.26627941631106,6.00000000001009,-1.90531428382896));
#7874=CARTESIAN_POINT('',(2.68791877036675,6.00000000001009,-1.26109088349019));
#7875=CARTESIAN_POINT('',(2.83492396669936,6.00000000001009,-0.896806144281457));
#7876=CARTESIAN_POINT('',(2.97850547513547,6.00000000001009,-0.137044679895924));
#7877=CARTESIAN_POINT('',(2.97487997346878,6.00000000001009,0.257434261398825));
#7878=CARTESIAN_POINT('',(2.81607845378227,6.00000000001009,1.01750414384558));
#7879=CARTESIAN_POINT('',(2.66109813152601,6.00000000001009,1.38209476581306));
#7880=CARTESIAN_POINT('',(2.22164391291547,6.00000000001009,2.02621942281456));
#7881=CARTESIAN_POINT('',(1.9377343902095,6.00000000001009,2.30490313154256));
#7882=CARTESIAN_POINT('',(1.28247740856503,6.00000000001009,2.73358567818564));
#7883=CARTESIAN_POINT('',(0.911977877239563,6.00000000001009,2.88301422532262));
#7884=CARTESIAN_POINT('',(0.139327404959307,6.00000000001009,3.02888045813417));
#7885=CARTESIAN_POINT('',(-0.261820632444341,6.00000000001009,3.02511555834193));
#7886=CARTESIAN_POINT('',(-1.03467273890181,6.00000000001009,2.86349246979125));
#7887=CARTESIAN_POINT('',(-1.40537146343166,6.00000000001009,2.70583122188636));
#7888=CARTESIAN_POINT('',(-2.06022560618197,6.00000000001009,2.2588786935731));
#7889=CARTESIAN_POINT('',(-2.34352653126256,6.00000000001009,1.97015485919993));
#7890=CARTESIAN_POINT('',(-2.77925237753436,6.00000000001009,1.30386436250826));
#7891=CARTESIAN_POINT('',(-2.93110433319678,6.00000000001009,0.927150060137225));
#7892=CARTESIAN_POINT('',(-3.07925541304672,6.00000000001009,0.141610599964002));
#7893=CARTESIAN_POINT('',(-3.07535117573852,6.00000000001009,-0.266206536132563));
#7894=CARTESIAN_POINT('',(-2.91090663776867,6.00000000001009,-1.05184089469195));
#7895=CARTESIAN_POINT('',(-2.75056451852695,6.00000000001009,-1.42864774703792));
#7896=CARTESIAN_POINT('',(-2.29611377885846,6.00000000001009,-2.09423144628628));
#7897=CARTESIAN_POINT('',(-2.00257567282309,6.00000000001009,-2.38214963127531));
#7898=CARTESIAN_POINT('',(-1.32525172407482,6.00000000001009,-2.82491887887369));
#7899=CARTESIAN_POINT('',(-0.942322670698268,6.00000000001009,-2.97919429791148));
#7900=CARTESIAN_POINT('',(-0.143894241676356,6.00000000001009,-3.12963034137957));
#7901=CARTESIAN_POINT('',(0.27059199555393,6.00000000001009,-3.12558682416893));
#7902=CARTESIAN_POINT('',(1.06900863288857,6.00000000001009,-2.95832095033886));
#7903=CARTESIAN_POINT('',(1.45192363704688,6.00000000001009,-2.79529801140367));
#7904=CARTESIAN_POINT('',(2.12823696003974,6.00000000001009,-2.33334915391433));
#7905=CARTESIAN_POINT('',(2.42077244634696,6.00000000001009,-2.03499681427021));
#7906=CARTESIAN_POINT('',(2.87058519197614,6.00000000001009,-1.34663947340052));
#7907=CARTESIAN_POINT('',(3.02728412655504,6.00000000001009,-0.957495688092983));
#7908=CARTESIAN_POINT('',(3.18000524453438,6.00000000001009,-0.146178308369413));
#7909=CARTESIAN_POINT('',(3.17582250223251,6.00000000001009,0.274977032302629));
#7910=CARTESIAN_POINT('',(3.00573540059598,6.00000000001009,1.08617597376125));
#7911=CARTESIAN_POINT('',(2.84003169111456,6.00000000001009,1.47519915255333));
#7912=CARTESIAN_POINT('',(2.37058480483367,6.00000000001009,2.16224216326127));
#7913=CARTESIAN_POINT('',(2.0674182678083,6.00000000001009,2.45939499028905));
#7914=CARTESIAN_POINT('',(1.3680275918911,6.00000000001009,2.91625132598187));
#7915=CARTESIAN_POINT('',(0.972669092823299,6.00000000001009,3.07537382575619));
#7916=CARTESIAN_POINT('',(0.148462779702312,6.00000000001009,3.23038012381579));
#7917=CARTESIAN_POINT('',(-0.279361666595937,6.00000000001009,3.22605820861123));
#7918=CARTESIAN_POINT('',(-1.10334293628873,6.00000000001009,3.05314998206676));
#7919=CARTESIAN_POINT('',(-1.49847431143622,6.00000000001009,2.88476554884854));
#7920=CARTESIAN_POINT('',(-2.19624707076434,6.00000000001009,2.40782071858536));
#7921=CARTESIAN_POINT('',(-2.49801727603573,6.00000000001009,2.09984001869505));
#7922=CARTESIAN_POINT('',(-2.96191728944795,6.00000000001009,1.38941606212238));
#7923=CARTESIAN_POINT('',(-3.12346340171929,6.00000000001009,0.987842866616594));
#7924=CARTESIAN_POINT('',(-3.28075498044121,6.00000000001009,0.150747636612364));
#7925=CARTESIAN_POINT('',(-3.27629394206394,6.00000000001009,-0.283745917381668));
#7926=CARTESIAN_POINT('',(-3.10056468867713,6.00000000001009,-1.12050953826045));
#7927=CARTESIAN_POINT('',(-2.92949957633963,6.00000000001009,-1.52174913045474));
#7928=CARTESIAN_POINT('',(-2.44505688294652,6.00000000001009,-2.23025169643464));
#7929=CARTESIAN_POINT('',(-2.13226205310236,6.00000000001009,-2.53663931571052));
#7930=CARTESIAN_POINT('',(-1.41080486774947,6.00000000001009,-3.00758309039584));
#7931=CARTESIAN_POINT('',(-1.00301699233244,6.00000000001009,-3.17155286025879));
#7932=CARTESIAN_POINT('',(-0.153032861215353,6.00000000001009,-3.33112981554679));
#7933=CARTESIAN_POINT('',(0.288129802436966,6.00000000001009,-3.32652970142013));
#7934=CARTESIAN_POINT('',(1.13767579636727,6.00000000001009,-3.14797951472262));
#7935=CARTESIAN_POINT('',(1.54502362533395,6.00000000001009,-2.97423376582629));
#7936=CARTESIAN_POINT('',(2.26425605330199,6.00000000001009,-2.4822932864401));
#7937=CARTESIAN_POINT('',(2.57526112068966,6.00000000001009,-2.16468435804619));
#7938=CARTESIAN_POINT('',(3.05324873635163,6.00000000001009,-1.43219399342516));
#7939=CARTESIAN_POINT('',(3.21964220682948,6.00000000001009,-1.01819145387508));
#7940=CARTESIAN_POINT('',(3.38150463019404,6.00000000001009,-0.155318436716456));
#7941=CARTESIAN_POINT('',(3.37676548557562,6.00000000001009,0.292513338456898));
#7942=CARTESIAN_POINT('',(3.19539445484004,6.00000000001009,1.15484172628591));
#7943=CARTESIAN_POINT('',(3.01896811001247,6.00000000001009,1.56829781084376));
#7944=CARTESIAN_POINT('',(2.51952991827962,6.00000000001009,2.2982601536053));
#7945=CARTESIAN_POINT('',(2.19710692132342,6.00000000001009,2.61388270165958));
#7946=CARTESIAN_POINT('',(1.45358342472409,6.00000000001009,3.09891423438331));
#7947=CARTESIAN_POINT('',(1.03336623611598,6.00000000001009,3.26773144655294));
#7948=CARTESIAN_POINT('',(0.157604347327827,6.00000000001009,3.43187942537674));
#7949=CARTESIAN_POINT('',(-0.296896541135528,6.00000000001009,3.42700129348792));
#7950=CARTESIAN_POINT('',(-1.17200734275464,6.00000000001009,3.24280950398235));
#7951=CARTESIAN_POINT('',(-1.5915717008701,6.00000000001009,3.06370260203358));
#7952=CARTESIAN_POINT('',(-2.33226400885176,6.00000000001009,2.55676676831785));
#7953=CARTESIAN_POINT('',(-2.65250406866697,6.00000000001009,2.22952973145417));
#7954=CARTESIAN_POINT('',(-3.14457959113608,6.00000000001009,1.47497314807502));
#7955=CARTESIAN_POINT('',(-3.31582058424336,6.00000000001009,1.04854132482138));
#7956=CARTESIAN_POINT('',(-3.48225420202539,6.00000000001009,0.159890578195403));
#7957=CARTESIAN_POINT('',(-3.47723712417219,6.00000000001009,-0.301279425240281));
#7958=CARTESIAN_POINT('',(-3.29022465739565,6.00000000001009,-1.18917265964168));
#7959=CARTESIAN_POINT('',(-3.1084372354264,6.00000000001009,-1.61484530848032));
#7960=CARTESIAN_POINT('',(-2.59400382699887,6.00000000001009,-2.36626762987017));
#7961=CARTESIAN_POINT('',(-2.26195277762829,6.00000000001009,-2.69112523116636));
#7962=CARTESIAN_POINT('',(-1.56538516157321,6.00000000001009,-3.14524650569761));
#7963=CARTESIAN_POINT('',(-1.21811752167959,6.00000000001009,-3.29881487340328));
#7964=CARTESIAN_POINT('',(-0.85482912262481,6.00000000001,-3.39400459210023));
#7965=CARTESIAN_POINT('',(0.313429900868184,6.,0.209503569235577));
#7966=CARTESIAN_POINT('',(-0.0153184692661764,6.00000000001,0.027699759476963));
#7967=CARTESIAN_POINT('',(0.248737254658498,5.92145346733225,0.173727362830402));
#7968=CARTESIAN_POINT('',(0.210087283377208,5.92145346733183,0.243618539066317));
#7969=CARTESIAN_POINT('',(0.140602595847613,5.92145346733225,0.300108952422142));
#7970=CARTESIAN_POINT('',(-0.0257816462115982,5.92145346733225,0.346576269826396));
#7971=CARTESIAN_POINT('',(-0.121737235981295,5.92145346733225,0.335873575231826));
#7972=CARTESIAN_POINT('',(-0.282977706028234,5.92145346733225,0.243584271561131));
#7973=CARTESIAN_POINT('',(-0.347050472881447,5.92145346733225,0.162231920215504));
#7974=CARTESIAN_POINT('',(-0.39809481051304,5.92145346733225,-0.029929083978325));
#7975=CARTESIAN_POINT('',(-0.384360498293468,5.92145346733225,-0.139635672903516));
#7976=CARTESIAN_POINT('',(-0.277080685975449,5.92145346733225,-0.322339485454737));
#7977=CARTESIAN_POINT('',(-0.183861247469862,5.92145346733225,-0.393992025609479));
#7978=CARTESIAN_POINT('',(0.0340765246315177,5.92145346733225,-0.449613318930957));
#7979=CARTESIAN_POINT('',(0.15753412694507,5.92145346733225,-0.432847441744319));
#7980=CARTESIAN_POINT('',(0.361701247761908,5.92145346733225,-0.310577080000558));
#7981=CARTESIAN_POINT('',(0.440933600399967,5.92145346733225,-0.205490576603417));
#7982=CARTESIAN_POINT('',(0.501131805286419,5.92145346733225,0.0382239671639084));
#7983=CARTESIAN_POINT('',(0.481334399404545,5.92145346733225,0.175432593008282));
#7984=CARTESIAN_POINT('',(0.344073459816292,5.92145346733225,0.401062998047421));
#7985=CARTESIAN_POINT('',(0.227119907024912,5.92145346733225,0.487875190932241));
#7986=CARTESIAN_POINT('',(-0.0423714109842385,5.92145346733225,0.552650275900094));
#7987=CARTESIAN_POINT('',(-0.193331067833039,5.92145346733225,0.529821367358178));
#7988=CARTESIAN_POINT('',(-0.440424739571389,5.92145346733225,0.377569829338621));
#7989=CARTESIAN_POINT('',(-0.534816793085776,5.92145346733225,0.24874923836571));
#7990=CARTESIAN_POINT('',(-0.604168734892507,5.92145346733225,-0.046518855723871));
#7991=CARTESIAN_POINT('',(-0.578308343004923,5.92145346733225,-0.211229549238448));
#7992=CARTESIAN_POINT('',(-0.411066191167836,5.92145346733225,-0.479786474514704));
#7993=CARTESIAN_POINT('',(-0.270378570384593,5.92145346733225,-0.58175840406075));
#7994=CARTESIAN_POINT('',(0.0506663011415912,5.92145346733225,-0.655687185063483));
#7995=CARTESIAN_POINT('',(0.229128035711101,5.92145346733225,-0.626795324551182));
#7996=CARTESIAN_POINT('',(0.519148204390777,5.92145346733225,-0.444562547097538));
#7997=CARTESIAN_POINT('',(0.628700021888799,5.92145346733225,-0.292007902917421));
#7998=CARTESIAN_POINT('',(0.707205628381383,5.92145346733225,0.0548137470732524));
#7999=CARTESIAN_POINT('',(0.675282310720021,5.92145346733225,0.247026526168036));
#8000=CARTESIAN_POINT('',(0.478058898404659,5.92145346733225,0.558509930282566));
#8001=CARTESIAN_POINT('',(0.313637235848739,5.92145346733225,0.675641645146072));
#8002=CARTESIAN_POINT('',(-0.0589611934034082,5.92145346733225,0.758724066270059));
#8003=CARTESIAN_POINT('',(-0.26492501981408,5.92145346733225,0.723769300577963));
#8004=CARTESIAN_POINT('',(-0.597871652985247,5.92145346733225,0.511555246022678));
#8005=CARTESIAN_POINT('',(-0.722583272777188,5.92145346733225,0.335266569095056));
#8006=CARTESIAN_POINT('',(-0.810242499784891,5.92145346733225,-0.0631086400485571));
#8007=CARTESIAN_POINT('',(-0.77225629342667,5.92145346733225,-0.282823516052283));
#8008=CARTESIAN_POINT('',(-0.545051590649931,5.92145346733225,-0.637233373095769));
#8009=CARTESIAN_POINT('',(-0.356895902594589,5.92145346733225,-0.769524903983507));
#8010=CARTESIAN_POINT('',(0.0672560869469286,5.92145346733225,-0.861760929724522));
#8011=CARTESIAN_POINT('',(0.300722014425776,5.92145346733225,-0.820743288733498));
#8012=CARTESIAN_POINT('',(0.676595091070999,5.92145346733225,-0.578547932819065));
#8013=CARTESIAN_POINT('',(0.816466538149482,5.92145346733225,-0.378525236300627));
#8014=CARTESIAN_POINT('',(0.913279356704495,5.92145346733225,0.0714035340517989));
#8015=CARTESIAN_POINT('',(0.869230286085124,5.92145346733225,0.318620514579087));
#8016=CARTESIAN_POINT('',(0.612044272943398,5.92145346733225,0.715956807266415));
#8017=CARTESIAN_POINT('',(0.400154570177214,5.92145346733225,0.86340817479314));
#8018=CARTESIAN_POINT('',(-0.0755509813272242,5.92145346733225,0.964797781206786));
#8019=CARTESIAN_POINT('',(-0.336519016231403,5.92145346733225,0.917717285155996));
#8020=CARTESIAN_POINT('',(-0.755318521962826,5.92145346733225,0.645540611348484));
#8021=CARTESIAN_POINT('',(-0.910349813531667,5.92145346733225,0.421783904196279));
#8022=CARTESIAN_POINT('',(-1.01631620361421,5.92145346733225,-0.0796984287451207));
#8023=CARTESIAN_POINT('',(-0.966202612199076,5.92145346733225,-0.35441560655582));
#8024=CARTESIAN_POINT('',(-0.750829619385794,5.92145346733225,-0.684615512629303));
#8025=CARTESIAN_POINT('',(-0.656687734181797,5.92145346733225,-0.781056354200927));
#8026=CARTESIAN_POINT('',(-0.437033842947513,5.92145346733225,-0.931246906287645));
#8027=CARTESIAN_POINT('',(-0.311599315371091,5.92145346733225,-0.984926956100428));
#8028=CARTESIAN_POINT('',(-0.0479680466812288,5.92145346733225,-1.0401991221914));
#8029=CARTESIAN_POINT('',(0.0901281021722283,5.92145346733225,-1.04175690807713));
#8030=CARTESIAN_POINT('',(0.358039139313752,5.92145346733225,-0.991229914596005));
#8031=CARTESIAN_POINT('',(0.487746695636953,5.92145346733225,-0.939152188924444));
#8032=CARTESIAN_POINT('',(0.71861127525472,5.92145346733225,-0.788072382531961));
#8033=CARTESIAN_POINT('',(0.819670778377864,5.92145346733225,-0.689118629470012));
#8034=CARTESIAN_POINT('',(0.976907689004511,5.92145346733225,-0.458433139030002));
#8035=CARTESIAN_POINT('',(1.03301279861318,5.92145346733225,-0.326784455348587));
#8036=CARTESIAN_POINT('',(1.0905733408246,5.92145346733225,-0.0502647933049014));
#8037=CARTESIAN_POINT('',(1.09199353528812,5.92145346733225,0.094500517437216));
#8038=CARTESIAN_POINT('',(1.03864855101632,5.92145346733225,0.375194600978476));
#8039=CARTESIAN_POINT('',(0.983891529715459,5.92145346733225,0.511011005572288));
#8040=CARTESIAN_POINT('',(0.825316379216905,5.92145346733225,0.752607181668112));
#8041=CARTESIAN_POINT('',(0.721549524743741,5.92145346733225,0.858285202693568));
#8042=CARTESIAN_POINT('',(0.479832435126985,5.92145346733225,1.0225684715826));
#8043=CARTESIAN_POINT('',(0.341969595261775,5.92145346733225,1.08109864124409));
#8044=CARTESIAN_POINT('',(0.0525615399928739,5.92145346733225,1.14094755933963));
#8045=CARTESIAN_POINT('',(-0.0988729328032527,5.92145346733225,1.14223016258062));
#8046=CARTESIAN_POINT('',(-0.392350062542145,5.92145346733225,1.08606718735512));
#8047=CARTESIAN_POINT('',(-0.534275315627861,5.92145346733225,1.02863087054167));
#8048=CARTESIAN_POINT('',(-0.786603087961268,5.92145346733225,0.862560375866651));
#8049=CARTESIAN_POINT('',(-0.896899627129525,5.92145346733225,0.753980420004278));
#8050=CARTESIAN_POINT('',(-1.06822925404045,5.92145346733225,0.501231731237152));
#8051=CARTESIAN_POINT('',(-1.12918448397745,5.92145346733225,0.357154735118641));
#8052=CARTESIAN_POINT('',(-1.19132177775222,5.92145346733225,0.0548582867371771));
#8053=CARTESIAN_POINT('',(-1.19246678994357,5.92145346733225,-0.103245348257512));
#8054=CARTESIAN_POINT('',(-1.13348582362348,5.92145346733225,-0.409505524017598));
#8055=CARTESIAN_POINT('',(-1.07337021139808,5.92145346733225,-0.557539625788301));
#8056=CARTESIAN_POINT('',(-0.899804372486209,5.92145346733225,-0.820598994149549));
#8057=CARTESIAN_POINT('',(-0.78641131525286,5.92145346733225,-0.93551405167033));
#8058=CARTESIAN_POINT('',(-0.522631027359281,5.92145346733225,-1.11389003639344));
#8059=CARTESIAN_POINT('',(-0.372339874925898,5.92145346733225,-1.17727032680002));
#8060=CARTESIAN_POINT('',(-0.0571550335310815,5.92145346733225,-1.2416959960756));
#8061=CARTESIAN_POINT('',(0.107617763789221,5.92145346733225,-1.24270341736781));
#8062=CARTESIAN_POINT('',(0.426660985415594,5.92145346733225,-1.18090445983054));
#8063=CARTESIAN_POINT('',(0.580803936040748,5.92145346733225,-1.1181095522805));
#8064=CARTESIAN_POINT('',(0.854594900245822,5.92145346733225,-0.937048369079752));
#8065=CARTESIAN_POINT('',(0.974128476303136,5.92145346733225,-0.818842210490507));
#8066=CARTESIAN_POINT('',(1.15955081865444,5.92145346733225,-0.544030323492339));
#8067=CARTESIAN_POINT('',(1.22535616970082,5.92145346733225,-0.387525014689232));
#8068=CARTESIAN_POINT('',(1.29207021432075,5.92145346733225,-0.0594517803689162));
#8069=CARTESIAN_POINT('',(1.29294004484573,5.92145346733225,0.111990179389315));
#8070=CARTESIAN_POINT('',(1.22832309598392,5.92145346733225,0.443816446745214));
#8071=CARTESIAN_POINT('',(1.16284889318556,5.92145346733225,0.604068246374374));
#8072=CARTESIAN_POINT('',(0.974292365650648,5.92145346733225,0.888590806260925));
#8073=CARTESIAN_POINT('',(0.851273105718252,5.92145346733225,1.01274290101703));
#8074=CARTESIAN_POINT('',(0.565429619635306,5.92145346733225,1.20521160083435));
#8075=CARTESIAN_POINT('',(0.402710154413494,5.92145346733225,1.27344201267049));
#8076=CARTESIAN_POINT('',(0.0617485272458245,5.92145346733225,1.34244443249703));
#8077=CARTESIAN_POINT('',(-0.116362595050069,5.92145346733225,1.3431766723709));
#8078=CARTESIAN_POINT('',(-0.460971908014172,5.92145346733225,1.27574173209005));
#8079=CARTESIAN_POINT('',(-0.627332556779941,5.92145346733225,1.20758823411032));
#8080=CARTESIAN_POINT('',(-0.922586712204087,5.92145346733225,1.01153636220184));
#8081=CARTESIAN_POINT('',(-1.0513573258027,5.92145346733225,0.883704000936888));
#8082=CARTESIAN_POINT('',(-1.25087238294248,5.92145346733225,0.586828915787375));
#8083=CARTESIAN_POINT('',(-1.32152785570127,5.92145346733225,0.417895294102837));
#8084=CARTESIAN_POINT('',(-1.39281865061219,5.92145346733225,0.0640452741576415));
#8085=CARTESIAN_POINT('',(-1.39341329993779,5.92145346733225,-0.120735010764896));
#8086=CARTESIAN_POINT('',(-1.32316036815446,5.92145346733225,-0.478127369229041));
#8087=CARTESIAN_POINT('',(-1.25232757505243,5.92145346733225,-0.650596867249625));
#8088=CARTESIAN_POINT('',(-1.0487803587357,5.92145346733225,-0.956582618083116));
#8089=CARTESIAN_POINT('',(-0.91613489614721,5.92145346733225,-1.08997175065244));
#8090=CARTESIAN_POINT('',(-0.608228211947755,5.92145346733225,-1.29653316498655));
#8091=CARTESIAN_POINT('',(-0.433080433760861,5.92145346733225,-1.36961369878643));
#8092=CARTESIAN_POINT('',(-0.066342021100777,5.92145346733225,-1.44319286867298));
#8093=CARTESIAN_POINT('',(0.125107426528133,5.92145346733225,-1.44364992754192));
#8094=CARTESIAN_POINT('',(0.495282830395518,5.92145346733225,-1.37057900418164));
#8095=CARTESIAN_POINT('',(0.673861177776608,5.92145346733225,-1.29706691600988));
#8096=CARTESIAN_POINT('',(0.990578523904861,5.92145346733225,-1.08602435525421));
#8097=CARTESIAN_POINT('',(1.12858617555946,5.92145346733225,-0.948565791349963));
#8098=CARTESIAN_POINT('',(1.34219394697332,5.92145346733225,-0.629627508115724));
#8099=CARTESIAN_POINT('',(1.41769954192015,5.92145346733225,-0.448265573390688));
#8100=CARTESIAN_POINT('',(1.49356708668521,5.92145346733225,-0.0686387680721104));
#8101=CARTESIAN_POINT('',(1.49388655517911,5.92145346733225,0.129479842334852));
#8102=CARTESIAN_POINT('',(1.41799764017575,5.92145346733225,0.512438291518512));
#8103=CARTESIAN_POINT('',(1.34180625698095,5.92145346733225,0.697125488355116));
#8104=CARTESIAN_POINT('',(1.12326835175909,5.92145346733225,1.02457442967508));
#8105=CARTESIAN_POINT('',(0.980996686545668,5.92145346733225,1.16720060051773));
#8106=CARTESIAN_POINT('',(0.651026804290722,5.92145346733225,1.38785472890885));
#8107=CARTESIAN_POINT('',(0.463450712995028,5.92145346733225,1.46578538509755));
#8108=CARTESIAN_POINT('',(0.0709355150689509,5.92145346733225,1.54394130465376));
#8109=CARTESIAN_POINT('',(-0.133852258180812,5.92145346733225,1.54412318284615));
#8110=CARTESIAN_POINT('',(-0.529593752602266,5.92145346733225,1.46541627614001));
#8111=CARTESIAN_POINT('',(-0.720389798980029,5.92145346733225,1.38654559796415));
#8112=CARTESIAN_POINT('',(-1.0585703353989,5.92145346733225,1.16051234825186));
#8113=CARTESIAN_POINT('',(-1.20581502552246,5.92145346733225,1.01342758173492));
#8114=CARTESIAN_POINT('',(-1.43351551079792,5.92145346733225,0.672426100472176));
#8115=CARTESIAN_POINT('',(-1.5138712283142,5.92145346733225,0.478635852576238));
#8116=CARTESIAN_POINT('',(-1.59431552258306,5.92145346733225,0.0732322620889003));
#8117=CARTESIAN_POINT('',(-1.59435981053982,5.92145346733225,-0.138224674062249));
#8118=CARTESIAN_POINT('',(-1.51283491207765,5.92145346733225,-0.546749213650522));
#8119=CARTESIAN_POINT('',(-1.43128493895811,5.92145346733225,-0.74365410964692));
#8120=CARTESIAN_POINT('',(-1.19775634473385,5.92145346733225,-1.09256624108074));
#8121=CARTESIAN_POINT('',(-1.04585847691824,5.92145346733225,-1.244429450569));
#8122=CARTESIAN_POINT('',(-0.693825396659557,5.92145346733225,-1.47917629264519));
#8123=CARTESIAN_POINT('',(-0.493820992136456,5.92145346733225,-1.56195707156634));
#8124=CARTESIAN_POINT('',(-0.0755290091298413,5.92145346733225,-1.64468974047687));
#8125=CARTESIAN_POINT('',(0.14259708997592,5.92145346733225,-1.64459643825771));
#8126=CARTESIAN_POINT('',(0.563904674666565,5.92145346733225,-1.56025354799106));
#8127=CARTESIAN_POINT('',(0.766918420351906,5.92145346733225,-1.47602427996182));
#8128=CARTESIAN_POINT('',(1.12656214672446,5.92145346733225,-1.23500034120612));
#8129=CARTESIAN_POINT('',(1.28304387565346,5.92145346733225,-1.07828937209613));
#8130=CARTESIAN_POINT('',(1.52483707445452,5.92145346733225,-0.71522469285239));
#8131=CARTESIAN_POINT('',(1.61004291485073,5.92145346733225,-0.509006131677484));
#8132=CARTESIAN_POINT('',(1.69506395833844,5.92145346733225,-0.0778257561899724));
#8133=CARTESIAN_POINT('',(1.69483306599752,5.92145346733225,0.146969505918946));
#8134=CARTESIAN_POINT('',(1.60767218388256,5.92145346733225,0.581060135653253));
#8135=CARTESIAN_POINT('',(1.52076362097427,5.92145346733225,0.790182731091579));
#8136=CARTESIAN_POINT('',(1.27224433766962,5.92145346733225,1.16055805233352));
#8137=CARTESIAN_POINT('',(1.11072026726887,5.92145346733225,1.32165830077264));
#8138=CARTESIAN_POINT('',(0.736623989050351,5.92145346733225,1.57049785622914));
#8139=CARTESIAN_POINT('',(0.524191271201021,5.92145346733225,1.65812875816442));
#8140=CARTESIAN_POINT('',(0.0801225032676194,5.92145346733225,1.74543817617069));
#8141=CARTESIAN_POINT('',(-0.151341921888795,5.92145346733225,1.7450696937572));
#8142=CARTESIAN_POINT('',(-0.598215596613119,5.92145346733225,1.65509081975418));
#8143=CARTESIAN_POINT('',(-0.813447041862934,5.92145346733225,1.56550296199459));
#8144=CARTESIAN_POINT('',(-1.19455395791089,5.92145346733225,1.30948833412526));
#8145=CARTESIAN_POINT('',(-1.36027272592332,5.92145346733225,1.1431511624369));
#8146=CARTESIAN_POINT('',(-1.61615863797227,5.92145346733225,0.758023285253028));
#8147=CARTESIAN_POINT('',(-1.7062146015049,5.92145346733225,0.539376410708449));
#8148=CARTESIAN_POINT('',(-1.79581239397616,5.92145346733225,0.0824192503613499));
#8149=CARTESIAN_POINT('',(-1.79530632153498,5.92145346733225,-0.15571433788316));
#8150=CARTESIAN_POINT('',(-1.7025094556077,5.92145346733225,-0.615371057548444));
#8151=CARTESIAN_POINT('',(-1.61024230302226,5.92145346733225,-0.836711352663181));
#8152=CARTESIAN_POINT('',(-1.34673233057356,5.92145346733225,-1.22854986345935));
#8153=CARTESIAN_POINT('',(-1.17558205760061,5.92145346733225,-1.39888715110285));
#8154=CARTESIAN_POINT('',(-0.779422581460015,5.92145346733225,-1.66181941968654));
#8155=CARTESIAN_POINT('',(-0.554561550201098,5.92145346733225,-1.75430044486978));
#8156=CARTESIAN_POINT('',(-0.0847159974698602,5.92145346733225,-1.84618661175723));
#8157=CARTESIAN_POINT('',(0.160086753900068,5.92145346733225,-1.8455429493294));
#8158=CARTESIAN_POINT('',(0.632526518461251,5.92145346733225,-1.74992809144459));
#8159=CARTESIAN_POINT('',(0.859975663490111,5.92145346733225,-1.65498164405638));
#8160=CARTESIAN_POINT('',(1.26254576898115,5.92145346733225,-1.3839763270154));
#8161=CARTESIAN_POINT('',(1.43750157630892,5.92145346733225,-1.20801295276024));
#8162=CARTESIAN_POINT('',(1.70748020137427,5.92145346733225,-0.800821877671116));
#8163=CARTESIAN_POINT('',(1.80238628825716,5.92145346733225,-0.569746689680117));
#8164=CARTESIAN_POINT('',(1.89656082951579,5.92145346733225,-0.0870127445919983));
#8165=CARTESIAN_POINT('',(1.89577957713893,5.92145346733225,0.164459169937734));
#8166=CARTESIAN_POINT('',(1.79734672726636,5.92145346733225,0.6496819793533));
#8167=CARTESIAN_POINT('',(1.69972098509644,5.92145346733225,0.883239974341448));
#8168=CARTESIAN_POINT('',(1.42122032345129,5.92145346733225,1.29654167447855));
#8169=CARTESIAN_POINT('',(1.24044384791613,5.92145346733225,1.47611600153925));
#8170=CARTESIAN_POINT('',(0.822221173885925,5.92145346733225,1.75314098303774));
#8171=CARTESIAN_POINT('',(0.584931829146615,5.92145346733225,1.85047213166511));
#8172=CARTESIAN_POINT('',(0.0893094917266865,5.92145346733225,1.94693504725379));
#8173=CARTESIAN_POINT('',(-0.16883158599449,5.92145346733225,1.94601620496247));
#8174=CARTESIAN_POINT('',(-0.66683744022626,5.92145346733225,1.84476536307412));
#8175=CARTESIAN_POINT('',(-0.906504285215348,5.92145346733225,1.74446032614187));
#8176=CARTESIAN_POINT('',(-1.33053757995338,5.92145346733225,1.45846431988182));
#8177=CARTESIAN_POINT('',(-1.5147304267922,5.92145346733225,1.27287474306836));
#8178=CARTESIAN_POINT('',(-1.79880176467859,5.92145346733225,0.843620470104394));
#8179=CARTESIAN_POINT('',(-1.8985579750921,5.92145346733225,0.600116968601443));
#8180=CARTESIAN_POINT('',(-1.99730926497275,5.92145346733225,0.0916062388730159));
#8181=CARTESIAN_POINT('',(-1.99625283279883,5.92145346733225,-0.173204002068932));
#8182=CARTESIAN_POINT('',(-1.89218399886906,5.92145346733225,-0.683992901081506));
#8183=CARTESIAN_POINT('',(-1.78919966719247,5.92145346733225,-0.929768596110021));
#8184=CARTESIAN_POINT('',(-1.49570831630717,5.92145346733225,-1.36453348540744));
#8185=CARTESIAN_POINT('',(-1.30530563821742,5.92145346733225,-1.55334485206578));
#8186=CARTESIAN_POINT('',(-0.865019766326044,5.92145346733225,-1.84446254629882));
#8187=CARTESIAN_POINT('',(-0.615302108045509,5.92145346733225,-1.94664381853664));
#8188=CARTESIAN_POINT('',(-0.0939029860301087,5.92145346733225,-2.04768348267416));
#8189=CARTESIAN_POINT('',(0.177576418159747,5.92145346733225,-2.04648946064713));
#8190=CARTESIAN_POINT('',(0.701148361920407,5.92145346733225,-1.93960263465207));
#8191=CARTESIAN_POINT('',(0.95303290702409,5.92145346733225,-1.83393900824756));
#8192=CARTESIAN_POINT('',(1.39852939084207,5.92145346733225,-1.53295231272806));
#8193=CARTESIAN_POINT('',(1.59195927735858,5.92145346733225,-1.33773653336332));
#8194=CARTESIAN_POINT('',(1.8901233278998,5.92145346733225,-0.886419062550868));
#8195=CARTESIAN_POINT('',(1.99472966199734,5.92145346733225,-0.63048724747954));
#8196=CARTESIAN_POINT('',(2.09805770035941,5.92145346733225,-0.0961997331972357));
#8197=CARTESIAN_POINT('',(2.09672608850616,5.92145346733225,0.181948834265741));
#8198=CARTESIAN_POINT('',(1.98702127042434,5.92145346733225,0.718303822744129));
#8199=CARTESIAN_POINT('',(1.87867834930693,5.92145346733225,0.97629721795602));
#8200=CARTESIAN_POINT('',(1.57019630914465,5.92145346733225,1.43252529625887));
#8201=CARTESIAN_POINT('',(1.37016742850637,5.92145346733225,1.63057370266931));
#8202=CARTESIAN_POINT('',(0.907818358778516,5.92145346733225,1.93578410948288));
#8203=CARTESIAN_POINT('',(0.645672386904278,5.92145346733225,2.04281550547317));
#8204=CARTESIAN_POINT('',(0.0984964803736845,5.92145346733225,2.14843191802953));
#8205=CARTESIAN_POINT('',(-0.186321250385858,5.92145346733225,2.14696271637543));
#8206=CARTESIAN_POINT('',(-0.735459283553728,5.92145346733225,2.03443990618637));
#8207=CARTESIAN_POINT('',(-0.999561528904543,5.92145346733225,1.9234176903702));
#8208=CARTESIAN_POINT('',(-1.46652120165908,5.92145346733225,1.60744030555734));
#8209=CARTESIAN_POINT('',(-1.66918812799645,5.92145346733225,1.4025983236467));
#8210=CARTESIAN_POINT('',(-1.98144489104955,5.92145346733225,0.929217655008886));
#8211=CARTESIAN_POINT('',(-2.09090134896306,5.92145346733225,0.66085752632031));
#8212=CARTESIAN_POINT('',(-2.19880613568558,5.92145346733225,0.100793227558811));
#8213=CARTESIAN_POINT('',(-2.19719934425435,5.92145346733225,-0.190693666519109));
#8214=CARTESIAN_POINT('',(-2.08185854193876,5.92145346733225,-0.752614744350162));
#8215=CARTESIAN_POINT('',(-1.96815703143699,5.92145346733225,-1.0228258398685));
#8216=CARTESIAN_POINT('',(-1.64468430196652,5.92145346733225,-1.50051710704383));
#8217=CARTESIAN_POINT('',(-1.43502921878446,5.92145346733225,-1.70780255333894));
#8218=CARTESIAN_POINT('',(-0.950616951241834,5.92145346733225,-2.02710567260086));
#8219=CARTESIAN_POINT('',(-0.676042665728239,5.92145346733225,-2.13898719246596));
#8220=CARTESIAN_POINT('',(-0.103089974752039,5.92145346733225,-2.24918035332864));
#8221=CARTESIAN_POINT('',(0.195066082664615,5.92145346733225,-2.24743597214185));
#8222=CARTESIAN_POINT('',(0.769770205134373,5.92145346733225,-2.12927717768257));
#8223=CARTESIAN_POINT('',(1.04609015084685,5.92145346733225,-2.01289637250718));
#8224=CARTESIAN_POINT('',(1.53451301241421,5.92145346733225,-1.68192829837228));
#8225=CARTESIAN_POINT('',(1.74641697869591,5.92145346733225,-1.46746011391984));
#8226=CARTESIAN_POINT('',(2.07276645413768,5.92145346733225,-0.972016247477179));
#8227=CARTESIAN_POINT('',(2.187073035981,5.92145346733225,-0.691227805128595));
#8228=CARTESIAN_POINT('',(2.29955457095956,5.92145346733225,-0.105386721952841));
#8229=CARTESIAN_POINT('',(2.29767260003756,5.92145346733225,0.199438498821577));
#8230=CARTESIAN_POINT('',(2.17669581341815,5.92145346733225,0.786925665907127));
#8231=CARTESIAN_POINT('',(2.05763571358049,5.92145346733225,1.06935446183872));
#8232=CARTESIAN_POINT('',(1.71917229477493,5.92145346733225,1.56850891777107));
#8233=CARTESIAN_POINT('',(1.49989100905297,5.92145346733225,1.78503140406628));
#8234=CARTESIAN_POINT('',(0.99341554371475,5.92145346733225,2.11842723566112));
#8235=CARTESIAN_POINT('',(0.70641294452184,5.92145346733225,2.23515887950725));
#8236=CARTESIAN_POINT('',(0.107683469160784,5.92145346733225,2.34992878857924));
#8237=CARTESIAN_POINT('',(-0.203810914989217,5.92145346733225,2.34790922794076));
#8238=CARTESIAN_POINT('',(-0.804081126669172,5.92145346733225,2.22411444914626));
#8239=CARTESIAN_POINT('',(-1.09261877284327,5.92145346733225,2.10237505465665));
#8240=CARTESIAN_POINT('',(-1.60250482311522,5.92145346733225,1.75641629117474));
#8241=CARTESIAN_POINT('',(-1.82364582944899,5.92145346733225,1.53232190418396));
#8242=CARTESIAN_POINT('',(-2.16408801717219,5.92145346733225,1.01481483995449));
#8243=CARTESIAN_POINT('',(-2.28324472304401,5.92145346733225,0.721598083908418));
#8244=CARTESIAN_POINT('',(-2.40030300618844,5.92145346733225,0.10998021637533));
#8245=CARTESIAN_POINT('',(-2.39814585585128,5.92145346733225,-0.208183331166976));
#8246=CARTESIAN_POINT('',(-2.27153308486703,5.92145346733225,-0.821236587421162));
#8247=CARTESIAN_POINT('',(-2.14711439573558,5.92145346733225,-1.1158830838596));
#8248=CARTESIAN_POINT('',(-1.79366028757175,5.92145346733225,-1.63650072844766));
#8249=CARTESIAN_POINT('',(-1.56475279931294,5.92145346733225,-1.86226025484365));
#8250=CARTESIAN_POINT('',(-1.03621413619618,5.92145346733225,-2.20974879867136));
#8251=CARTESIAN_POINT('',(-0.736783223288813,5.92145346733225,-2.3313305665909));
#8252=CARTESIAN_POINT('',(-0.112276963596125,5.92145346733225,-2.4506772237875));
#8253=CARTESIAN_POINT('',(0.212555747354064,5.92145346733225,-2.44838248376821));
#8254=CARTESIAN_POINT('',(0.838392048163757,5.92145346733225,-2.31895172058142));
#8255=CARTESIAN_POINT('',(1.13914739488694,5.92145346733225,-2.19185373681683));
#8256=CARTESIAN_POINT('',(1.67049663376901,5.92145346733225,-1.83090428396648));
#8257=CARTESIAN_POINT('',(1.90087468024946,5.92145346733225,-1.59718369444001));
#8258=CARTESIAN_POINT('',(2.25540958015933,5.92145346733225,-1.05761343243984));
#8259=CARTESIAN_POINT('',(2.37941641014714,5.92145346733225,-0.751968362663304));
#8260=CARTESIAN_POINT('',(2.5010514413772,5.92145346733225,-0.114573710822825));
#8261=CARTESIAN_POINT('',(2.49861911169173,5.92145346733225,0.216928163550063));
#8262=CARTESIAN_POINT('',(2.3663703562892,5.92145346733225,0.855547508897441));
#8263=CARTESIAN_POINT('',(2.23659307790063,5.92145346733225,1.16241170592466));
#8264=CARTESIAN_POINT('',(1.86814828035865,5.92145346733225,1.70449253907999));
#8265=CARTESIAN_POINT('',(1.62961458956537,5.92145346733225,1.9394891056654));
#8266=CARTESIAN_POINT('',(1.07901272868515,5.92145346733225,2.30107036163722));
#8267=CARTESIAN_POINT('',(0.767153502032218,5.92145346733225,2.42750225371181));
#8268=CARTESIAN_POINT('',(0.116870458055032,5.92145346733225,2.55142565895848));
#8269=CARTESIAN_POINT('',(-0.221300579754372,5.92145346733225,2.54885573962072));
#8270=CARTESIAN_POINT('',(-0.872702969622884,5.92145346733225,2.41378899199151));
#8271=CARTESIAN_POINT('',(-1.18567601697232,5.92145346733225,2.28133241898654));
#8272=CARTESIAN_POINT('',(-1.7384884443811,5.92145346733225,1.90539227674868));
#8273=CARTESIAN_POINT('',(-1.97810353109092,5.92145346733225,1.66204548468906));
#8274=CARTESIAN_POINT('',(-2.34673114310548,5.92145346733225,1.1004120249322));
#8275=CARTESIAN_POINT('',(-2.47558809728499,5.92145346733225,0.782338641396011));
#8276=CARTESIAN_POINT('',(-2.60179987653125,5.92145346733225,0.119167205292432));
#8277=CARTESIAN_POINT('',(-2.59909236755553,5.92145346733225,-0.225672995966483));
#8278=CARTESIAN_POINT('',(-2.461207627688,5.92145346733225,-0.889858430340455));
#8279=CARTESIAN_POINT('',(-2.32607176007447,5.92145346733225,-1.20894032802909));
#8280=CARTESIAN_POINT('',(-1.94263627313673,5.92145346733225,-1.77248434967303));
#8281=CARTESIAN_POINT('',(-1.69447637981092,5.92145346733225,-2.01671795652574));
#8282=CARTESIAN_POINT('',(-1.12181132118106,5.92145346733225,-2.39239192456445));
#8283=CARTESIAN_POINT('',(-0.797523780754827,5.92145346733225,-2.52367394086569));
#8284=CARTESIAN_POINT('',(-0.121463952534808,5.92145346733225,-2.65217409409649));
#8285=CARTESIAN_POINT('',(0.230045412186062,5.92145346733225,-2.64932899549542));
#8286=CARTESIAN_POINT('',(0.907013891050629,5.92145346733225,-2.50862626337941));
#8287=CARTESIAN_POINT('',(1.23220463909449,5.92145346733225,-2.37081110116443));
#8288=CARTESIAN_POINT('',(1.8064802549564,5.92145346733225,-1.9798802695227));
#8289=CARTESIAN_POINT('',(2.0553323819694,5.92145346733225,-1.72690727493147));
#8290=CARTESIAN_POINT('',(2.43805270601462,5.92145346733225,-1.14321061743119));
#8291=CARTESIAN_POINT('',(2.57175978445399,5.92145346733225,-0.812708920108983));
#8292=CARTESIAN_POINT('',(2.70254831165415,5.92145346733225,-0.123760699781772));
#8293=CARTESIAN_POINT('',(2.69956562344012,5.92145346733225,0.234417828412495));
#8294=CARTESIAN_POINT('',(2.55604489906602,5.92145346733225,0.924169351753879));
#8295=CARTESIAN_POINT('',(2.41555044225611,5.92145346733225,1.25546895016809));
#8296=CARTESIAN_POINT('',(2.017124265907,5.92145346733225,1.84047616023149));
#8297=CARTESIAN_POINT('',(1.7593381700505,5.92145346733225,2.09394680742095));
#8298=CARTESIAN_POINT('',(1.16460991368289,5.92145346733225,2.48371348745685));
#8299=CARTESIAN_POINT('',(0.827894059458778,5.92145346733225,2.61984562804875));
#8300=CARTESIAN_POINT('',(0.12605744703317,5.92145346733225,2.75292252920534));
#8301=CARTESIAN_POINT('',(-0.238790244645558,5.92145346733225,2.74980225138967));
#8302=CARTESIAN_POINT('',(-0.941324812450495,5.92145346733225,2.60346353474778));
#8303=CARTESIAN_POINT('',(-1.27873326124943,5.92145346733225,2.46028978334949));
#8304=CARTESIAN_POINT('',(-1.87447206549886,5.92145346733225,2.0543682622896));
#8305=CARTESIAN_POINT('',(-2.13256123288018,5.92145346733225,1.79176906516814));
#8306=CARTESIAN_POINT('',(-2.5293742688914,5.92145346733225,1.18600920993599));
#8307=CARTESIAN_POINT('',(-2.66793147165022,5.92145346733225,0.843079198804403));
#8308=CARTESIAN_POINT('',(-2.80329674674983,5.92145346733225,0.128354194288662));
#8309=CARTESIAN_POINT('',(-2.80003887934315,5.92145346733225,-0.243162660884961));
#8310=CARTESIAN_POINT('',(-2.65088217042559,5.92145346733225,-0.958480273140848));
#8311=CARTESIAN_POINT('',(-2.50502912444451,5.92145346733225,-1.30199757233822));
#8312=CARTESIAN_POINT('',(-2.09161225867051,5.92145346733225,-1.90846797075883));
#8313=CARTESIAN_POINT('',(-1.82419996028443,5.92145346733225,-2.17117565834706));
#8314=CARTESIAN_POINT('',(-1.20740850619036,5.92145346733225,-2.57503505031835));
#8315=CARTESIAN_POINT('',(-0.858264338146098,5.92145346733225,-2.71601731525778));
#8316=CARTESIAN_POINT('',(-0.130650941548162,5.92145346733225,-2.85367096428821));
#8317=CARTESIAN_POINT('',(0.247535077130186,5.92145346733225,-2.85027550730108));
#8318=CARTESIAN_POINT('',(0.975635733825302,5.92145346733225,-2.69830080609897));
#8319=CARTESIAN_POINT('',(1.32526188343374,5.92145346733225,-2.54976846554106));
#8320=CARTESIAN_POINT('',(1.94246387601201,5.92145346733225,-2.12885625504994));
#8321=CARTESIAN_POINT('',(2.20979008382033,5.92145346733225,-1.8566308553996));
#8322=CARTESIAN_POINT('',(2.62069583173887,5.92145346733225,-1.22880780244592));
#8323=CARTESIAN_POINT('',(2.76410315887118,5.92145346733225,-0.873449477484079));
#8324=CARTESIAN_POINT('',(2.90404518182075,5.92145346733225,-0.132947688811376));
#8325=CARTESIAN_POINT('',(2.90051213526283,5.92145346733225,0.251907493380982));
#8326=CARTESIAN_POINT('',(2.74571944176853,5.92145346733225,0.992791194504184));
#8327=CARTESIAN_POINT('',(2.59450780663904,5.92145346733225,1.34852619453593));
#8328=CARTESIAN_POINT('',(2.16610025142789,5.92145346733225,1.97645978125858));
#8329=CARTESIAN_POINT('',(1.88906175051367,5.92145346733225,2.2484045093004));
#8330=CARTESIAN_POINT('',(1.25020709870252,5.92145346733225,2.66635661315262));
#8331=CARTESIAN_POINT('',(0.888634616818474,5.92145346733225,2.81218900249024));
#8332=CARTESIAN_POINT('',(0.135244436078096,5.92145346733225,2.95441939934764));
#8333=CARTESIAN_POINT('',(-0.256279909637133,5.92145346733225,2.95074876322814));
#8334=CARTESIAN_POINT('',(-1.00994665517779,5.92145346733225,2.79313807743451));
#8335=CARTESIAN_POINT('',(-1.37179050564444,5.92145346733225,2.63924714773818));
#8336=CARTESIAN_POINT('',(-2.01045568649878,5.92145346733225,2.20334424780473));
#8337=CARTESIAN_POINT('',(-2.28701893478668,5.92145346733225,1.92149264562637));
#8338=CARTESIAN_POINT('',(-2.71201739456013,5.92145346733225,1.27160639496055));
#8339=CARTESIAN_POINT('',(-2.8602748461142,5.92145346733225,0.903819756149568));
#8340=CARTESIAN_POINT('',(-3.00479361686963,5.92145346733225,0.137541183348198));
#8341=CARTESIAN_POINT('',(-3.00098539119704,5.92145346733225,-0.260652325898393));
#8342=CARTESIAN_POINT('',(-2.84055671309692,5.92145346733225,-1.02710211584621));
#8343=CARTESIAN_POINT('',(-2.68398648883876,5.92145346733225,-1.39505481675883));
#8344=CARTESIAN_POINT('',(-2.24058824418012,5.92145346733225,-2.04445159173309));
#8345=CARTESIAN_POINT('',(-1.95392354073812,5.92145346733225,-2.32563336027883));
#8346=CARTESIAN_POINT('',(-1.29300569121954,5.92145346733225,-2.75767817596176));
#8347=CARTESIAN_POINT('',(-0.91900489547744,5.92145346733225,-2.9083606897433));
#8348=CARTESIAN_POINT('',(-0.139837930621523,5.92145346733225,-3.05516783438647));
#8349=CARTESIAN_POINT('',(0.265024742164374,5.92145346733225,-3.05122201916919));
#8350=CARTESIAN_POINT('',(1.04425757650999,5.92145346733225,-2.88797534875606));
#8351=CARTESIAN_POINT('',(1.41831912787884,5.92145346733225,-2.72872582994049));
#8352=CARTESIAN_POINT('',(2.07844749696185,5.92145346733225,-2.27783224055432));
#8353=CARTESIAN_POINT('',(2.36424778577649,5.92145346733225,-1.98635443584884));
#8354=CARTESIAN_POINT('',(2.80333895735793,5.92145346733225,-1.31440498747948));
#8355=CARTESIAN_POINT('',(2.95644653337689,5.92145346733225,-0.93419003480218));
#8356=CARTESIAN_POINT('',(3.10554205189885,5.92145346733225,-0.142134677897895));
#8357=CARTESIAN_POINT('',(3.10145864714462,5.92145346733225,0.269397158434871));
#8358=CARTESIAN_POINT('',(2.93539398441194,5.92145346733225,1.06141303716917));
#8359=CARTESIAN_POINT('',(2.77346517104345,5.92145346733225,1.44158343900418));
#8360=CARTESIAN_POINT('',(2.31507623692734,5.92145346733225,2.1124434021852));
#8361=CARTESIAN_POINT('',(2.01878533095854,5.92145346733225,2.40286221127934));
#8362=CARTESIAN_POINT('',(1.33580428374052,5.92145346733225,2.84899973874886));
#8363=CARTESIAN_POINT('',(0.94937517412419,5.92145346733225,3.00453237701523));
#8364=CARTESIAN_POINT('',(0.144431425177083,5.92145346733225,3.15591626940645));
#8365=CARTESIAN_POINT('',(-0.273769574709775,5.92145346733225,3.15169527512276));
#8366=CARTESIAN_POINT('',(-1.07856849782394,5.92145346733225,2.98281262006511));
#8367=CARTESIAN_POINT('',(-1.46484775013463,5.92145346733225,2.81820451214746));
#8368=CARTESIAN_POINT('',(-2.14643930740345,5.92145346733225,2.35232023329932));
#8369=CARTESIAN_POINT('',(-2.44147663678742,5.92145346733225,2.05121622606735));
#8370=CARTESIAN_POINT('',(-2.89466052013457,5.92145346733225,1.35720358000244));
#8371=CARTESIAN_POINT('',(-3.05261822065776,5.92145346733225,0.96456031344323));
#8372=CARTESIAN_POINT('',(-3.20629048690987,5.92145346733225,0.146728172459153));
#8373=CARTESIAN_POINT('',(-3.20193190310401,5.92145346733225,-0.278141990988754));
#8374=CARTESIAN_POINT('',(-3.03023125571515,5.92145346733225,-1.09572395847473));
#8375=CARTESIAN_POINT('',(-2.86294385325257,5.92145346733225,-1.48811206126993));
#8376=CARTESIAN_POINT('',(-2.38956422967013,5.92145346733225,-2.18043521261692));
#8377=CARTESIAN_POINT('',(-2.08364712117534,5.92145346733225,-2.48009106230041));
#8378=CARTESIAN_POINT('',(-1.37860287626511,5.92145346733225,-2.94032130151541));
#8379=CARTESIAN_POINT('',(-0.979745452759776,5.92145346733225,-3.10070406430427));
#8380=CARTESIAN_POINT('',(-0.149024919743806,5.92145346733225,-3.25666470440932));
#8381=CARTESIAN_POINT('',(0.282514407271771,5.92145346733225,-3.25216853108786));
#8382=CARTESIAN_POINT('',(1.11287941912138,5.92145346733225,-3.07764989136262));
#8383=CARTESIAN_POINT('',(1.51137637240977,5.92145346733225,-2.90768319435858));
#8384=CARTESIAN_POINT('',(2.21443111782577,5.92145346733225,-2.4268082260401));
#8385=CARTESIAN_POINT('',(2.51870548781761,5.92145346733225,-2.11607801628242));
#8386=CARTESIAN_POINT('',(2.98598208289199,5.92145346733225,-1.40000217252877));
#8387=CARTESIAN_POINT('',(3.1487899079549,5.92145346733225,-0.994930592073694));
#8388=CARTESIAN_POINT('',(3.30703892190463,5.92145346733225,-0.151321667031088));
#8389=CARTESIAN_POINT('',(3.30240515907416,5.92145346733225,0.286886823558548));
#8390=CARTESIAN_POINT('',(3.12506852700762,5.92145346733225,1.13003487976428));
#8391=CARTESIAN_POINT('',(2.95242253546558,5.92145346733225,1.534640683554));
#8392=CARTESIAN_POINT('',(2.46405222240908,5.92145346733225,2.24842702303024));
#8393=CARTESIAN_POINT('',(2.14850891138865,5.92145346733225,2.55731991333956));
#8394=CARTESIAN_POINT('',(1.4214014687932,5.92145346733225,3.03164286426388));
#8395=CARTESIAN_POINT('',(1.01011573138531,5.92145346733225,3.19687575160912));
#8396=CARTESIAN_POINT('',(0.153618414320583,5.92145346733225,3.35741313939636));
#8397=CARTESIAN_POINT('',(-0.291259239848812,5.92145346733225,3.35264178706301));
#8398=CARTESIAN_POINT('',(-1.14719034040378,5.92145346733225,3.17248716265007));
#8399=CARTESIAN_POINT('',(-1.5579049947026,5.92145346733225,2.99716187657321));
#8400=CARTESIAN_POINT('',(-2.28242292823041,5.92145346733225,2.50129621877738));
#8401=CARTESIAN_POINT('',(-2.5959343388658,5.92145346733225,2.18093980649412));
#8402=CARTESIAN_POINT('',(-3.07730364563141,5.92145346733225,1.44280076505847));
#8403=CARTESIAN_POINT('',(-3.24496159526668,5.92145346733225,1.02530087069457));
#8404=CARTESIAN_POINT('',(-3.40778735688475,5.92145346733225,0.155915161612517));
#8405=CARTESIAN_POINT('',(-3.40287841505427,5.92145346733225,-0.295631656142598));
#8406=CARTESIAN_POINT('',(-3.21990579829012,5.92145346733225,-1.16434580103967));
#8407=CARTESIAN_POINT('',(-3.04190121768207,5.92145346733225,-1.58116930585516));
#8408=CARTESIAN_POINT('',(-2.5385402151445,5.92145346733225,-2.31641883342655));
#8409=CARTESIAN_POINT('',(-2.21337070159866,5.92145346733225,-2.63454876439549));
#8410=CARTESIAN_POINT('',(-1.46420006132467,5.92145346733225,-3.12296442699551));
#8411=CARTESIAN_POINT('',(-1.04048601000164,5.92145346733225,-3.29304743892755));
#8412=CARTESIAN_POINT('',(-0.158211908906651,5.92145346733225,-3.45816157436982));
#8413=CARTESIAN_POINT('',(0.300004072439641,5.92145346733225,-3.45311504304806));
#8414=CARTESIAN_POINT('',(1.18150126167239,5.92145346733225,-3.26732443392761));
#8415=CARTESIAN_POINT('',(1.60443361701148,5.92145346733225,-3.08664055879131));
#8416=CARTESIAN_POINT('',(2.350414738619,5.92145346733225,-2.57578421151118));
#8417=CARTESIAN_POINT('',(2.67316318992939,5.92145346733225,-2.24580159670256));
#8418=CARTESIAN_POINT('',(3.16862520835544,5.92145346733225,-1.48559935759143));
#8419=CARTESIAN_POINT('',(3.34113328259213,5.92145346733225,-1.05567114930652));
#8420=CARTESIAN_POINT('',(3.5085357918512,5.92145346733225,-0.160508656202878));
#8421=CARTESIAN_POINT('',(3.50335167104348,5.92145346733225,0.304376488739855));
#8422=CARTESIAN_POINT('',(3.3147430695635,5.92145346733225,1.19865672230185));
#8423=CARTESIAN_POINT('',(3.13137997814111,5.92145346733225,1.62769780069465));
#8424=CARTESIAN_POINT('',(2.87220405388924,5.92145346733225,2.00605428598959));
#8425=CARTESIAN_POINT('',(0.184044608448812,6.,0.137951156425226));
#8426=CARTESIAN_POINT('',(0.155389404254871,5.99999999999958,0.189769403822298));
#8427=CARTESIAN_POINT('',(0.100989522989687,6.,0.234416536355658));
#8428=CARTESIAN_POINT('',(-0.0259379775811056,6.,0.269865398849273));
#8429=CARTESIAN_POINT('',(-0.102767228387288,6.,0.261551874639328));
#8430=CARTESIAN_POINT('',(-0.228500678813155,6.,0.189586703330969));
#8431=CARTESIAN_POINT('',(-0.28084769978212,6.,0.123503761999247));
#8432=CARTESIAN_POINT('',(-0.32140059759672,6.,-0.0291581788380351));
#8433=CARTESIAN_POINT('',(-0.310273826765623,6.,-0.119808769954875));
#8434=CARTESIAN_POINT('',(-0.223670095132781,6.,-0.267301511715749));
#8435=CARTESIAN_POINT('',(-0.145812608259079,6.,-0.327406506394347));
#8436=CARTESIAN_POINT('',(0.0325891596763763,6.,-0.372938324052942));
#8437=CARTESIAN_POINT('',(0.137043443123587,6.,-0.358949198627541));
#8438=CARTESIAN_POINT('',(0.306226570726028,6.,-0.25763067158153));
#8439=CARTESIAN_POINT('',(0.374050578178783,6.,-0.167979956341482));
#8440=CARTESIAN_POINT('',(0.424476072287349,6.,0.0361665191612955));
#8441=CARTESIAN_POINT('',(0.407590386946212,6.,0.154412693210313));
#8442=CARTESIAN_POINT('',(0.291503237435307,6.,0.345238797548837));
#8443=CARTESIAN_POINT('',(0.190045745346718,6.,0.420754374068638));
#8444=CARTESIAN_POINT('',(-0.0398496262011409,6.,0.476012841089824));
#8445=CARTESIAN_POINT('',(-0.171879426918046,6.,0.456205817887852));
#8446=CARTESIAN_POINT('',(-0.384314512167156,6.,0.325310606688953));
#8447=CARTESIAN_POINT('',(-0.46750160268935,6.,0.21203620267895));
#8448=CARTESIAN_POINT('',(-0.527548275337297,6.,-0.0436115938994143));
#8449=CARTESIAN_POINT('',(-0.504801391139961,6.,-0.189419018017856));
#8450=CARTESIAN_POINT('',(-0.359068348103433,6.,-0.423437885197977));
#8451=CARTESIAN_POINT('',(-0.23396925408417,6.,-0.514281391168335));
#8452=CARTESIAN_POINT('',(0.0474339277472749,6.,-0.579082304114811));
#8453=CARTESIAN_POINT('',(0.207014481478714,6.,-0.553381348914829));
#8454=CARTESIAN_POINT('',(0.462597938068922,6.,-0.392787445697437));
#8455=CARTESIAN_POINT('',(0.561086209349843,6.,-0.255857563083943));
#8456=CARTESIAN_POINT('',(0.630614979893833,6.,0.051303491392305));
#8457=CARTESIAN_POINT('',(0.60194881425975,6.,0.224653725994697));
#8458=CARTESIAN_POINT('',(0.426475868612234,6.,0.501786819421334));
#8459=CARTESIAN_POINT('',(0.277710327719517,6.,0.607910678937609));
#8460=CARTESIAN_POINT('',(-0.0552106989238634,6.,0.682146404607303));
#8461=CARTESIAN_POINT('',(-0.242327911433034,6.,0.650506134497298));
#8462=CARTESIAN_POINT('',(-0.54099876688769,6.,0.460139537986675));
#8463=CARTESIAN_POINT('',(-0.654750857189084,6.,0.299534388923401));
#8464=CARTESIAN_POINT('',(-0.733676695197431,6.,-0.0591483922002341));
#8465=CARTESIAN_POINT('',(-0.69905510650847,6.,-0.260030425744184));
#8466=CARTESIAN_POINT('',(-0.4937829445257,6.,-0.580229456343335));
#8467=CARTESIAN_POINT('',(-0.321334939453036,6.,-0.70160378853123));
#8468=CARTESIAN_POINT('',(0.0631111185472662,6.,-0.785205967752864));
#8469=CARTESIAN_POINT('',(0.277756225078025,6.,-0.747597128315362));
#8470=CARTESIAN_POINT('',(0.619475579941854,6.,-0.527409555498372));
#8471=CARTESIAN_POINT('',(0.748467214167535,6.,-0.343115991677007));
#8472=CARTESIAN_POINT('',(0.836734330605596,6.,0.0670946516951223));
#8473=CARTESIAN_POINT('',(0.79613330345023,6.,0.295501395167742));
#8474=CARTESIAN_POINT('',(0.561022090360314,6.,0.658734564360324));
#8475=CARTESIAN_POINT('',(0.364880694709845,6.,0.795339378394159));
#8476=CARTESIAN_POINT('',(-0.0710956655203169,6.,0.888261881783385));
#8477=CARTESIAN_POINT('',(-0.313262852049613,6.,0.844664514327721));
#8478=CARTESIAN_POINT('',(-0.698004377790629,6.,0.594622711914908));
#8479=CARTESIAN_POINT('',(-0.842218896059682,6.,0.386631554579135));
#8480=CARTESIAN_POINT('',(-0.939788708557931,6.,-0.0751115066275632));
#8481=CARTESIAN_POINT('',(-0.893387620942803,6.,-0.330733627336335));
#8482=CARTESIAN_POINT('',(-0.69435966692451,6.,-0.635874332191243));
#8483=CARTESIAN_POINT('',(-0.606865708415685,6.,-0.725567217992572));
#8484=CARTESIAN_POINT('',(-0.403405081244164,6.,-0.864685775211752));
#8485=CARTESIAN_POINT('',(-0.28683152151814,6.,-0.914586139907933));
#8486=CARTESIAN_POINT('',(-0.0423990362679926,6.,-0.965833407845895));
#8487=CARTESIAN_POINT('',(0.0860644285724548,6.,-0.967293787674327));
#8488=CARTESIAN_POINT('',(0.334699618730884,6.,-0.920402406870159));
#8489=CARTESIAN_POINT('',(0.455471997071504,6.,-0.871924148359205));
#8490=CARTESIAN_POINT('',(0.669923550294188,6.,-0.73158547796029));
#8491=CARTESIAN_POINT('',(0.764108059644091,6.,-0.639378847583739));
#8492=CARTESIAN_POINT('',(0.91029773236969,6.,-0.424901442805761));
#8493=CARTESIAN_POINT('',(0.962636374748872,6.,-0.302118350490966));
#8494=CARTESIAN_POINT('',(1.01619988670356,6.,-0.0448016018438659));
#8495=CARTESIAN_POINT('',(1.01753632780699,6.,0.0903317883513238));
#8496=CARTESIAN_POINT('',(0.967853647066404,6.,0.351756704079801));
#8497=CARTESIAN_POINT('',(0.916708129910257,6.,0.478643718851948));
#8498=CARTESIAN_POINT('',(0.76889571368086,6.,0.703842867242253));
#8499=CARTESIAN_POINT('',(0.671884686278238,6.,0.802655616931386));
#8500=CARTESIAN_POINT('',(0.446389206113579,6.,0.955914163093129));
#8501=CARTESIAN_POINT('',(0.317396184587993,6.,1.01068989797248));
#8502=CARTESIAN_POINT('',(0.0471948420037876,6.,1.06656717468139));
#8503=CARTESIAN_POINT('',(-0.0946083900083091,6.,1.06777847303153));
#8504=CARTESIAN_POINT('',(-0.368822411070138,6.,1.01530215744237));
#8505=CARTESIAN_POINT('',(-0.501823543076638,6.,0.96148833761714));
#8506=CARTESIAN_POINT('',(-0.737768870477983,6.,0.806200319759457));
#8507=CARTESIAN_POINT('',(-0.841209011126884,6.,0.704384154744476));
#8508=CARTESIAN_POINT('',(-1.00153448006035,6.,0.46786946473439));
#8509=CARTESIAN_POINT('',(-1.05874627488123,6.,0.332666166261954));
#8510=CARTESIAN_POINT('',(-1.11693515392206,6.,0.0495799370217648));
#8511=CARTESIAN_POINT('',(-1.11802025810126,6.,-0.0988930658269513));
#8512=CARTESIAN_POINT('',(-1.06274826639454,6.,-0.385895654278123));
#8513=CARTESIAN_POINT('',(-1.0062652301083,6.,-0.52501045116324));
#8514=CARTESIAN_POINT('',(-0.843499984233862,6.,-0.771700721420252));
#8515=CARTESIAN_POINT('',(-0.736878031697202,6.,-0.87976751032662));
#8516=CARTESIAN_POINT('',(-0.489343134399492,6.,-1.04715819436267));
#8517=CARTESIAN_POINT('',(-0.347929252419104,6.,-1.10680514405895));
#8518=CARTESIAN_POINT('',(-0.0519578761227619,6.,-1.16730372805239));
#8519=CARTESIAN_POINT('',(0.103184836799776,6.,-1.16826171450176));
#8520=CARTESIAN_POINT('',(0.402975523082308,6.,-1.11019225177674));
#8521=CARTESIAN_POINT('',(0.548203588337192,6.,-1.05103919466853));
#8522=CARTESIAN_POINT('',(0.805637716035496,6.,-0.880795287469706));
#8523=CARTESIAN_POINT('',(0.918330500028115,6.,-0.769366973953449));
#8524=CARTESIAN_POINT('',(1.09278489573589,6.,-0.510810987729296));
#8525=CARTESIAN_POINT('',(1.15486620257151,6.,-0.363186250605342));
#8526=CARTESIAN_POINT('',(1.21767281755516,6.,-0.0543294946239799));
#8527=CARTESIAN_POINT('',(1.21850287064679,6.,0.107482875999593));
#8528=CARTESIAN_POINT('',(1.15763435024484,6.,0.420061247847047));
#8529=CARTESIAN_POINT('',(1.09581056057823,6.,0.571402231985269));
#8530=CARTESIAN_POINT('',(0.91808672241902,6.,0.839579258903647));
#8531=CARTESIAN_POINT('',(0.801851539376191,6.,0.956897460507918));
#8532=CARTESIAN_POINT('',(0.532273681129973,6.,1.13841423736944));
#8533=CARTESIAN_POINT('',(0.378437847044525,6.,1.20292919461052));
#8534=CARTESIAN_POINT('',(0.0566955027377886,6.,1.26804235627856));
#8535=CARTESIAN_POINT('',(-0.111786480160863,6.,1.26874375212484));
#8536=CARTESIAN_POINT('',(-0.437152173662079,6.,1.20507476460599));
#8537=CARTESIAN_POINT('',(-0.594605767070849,6.,1.14057960957029));
#8538=CARTESIAN_POINT('',(-0.873524843057843,6.,0.955374710473308));
#8539=CARTESIAN_POINT('',(-0.995467949234095,6.,0.834332204825883));
#8540=CARTESIAN_POINT('',(-1.18404592410364,6.,0.553731775845573));
#8541=CARTESIAN_POINT('',(-1.25099390268228,6.,0.393684628590901));
#8542=CARTESIAN_POINT('',(-1.31841228877067,6.,0.0590565081415101));
#8543=CARTESIAN_POINT('',(-1.31898438196077,6.,-0.116095047402882));
#8544=CARTESIAN_POINT('',(-1.25251366965174,6.,-0.454247739739006));
#8545=CARTESIAN_POINT('',(-1.18534658410613,6.,-0.617813666838761));
#8546=CARTESIAN_POINT('',(-0.992659613988314,6.,-0.907474034152502));
#8547=CARTESIAN_POINT('',(-0.86680938034232,6.,-1.03404158705368));
#8548=CARTESIAN_POINT('',(-0.575185754595201,6.,-1.22967970316495));
#8549=CARTESIAN_POINT('',(-0.408927100082658,6.,-1.29906014070004));
#8550=CARTESIAN_POINT('',(-0.0614130338324838,6.,-1.36878256822287));
#8551=CARTESIAN_POINT('',(0.120408059599499,6.,-1.3692247808729));
#8552=CARTESIAN_POINT('',(0.471347463093477,6.,-1.29995121682668));
#8553=CARTESIAN_POINT('',(0.64102547752821,6.,-1.2301116939823));
#8554=CARTESIAN_POINT('',(0.941426457913408,6.,-1.0299417462686));
#8555=CARTESIAN_POINT('',(1.07261804724218,6.,-0.899283420448877));
#8556=CARTESIAN_POINT('',(1.2753153568259,6.,-0.596636034838456));
#8557=CARTESIAN_POINT('',(1.34712774851766,6.,-0.424165698182443));
#8558=CARTESIAN_POINT('',(1.4191531548659,6.,-0.063765532378421));
#8559=CARTESIAN_POINT('',(1.41946496751431,6.,0.124725068303879));
#8560=CARTESIAN_POINT('',(1.34738753799586,6.,0.488450925506981));
#8561=CARTESIAN_POINT('',(1.27487512164811,6.,0.664240806155284));
#8562=CARTESIAN_POINT('',(1.06722137959269,6.,0.975381790102504));
#8563=CARTESIAN_POINT('',(0.931754633237192,6.,1.11119704674708));
#8564=CARTESIAN_POINT('',(0.618082979440768,6.,1.32095269653812));
#8565=CARTESIAN_POINT('',(0.439400802507421,6.,1.39519658756584));
#8566=CARTESIAN_POINT('',(0.0661143973842226,6.,1.46952401470739));
#8567=CARTESIAN_POINT('',(-0.12904568341824,6.,1.4697049586961));
#8568=CARTESIAN_POINT('',(-0.505557763025679,6.,1.39482274850501));
#8569=CARTESIAN_POINT('',(-0.687459310669265,6.,1.31963702651769));
#8570=CARTESIAN_POINT('',(-1.00933974842901,6.,1.10449875171322));
#8571=CARTESIAN_POINT('',(-1.14977833912959,6.,0.964223287725938));
#8572=CARTESIAN_POINT('',(-1.36659155820484,6.,0.639526905312945));
#8573=CARTESIAN_POINT('',(-1.44326653733928,6.,0.454632744647967));
#8574=CARTESIAN_POINT('',(-1.51989511853013,6.,0.0684599727897802));
#8575=CARTESIAN_POINT('',(-1.51994476958718,6.,-0.133369564004881));
#8576=CARTESIAN_POINT('',(-1.44225694968677,6.,-0.522667657437265));
#8577=CARTESIAN_POINT('',(-1.36439754849187,6.,-0.710680691961697));
#8578=CARTESIAN_POINT('',(-1.14177407115953,6.,-1.04330008598017));
#8579=CARTESIAN_POINT('',(-0.996689619862713,6.,-1.18836170883103));
#8580=CARTESIAN_POINT('',(-0.660968090461371,6.,-1.41223179834419));
#8581=CARTESIAN_POINT('',(-0.469861815528535,6.,-1.49133749254872));
#8582=CARTESIAN_POINT('',(-0.0708025604622993,6.,-1.57026644108956));
#8583=CARTESIAN_POINT('',(0.13769641078018,6.,-1.57018441389544));
#8584=CARTESIAN_POINT('',(0.539780329305337,6.,-1.48969023092281));
#8585=CARTESIAN_POINT('',(0.733904687333994,6.,-1.40915681085359));
#8586=CARTESIAN_POINT('',(1.0772625858486,6.,-1.17904752159222));
#8587=CARTESIAN_POINT('',(1.22694696648477,6.,-1.02915383745301));
#8588=CARTESIAN_POINT('',(1.45787329095156,6.,-0.682406779779127));
#8589=CARTESIAN_POINT('',(1.53940936079442,6.,-0.485088271454964));
#8590=CARTESIAN_POINT('',(1.62063796046712,6.,-0.0731424264375253));
#8591=CARTESIAN_POINT('',(1.62042390402726,6.,0.14202595994271));
#8592=CARTESIAN_POINT('',(1.53712267135392,6.,0.556895532238798));
#8593=CARTESIAN_POINT('',(1.45391492266255,6.,0.757131065121861));
#8594=CARTESIAN_POINT('',(1.21631926540216,6.,1.11122705670991));
#8595=CARTESIAN_POINT('',(1.06161612423341,6.,1.26553394505621));
#8596=CARTESIAN_POINT('',(0.703843189832602,6.,1.5035159249184));
#8597=CARTESIAN_POINT('',(0.500312339114132,6.,1.58748206065367));
#8598=CARTESIAN_POINT('',(0.0754798060821405,6.,1.67100965754485));
#8599=CARTESIAN_POINT('',(-0.146357978067454,6.,1.67066325122966));
#8600=CARTESIAN_POINT('',(-0.574013048147899,6.,1.5845543413044));
#8601=CARTESIAN_POINT('',(-0.780359620244769,6.,1.49867198074785));
#8602=CARTESIAN_POINT('',(-1.14519332915973,6.,1.25358944670212));
#8603=CARTESIAN_POINT('',(-1.30412249664552,6.,1.09407664325766));
#8604=CARTESIAN_POINT('',(-1.54915960189544,6.,0.725277512841201));
#8605=CARTESIAN_POINT('',(-1.63555552009895,6.,0.515534219731524));
#8606=CARTESIAN_POINT('',(-1.72138151557586,6.,0.0778149083887331));
#8607=CARTESIAN_POINT('',(-1.72090246571617,6.,-0.150692257856059));
#8608=CARTESIAN_POINT('',(-1.63198530347518,6.,-0.591132683295286));
#8609=CARTESIAN_POINT('',(-1.54342807137514,6.,-0.80359017049959));
#8610=CARTESIAN_POINT('',(-1.29085819382708,6.,-1.17916125266267));
#8611=CARTESIAN_POINT('',(-1.12653553972666,6.,-1.34271248982497));
#8612=CARTESIAN_POINT('',(-0.74670992000466,6.,-1.59480423451259));
#8613=CARTESIAN_POINT('',(-0.530754092547944,6.,-1.68362967518148));
#8614=CARTESIAN_POINT('',(-0.0801479195687509,6.,-1.77175351983103));
#8615=CARTESIAN_POINT('',(0.155028614582095,6.,-1.77114155677722));
#8616=CARTESIAN_POINT('',(0.608254264989271,6.,-1.67941561394902));
#8617=CARTESIAN_POINT('',(0.826822553458017,6.,-1.58818327164754));
#8618=CARTESIAN_POINT('',(1.21313069299653,6.,-1.32812562143611));
#8619=CARTESIAN_POINT('',(1.38130380740819,6.,-1.15899294336588));
#8620=CARTESIAN_POINT('',(1.64044974488913,6.,-0.768140564299697));
#8621=CARTESIAN_POINT('',(1.7317044689305,6.,-0.545972117741509));
#8622=CARTESIAN_POINT('',(1.82212565730628,6.,-0.0824790060738305));
#8623=CARTESIAN_POINT('',(1.82138053287837,6.,0.159366883100283));
#8624=CARTESIAN_POINT('',(1.72684532304032,6.,0.625377638802338));
#8625=CARTESIAN_POINT('',(1.63293765069102,6.,0.850056623854501));
#8626=CARTESIAN_POINT('',(1.36539183228544,6.,1.24710153010168));
#8627=CARTESIAN_POINT('',(1.1914489704337,6.,1.41989634457222));
#8628=CARTESIAN_POINT('',(0.789569582840828,6.,1.68609606338029));
#8629=CARTESIAN_POINT('',(0.561188438895937,6.,1.77977985042681));
#8630=CARTESIAN_POINT('',(0.0848083171486871,6.,1.87249791647968));
#8631=CARTESIAN_POINT('',(-0.163706915319346,6.,1.87161940174662));
#8632=CARTESIAN_POINT('',(-0.642502666219134,6.,1.77427447601766));
#8633=CARTESIAN_POINT('',(-0.873292251378643,6.,1.67769127065874));
#8634=CARTESIAN_POINT('',(-1.28107365626089,6.,1.40265691873457));
#8635=CARTESIAN_POINT('',(-1.4584900072699,6.,1.22390372542379));
#8636=CARTESIAN_POINT('',(-1.73174312751625,6.,0.81099709888485));
#8637=CARTESIAN_POINT('',(-1.82785577402109,6.,0.576403185094837));
#8638=CARTESIAN_POINT('',(-1.92287028710734,6.,0.0871359869983093));
#8639=CARTESIAN_POINT('',(-1.92185817044648,6.,-0.168048578056487));
#8640=CARTESIAN_POINT('',(-1.82170311372062,6.,-0.659629222638484));
#8641=CARTESIAN_POINT('',(-1.7224441875892,6.,-0.896529318798695));
#8642=CARTESIAN_POINT('',(-1.43992096402741,6.,-1.31504697455379));
#8643=CARTESIAN_POINT('',(-1.25635730251726,6.,-1.49708471087929));
#8644=CARTESIAN_POINT('',(-0.83242322353712,6.,-1.77739088110257));
#8645=CARTESIAN_POINT('',(-0.591616472706953,6.,-1.87593219866925));
#8646=CARTESIAN_POINT('',(-0.0894621366356451,6.,-1.97324276005274));
#8647=CARTESIAN_POINT('',(0.172391751207463,6.,-1.97209684544789));
#8648=CARTESIAN_POINT('',(0.676757195669525,6.,-1.86913127308771));
#8649=CARTESIAN_POINT('',(0.919767720361565,6.,-1.76719645213878));
#8650=CARTESIAN_POINT('',(1.34902139753693,6.,-1.4771840433908));
#8651=CARTESIAN_POINT('',(1.5356803790529,6.,-1.28880978682289));
#8652=CARTESIAN_POINT('',(1.82303927345077,6.,-0.853848057213924));
#8653=CARTESIAN_POINT('',(1.92400908736613,6.,-0.606828406913812));
#8654=CARTESIAN_POINT('',(2.02361532714231,6.,-0.0917868754634636));
#8655=CARTESIAN_POINT('',(2.0223354326852,6.,0.176736326179707));
#8656=CARTESIAN_POINT('',(1.91655898761163,6.,0.693886483671945));
#8657=CARTESIAN_POINT('',(1.81194811021347,6.,0.943007360421392));
#8658=CARTESIAN_POINT('',(1.51444622497568,6.,1.3829968461136));
#8659=CARTESIAN_POINT('',(1.32126125544448,6.,1.57427694273001));
#8660=CARTESIAN_POINT('',(0.875271690896689,6.,1.8686882587211));
#8661=CARTESIAN_POINT('',(0.622039083022348,6.,1.97208640666181));
#8662=CARTESIAN_POINT('',(0.0941103026340333,6.,2.07398798104192));
#8663=CARTESIAN_POINT('',(-0.181082204545912,6.,2.07257393761093));
#8664=CARTESIAN_POINT('',(-0.711016994500467,6.,1.96398628773104));
#8665=CARTESIAN_POINT('',(-0.966248152260242,6.,1.85669920351216));
#8666=CARTESIAN_POINT('',(-1.41697324856132,6.,1.55170757067053));
#8667=CARTESIAN_POINT('',(-1.61287433928775,6.,1.35371177839991));
#8668=CARTESIAN_POINT('',(-1.91433779535634,6.,0.896694207215015));
#8669=CARTESIAN_POINT('',(-2.02016412624384,6.,0.637248587597078));
#8670=CARTESIAN_POINT('',(-2.12436071515354,6.,0.0964325082218697));
#8671=CARTESIAN_POINT('',(-2.12281236524237,6.,-0.18542929688164));
#8672=CARTESIAN_POINT('',(-2.01141320117087,6.,-0.728148644421728));
#8673=CARTESIAN_POINT('',(-1.9014497699978,6.,-0.989490017070674));
#8674=CARTESIAN_POINT('',(-1.58896813680414,6.,-1.4509505396918));
#8675=CARTESIAN_POINT('',(-1.38616141941679,6.,-1.65147251180849));
#8676=CARTESIAN_POINT('',(-0.918115681383217,6.,-1.95998784559289));
#8677=CARTESIAN_POINT('',(-0.652456999439802,6.,-2.06824221857821));
#8678=CARTESIAN_POINT('',(-0.0987535742395435,6.,-2.17473352352557));
#8679=CARTESIAN_POINT('',(0.189777521759073,6.,-2.17305072020268));
#8680=CARTESIAN_POINT('',(0.745281357176031,6.,-2.05883975323857));
#8681=CARTESIAN_POINT('',(1.01273288307368,6.,-1.9461998443067));
#8682=CARTESIAN_POINT('',(1.48492866012381,6.,-1.62622797475598));
#8683=CARTESIAN_POINT('',(1.69007140844471,6.,-1.41861023662318));
#8684=CARTESIAN_POINT('',(2.0056383750377,6.,-0.939536182013917));
#8685=CARTESIAN_POINT('',(2.11632065859864,6.,-0.667664390440925));
#8686=CARTESIAN_POINT('',(2.22510640077584,6.,-0.101073575519394));
#8687=CARTESIAN_POINT('',(2.22328900675904,6.,0.194126804872965));
#8688=CARTESIAN_POINT('',(2.10626596708105,6.,0.762415063161461));
#8689=CARTESIAN_POINT('',(1.99094945810491,6.,1.03597668475239));
#8690=CARTESIAN_POINT('',(1.66348713148812,6.,1.51890755565055));
#8691=CARTESIAN_POINT('',(1.45105828314948,6.,1.72867098186635));
#8692=CARTESIAN_POINT('',(0.960955771826488,6.,2.05128935230097));
#8693=CARTESIAN_POINT('',(0.682870826320264,6.,2.16439942343598));
#8694=CARTESIAN_POINT('',(0.103392580483038,6.,2.27547934202576));
#8695=CARTESIAN_POINT('',(-0.198477078278428,6.,2.2735272288551));
#8696=CARTESIAN_POINT('',(-0.779549698723158,6.,2.15369186391081));
#8697=CARTESIAN_POINT('',(-1.05922136218391,6.,2.03569864039953));
#8698=CARTESIAN_POINT('',(-1.55288717668805,6.,1.70074565001021));
#8699=CARTESIAN_POINT('',(-1.76727118877948,6.,1.483505607654));
#8700=CARTESIAN_POINT('',(-2.09694074867529,6.,0.982374508266712));
#8701=CARTESIAN_POINT('',(-2.21247849218288,6.,0.698076367275741));
#8702=CARTESIAN_POINT('',(-2.32585234284319,6.,0.105710651812651));
#8703=CARTESIAN_POINT('',(-2.32376539014117,6.,-0.202828279724943));
#8704=CARTESIAN_POINT('',(-2.20111746320322,6.,-0.796685205531372));
#8705=CARTESIAN_POINT('',(-2.0804474178124,6.,-1.08246686045446));
#8706=CARTESIAN_POINT('',(-1.73800356978614,6.,-1.58686747779321));
#8707=CARTESIAN_POINT('',(-1.51595225478376,6.,-1.80587198950598));
#8708=CARTESIAN_POINT('',(-1.00379244404932,6.,-2.1425925378544));
#8709=CARTESIAN_POINT('',(-0.71328106855102,6.,-2.26055784568814));
#8710=CARTESIAN_POINT('',(-0.108027847041005,6.,-2.37622539919241));
#8711=CARTESIAN_POINT('',(0.207180352071729,6.,-2.37400349399951));
#8712=CARTESIAN_POINT('',(0.81382153003613,6.,-2.24854278287178));
#8713=CARTESIAN_POINT('',(1.10571312914713,6.,-2.12519581481996));
#8714=CARTESIAN_POINT('',(1.62084841723969,6.,-1.77526092709257));
#8715=CARTESIAN_POINT('',(1.84447334761258,6.,-1.54839826557944));
#8716=CARTESIAN_POINT('',(2.18824469568837,6.,-1.02520962763555));
#8717=CARTESIAN_POINT('',(2.30863746637547,6.,-0.728484980934691));
#8718=CARTESIAN_POINT('',(2.42659850739197,6.,-0.110344219069368));
#8719=CARTESIAN_POINT('',(2.4242415435696,6.,0.211533242774523));
#8720=CARTESIAN_POINT('',(2.29596783942009,6.,0.830958622987409));
#8721=CARTESIAN_POINT('',(2.16994385396563,6.,1.12896012189071));
#8722=CARTESIAN_POINT('',(1.81251775533339,6.,1.65482995664611));
#8723=CARTESIAN_POINT('',(1.58084367783254,6.,1.88307522958617));
#8724=CARTESIAN_POINT('',(1.04662610365291,6.,2.23389719996711));
#8725=CARTESIAN_POINT('',(0.743688151200936,6.,2.35671733808548));
#8726=CARTESIAN_POINT('',(0.112659816623993,6.,2.47697166407621));
#8727=CARTESIAN_POINT('',(-0.215886903432184,6.,2.47447954176763));
#8728=CARTESIAN_POINT('',(-0.84809643901226,6.,2.34339264807945));
#8729=CARTESIAN_POINT('',(-1.15220779596193,6.,2.21469155604564));
#8730=CARTESIAN_POINT('',(-1.68881206064726,6.,1.84977408531997));
#8731=CARTESIAN_POINT('',(-1.92167760454747,6.,1.61328852640014));
#8732=CARTESIAN_POINT('',(-2.27955003022873,6.,1.06804191326785));
#8733=CARTESIAN_POINT('',(-2.4047974459362,6.,0.758890622498115));
#8734=CARTESIAN_POINT('',(-2.52734486616194,6.,0.114974684660526));
#8735=CARTESIAN_POINT('',(-2.52471749130758,6.,-0.220241289386224));
#8736=CARTESIAN_POINT('',(-2.39081722292734,6.,-0.865234936240524));
#8737=CARTESIAN_POINT('',(-2.25943894027658,6.,-1.17545611193347));
#8738=CARTESIAN_POINT('',(-1.88702994551635,6.,-1.7227946966036));
#8739=CARTESIAN_POINT('',(-1.6457328434843,6.,-1.96028044399752));
#8740=CARTESIAN_POINT('',(-1.08945709451446,6.,-2.3252031675909));
#8741=CARTESIAN_POINT('',(-0.774092434693288,6.,-2.45287777619796));
#8742=CARTESIAN_POINT('',(-0.117288864721516,6.,-2.57771811082092));
#8743=CARTESIAN_POINT('',(0.224596359366385,6.,-2.57495539471658));
#8744=CARTESIAN_POINT('',(0.882374075973231,6.,-2.43824157699616));
#8745=CARTESIAN_POINT('',(1.19870503336235,6.,-2.30418602444169));
#8746=CARTESIAN_POINT('',(1.7567778343439,6.,-1.92428536225928));
#8747=CARTESIAN_POINT('',(1.99888372159184,6.,-1.6781766588811));
#8748=CARTESIAN_POINT('',(2.37085659460211,6.,-1.11087168258596));
#8749=CARTESIAN_POINT('',(2.50095831618583,6.,-0.789293624678676));
#8750=CARTESIAN_POINT('',(2.62809139545249,6.,-0.119602395254045));
#8751=CARTESIAN_POINT('',(2.62519325435145,6.,0.228952075174663));
#8752=CARTESIAN_POINT('',(2.48566572236762,6.,0.89951382238812));
#8753=CARTESIAN_POINT('',(2.34893282502176,6.,1.22195452651311));
#8754=CARTESIAN_POINT('',(1.96154035995376,6.,1.79076144593548));
#8755=CARTESIAN_POINT('',(1.71062000019974,6.,2.03748741294062));
#8756=CARTESIAN_POINT('',(1.13228571009675,6.,2.41651029510858));
#8757=CARTESIAN_POINT('',(0.804494226643619,6.,2.54903905415996));
#8758=CARTESIAN_POINT('',(0.121915311893387,6.,2.67846471766329));
#8759=CARTESIAN_POINT('',(-0.233308401405244,6.,2.67543107241284));
#8760=CARTESIAN_POINT('',(-0.916654142277089,6.,2.5330896702576));
#8761=CARTESIAN_POINT('',(-1.24520456011029,6.,2.39367935731331));
#8762=CARTESIAN_POINT('',(-1.82474550548152,6.,1.99879496124563));
#8763=CARTESIAN_POINT('',(-2.07609149543165,6.,1.74306289306045));
#8764=CARTESIAN_POINT('',(-2.46216425413515,6.,1.15369920731299));
#8765=CARTESIAN_POINT('',(-2.59711997924163,6.,0.81969427231797));
#8766=CARTESIAN_POINT('',(-2.72883807524486,6.,0.124227647714626));
#8767=CARTESIAN_POINT('',(-2.72566885095663,6.,-0.237665305193837));
#8768=CARTESIAN_POINT('',(-2.58051343109352,6.,-0.933795004812001));
#8769=CARTESIAN_POINT('',(-2.43842563553159,6.,-1.26845510511907));
#8770=CARTESIAN_POINT('',(-2.03604918717875,6.,-1.85872998893789));
#8771=CARTESIAN_POINT('',(-1.77550536127014,6.,-2.11469594807117));
#8772=CARTESIAN_POINT('',(-1.17511220236076,6.,-2.50781845777981));
#8773=CARTESIAN_POINT('',(-0.83489379118908,6.,-2.64520108133385));
#8774=CARTESIAN_POINT('',(-0.126539433459289,6.,-2.77921146615795));
#8775=CARTESIAN_POINT('',(0.24202275599318,6.,-2.7759065919074));
#8776=CARTESIAN_POINT('',(0.950936381335481,6.,-2.62793701458057));
#8777=CARTESIAN_POINT('',(1.291706134547,6.,-2.48317167290578));
#8778=CARTESIAN_POINT('',(1.89271487395136,6.,-2.07330305733311));
#8779=CARTESIAN_POINT('',(2.15330075133966,6.,-1.80794742698026));
#8780=CARTESIAN_POINT('',(2.55347289312107,6.,-1.19652472141173));
#8781=CARTESIAN_POINT('',(2.69328235105324,6.,-0.850092810696748));
#8782=CARTESIAN_POINT('',(2.82958488851597,6.,-0.128850697736814));
#8783=CARTESIAN_POINT('',(2.82614429706688,6.,0.246380725373146));
#8784=CARTESIAN_POINT('',(2.67536042976495,6.,0.96807824517282));
#8785=CARTESIAN_POINT('',(2.52791748176214,6.,1.31495762326892));
#8786=CARTESIAN_POINT('',(2.11055658995037,6.,1.92670013971259));
#8787=CARTESIAN_POINT('',(1.84038911082792,6.,2.19190588706831));
#8788=CARTESIAN_POINT('',(1.21793678885002,6.,2.59912754812968));
#8789=CARTESIAN_POINT('',(0.865291356407394,6.,2.74136377966802));
#8790=CARTESIAN_POINT('',(0.131161467206908,6.,2.87995834057114));
#8791=CARTESIAN_POINT('',(-0.250739186839932,6.,2.87638196812452));
#8792=CARTESIAN_POINT('',(-0.9852205714638,6.,2.72278368508778));
#8793=CARTESIAN_POINT('',(-1.33820954786734,6.,2.57266307360007));
#8794=CARTESIAN_POINT('',(-1.96068576682556,6.,2.14780980204642));
#8795=CARTESIAN_POINT('',(-2.23051133832087,6.,1.87283043206291));
#8796=CARTESIAN_POINT('',(-2.64478241159597,6.,1.23934842742285));
#8797=CARTESIAN_POINT('',(-2.78944535904186,6.,0.880489452171957));
#8798=CARTESIAN_POINT('',(-2.93033182070248,6.,0.133471766742379));
#8799=CARTESIAN_POINT('',(-2.92661960666565,6.,-0.255098115674229));
#8800=CARTESIAN_POINT('',(-2.77020678843526,6.,-1.00236333701049));
#8801=CARTESIAN_POINT('',(-2.61740845916081,6.,-1.36146188648981));
#8802=CARTESIAN_POINT('',(-2.18506270951169,6.,-1.99467173718992));
#8803=CARTESIAN_POINT('',(-1.90527140866325,6.,-2.26911708929235));
#8804=CARTESIAN_POINT('',(-1.26075965837425,6.,-2.69043747305998));
#8805=CARTESIAN_POINT('',(-0.895687120266658,6.,-2.83752708158513));
#8806=CARTESIAN_POINT('',(-0.135781619576676,6.,-2.98070532740353));
#8807=CARTESIAN_POINT('',(0.259457488784845,6.,-2.97685721417969));
#8808=CARTESIAN_POINT('',(1.01950652014142,6.,-2.81762974718319));
#8809=CARTESIAN_POINT('',(1.38471461872079,6.,-2.66215364848739));
#8810=CARTESIAN_POINT('',(2.02865803389406,6.,-2.22231532720439));
#8811=CARTESIAN_POINT('',(2.30772312521618,6.,-1.93771205743749));
#8812=CARTESIAN_POINT('',(2.73609272274972,6.,-1.28217050156852));
#8813=CARTESIAN_POINT('',(2.88560894020874,6.,-0.910884381521385));
#8814=CARTESIAN_POINT('',(3.03107885927348,6.,-0.1380910474364));
#8815=CARTESIAN_POINT('',(3.02709479206674,6.,0.263817284577159));
#8816=CARTESIAN_POINT('',(2.86505256823807,6.,1.03665010058709));
#8817=CARTESIAN_POINT('',(2.70689865098234,6.,1.40796772546515));
#8818=CARTESIAN_POINT('',(2.25956766903116,6.,2.06264464111911));
#8819=CARTESIAN_POINT('',(1.97015239411887,6.,2.34632943227954));
#8820=CARTESIAN_POINT('',(1.30358097559993,6.,2.78174815152609));
#8821=CARTESIAN_POINT('',(0.926081255435088,6.,2.93369092828435));
#8822=CARTESIAN_POINT('',(0.140400070661879,6.,3.0814524150072));
#8823=CARTESIAN_POINT('',(-0.26817748283362,6.,3.07733234164438));
#8824=CARTESIAN_POINT('',(-1.05379405936919,6.,2.91247525807354));
#8825=CARTESIAN_POINT('',(-1.43122118884311,6.,2.75164347545653));
#8826=CARTESIAN_POINT('',(-2.09663154405258,6.,2.29681974802326));
#8827=CARTESIAN_POINT('',(-2.3849359975491,6.,2.00259243344963));
#8828=CARTESIAN_POINT('',(-2.82740375083135,6.,1.32499109789262));
#8829=CARTESIAN_POINT('',(-2.9817730396064,6.,0.941277760279913));
#8830=CARTESIAN_POINT('',(-3.13182599338854,6.,0.142708708315928));
#8831=CARTESIAN_POINT('',(-3.12756986415417,6.,-0.272538064605867));
#8832=CARTESIAN_POINT('',(-2.95989782276327,6.,-1.07093837869901));
#8833=CARTESIAN_POINT('',(-2.79638813017542,6.,-1.45447499209511));
#8834=CARTESIAN_POINT('',(-2.33407157640398,6.,-2.1306187288093));
#8835=CARTESIAN_POINT('',(-2.03503218925829,6.,-2.42354280890029));
#8836=CARTESIAN_POINT('',(-1.34640088479088,6.,-2.87305951264514));
#8837=CARTESIAN_POINT('',(-0.956473913197138,6.,-3.02985526835991));
#8838=CARTESIAN_POINT('',(-0.145016978282264,6.,-3.18219959328184));
#8839=CARTESIAN_POINT('',(0.276899012116541,6.,-3.17780736076568));
#8840=CARTESIAN_POINT('',(1.08808304188557,6.,-3.00732026801269));
#8841=CARTESIAN_POINT('',(1.47772911949563,6.,-2.84113262290094));
#8842=CARTESIAN_POINT('',(2.1646061823596,6.,-2.37132316565018));
#8843=CARTESIAN_POINT('',(2.46214985495571,6.,-2.0674716745287));
#8844=CARTESIAN_POINT('',(2.91871542944234,6.,-1.36781035164243));
#8845=CARTESIAN_POINT('',(3.07793760909031,6.,-0.971669730282355));
#8846=CARTESIAN_POINT('',(3.23257321362539,6.,-0.147324897355704));
#8847=CARTESIAN_POINT('',(3.22804483258288,6.,0.281260308670204));
#8848=CARTESIAN_POINT('',(3.0547425991852,6.,1.10522803325268));
#8849=CARTESIAN_POINT('',(2.88587696092876,6.,1.50098355627436));
#8850=CARTESIAN_POINT('',(2.40857452654861,6.,2.19859389246514));
#8851=CARTESIAN_POINT('',(2.09991090146389,6.,2.50075712502969));
#8852=CARTESIAN_POINT('',(1.38921951287239,6.,2.96437149415444));
#8853=CARTESIAN_POINT('',(0.98686522666466,6.,3.12602005667539));
#8854=CARTESIAN_POINT('',(0.149632481323343,6.,3.28294685342607));
#8855=CARTESIAN_POINT('',(-0.285621938572081,6.,3.27828228064801));
#8856=CARTESIAN_POINT('',(-1.12237333806298,6.,3.10216482132804));
#8857=CARTESIAN_POINT('',(-1.52423828854506,6.,2.93062115112284));
#8858=CARTESIAN_POINT('',(-2.23258184761921,6.,2.44582566924706));
#8859=CARTESIAN_POINT('',(-2.53936460907462,6.,2.13234988154416));
#8860=CARTESIAN_POINT('',(-3.01002770013691,6.,1.41062838205191));
#8861=CARTESIAN_POINT('',(-3.17410260630008,6.,1.00206041657777));
#8862=CARTESIAN_POINT('',(-3.33332051175419,6.,0.151939745039657));
#8863=CARTESIAN_POINT('',(-3.32851970594635,6.,-0.28998388705492));
#8864=CARTESIAN_POINT('',(-3.14958693919476,6.,-1.13951894244769));
#8865=CARTESIAN_POINT('',(-2.9753651999479,6.,-1.54749330323999));
#8866=CARTESIAN_POINT('',(-2.48307660330011,6.,-2.26657003699303));
#8867=CARTESIAN_POINT('',(-2.16478862557908,6.,-2.5779722976346));
#8868=CARTESIAN_POINT('',(-1.43203697196063,6.,-3.05568404113773));
#8869=CARTESIAN_POINT('',(-1.01725531342541,6.,-3.22218525343508));
#8870=CARTESIAN_POINT('',(-0.154246702493744,6.,-3.38369418773729));
#8871=CARTESIAN_POINT('',(0.294346140210592,6.,-3.37875710940943));
#8872=CARTESIAN_POINT('',(1.15666483334505,6.,-3.19700895726675));
#8873=CARTESIAN_POINT('',(1.57074858805088,6.,-3.02010911349571));
#8874=CARTESIAN_POINT('',(2.30055845038675,6.,-2.52032733771388));
#8875=CARTESIAN_POINT('',(2.61658018180399,6.,-2.19722714375691));
#8876=CARTESIAN_POINT('',(3.10134051126714,6.,-1.45344529464261));
#8877=CARTESIAN_POINT('',(3.27026799381502,6.,-1.03244992984088));
#8878=CARTESIAN_POINT('',(3.43406788055673,6.,-0.156553366871694));
#8879=CARTESIAN_POINT('',(3.42899449191819,6.,0.298708684929083));
#8880=CARTESIAN_POINT('',(3.24443087977308,6.,1.17381099844116));
#8881=CARTESIAN_POINT('',(3.06485322424073,6.,1.59400364177988));
#8882=CARTESIAN_POINT('',(2.81121538924838,6.,1.96427560477916));
#8883=CARTESIAN_POINT('',(2.83887014547008,5.96438378796482,1.98321976843866));
#8884=CARTESIAN_POINT('',(2.86939914954504,5.92506586829231,2.00413286001458));
#8885=CARTESIAN_POINT('',(0.178020548293885,6.0073141085874,0.134619741931651));
#8886=CARTESIAN_POINT('',(0.248737254658498,5.92145346733225,0.173727362830402));
#8887=CARTESIAN_POINT('',(0.248737254668498,5.92145346734225,0.173727362840402));
#8888=CARTESIAN_POINT('',(0.210087283387208,5.92145346734183,0.243618539076317));
#8889=CARTESIAN_POINT('',(0.140602595857613,5.92145346734225,0.300108952432142));
#8890=CARTESIAN_POINT('',(-0.0257816462215982,5.92145346734225,0.346576269836396));
#8891=CARTESIAN_POINT('',(-0.121737235991295,5.92145346734225,0.335873575241826));
#8892=CARTESIAN_POINT('',(-0.282977706038234,5.92145346734225,0.243584271571131));
#8893=CARTESIAN_POINT('',(-0.347050472891447,5.92145346734225,0.162231920225504));
#8894=CARTESIAN_POINT('',(-0.39809481052304,5.92145346734225,-0.029929083988325));
#8895=CARTESIAN_POINT('',(-0.384360498303468,5.92145346734225,-0.139635672913516));
#8896=CARTESIAN_POINT('',(-0.277080685985449,5.92145346734225,-0.322339485464737));
#8897=CARTESIAN_POINT('',(-0.183861247479862,5.92145346734225,-0.393992025619479));
#8898=CARTESIAN_POINT('',(0.0340765246415177,5.92145346734225,-0.449613318940957));
#8899=CARTESIAN_POINT('',(0.15753412695507,5.92145346734225,-0.432847441754319));
#8900=CARTESIAN_POINT('',(0.361701247771908,5.92145346734225,-0.310577080010558));
#8901=CARTESIAN_POINT('',(0.440933600409967,5.92145346734225,-0.205490576613417));
#8902=CARTESIAN_POINT('',(0.501131805296419,5.92145346734225,0.0382239671739084));
#8903=CARTESIAN_POINT('',(0.481334399414545,5.92145346734225,0.175432593018282));
#8904=CARTESIAN_POINT('',(0.344073459826292,5.92145346734225,0.401062998057421));
#8905=CARTESIAN_POINT('',(0.227119907034912,5.92145346734225,0.487875190942241));
#8906=CARTESIAN_POINT('',(-0.0423714109942385,5.92145346734225,0.552650275910094));
#8907=CARTESIAN_POINT('',(-0.193331067843039,5.92145346734225,0.529821367368178));
#8908=CARTESIAN_POINT('',(-0.440424739581389,5.92145346734225,0.377569829348621));
#8909=CARTESIAN_POINT('',(-0.534816793095776,5.92145346734225,0.24874923837571));
#8910=CARTESIAN_POINT('',(-0.604168734902507,5.92145346734225,-0.046518855733871));
#8911=CARTESIAN_POINT('',(-0.578308343014923,5.92145346734225,-0.211229549248448));
#8912=CARTESIAN_POINT('',(-0.411066191177836,5.92145346734225,-0.479786474524704));
#8913=CARTESIAN_POINT('',(-0.270378570394593,5.92145346734225,-0.58175840407075));
#8914=CARTESIAN_POINT('',(0.0506663011515912,5.92145346734225,-0.655687185073483));
#8915=CARTESIAN_POINT('',(0.229128035721101,5.92145346734225,-0.626795324561182));
#8916=CARTESIAN_POINT('',(0.519148204400777,5.92145346734225,-0.444562547107538));
#8917=CARTESIAN_POINT('',(0.628700021898799,5.92145346734225,-0.292007902927421));
#8918=CARTESIAN_POINT('',(0.707205628391383,5.92145346734225,0.0548137470832524));
#8919=CARTESIAN_POINT('',(0.675282310730021,5.92145346734225,0.247026526178036));
#8920=CARTESIAN_POINT('',(0.478058898414659,5.92145346734225,0.558509930292566));
#8921=CARTESIAN_POINT('',(0.313637235858739,5.92145346734225,0.675641645156072));
#8922=CARTESIAN_POINT('',(-0.0589611934134082,5.92145346734225,0.758724066280059));
#8923=CARTESIAN_POINT('',(-0.26492501982408,5.92145346734225,0.723769300587962));
#8924=CARTESIAN_POINT('',(-0.597871652995247,5.92145346734225,0.511555246032678));
#8925=CARTESIAN_POINT('',(-0.722583272787188,5.92145346734225,0.335266569105056));
#8926=CARTESIAN_POINT('',(-0.810242499794891,5.92145346734225,-0.0631086400585571));
#8927=CARTESIAN_POINT('',(-0.77225629343667,5.92145346734225,-0.282823516062283));
#8928=CARTESIAN_POINT('',(-0.545051590659931,5.92145346734225,-0.637233373105769));
#8929=CARTESIAN_POINT('',(-0.356895902604589,5.92145346734225,-0.769524903993507));
#8930=CARTESIAN_POINT('',(0.0672560869569286,5.92145346734225,-0.861760929734522));
#8931=CARTESIAN_POINT('',(0.300722014435776,5.92145346734225,-0.820743288743498));
#8932=CARTESIAN_POINT('',(0.676595091080999,5.92145346734225,-0.578547932829065));
#8933=CARTESIAN_POINT('',(0.816466538159482,5.92145346734225,-0.378525236310627));
#8934=CARTESIAN_POINT('',(0.913279356714495,5.92145346734225,0.0714035340617989));
#8935=CARTESIAN_POINT('',(0.869230286095124,5.92145346734225,0.318620514589087));
#8936=CARTESIAN_POINT('',(0.612044272953398,5.92145346734225,0.715956807276415));
#8937=CARTESIAN_POINT('',(0.400154570187214,5.92145346734225,0.86340817480314));
#8938=CARTESIAN_POINT('',(-0.0755509813372242,5.92145346734225,0.964797781216786));
#8939=CARTESIAN_POINT('',(-0.336519016241403,5.92145346734225,0.917717285165996));
#8940=CARTESIAN_POINT('',(-0.755318521972826,5.92145346734225,0.645540611358484));
#8941=CARTESIAN_POINT('',(-0.910349813541667,5.92145346734225,0.421783904206279));
#8942=CARTESIAN_POINT('',(-1.01631620362421,5.92145346734225,-0.0796984287551207));
#8943=CARTESIAN_POINT('',(-0.966202612209076,5.92145346734225,-0.35441560656582));
#8944=CARTESIAN_POINT('',(-0.750829619395794,5.92145346734225,-0.684615512639303));
#8945=CARTESIAN_POINT('',(-0.656687734191797,5.92145346734225,-0.781056354210927));
#8946=CARTESIAN_POINT('',(-0.437033842957513,5.92145346734225,-0.931246906297645));
#8947=CARTESIAN_POINT('',(-0.311599315381091,5.92145346734225,-0.984926956110428));
#8948=CARTESIAN_POINT('',(-0.0479680466912288,5.92145346734225,-1.0401991222014));
#8949=CARTESIAN_POINT('',(0.0901281021822283,5.92145346734225,-1.04175690808713));
#8950=CARTESIAN_POINT('',(0.358039139323752,5.92145346734225,-0.991229914606005));
#8951=CARTESIAN_POINT('',(0.487746695646953,5.92145346734225,-0.939152188934444));
#8952=CARTESIAN_POINT('',(0.71861127526472,5.92145346734225,-0.788072382541961));
#8953=CARTESIAN_POINT('',(0.819670778387864,5.92145346734225,-0.689118629480012));
#8954=CARTESIAN_POINT('',(0.976907689014511,5.92145346734225,-0.458433139040002));
#8955=CARTESIAN_POINT('',(1.03301279862318,5.92145346734225,-0.326784455358587));
#8956=CARTESIAN_POINT('',(1.0905733408346,5.92145346734225,-0.0502647933149014));
#8957=CARTESIAN_POINT('',(1.09199353529812,5.92145346734225,0.094500517447216));
#8958=CARTESIAN_POINT('',(1.03864855102632,5.92145346734225,0.375194600988476));
#8959=CARTESIAN_POINT('',(0.983891529725459,5.92145346734225,0.511011005582288));
#8960=CARTESIAN_POINT('',(0.825316379226905,5.92145346734225,0.752607181678112));
#8961=CARTESIAN_POINT('',(0.721549524753741,5.92145346734225,0.858285202703568));
#8962=CARTESIAN_POINT('',(0.479832435136985,5.92145346734225,1.0225684715926));
#8963=CARTESIAN_POINT('',(0.341969595271775,5.92145346734225,1.08109864125409));
#8964=CARTESIAN_POINT('',(0.0525615400028739,5.92145346734225,1.14094755934963));
#8965=CARTESIAN_POINT('',(-0.0988729328132527,5.92145346734225,1.14223016259062));
#8966=CARTESIAN_POINT('',(-0.392350062552145,5.92145346734225,1.08606718736512));
#8967=CARTESIAN_POINT('',(-0.534275315637861,5.92145346734225,1.02863087055167));
#8968=CARTESIAN_POINT('',(-0.786603087971268,5.92145346734225,0.862560375876651));
#8969=CARTESIAN_POINT('',(-0.896899627139525,5.92145346734225,0.753980420014278));
#8970=CARTESIAN_POINT('',(-1.06822925405045,5.92145346734225,0.501231731247152));
#8971=CARTESIAN_POINT('',(-1.12918448398745,5.92145346734225,0.357154735128641));
#8972=CARTESIAN_POINT('',(-1.19132177776222,5.92145346734225,0.0548582867471771));
#8973=CARTESIAN_POINT('',(-1.19246678995357,5.92145346734225,-0.103245348267512));
#8974=CARTESIAN_POINT('',(-1.13348582363348,5.92145346734225,-0.409505524027598));
#8975=CARTESIAN_POINT('',(-1.07337021140808,5.92145346734225,-0.557539625798301));
#8976=CARTESIAN_POINT('',(-0.899804372496209,5.92145346734225,-0.820598994159549));
#8977=CARTESIAN_POINT('',(-0.786411315262861,5.92145346734225,-0.93551405168033));
#8978=CARTESIAN_POINT('',(-0.522631027369281,5.92145346734225,-1.11389003640344));
#8979=CARTESIAN_POINT('',(-0.372339874935898,5.92145346734225,-1.17727032681002));
#8980=CARTESIAN_POINT('',(-0.0571550335410814,5.92145346734225,-1.2416959960856));
#8981=CARTESIAN_POINT('',(0.107617763799221,5.92145346734225,-1.24270341737781));
#8982=CARTESIAN_POINT('',(0.426660985425594,5.92145346734225,-1.18090445984054));
#8983=CARTESIAN_POINT('',(0.580803936050748,5.92145346734225,-1.1181095522905));
#8984=CARTESIAN_POINT('',(0.854594900255822,5.92145346734225,-0.937048369089752));
#8985=CARTESIAN_POINT('',(0.974128476313136,5.92145346734225,-0.818842210500507));
#8986=CARTESIAN_POINT('',(1.15955081866444,5.92145346734225,-0.544030323502339));
#8987=CARTESIAN_POINT('',(1.22535616971082,5.92145346734225,-0.387525014699232));
#8988=CARTESIAN_POINT('',(1.29207021433075,5.92145346734225,-0.0594517803789162));
#8989=CARTESIAN_POINT('',(1.29294004485573,5.92145346734225,0.111990179399315));
#8990=CARTESIAN_POINT('',(1.22832309599392,5.92145346734225,0.443816446755214));
#8991=CARTESIAN_POINT('',(1.16284889319556,5.92145346734225,0.604068246384374));
#8992=CARTESIAN_POINT('',(0.974292365660648,5.92145346734225,0.888590806270925));
#8993=CARTESIAN_POINT('',(0.851273105728252,5.92145346734225,1.01274290102703));
#8994=CARTESIAN_POINT('',(0.565429619645306,5.92145346734225,1.20521160084435));
#8995=CARTESIAN_POINT('',(0.402710154423493,5.92145346734225,1.27344201268049));
#8996=CARTESIAN_POINT('',(0.0617485272558245,5.92145346734225,1.34244443250703));
#8997=CARTESIAN_POINT('',(-0.116362595060069,5.92145346734225,1.3431766723809));
#8998=CARTESIAN_POINT('',(-0.460971908024172,5.92145346734225,1.27574173210005));
#8999=CARTESIAN_POINT('',(-0.627332556789941,5.92145346734225,1.20758823412032));
#9000=CARTESIAN_POINT('',(-0.922586712214087,5.92145346734225,1.01153636221184));
#9001=CARTESIAN_POINT('',(-1.0513573258127,5.92145346734225,0.883704000946888));
#9002=CARTESIAN_POINT('',(-1.25087238295248,5.92145346734225,0.586828915797375));
#9003=CARTESIAN_POINT('',(-1.32152785571127,5.92145346734225,0.417895294112837));
#9004=CARTESIAN_POINT('',(-1.39281865062219,5.92145346734225,0.0640452741676415));
#9005=CARTESIAN_POINT('',(-1.39341329994779,5.92145346734225,-0.120735010774896));
#9006=CARTESIAN_POINT('',(-1.32316036816446,5.92145346734225,-0.478127369239041));
#9007=CARTESIAN_POINT('',(-1.25232757506243,5.92145346734225,-0.650596867259625));
#9008=CARTESIAN_POINT('',(-1.0487803587457,5.92145346734225,-0.956582618093116));
#9009=CARTESIAN_POINT('',(-0.91613489615721,5.92145346734225,-1.08997175066244));
#9010=CARTESIAN_POINT('',(-0.608228211957755,5.92145346734225,-1.29653316499655));
#9011=CARTESIAN_POINT('',(-0.433080433770861,5.92145346734225,-1.36961369879643));
#9012=CARTESIAN_POINT('',(-0.066342021110777,5.92145346734225,-1.44319286868298));
#9013=CARTESIAN_POINT('',(0.125107426538133,5.92145346734225,-1.44364992755192));
#9014=CARTESIAN_POINT('',(0.495282830405518,5.92145346734225,-1.37057900419164));
#9015=CARTESIAN_POINT('',(0.673861177786608,5.92145346734225,-1.29706691601988));
#9016=CARTESIAN_POINT('',(0.990578523914861,5.92145346734225,-1.08602435526421));
#9017=CARTESIAN_POINT('',(1.12858617556946,5.92145346734225,-0.948565791359962));
#9018=CARTESIAN_POINT('',(1.34219394698332,5.92145346734225,-0.629627508125724));
#9019=CARTESIAN_POINT('',(1.41769954193015,5.92145346734225,-0.448265573400688));
#9020=CARTESIAN_POINT('',(1.49356708669521,5.92145346734225,-0.0686387680821104));
#9021=CARTESIAN_POINT('',(1.49388655518911,5.92145346734225,0.129479842344852));
#9022=CARTESIAN_POINT('',(1.41799764018575,5.92145346734225,0.512438291528512));
#9023=CARTESIAN_POINT('',(1.34180625699095,5.92145346734225,0.697125488365115));
#9024=CARTESIAN_POINT('',(1.12326835176909,5.92145346734225,1.02457442968508));
#9025=CARTESIAN_POINT('',(0.980996686555668,5.92145346734225,1.16720060052773));
#9026=CARTESIAN_POINT('',(0.651026804300722,5.92145346734225,1.38785472891885));
#9027=CARTESIAN_POINT('',(0.463450713005028,5.92145346734225,1.46578538510755));
#9028=CARTESIAN_POINT('',(0.0709355150789509,5.92145346734225,1.54394130466376));
#9029=CARTESIAN_POINT('',(-0.133852258190812,5.92145346734225,1.54412318285615));
#9030=CARTESIAN_POINT('',(-0.529593752612265,5.92145346734225,1.46541627615001));
#9031=CARTESIAN_POINT('',(-0.720389798990029,5.92145346734225,1.38654559797415));
#9032=CARTESIAN_POINT('',(-1.0585703354089,5.92145346734225,1.16051234826186));
#9033=CARTESIAN_POINT('',(-1.20581502553246,5.92145346734225,1.01342758174492));
#9034=CARTESIAN_POINT('',(-1.43351551080792,5.92145346734225,0.672426100482176));
#9035=CARTESIAN_POINT('',(-1.5138712283242,5.92145346734225,0.478635852586238));
#9036=CARTESIAN_POINT('',(-1.59431552259306,5.92145346734225,0.0732322620989003));
#9037=CARTESIAN_POINT('',(-1.59435981054982,5.92145346734225,-0.138224674072249));
#9038=CARTESIAN_POINT('',(-1.51283491208765,5.92145346734225,-0.546749213660522));
#9039=CARTESIAN_POINT('',(-1.43128493896811,5.92145346734225,-0.74365410965692));
#9040=CARTESIAN_POINT('',(-1.19775634474385,5.92145346734225,-1.09256624109074));
#9041=CARTESIAN_POINT('',(-1.04585847692824,5.92145346734225,-1.244429450579));
#9042=CARTESIAN_POINT('',(-0.693825396669557,5.92145346734225,-1.47917629265519));
#9043=CARTESIAN_POINT('',(-0.493820992146456,5.92145346734225,-1.56195707157634));
#9044=CARTESIAN_POINT('',(-0.0755290091398413,5.92145346734225,-1.64468974048687));
#9045=CARTESIAN_POINT('',(0.14259708998592,5.92145346734225,-1.64459643826771));
#9046=CARTESIAN_POINT('',(0.563904674676565,5.92145346734225,-1.56025354800106));
#9047=CARTESIAN_POINT('',(0.766918420361906,5.92145346734225,-1.47602427997182));
#9048=CARTESIAN_POINT('',(1.12656214673446,5.92145346734225,-1.23500034121612));
#9049=CARTESIAN_POINT('',(1.28304387566346,5.92145346734225,-1.07828937210613));
#9050=CARTESIAN_POINT('',(1.52483707446452,5.92145346734225,-0.71522469286239));
#9051=CARTESIAN_POINT('',(1.61004291486073,5.92145346734225,-0.509006131687484));
#9052=CARTESIAN_POINT('',(1.69506395834844,5.92145346734225,-0.0778257561999724));
#9053=CARTESIAN_POINT('',(1.69483306600752,5.92145346734225,0.146969505928946));
#9054=CARTESIAN_POINT('',(1.60767218389256,5.92145346734225,0.581060135663253));
#9055=CARTESIAN_POINT('',(1.52076362098427,5.92145346734225,0.790182731101579));
#9056=CARTESIAN_POINT('',(1.27224433767962,5.92145346734225,1.16055805234352));
#9057=CARTESIAN_POINT('',(1.11072026727887,5.92145346734225,1.32165830078264));
#9058=CARTESIAN_POINT('',(0.736623989060351,5.92145346734225,1.57049785623914));
#9059=CARTESIAN_POINT('',(0.524191271211021,5.92145346734225,1.65812875817442));
#9060=CARTESIAN_POINT('',(0.0801225032776194,5.92145346734225,1.74543817618069));
#9061=CARTESIAN_POINT('',(-0.151341921898795,5.92145346734225,1.7450696937672));
#9062=CARTESIAN_POINT('',(-0.598215596623119,5.92145346734225,1.65509081976418));
#9063=CARTESIAN_POINT('',(-0.813447041872934,5.92145346734225,1.56550296200459));
#9064=CARTESIAN_POINT('',(-1.19455395792089,5.92145346734225,1.30948833413526));
#9065=CARTESIAN_POINT('',(-1.36027272593332,5.92145346734225,1.1431511624469));
#9066=CARTESIAN_POINT('',(-1.61615863798227,5.92145346734225,0.758023285263028));
#9067=CARTESIAN_POINT('',(-1.7062146015149,5.92145346734225,0.539376410718449));
#9068=CARTESIAN_POINT('',(-1.79581239398616,5.92145346734225,0.08241925037135));
#9069=CARTESIAN_POINT('',(-1.79530632154498,5.92145346734225,-0.15571433789316));
#9070=CARTESIAN_POINT('',(-1.7025094556177,5.92145346734225,-0.615371057558444));
#9071=CARTESIAN_POINT('',(-1.61024230303226,5.92145346734225,-0.836711352673181));
#9072=CARTESIAN_POINT('',(-1.34673233058356,5.92145346734225,-1.22854986346935));
#9073=CARTESIAN_POINT('',(-1.17558205761061,5.92145346734225,-1.39888715111285));
#9074=CARTESIAN_POINT('',(-0.779422581470015,5.92145346734225,-1.66181941969654));
#9075=CARTESIAN_POINT('',(-0.554561550211098,5.92145346734225,-1.75430044487978));
#9076=CARTESIAN_POINT('',(-0.0847159974798602,5.92145346734225,-1.84618661176723));
#9077=CARTESIAN_POINT('',(0.160086753910068,5.92145346734225,-1.8455429493394));
#9078=CARTESIAN_POINT('',(0.632526518471251,5.92145346734225,-1.74992809145459));
#9079=CARTESIAN_POINT('',(0.859975663500111,5.92145346734225,-1.65498164406638));
#9080=CARTESIAN_POINT('',(1.26254576899115,5.92145346734225,-1.3839763270254));
#9081=CARTESIAN_POINT('',(1.43750157631892,5.92145346734225,-1.20801295277024));
#9082=CARTESIAN_POINT('',(1.70748020138427,5.92145346734225,-0.800821877681116));
#9083=CARTESIAN_POINT('',(1.80238628826716,5.92145346734225,-0.569746689690117));
#9084=CARTESIAN_POINT('',(1.89656082952579,5.92145346734225,-0.0870127446019983));
#9085=CARTESIAN_POINT('',(1.89577957714893,5.92145346734225,0.164459169947734));
#9086=CARTESIAN_POINT('',(1.79734672727636,5.92145346734225,0.6496819793633));
#9087=CARTESIAN_POINT('',(1.69972098510644,5.92145346734225,0.883239974351448));
#9088=CARTESIAN_POINT('',(1.42122032346129,5.92145346734225,1.29654167448855));
#9089=CARTESIAN_POINT('',(1.24044384792613,5.92145346734225,1.47611600154925));
#9090=CARTESIAN_POINT('',(0.822221173895925,5.92145346734225,1.75314098304774));
#9091=CARTESIAN_POINT('',(0.584931829156615,5.92145346734225,1.85047213167511));
#9092=CARTESIAN_POINT('',(0.0893094917366865,5.92145346734225,1.94693504726379));
#9093=CARTESIAN_POINT('',(-0.16883158600449,5.92145346734225,1.94601620497247));
#9094=CARTESIAN_POINT('',(-0.66683744023626,5.92145346734225,1.84476536308412));
#9095=CARTESIAN_POINT('',(-0.906504285225348,5.92145346734225,1.74446032615187));
#9096=CARTESIAN_POINT('',(-1.33053757996338,5.92145346734225,1.45846431989182));
#9097=CARTESIAN_POINT('',(-1.5147304268022,5.92145346734225,1.27287474307836));
#9098=CARTESIAN_POINT('',(-1.79880176468859,5.92145346734225,0.843620470114394));
#9099=CARTESIAN_POINT('',(-1.8985579751021,5.92145346734225,0.600116968611443));
#9100=CARTESIAN_POINT('',(-1.99730926498275,5.92145346734225,0.0916062388830159));
#9101=CARTESIAN_POINT('',(-1.99625283280883,5.92145346734225,-0.173204002078932));
#9102=CARTESIAN_POINT('',(-1.89218399887906,5.92145346734225,-0.683992901091506));
#9103=CARTESIAN_POINT('',(-1.78919966720247,5.92145346734225,-0.929768596120021));
#9104=CARTESIAN_POINT('',(-1.49570831631717,5.92145346734225,-1.36453348541744));
#9105=CARTESIAN_POINT('',(-1.30530563822742,5.92145346734225,-1.55334485207578));
#9106=CARTESIAN_POINT('',(-0.865019766336044,5.92145346734225,-1.84446254630882));
#9107=CARTESIAN_POINT('',(-0.615302108055509,5.92145346734225,-1.94664381854664));
#9108=CARTESIAN_POINT('',(-0.0939029860401087,5.92145346734225,-2.04768348268416));
#9109=CARTESIAN_POINT('',(0.177576418169747,5.92145346734225,-2.04648946065713));
#9110=CARTESIAN_POINT('',(0.701148361930407,5.92145346734225,-1.93960263466207));
#9111=CARTESIAN_POINT('',(0.95303290703409,5.92145346734225,-1.83393900825756));
#9112=CARTESIAN_POINT('',(1.39852939085207,5.92145346734225,-1.53295231273806));
#9113=CARTESIAN_POINT('',(1.59195927736858,5.92145346734225,-1.33773653337332));
#9114=CARTESIAN_POINT('',(1.8901233279098,5.92145346734225,-0.886419062560868));
#9115=CARTESIAN_POINT('',(1.99472966200734,5.92145346734225,-0.63048724748954));
#9116=CARTESIAN_POINT('',(2.09805770036941,5.92145346734225,-0.0961997332072357));
#9117=CARTESIAN_POINT('',(2.09672608851616,5.92145346734225,0.181948834275741));
#9118=CARTESIAN_POINT('',(1.98702127043434,5.92145346734225,0.718303822754128));
#9119=CARTESIAN_POINT('',(1.87867834931693,5.92145346734225,0.97629721796602));
#9120=CARTESIAN_POINT('',(1.57019630915465,5.92145346734225,1.43252529626887));
#9121=CARTESIAN_POINT('',(1.37016742851637,5.92145346734225,1.63057370267931));
#9122=CARTESIAN_POINT('',(0.907818358788516,5.92145346734225,1.93578410949288));
#9123=CARTESIAN_POINT('',(0.645672386914278,5.92145346734225,2.04281550548317));
#9124=CARTESIAN_POINT('',(0.0984964803836845,5.92145346734225,2.14843191803953));
#9125=CARTESIAN_POINT('',(-0.186321250395858,5.92145346734225,2.14696271638544));
#9126=CARTESIAN_POINT('',(-0.735459283563728,5.92145346734225,2.03443990619637));
#9127=CARTESIAN_POINT('',(-0.999561528914543,5.92145346734225,1.9234176903802));
#9128=CARTESIAN_POINT('',(-1.46652120166908,5.92145346734225,1.60744030556734));
#9129=CARTESIAN_POINT('',(-1.66918812800645,5.92145346734225,1.4025983236567));
#9130=CARTESIAN_POINT('',(-1.98144489105955,5.92145346734225,0.929217655018886));
#9131=CARTESIAN_POINT('',(-2.09090134897306,5.92145346734225,0.66085752633031));
#9132=CARTESIAN_POINT('',(-2.19880613569558,5.92145346734225,0.100793227568811));
#9133=CARTESIAN_POINT('',(-2.19719934426435,5.92145346734225,-0.190693666529109));
#9134=CARTESIAN_POINT('',(-2.08185854194876,5.92145346734225,-0.752614744360162));
#9135=CARTESIAN_POINT('',(-1.96815703144699,5.92145346734225,-1.0228258398785));
#9136=CARTESIAN_POINT('',(-1.64468430197652,5.92145346734225,-1.50051710705383));
#9137=CARTESIAN_POINT('',(-1.43502921879446,5.92145346734225,-1.70780255334894));
#9138=CARTESIAN_POINT('',(-0.950616951251834,5.92145346734225,-2.02710567261086));
#9139=CARTESIAN_POINT('',(-0.676042665738239,5.92145346734225,-2.13898719247596));
#9140=CARTESIAN_POINT('',(-0.103089974762039,5.92145346734225,-2.24918035333864));
#9141=CARTESIAN_POINT('',(0.195066082674615,5.92145346734225,-2.24743597215185));
#9142=CARTESIAN_POINT('',(0.769770205144373,5.92145346734225,-2.12927717769256));
#9143=CARTESIAN_POINT('',(1.04609015085685,5.92145346734225,-2.01289637251718));
#9144=CARTESIAN_POINT('',(1.53451301242421,5.92145346734225,-1.68192829838228));
#9145=CARTESIAN_POINT('',(1.74641697870591,5.92145346734225,-1.46746011392984));
#9146=CARTESIAN_POINT('',(2.07276645414768,5.92145346734225,-0.972016247487179));
#9147=CARTESIAN_POINT('',(2.187073035991,5.92145346734225,-0.691227805138595));
#9148=CARTESIAN_POINT('',(2.29955457096956,5.92145346734225,-0.105386721962841));
#9149=CARTESIAN_POINT('',(2.29767260004756,5.92145346734225,0.199438498831577));
#9150=CARTESIAN_POINT('',(2.17669581342815,5.92145346734225,0.786925665917127));
#9151=CARTESIAN_POINT('',(2.05763571359049,5.92145346734225,1.06935446184872));
#9152=CARTESIAN_POINT('',(1.71917229478493,5.92145346734225,1.56850891778107));
#9153=CARTESIAN_POINT('',(1.49989100906297,5.92145346734225,1.78503140407628));
#9154=CARTESIAN_POINT('',(0.99341554372475,5.92145346734225,2.11842723567112));
#9155=CARTESIAN_POINT('',(0.70641294453184,5.92145346734225,2.23515887951725));
#9156=CARTESIAN_POINT('',(0.107683469170784,5.92145346734225,2.34992878858924));
#9157=CARTESIAN_POINT('',(-0.203810914999217,5.92145346734225,2.34790922795076));
#9158=CARTESIAN_POINT('',(-0.804081126679172,5.92145346734225,2.22411444915626));
#9159=CARTESIAN_POINT('',(-1.09261877285327,5.92145346734225,2.10237505466665));
#9160=CARTESIAN_POINT('',(-1.60250482312522,5.92145346734225,1.75641629118474));
#9161=CARTESIAN_POINT('',(-1.82364582945899,5.92145346734225,1.53232190419396));
#9162=CARTESIAN_POINT('',(-2.16408801718219,5.92145346734225,1.01481483996449));
#9163=CARTESIAN_POINT('',(-2.28324472305401,5.92145346734225,0.721598083918418));
#9164=CARTESIAN_POINT('',(-2.40030300619844,5.92145346734225,0.10998021638533));
#9165=CARTESIAN_POINT('',(-2.39814585586128,5.92145346734225,-0.208183331176976));
#9166=CARTESIAN_POINT('',(-2.27153308487703,5.92145346734225,-0.821236587431162));
#9167=CARTESIAN_POINT('',(-2.14711439574558,5.92145346734225,-1.1158830838696));
#9168=CARTESIAN_POINT('',(-1.79366028758175,5.92145346734225,-1.63650072845766));
#9169=CARTESIAN_POINT('',(-1.56475279932294,5.92145346734225,-1.86226025485365));
#9170=CARTESIAN_POINT('',(-1.03621413620618,5.92145346734225,-2.20974879868136));
#9171=CARTESIAN_POINT('',(-0.736783223298813,5.92145346734225,-2.3313305666009));
#9172=CARTESIAN_POINT('',(-0.112276963606125,5.92145346734225,-2.4506772237975));
#9173=CARTESIAN_POINT('',(0.212555747364064,5.92145346734225,-2.44838248377821));
#9174=CARTESIAN_POINT('',(0.838392048173757,5.92145346734225,-2.31895172059142));
#9175=CARTESIAN_POINT('',(1.13914739489694,5.92145346734225,-2.19185373682683));
#9176=CARTESIAN_POINT('',(1.67049663377901,5.92145346734225,-1.83090428397648));
#9177=CARTESIAN_POINT('',(1.90087468025946,5.92145346734225,-1.59718369445001));
#9178=CARTESIAN_POINT('',(2.25540958016933,5.92145346734225,-1.05761343244984));
#9179=CARTESIAN_POINT('',(2.37941641015714,5.92145346734225,-0.751968362673304));
#9180=CARTESIAN_POINT('',(2.5010514413872,5.92145346734225,-0.114573710832825));
#9181=CARTESIAN_POINT('',(2.49861911170173,5.92145346734225,0.216928163560063));
#9182=CARTESIAN_POINT('',(2.3663703562992,5.92145346734225,0.855547508907441));
#9183=CARTESIAN_POINT('',(2.23659307791063,5.92145346734225,1.16241170593467));
#9184=CARTESIAN_POINT('',(1.86814828036865,5.92145346734225,1.70449253908999));
#9185=CARTESIAN_POINT('',(1.62961458957537,5.92145346734225,1.9394891056754));
#9186=CARTESIAN_POINT('',(1.07901272869515,5.92145346734225,2.30107036164722));
#9187=CARTESIAN_POINT('',(0.767153502042218,5.92145346734225,2.42750225372181));
#9188=CARTESIAN_POINT('',(0.116870458065032,5.92145346734225,2.55142565896848));
#9189=CARTESIAN_POINT('',(-0.221300579764372,5.92145346734225,2.54885573963072));
#9190=CARTESIAN_POINT('',(-0.872702969632884,5.92145346734225,2.41378899200151));
#9191=CARTESIAN_POINT('',(-1.18567601698232,5.92145346734225,2.28133241899654));
#9192=CARTESIAN_POINT('',(-1.7384884443911,5.92145346734225,1.90539227675868));
#9193=CARTESIAN_POINT('',(-1.97810353110092,5.92145346734225,1.66204548469906));
#9194=CARTESIAN_POINT('',(-2.34673114311548,5.92145346734225,1.1004120249422));
#9195=CARTESIAN_POINT('',(-2.47558809729499,5.92145346734225,0.782338641406011));
#9196=CARTESIAN_POINT('',(-2.60179987654125,5.92145346734225,0.119167205302432));
#9197=CARTESIAN_POINT('',(-2.59909236756553,5.92145346734225,-0.225672995976483));
#9198=CARTESIAN_POINT('',(-2.461207627698,5.92145346734225,-0.889858430350455));
#9199=CARTESIAN_POINT('',(-2.32607176008447,5.92145346734225,-1.20894032803909));
#9200=CARTESIAN_POINT('',(-1.94263627314673,5.92145346734225,-1.77248434968303));
#9201=CARTESIAN_POINT('',(-1.69447637982092,5.92145346734225,-2.01671795653574));
#9202=CARTESIAN_POINT('',(-1.12181132119106,5.92145346734225,-2.39239192457445));
#9203=CARTESIAN_POINT('',(-0.797523780764827,5.92145346734225,-2.52367394087569));
#9204=CARTESIAN_POINT('',(-0.121463952544808,5.92145346734225,-2.65217409410649));
#9205=CARTESIAN_POINT('',(0.230045412196062,5.92145346734225,-2.64932899550542));
#9206=CARTESIAN_POINT('',(0.907013891060629,5.92145346734225,-2.50862626338941));
#9207=CARTESIAN_POINT('',(1.23220463910449,5.92145346734225,-2.37081110117443));
#9208=CARTESIAN_POINT('',(1.8064802549664,5.92145346734225,-1.9798802695327));
#9209=CARTESIAN_POINT('',(2.0553323819794,5.92145346734225,-1.72690727494147));
#9210=CARTESIAN_POINT('',(2.43805270602462,5.92145346734225,-1.14321061744119));
#9211=CARTESIAN_POINT('',(2.57175978446399,5.92145346734225,-0.812708920118983));
#9212=CARTESIAN_POINT('',(2.70254831166415,5.92145346734225,-0.123760699791772));
#9213=CARTESIAN_POINT('',(2.69956562345012,5.92145346734225,0.234417828422495));
#9214=CARTESIAN_POINT('',(2.55604489907602,5.92145346734225,0.924169351763879));
#9215=CARTESIAN_POINT('',(2.41555044226611,5.92145346734225,1.25546895017809));
#9216=CARTESIAN_POINT('',(2.017124265917,5.92145346734225,1.84047616024149));
#9217=CARTESIAN_POINT('',(1.7593381700605,5.92145346734225,2.09394680743095));
#9218=CARTESIAN_POINT('',(1.16460991369289,5.92145346734225,2.48371348746685));
#9219=CARTESIAN_POINT('',(0.827894059468778,5.92145346734225,2.61984562805875));
#9220=CARTESIAN_POINT('',(0.12605744704317,5.92145346734225,2.75292252921534));
#9221=CARTESIAN_POINT('',(-0.238790244655558,5.92145346734225,2.74980225139967));
#9222=CARTESIAN_POINT('',(-0.941324812460495,5.92145346734225,2.60346353475778));
#9223=CARTESIAN_POINT('',(-1.27873326125943,5.92145346734225,2.46028978335949));
#9224=CARTESIAN_POINT('',(-1.87447206550886,5.92145346734225,2.0543682622996));
#9225=CARTESIAN_POINT('',(-2.13256123289018,5.92145346734225,1.79176906517814));
#9226=CARTESIAN_POINT('',(-2.5293742689014,5.92145346734225,1.18600920994599));
#9227=CARTESIAN_POINT('',(-2.66793147166022,5.92145346734225,0.843079198814403));
#9228=CARTESIAN_POINT('',(-2.80329674675983,5.92145346734225,0.128354194298662));
#9229=CARTESIAN_POINT('',(-2.80003887935315,5.92145346734225,-0.243162660894961));
#9230=CARTESIAN_POINT('',(-2.65088217043559,5.92145346734225,-0.958480273150848));
#9231=CARTESIAN_POINT('',(-2.50502912445451,5.92145346734225,-1.30199757234822));
#9232=CARTESIAN_POINT('',(-2.09161225868051,5.92145346734225,-1.90846797076883));
#9233=CARTESIAN_POINT('',(-1.82419996029443,5.92145346734225,-2.17117565835706));
#9234=CARTESIAN_POINT('',(-1.20740850620036,5.92145346734225,-2.57503505032835));
#9235=CARTESIAN_POINT('',(-0.858264338156098,5.92145346734225,-2.71601731526778));
#9236=CARTESIAN_POINT('',(-0.130650941558162,5.92145346734225,-2.85367096429821));
#9237=CARTESIAN_POINT('',(0.247535077140186,5.92145346734225,-2.85027550731108));
#9238=CARTESIAN_POINT('',(0.975635733835303,5.92145346734225,-2.69830080610897));
#9239=CARTESIAN_POINT('',(1.32526188344374,5.92145346734225,-2.54976846555106));
#9240=CARTESIAN_POINT('',(1.94246387602201,5.92145346734225,-2.12885625505994));
#9241=CARTESIAN_POINT('',(2.20979008383033,5.92145346734225,-1.8566308554096));
#9242=CARTESIAN_POINT('',(2.62069583174887,5.92145346734225,-1.22880780245592));
#9243=CARTESIAN_POINT('',(2.76410315888118,5.92145346734225,-0.873449477494079));
#9244=CARTESIAN_POINT('',(2.90404518183075,5.92145346734225,-0.132947688821376));
#9245=CARTESIAN_POINT('',(2.90051213527283,5.92145346734225,0.251907493390982));
#9246=CARTESIAN_POINT('',(2.74571944177853,5.92145346734225,0.992791194514185));
#9247=CARTESIAN_POINT('',(2.59450780664904,5.92145346734225,1.34852619454593));
#9248=CARTESIAN_POINT('',(2.16610025143789,5.92145346734225,1.97645978126858));
#9249=CARTESIAN_POINT('',(1.88906175052367,5.92145346734225,2.2484045093104));
#9250=CARTESIAN_POINT('',(1.25020709871252,5.92145346734225,2.66635661316262));
#9251=CARTESIAN_POINT('',(0.888634616828474,5.92145346734225,2.81218900250024));
#9252=CARTESIAN_POINT('',(0.135244436088096,5.92145346734225,2.95441939935764));
#9253=CARTESIAN_POINT('',(-0.256279909647133,5.92145346734225,2.95074876323814));
#9254=CARTESIAN_POINT('',(-1.00994665518779,5.92145346734225,2.79313807744451));
#9255=CARTESIAN_POINT('',(-1.37179050565444,5.92145346734225,2.63924714774818));
#9256=CARTESIAN_POINT('',(-2.01045568650878,5.92145346734225,2.20334424781473));
#9257=CARTESIAN_POINT('',(-2.28701893479668,5.92145346734225,1.92149264563637));
#9258=CARTESIAN_POINT('',(-2.71201739457013,5.92145346734225,1.27160639497055));
#9259=CARTESIAN_POINT('',(-2.8602748461242,5.92145346734225,0.903819756159568));
#9260=CARTESIAN_POINT('',(-3.00479361687963,5.92145346734225,0.137541183358198));
#9261=CARTESIAN_POINT('',(-3.00098539120704,5.92145346734225,-0.260652325908393));
#9262=CARTESIAN_POINT('',(-2.84055671310692,5.92145346734225,-1.02710211585621));
#9263=CARTESIAN_POINT('',(-2.68398648884876,5.92145346734225,-1.39505481676883));
#9264=CARTESIAN_POINT('',(-2.24058824419012,5.92145346734225,-2.04445159174309));
#9265=CARTESIAN_POINT('',(-1.95392354074812,5.92145346734225,-2.32563336028883));
#9266=CARTESIAN_POINT('',(-1.29300569122953,5.92145346734225,-2.75767817597176));
#9267=CARTESIAN_POINT('',(-0.91900489548744,5.92145346734225,-2.9083606897533));
#9268=CARTESIAN_POINT('',(-0.139837930631523,5.92145346734225,-3.05516783439647));
#9269=CARTESIAN_POINT('',(0.265024742174374,5.92145346734225,-3.05122201917919));
#9270=CARTESIAN_POINT('',(1.04425757651999,5.92145346734225,-2.88797534876606));
#9271=CARTESIAN_POINT('',(1.41831912788884,5.92145346734225,-2.72872582995049));
#9272=CARTESIAN_POINT('',(2.07844749697185,5.92145346734225,-2.27783224056432));
#9273=CARTESIAN_POINT('',(2.36424778578649,5.92145346734225,-1.98635443585884));
#9274=CARTESIAN_POINT('',(2.80333895736793,5.92145346734225,-1.31440498748948));
#9275=CARTESIAN_POINT('',(2.95644653338689,5.92145346734225,-0.93419003481218));
#9276=CARTESIAN_POINT('',(3.10554205190885,5.92145346734225,-0.142134677907895));
#9277=CARTESIAN_POINT('',(3.10145864715462,5.92145346734225,0.269397158444871));
#9278=CARTESIAN_POINT('',(2.93539398442194,5.92145346734225,1.06141303717917));
#9279=CARTESIAN_POINT('',(2.77346517105345,5.92145346734225,1.44158343901418));
#9280=CARTESIAN_POINT('',(2.31507623693734,5.92145346734225,2.1124434021952));
#9281=CARTESIAN_POINT('',(2.01878533096854,5.92145346734225,2.40286221128934));
#9282=CARTESIAN_POINT('',(1.33580428375052,5.92145346734225,2.84899973875886));
#9283=CARTESIAN_POINT('',(0.94937517413419,5.92145346734225,3.00453237702523));
#9284=CARTESIAN_POINT('',(0.144431425187083,5.92145346734225,3.15591626941645));
#9285=CARTESIAN_POINT('',(-0.273769574719775,5.92145346734225,3.15169527513276));
#9286=CARTESIAN_POINT('',(-1.07856849783394,5.92145346734225,2.98281262007511));
#9287=CARTESIAN_POINT('',(-1.46484775014463,5.92145346734225,2.81820451215745));
#9288=CARTESIAN_POINT('',(-2.14643930741345,5.92145346734225,2.35232023330932));
#9289=CARTESIAN_POINT('',(-2.44147663679742,5.92145346734225,2.05121622607735));
#9290=CARTESIAN_POINT('',(-2.89466052014457,5.92145346734225,1.35720358001244));
#9291=CARTESIAN_POINT('',(-3.05261822066776,5.92145346734225,0.96456031345323));
#9292=CARTESIAN_POINT('',(-3.20629048691987,5.92145346734225,0.146728172469153));
#9293=CARTESIAN_POINT('',(-3.20193190311401,5.92145346734225,-0.278141990998754));
#9294=CARTESIAN_POINT('',(-3.03023125572515,5.92145346734225,-1.09572395848473));
#9295=CARTESIAN_POINT('',(-2.86294385326257,5.92145346734225,-1.48811206127993));
#9296=CARTESIAN_POINT('',(-2.38956422968013,5.92145346734225,-2.18043521262692));
#9297=CARTESIAN_POINT('',(-2.08364712118534,5.92145346734225,-2.48009106231041));
#9298=CARTESIAN_POINT('',(-1.37860287627512,5.92145346734225,-2.94032130152541));
#9299=CARTESIAN_POINT('',(-0.979745452769776,5.92145346734225,-3.10070406431427));
#9300=CARTESIAN_POINT('',(-0.149024919753806,5.92145346734225,-3.25666470441932));
#9301=CARTESIAN_POINT('',(0.282514407281771,5.92145346734225,-3.25216853109786));
#9302=CARTESIAN_POINT('',(1.11287941913138,5.92145346734225,-3.07764989137262));
#9303=CARTESIAN_POINT('',(1.51137637241977,5.92145346734225,-2.90768319436858));
#9304=CARTESIAN_POINT('',(2.21443111783577,5.92145346734225,-2.4268082260501));
#9305=CARTESIAN_POINT('',(2.51870548782761,5.92145346734225,-2.11607801629242));
#9306=CARTESIAN_POINT('',(2.98598208290199,5.92145346734225,-1.40000217253877));
#9307=CARTESIAN_POINT('',(3.1487899079649,5.92145346734225,-0.994930592083694));
#9308=CARTESIAN_POINT('',(3.30703892191463,5.92145346734225,-0.151321667041088));
#9309=CARTESIAN_POINT('',(3.30240515908416,5.92145346734225,0.286886823568548));
#9310=CARTESIAN_POINT('',(3.12506852701762,5.92145346734225,1.13003487977428));
#9311=CARTESIAN_POINT('',(2.95242253547558,5.92145346734225,1.534640683564));
#9312=CARTESIAN_POINT('',(2.46405222241908,5.92145346734225,2.24842702304024));
#9313=CARTESIAN_POINT('',(2.14850891139865,5.92145346734225,2.55731991334956));
#9314=CARTESIAN_POINT('',(1.4214014688032,5.92145346734225,3.03164286427388));
#9315=CARTESIAN_POINT('',(1.01011573139531,5.92145346734225,3.19687575161912));
#9316=CARTESIAN_POINT('',(0.153618414330583,5.92145346734225,3.35741313940636));
#9317=CARTESIAN_POINT('',(-0.291259239858812,5.92145346734225,3.35264178707301));
#9318=CARTESIAN_POINT('',(-1.14719034041378,5.92145346734225,3.17248716266007));
#9319=CARTESIAN_POINT('',(-1.5579049947126,5.92145346734225,2.99716187658321));
#9320=CARTESIAN_POINT('',(-2.28242292824041,5.92145346734225,2.50129621878738));
#9321=CARTESIAN_POINT('',(-2.5959343388758,5.92145346734225,2.18093980650412));
#9322=CARTESIAN_POINT('',(-3.07730364564141,5.92145346734225,1.44280076506847));
#9323=CARTESIAN_POINT('',(-3.24496159527668,5.92145346734225,1.02530087070457));
#9324=CARTESIAN_POINT('',(-3.40778735689475,5.92145346734225,0.155915161622517));
#9325=CARTESIAN_POINT('',(-3.40287841506427,5.92145346734225,-0.295631656152598));
#9326=CARTESIAN_POINT('',(-3.21990579830012,5.92145346734225,-1.16434580104967));
#9327=CARTESIAN_POINT('',(-3.04190121769207,5.92145346734225,-1.58116930586516));
#9328=CARTESIAN_POINT('',(-2.5385402151545,5.92145346734225,-2.31641883343655));
#9329=CARTESIAN_POINT('',(-2.21337070160866,5.92145346734225,-2.63454876440549));
#9330=CARTESIAN_POINT('',(-1.46420006133467,5.92145346734225,-3.12296442700551));
#9331=CARTESIAN_POINT('',(-1.04048601001164,5.92145346734225,-3.29304743893755));
#9332=CARTESIAN_POINT('',(-0.158211908916651,5.92145346734225,-3.45816157437981));
#9333=CARTESIAN_POINT('',(0.300004072449641,5.92145346734225,-3.45311504305806));
#9334=CARTESIAN_POINT('',(1.18150126168239,5.92145346734225,-3.26732443393761));
#9335=CARTESIAN_POINT('',(1.60443361702148,5.92145346734225,-3.08664055880131));
#9336=CARTESIAN_POINT('',(2.350414738629,5.92145346734225,-2.57578421152118));
#9337=CARTESIAN_POINT('',(2.67316318993939,5.92145346734225,-2.24580159671256));
#9338=CARTESIAN_POINT('',(3.16862520836544,5.92145346734225,-1.48559935760143));
#9339=CARTESIAN_POINT('',(3.34113328260213,5.92145346734225,-1.05567114931652));
#9340=CARTESIAN_POINT('',(3.5085357918612,5.92145346734225,-0.160508656212878));
#9341=CARTESIAN_POINT('',(3.50335167105348,5.92145346734225,0.304376488749855));
#9342=CARTESIAN_POINT('',(3.3394238108531,5.92145346734225,1.08163396246524));
#9343=CARTESIAN_POINT('',(3.2212572929965,5.92145346734225,1.40188614089497));
#9344=CARTESIAN_POINT('',(3.05987818898997,5.92145346734225,1.69916022453407));
#9345=CARTESIAN_POINT('',(3.05987818898497,5.92145346733725,1.69916022452907));
#9346=CARTESIAN_POINT('',(2.86939914955504,5.92506586830231,2.00413286002458));
#9347=CARTESIAN_POINT('',(2.91525177500413,5.92429212104663,1.93848377702563));
#9348=CARTESIAN_POINT('',(2.95887554568235,5.92348202632399,1.87122091349685));
#9349=CARTESIAN_POINT('',(3.00011666585026,5.92266827232883,1.80258147981821));
#9350=CARTESIAN_POINT('',(3.0206225261498,5.92226365854349,1.76845266294021));
#9351=CARTESIAN_POINT('',(3.04054882979343,5.92185777579055,1.73396888104496));
#9352=CARTESIAN_POINT('',(3.05987818898997,5.92145346734225,1.69916022453407));
#9353=CARTESIAN_POINT('',(2.83887014546008,5.96438378795482,1.98321976842866));
#9354=CARTESIAN_POINT('',(2.86939914955504,7.00000000001,2.00413286002458));
#9355=CARTESIAN_POINT('',(0.,-0.7,0.));
#9356=CARTESIAN_POINT('',(0.,-0.70000000001,0.));
#9357=CARTESIAN_POINT('',(0.,-0.70000000001,-3.5));
#9358=CARTESIAN_POINT('',(0.,-0.70000000001,0.));
#9359=CARTESIAN_POINT('',(-2.37486841740759,-0.7,4.4));
#9360=CARTESIAN_POINT('',(-4.87749935930788,-0.700000000005,1.100000000005));
#9361=CARTESIAN_POINT('',(0.,-0.70000000001,0.));
#9362=CARTESIAN_POINT('',(-4.87749935930788,-0.700000000005,-1.100000000005));
#9363=CARTESIAN_POINT('',(0.,-0.70000000001,0.));
#9364=CARTESIAN_POINT('',(-2.37486841740759,-0.7,-4.4));
#9365=CARTESIAN_POINT('',(-2.37486841741759,-0.70000000001,-4.40000000001));
#9366=CARTESIAN_POINT('',(2.37486841740758,-0.7,-4.4));
#9367=CARTESIAN_POINT('',(0.,-0.70000000001,0.));
#9368=CARTESIAN_POINT('',(4.87749935930788,-0.700000000005,-1.100000000005));
#9369=CARTESIAN_POINT('',(0.,-0.70000000001,0.));
#9370=CARTESIAN_POINT('',(0.,-0.70000000001,0.));
#9371=CARTESIAN_POINT('',(2.37486841740758,-0.7,4.4));
#9372=CARTESIAN_POINT('',(2.37486841741758,-0.70000000001,4.40000000001));
#9373=CARTESIAN_POINT('',(-6.,-3.3,3.5));
#9374=CARTESIAN_POINT('',(-6.00000000001,-3.30000000001,-2.30000000001));
#9375=CARTESIAN_POINT('',(4.43959457608795,-3.30000000000667,-2.30000000000667));
#9376=CARTESIAN_POINT('',(0.,-3.30000000001,0.));
#9377=CARTESIAN_POINT('',(3.57071421426822,-3.30000000000667,-3.50000000001));
#9378=CARTESIAN_POINT('',(-6.00000000001,-3.30000000001,-3.50000000001));
#9379=CARTESIAN_POINT('',(-6.,-3.3,-2.3));
#9380=CARTESIAN_POINT('',(-4.43959457609462,-5.80000000001,-2.30000000001));
#9381=CARTESIAN_POINT('',(-4.43959457608795,-3.30000000000667,-2.30000000000667));
#9382=CARTESIAN_POINT('',(-4.43959457608956,-5.20000000000667,-2.30000000001));
#9383=CARTESIAN_POINT('',(-4.43959457609462,-5.20000000001,-2.30000000001));
#9384=CARTESIAN_POINT('',(-4.66308393627101,-5.39844043026034,-2.30000000001));
#9385=CARTESIAN_POINT('',(-4.88502367675667,-5.59863207717538,-2.30000000001));
#9386=CARTESIAN_POINT('',(-5.1058789644979,-5.80000000001,-2.30000000001));
#9387=CARTESIAN_POINT('',(-5.10587896448823,-5.80000000001,-2.30000000001));
#9388=CARTESIAN_POINT('',(-6.00000000001,-5.80000000001,-2.30000000001));
#9389=CARTESIAN_POINT('',(-6.00000000001,-3.30000000001,-2.30000000001));
#9390=CARTESIAN_POINT('',(-2.61533936612441,-5.8,4.4));
#9391=CARTESIAN_POINT('',(2.37486841741759,-5.80000000001,4.40000000001));
#9392=CARTESIAN_POINT('',(2.374868417408,-5.2000000000075,4.40000000000998));
#9393=CARTESIAN_POINT('',(-2.61533936613441,-5.20000000001,4.40000000001));
#9394=CARTESIAN_POINT('',(-2.37486841740785,-5.2000000000075,4.40000000001006));
#9395=CARTESIAN_POINT('',(-2.37486841741759,-5.80000000001,4.40000000001));
#9396=CARTESIAN_POINT('',(2.37486841740758,-2.4,-4.4));
#9397=CARTESIAN_POINT('',(2.37486841741758,-2.40000000001,-4.40000000001));
#9398=CARTESIAN_POINT('',(2.37486841740758,-2.4,-4.4));
#9399=CARTESIAN_POINT('',(-2.37486841741758,-2.40000000001,-4.40000000001));
#9400=CARTESIAN_POINT('',(-2.37486841740758,-2.4,-4.4));
#9401=CARTESIAN_POINT('',(2.37486841741758,-2.40000000001,-4.40000000001));
#9402=CARTESIAN_POINT('',(0.,7.,0.));
#9403=CARTESIAN_POINT('',(0.,6.90000000001,0.));
#9404=CARTESIAN_POINT('',(0.,6.90000000001,4.5));
#9405=CARTESIAN_POINT('',(0.,0.,0.));
#9406=CARTESIAN_POINT('',(0.,0.,-4.5));
#9407=CARTESIAN_POINT('',(0.213378901471191,5.96438378795482,0.154173552376027));
#9408=CARTESIAN_POINT('',(0.319453961043111,6.0073141085874,0.212834983749152));
#9409=CARTESIAN_POINT('',(0.,-5.2,0.));
#9410=CARTESIAN_POINT('',(4.37149859888888,-5.80000000001,3.5));
#9411=CARTESIAN_POINT('',(3.94844269758685,-5.46975209290477,3.5));
#9412=CARTESIAN_POINT('',(3.57071421428143,-5.20000000001,3.5));
#9413=CARTESIAN_POINT('',(4.37149859887687,-5.80000000001,3.50000000000667));
#9414=CARTESIAN_POINT('',(3.5707142142781,-5.20000000000667,3.50000000000333));
#9415=CARTESIAN_POINT('',(0.,-5.80000000001,0.));
#9416=CARTESIAN_POINT('',(2.52190404257426,-5.80000000001,5.00000000000977));
#9417=CARTESIAN_POINT('',(2.37486841741759,-5.20000000001,4.40000000001));
#9418=CARTESIAN_POINT('',(2.42535129107856,-5.39981697046517,4.59981697046517));
#9419=CARTESIAN_POINT('',(2.47428104956626,-5.59983230227661,4.79983230227661));
#9420=CARTESIAN_POINT('',(2.52190404259505,-5.80000000001,5.00000000000932));
#9421=CARTESIAN_POINT('',(0.,-5.20000000001,0.));
#9422=CARTESIAN_POINT('',(-6.,-4.8,1.1));
#9423=CARTESIAN_POINT('',(-6.00000000001,-4.80000000001,1.10000000001));
#9424=CARTESIAN_POINT('',(-4.87749935930288,-4.8,1.1));
#9425=CARTESIAN_POINT('',(0.,-4.80000000001,0.));
#9426=CARTESIAN_POINT('',(-4.87749935930621,-4.80000000000667,-1.10000000000667));
#9427=CARTESIAN_POINT('',(-6.00000000001,-4.80000000001,-1.10000000001));
#9428=CARTESIAN_POINT('',(-6.,-4.8,1.1));
#9429=CARTESIAN_POINT('',(-6.00000000001,-4.80000000001,-1.10000000001));
#9430=CARTESIAN_POINT('',(4.87749935930621,-4.80000000000667,-1.10000000000667));
#9431=CARTESIAN_POINT('',(0.,-4.80000000001,0.));
#9432=CARTESIAN_POINT('',(0.,6.9,0.));
#9433=CARTESIAN_POINT('',(0.,-5.2,0.));
#9434=CARTESIAN_POINT('',(0.,-5.20000000001,0.));
#9435=CARTESIAN_POINT('',(-3.57071421427809,-5.20000000000667,-3.50000000000333));
#9436=CARTESIAN_POINT('',(3.57071421427809,-5.20000000000667,-3.50000000000334));
#9437=CARTESIAN_POINT('',(-4.37149859888888,-5.80000000001,-3.5));
#9438=CARTESIAN_POINT('',(-3.94844269758681,-5.46975209290475,-3.5));
#9439=CARTESIAN_POINT('',(-3.57071421428142,-5.20000000001,-3.5));
#9440=CARTESIAN_POINT('',(-4.37149859887687,-5.80000000001,-3.50000000000667));
#9441=CARTESIAN_POINT('',(0.,-5.80000000001,0.));
#9442=CARTESIAN_POINT('',(4.37149859887687,-5.80000000001,-3.50000000000667));
#9443=CARTESIAN_POINT('',(3.57071421428142,-5.20000000001,-3.5));
#9444=CARTESIAN_POINT('',(3.94844269759362,-5.46975209290961,-3.5));
#9445=CARTESIAN_POINT('',(4.37149859888888,-5.80000000001,-3.5));
#9446=CARTESIAN_POINT('',(-6.,-3.3,3.5));
#9447=CARTESIAN_POINT('',(-6.00000000001,-3.30000000001,-3.50000000001));
#9448=CARTESIAN_POINT('',(-3.57071421426822,-3.30000000000667,-3.50000000001));
#9449=CARTESIAN_POINT('',(0.,-3.30000000001,0.));
#9450=CARTESIAN_POINT('',(-6.,-3.3,2.3));
#9451=CARTESIAN_POINT('',(-6.00000000001,-5.80000000001,2.30000000001));
#9452=CARTESIAN_POINT('',(-5.10587896448823,-5.80000000001,2.30000000001));
#9453=CARTESIAN_POINT('',(-5.1058789644979,-5.80000000001,2.30000000001));
#9454=CARTESIAN_POINT('',(-4.88502367675667,-5.59863207717538,2.30000000001));
#9455=CARTESIAN_POINT('',(-4.66308393627101,-5.39844043026034,2.30000000001));
#9456=CARTESIAN_POINT('',(-4.43959457609462,-5.20000000001,2.30000000001));
#9457=CARTESIAN_POINT('',(-4.43959457608956,-5.20000000000667,2.30000000001));
#9458=CARTESIAN_POINT('',(-4.43959457609462,-5.80000000001,2.30000000001));
#9459=CARTESIAN_POINT('',(-6.,-2.8,-1.1));
#9460=CARTESIAN_POINT('',(5.89830484123345,0.,-1.10000000001));
#9461=CARTESIAN_POINT('',(4.87749935930621,0.,-1.10000000000667));
#9462=CARTESIAN_POINT('',(4.87749935931288,-7.26981936351929,-1.10000000001));
#9463=CARTESIAN_POINT('',(4.87749935931288,-5.80000000001,-1.10000000001));
#9464=CARTESIAN_POINT('',(0.,-5.8,0.));
#9465=CARTESIAN_POINT('',(0.,-5.80000000001,0.));
#9466=CARTESIAN_POINT('',(0.,-5.8,0.));
#9467=CARTESIAN_POINT('',(0.,0.,0.));
#9468=CARTESIAN_POINT('',(-6.,-2.8,-1.1));
#9469=CARTESIAN_POINT('',(-4.87749935931288,-5.80000000001,-1.10000000001));
#9470=CARTESIAN_POINT('',(-4.87749935931288,-7.26981936351929,-1.10000000001));
#9471=CARTESIAN_POINT('',(-4.87749935930621,0.,-1.10000000000667));
#9472=CARTESIAN_POINT('',(-5.89830484123345,0.,-1.10000000001));
#9473=CARTESIAN_POINT('',(-2.61533936612441,-5.2,4.4));
#9474=CARTESIAN_POINT('',(0.,-5.80000000001,5.00000000001));
#9475=CARTESIAN_POINT('',(-2.52190404257426,-5.80000000001,5.00000000001));
#9476=CARTESIAN_POINT('',(-2.37486841741759,-5.20000000001,4.40000000001));
#9477=CARTESIAN_POINT('',(-2.42535129107853,-5.39981697046505,4.59981697046505));
#9478=CARTESIAN_POINT('',(-2.47428104956594,-5.59983230227673,4.79983230227606));
#9479=CARTESIAN_POINT('',(-2.52190404259505,-5.80000000001,5.00000000001));
#9480=CARTESIAN_POINT('',(0.,-5.8,0.));
#9481=CARTESIAN_POINT('',(-6.00000000001,-5.80000000001,-2.30000000001));
#9482=CARTESIAN_POINT('',(-6.,-3.3,-2.3));
#9483=CARTESIAN_POINT('',(4.43959457609462,-5.80000000001,-2.30000000001));
#9484=CARTESIAN_POINT('',(0.,-5.8,0.));
#9485=CARTESIAN_POINT('',(0.,-5.80000000001,0.));
#9486=CARTESIAN_POINT('',(-6.00000000001,-5.80000000001,3.50000000001));
#9487=CARTESIAN_POINT('',(-2.61533936613441,-5.80000000001,5.40000000001));
#9488=CARTESIAN_POINT('',(-2.61533936612441,-5.8,5.4));
#9489=CARTESIAN_POINT('',(-2.61533936613441,0.,5.40000000001));
#9490=CARTESIAN_POINT('',(0.,-5.8,0.));
#9491=CARTESIAN_POINT('',(-6.00000000001,-5.80000000001,-3.50000000001));
#9492=CARTESIAN_POINT('',(-6.00000000001,-5.80000000001,-3.50000000001));
#9493=CARTESIAN_POINT('',(-6.,-2.8,1.1));
#9494=CARTESIAN_POINT('',(-5.89830484123345,0.,1.10000000001));
#9495=CARTESIAN_POINT('',(-4.87749935930621,0.,1.10000000000667));
#9496=CARTESIAN_POINT('',(-4.87749935931288,-7.26981936351929,1.10000000001));
#9497=CARTESIAN_POINT('',(-4.87749935931288,-5.80000000001,1.10000000001));
#9498=CARTESIAN_POINT('',(0.,-2.4,0.));
#9499=CARTESIAN_POINT('',(0.,-2.40000000001,0.));
#9500=CARTESIAN_POINT('',(0.,-5.8,0.));
#9501=CARTESIAN_POINT('',(0.,0.,0.));
#9502=CARTESIAN_POINT('',(-6.,-3.3,-3.5));
#9503=CARTESIAN_POINT('',(-3.57071421428142,-5.80000000001,-3.50000000001));
#9504=CARTESIAN_POINT('',(-6.,-3.3,3.5));
#9505=CARTESIAN_POINT('',(3.57071421428143,-5.80000000001,3.50000000001));
#9506=CARTESIAN_POINT('',(0.,-5.8,0.));
#9507=CARTESIAN_POINT('',(0.,-5.20000000001,0.));
#9508=CARTESIAN_POINT('',(0.,-5.20000000001,0.));
#9509=CARTESIAN_POINT('',(3.57071421428142,-5.80000000001,-3.50000000001));
#9510=CARTESIAN_POINT('',(0.,-5.2,0.));
#9511=CARTESIAN_POINT('',(0.,0.,0.));
#9512=CARTESIAN_POINT('',(0.,-5.2,0.));
#9513=CARTESIAN_POINT('',(0.313429900877565,6.00000000001139,0.209503569240764));
#9514=CARTESIAN_POINT('',(0.264785162507601,6.00000000001097,0.297467674317906));
#9515=CARTESIAN_POINT('',(0.180215668711281,6.00000000001139,0.365801368498153));
#9516=CARTESIAN_POINT('',(-0.0256253148420666,6.00000000001139,0.423287140814644));
#9517=CARTESIAN_POINT('',(-0.140707243578053,6.00000000001139,0.410195275835096));
#9518=CARTESIAN_POINT('',(-0.337454733251212,6.00000000001139,0.297581839799128));
#9519=CARTESIAN_POINT('',(-0.413253245990375,6.00000000001139,0.200960078437377));
#9520=CARTESIAN_POINT('',(-0.474789023440481,6.00000000001139,-0.0306999891187258));
#9521=CARTESIAN_POINT('',(-0.458447169832055,6.00000000001139,-0.159462575855033));
#9522=CARTESIAN_POINT('',(-0.330491276825861,6.00000000001139,-0.377377459201706));
#9523=CARTESIAN_POINT('',(-0.221909886686159,6.00000000001139,-0.460577544834269));
#9524=CARTESIAN_POINT('',(0.0355638895868713,6.00000000001139,-0.526288313820088));
#9525=CARTESIAN_POINT('',(0.178024810769526,6.00000000001139,-0.506745684871814));
#9526=CARTESIAN_POINT('',(0.41717592480583,6.00000000001139,-0.363523488427261));
#9527=CARTESIAN_POINT('',(0.507816622630843,6.00000000001139,-0.243001196870791));
#9528=CARTESIAN_POINT('',(0.577787538296611,6.00000000001139,0.0402814151668181));
#9529=CARTESIAN_POINT('',(0.555078411873578,6.00000000001139,0.196452492809302));
#9530=CARTESIAN_POINT('',(0.396643682204894,6.00000000001139,0.456887198554096));
#9531=CARTESIAN_POINT('',(0.264194068708483,6.00000000001139,0.554996007805583));
#9532=CARTESIAN_POINT('',(-0.0448931957677028,6.00000000001139,0.62928771072147));
#9533=CARTESIAN_POINT('',(-0.21478270875114,6.00000000001139,0.603436916839185));
#9534=CARTESIAN_POINT('',(-0.496534966983761,6.00000000001139,0.429829051995859));
#9535=CARTESIAN_POINT('',(-0.602131983491948,6.00000000001139,0.285462274057792));
#9536=CARTESIAN_POINT('',(-0.680789194458843,6.00000000001139,-0.0494261175487474));
#9537=CARTESIAN_POINT('',(-0.651815294880553,6.00000000001139,-0.233040080462204));
#9538=CARTESIAN_POINT('',(-0.463064034239771,6.00000000001139,-0.536135063839602));
#9539=CARTESIAN_POINT('',(-0.306787886690296,6.00000000001139,-0.649235416962924));
#9540=CARTESIAN_POINT('',(0.0538986745363761,6.00000000001139,-0.732292066023288));
#9541=CARTESIAN_POINT('',(0.251241589946694,6.00000000001139,-0.700209300198189));
#9542=CARTESIAN_POINT('',(0.575698470720833,6.00000000001139,-0.496337648505138));
#9543=CARTESIAN_POINT('',(0.696313834437549,6.00000000001139,-0.328158242756142));
#9544=CARTESIAN_POINT('',(0.783796276880048,6.00000000001139,0.0583240027547101));
#9545=CARTESIAN_POINT('',(0.748615807190934,6.00000000001139,0.269399326344611));
#9546=CARTESIAN_POINT('',(0.529641928204555,6.00000000001139,0.615233041152032));
#9547=CARTESIAN_POINT('',(0.349564143983169,6.00000000001139,0.743372611364375));
#9548=CARTESIAN_POINT('',(-0.0627116878834945,6.00000000001139,0.8353017279439));
#9549=CARTESIAN_POINT('',(-0.287522128198413,6.00000000001139,0.797032466669251));
#9550=CARTESIAN_POINT('',(-0.654744539091042,6.00000000001139,0.562970954066137));
#9551=CARTESIAN_POINT('',(-0.790415688375148,6.00000000001139,0.370998749271889));
#9552=CARTESIAN_POINT('',(-0.886808304383434,6.00000000001139,-0.0670688878974506));
#9553=CARTESIAN_POINT('',(-0.845457480355484,6.00000000001139,-0.305616606363692));
#9554=CARTESIAN_POINT('',(-0.596320236781596,6.00000000001139,-0.694237289856465));
#9555=CARTESIAN_POINT('',(-0.3924568657413,6.00000000001139,-0.837446019445633));
#9556=CARTESIAN_POINT('',(0.0714010553471921,6.00000000001139,-0.93831589170728));
#9557=CARTESIAN_POINT('',(0.323687803776852,6.00000000001139,-0.893889449162263));
#9558=CARTESIAN_POINT('',(0.733714602208431,6.00000000001139,-0.629686310147152));
#9559=CARTESIAN_POINT('',(0.884465862141289,6.00000000001139,-0.413934480929386));
#9560=CARTESIAN_POINT('',(0.989824382814493,6.00000000001139,0.075712416409103));
#9561=CARTESIAN_POINT('',(0.942327268730629,6.00000000001139,0.341739633993795));
#9562=CARTESIAN_POINT('',(0.663066455533869,6.00000000001139,0.773179050180792));
#9563=CARTESIAN_POINT('',(0.435428445649696,6.00000000001139,0.931476971201979));
#9564=CARTESIAN_POINT('',(-0.0800062971347745,6.00000000001139,1.0413336806413));
#9565=CARTESIAN_POINT('',(-0.359775180416591,6.00000000001139,0.990770055994851));
#9566=CARTESIAN_POINT('',(-0.81263266614331,6.00000000001139,0.696458510789456));
#9567=CARTESIAN_POINT('',(-0.978480731013545,6.00000000001139,0.45693625381851));
#9568=CARTESIAN_POINT('',(-1.09284369868157,6.00000000001139,-0.0842853508633336));
#9569=CARTESIAN_POINT('',(-1.03901760346593,6.00000000001139,-0.378097585778751));
#9570=CARTESIAN_POINT('',(-0.807299571855253,6.00000000001139,-0.733356693074424));
#9571=CARTESIAN_POINT('',(-0.706509759955126,6.00000000001139,-0.836545490417334));
#9572=CARTESIAN_POINT('',(-0.470662604655745,6.00000000001139,-0.997808037373179));
#9573=CARTESIAN_POINT('',(-0.336367109227632,6.00000000001139,-1.05526777230313));
#9574=CARTESIAN_POINT('',(-0.0535370570952742,6.00000000001139,-1.11456483654768));
#9575=CARTESIAN_POINT('',(0.094191775772591,6.00000000001139,-1.11622002849073));
#9576=CARTESIAN_POINT('',(0.381378659900004,6.00000000001139,-1.06205742233212));
#9577=CARTESIAN_POINT('',(0.520021394207103,6.00000000001139,-1.00638022949943));
#9578=CARTESIAN_POINT('',(0.767299000222292,6.00000000001139,-0.844559287111824));
#9579=CARTESIAN_POINT('',(0.875233497119693,6.00000000001139,-0.738858411363491));
#9580=CARTESIAN_POINT('',(1.04351764564899,6.00000000001139,-0.491964835259112));
#9581=CARTESIAN_POINT('',(1.1033892224877,6.00000000001139,-0.351450560209784));
#9582=CARTESIAN_POINT('',(1.1649467949564,6.00000000001139,-0.0557279847667291));
#9583=CARTESIAN_POINT('',(1.16645074278005,6.00000000001139,0.0986692465237144));
#9584=CARTESIAN_POINT('',(1.1094434549765,6.00000000001139,0.398632497880548));
#9585=CARTESIAN_POINT('',(1.0510749295304,6.00000000001139,0.543378292297329));
#9586=CARTESIAN_POINT('',(0.881737044761131,6.00000000001139,0.801371496101035));
#9587=CARTESIAN_POINT('',(0.771214363216445,6.00000000001139,0.913914788463831));
#9588=CARTESIAN_POINT('',(0.51327566414524,6.00000000001139,1.08922278008173));
#9589=CARTESIAN_POINT('',(0.36654300593912,6.00000000001139,1.1515073845259));
#9590=CARTESIAN_POINT('',(0.0579282379827386,6.00000000001139,1.21532794400866));
#9591=CARTESIAN_POINT('',(-0.10313747559882,6.00000000001139,1.2166818521405));
#9592=CARTESIAN_POINT('',(-0.415877714017558,6.00000000001139,1.15683221727814));
#9593=CARTESIAN_POINT('',(-0.566727088183782,6.00000000001139,1.09577340347594));
#9594=CARTESIAN_POINT('',(-0.835437305451641,6.00000000001139,0.918920431982018));
#9595=CARTESIAN_POINT('',(-0.952590243140234,6.00000000001139,0.803576685271272));
#9596=CARTESIAN_POINT('',(-1.13492402803024,6.00000000001139,0.534593997744752));
#9597=CARTESIAN_POINT('',(-1.19962269308391,6.00000000001139,0.381643303978879));
#9598=CARTESIAN_POINT('',(-1.26570840159314,6.00000000001139,0.0601366364533548));
#9599=CARTESIAN_POINT('',(-1.26691332179666,6.00000000001139,-0.107597630688708));
#9600=CARTESIAN_POINT('',(-1.20422338086269,6.00000000001139,-0.433115393760493));
#9601=CARTESIAN_POINT('',(-1.14047519269758,6.00000000001139,-0.590068800418071));
#9602=CARTESIAN_POINT('',(-0.956108760746719,6.00000000001139,-0.869497266885944));
#9603=CARTESIAN_POINT('',(-0.835944598815702,6.00000000001139,-0.991260593022123));
#9604=CARTESIAN_POINT('',(-0.555918920323897,6.00000000001139,-1.18062187843389));
#9605=CARTESIAN_POINT('',(-0.396750497436231,6.00000000001139,-1.24773550955133));
#9606=CARTESIAN_POINT('',(-0.0623521909401547,6.00000000001139,-1.31608826410958));
#9607=CARTESIAN_POINT('',(0.112050690779305,6.00000000001139,-1.31714512024465));
#9608=CARTESIAN_POINT('',(0.450346447752318,6.00000000001139,-1.25161666789458));
#9609=CARTESIAN_POINT('',(0.613404283749032,6.00000000001139,-1.18517990990218));
#9610=CARTESIAN_POINT('',(0.903552084463248,6.00000000001139,-0.993301450697962));
#9611=CARTESIAN_POINT('',(1.02992645258626,6.00000000001139,-0.868317447034739));
#9612=CARTESIAN_POINT('',(1.22631674158266,6.00000000001139,-0.577249659260199));
#9613=CARTESIAN_POINT('',(1.29584613684036,6.00000000001139,-0.411863778776658));
#9614=CARTESIAN_POINT('',(1.36646761109712,6.00000000001139,-0.0645740661145892));
#9615=CARTESIAN_POINT('',(1.36737721905546,6.00000000001139,0.116497482779689));
#9616=CARTESIAN_POINT('',(1.29901184173325,6.00000000001139,0.467571645646826));
#9617=CARTESIAN_POINT('',(1.22988722580262,6.00000000001139,0.636734260768216));
#9618=CARTESIAN_POINT('',(1.03049800889042,6.00000000001139,0.937602353625311));
#9619=CARTESIAN_POINT('',(0.900694672067471,6.00000000001139,1.06858834153422));
#9620=CARTESIAN_POINT('',(0.598585558145455,6.00000000001139,1.27200896430895));
#9621=CARTESIAN_POINT('',(0.426982461785982,6.00000000001139,1.34395483074068));
#9622=CARTESIAN_POINT('',(0.0668015517545931,6.00000000001139,1.41684650872629));
#9623=CARTESIAN_POINT('',(-0.120938709939938,6.00000000001139,1.41760959262775));
#9624=CARTESIAN_POINT('',(-0.48479164236972,6.00000000001139,1.34640869958437));
#9625=CARTESIAN_POINT('',(-0.660059346493787,6.00000000001139,1.27459685866007));
#9626=CARTESIAN_POINT('',(-0.971648581357436,6.00000000001139,1.06769801393852));
#9627=CARTESIAN_POINT('',(-1.10724670237939,6.00000000001139,0.93307579705506));
#9628=CARTESIAN_POINT('',(-1.31769884179103,6.00000000001139,0.619926055733966));
#9629=CARTESIAN_POINT('',(-1.3920618087305,6.00000000001139,0.442105959618281));
#9630=CARTESIAN_POINT('',(-1.46722501246451,6.00000000001139,0.0690340401744986));
#9631=CARTESIAN_POINT('',(-1.46784221792562,6.00000000001139,-0.125374974127578));
#9632=CARTESIAN_POINT('',(-1.39380706666744,6.00000000001139,-0.502006998722542));
#9633=CARTESIAN_POINT('',(-1.31930856600844,6.00000000001139,-0.683380067665233));
#9634=CARTESIAN_POINT('',(-1.10490110349123,6.00000000001139,-1.00569120202086));
#9635=CARTESIAN_POINT('',(-0.965460411959226,6.00000000001139,-1.14590191425928));
#9636=CARTESIAN_POINT('',(-0.641270669305128,6.00000000001139,-1.36338662681786));
#9637=CARTESIAN_POINT('',(-0.457233767442562,6.00000000001139,-1.44016725688304));
#9638=CARTESIAN_POINT('',(-0.0712710083697899,6.00000000001139,-1.51760316913391));
#9639=CARTESIAN_POINT('',(0.129806793457448,6.00000000001139,-1.51807507422173));
#9640=CARTESIAN_POINT('',(0.519218197701029,6.00000000001139,-1.44120679154685));
#9641=CARTESIAN_POINT('',(0.706696878029766,6.00000000001139,-1.36402213804717));
#9642=CARTESIAN_POINT('',(1.03973058990345,6.00000000001139,-1.14210696424795));
#9643=CARTESIAN_POINT('',(1.18455430388484,6.00000000001139,-0.99784816225821));
#9644=CARTESIAN_POINT('',(1.40907253713045,6.00000000001139,-0.662618981397757));
#9645=CARTESIAN_POINT('',(1.48827133533288,6.00000000001139,-0.472365448602413));
#9646=CARTESIAN_POINT('',(1.56798101851532,6.00000000001139,-0.0735120037665207));
#9647=CARTESIAN_POINT('',(1.56830814285468,6.00000000001139,0.134234616366515));
#9648=CARTESIAN_POINT('',(1.4886077423659,6.00000000001139,0.536425657533522));
#9649=CARTESIAN_POINT('',(1.4087373923235,6.00000000001139,0.730010170559706));
#9650=CARTESIAN_POINT('',(1.17931532393363,6.00000000001139,1.0737670692548));
#9651=CARTESIAN_POINT('',(1.03023873986129,6.00000000001139,1.22320415429651));
#9652=CARTESIAN_POINT('',(0.683970629145454,6.00000000001139,1.45475676128927));
#9653=CARTESIAN_POINT('',(0.487500623486122,6.00000000001139,1.53637418263951));
#9654=CARTESIAN_POINT('',(0.0757566327543785,6.00000000001139,1.61835859461092));
#9655=CARTESIAN_POINT('',(-0.138658832944082,6.00000000001139,1.61854140700698));
#9656=CARTESIAN_POINT('',(-0.553629742182337,6.00000000001139,1.53600980378527));
#9657=CARTESIAN_POINT('',(-0.753320287295568,6.00000000001139,1.45345416942033));
#9658=CARTESIAN_POINT('',(-1.10780092237592,6.00000000001139,1.2165259447986));
#9659=CARTESIAN_POINT('',(-1.26185171192343,6.00000000001139,1.06263187575103));
#9660=CARTESIAN_POINT('',(-1.50043946340075,6.00000000001139,0.705325295636179));
#9661=CARTESIAN_POINT('',(-1.58447591929933,6.00000000001139,0.502638960507999));
#9662=CARTESIAN_POINT('',(-1.66873592664681,6.00000000001139,0.0780045513887022));
#9663=CARTESIAN_POINT('',(-1.66877485150325,6.00000000001139,-0.143079784120315));
#9664=CARTESIAN_POINT('',(-1.58341287447876,6.00000000001139,-0.570830769867275));
#9665=CARTESIAN_POINT('',(-1.49817232943404,6.00000000001139,-0.776627527336936));
#9666=CARTESIAN_POINT('',(-1.2537386183163,6.00000000001139,-1.14183239618843));
#9667=CARTESIAN_POINT('',(-1.09502733398089,6.00000000001139,-1.30049719231505));
#9668=CARTESIAN_POINT('',(-0.726682702862506,6.00000000001139,-1.54612078695594));
#9669=CARTESIAN_POINT('',(-0.517780168747846,6.00000000001139,-1.63257665059419));
#9670=CARTESIAN_POINT('',(-0.080255457798074,6.00000000001139,-1.71911303987497));
#9671=CARTESIAN_POINT('',(0.147497769172381,6.00000000001139,-1.71900846263079));
#9672=CARTESIAN_POINT('',(0.588029020031281,6.00000000001139,-1.63081686506953));
#9673=CARTESIAN_POINT('',(0.799932153374606,6.00000000001139,-1.54289174907972));
#9674=CARTESIAN_POINT('',(1.17586170760748,6.00000000001139,-1.29095316082815));
#9675=CARTESIAN_POINT('',(1.33914078483032,6.00000000001139,-1.12742490674638));
#9676=CARTESIAN_POINT('',(1.59180085796716,6.00000000001139,-0.748042605930412));
#9677=CARTESIAN_POINT('',(1.6806764689173,6.00000000001139,-0.532923991903461));
#9678=CARTESIAN_POINT('',(1.76948995622053,6.00000000001139,-0.0825090859431096));
#9679=CARTESIAN_POINT('',(1.7692422279786,6.00000000001139,0.151913051895895));
#9680=CARTESIAN_POINT('',(1.67822169642141,6.00000000001139,0.605224739071216));
#9681=CARTESIAN_POINT('',(1.58761231929568,6.00000000001139,0.823234397066079));
#9682=CARTESIAN_POINT('',(1.3281694099452,6.00000000001139,1.20988904796429));
#9683=CARTESIAN_POINT('',(1.15982441031146,6.00000000001139,1.3777826564972));
#9684=CARTESIAN_POINT('',(0.769404788272853,6.00000000001139,1.63747978754961));
#9685=CARTESIAN_POINT('',(0.54807020329136,6.00000000001139,1.72877545568542));
#9686=CARTESIAN_POINT('',(0.0847652004537827,6.00000000001139,1.81986669480731));
#9687=CARTESIAN_POINT('',(-0.156325865710865,6.00000000001139,1.81947613629549));
#9688=CARTESIAN_POINT('',(-0.622418145081842,6.00000000001139,1.72562729821422));
#9689=CARTESIAN_POINT('',(-0.846534463485896,6.00000000001139,1.63233394325104));
#9690=CARTESIAN_POINT('',(-1.24391458666922,6.00000000001139,1.36538722155648));
#9691=CARTESIAN_POINT('',(-1.41642295520921,6.00000000001139,1.19222568162325));
#9692=CARTESIAN_POINT('',(-1.68315767405885,6.00000000001139,0.790769057669602));
#9693=CARTESIAN_POINT('',(-1.7768736829211,6.00000000001139,0.563218601688831));
#9694=CARTESIAN_POINT('',(-1.87024327238726,6.00000000001139,0.0870235923346346));
#9695=CARTESIAN_POINT('',(-1.86971017736462,6.00000000001139,-0.160736417910983));
#9696=CARTESIAN_POINT('',(-1.77303360775041,6.00000000001139,-0.639609431805123));
#9697=CARTESIAN_POINT('',(-1.6770565346791,6.00000000001139,-0.869832534831575));
#9698=CARTESIAN_POINT('',(-1.40260646732811,6.00000000001139,-1.2779384742632));
#9699=CARTESIAN_POINT('',(-1.22462857548168,6.00000000001139,-1.45506181238886));
#9700=CARTESIAN_POINT('',(-0.812135242920114,6.00000000001139,-1.72883460487024));
#9701=CARTESIAN_POINT('',(-0.578369007857703,6.00000000001139,-1.82497121456832));
#9702=CARTESIAN_POINT('',(-0.089284075371632,6.00000000001139,-1.92061970369422));
#9703=CARTESIAN_POINT('',(0.165144893218775,6.00000000001139,-1.91994434189235));
#9704=CARTESIAN_POINT('',(0.65679877193675,6.00000000001139,-1.8204405689504));
#9705=CARTESIAN_POINT('',(0.893128773527037,6.00000000001139,-1.72178001647485));
#9706=CARTESIAN_POINT('',(1.31196084497291,6.00000000001139,-1.43982703260284));
#9707=CARTESIAN_POINT('',(1.4936993452178,6.00000000001139,-1.25703296216173));
#9708=CARTESIAN_POINT('',(1.77451065786913,6.00000000001139,-0.83350319104725));
#9709=CARTESIAN_POINT('',(1.8730681075941,6.00000000001139,-0.593521261622173));
#9710=CARTESIAN_POINT('',(1.97099600173608,6.00000000001139,-0.0915464831108237));
#9711=CARTESIAN_POINT('',(1.97017862141025,6.00000000001139,0.169551456775936));
#9712=CARTESIAN_POINT('',(1.86784813150264,6.00000000001139,0.673986319907774));
#9713=CARTESIAN_POINT('',(1.76650431951154,6.00000000001139,0.916423324833208));
#9714=CARTESIAN_POINT('',(1.47704881462523,6.00000000001139,1.34598181886258));
#9715=CARTESIAN_POINT('',(1.28943872540569,6.00000000001139,1.53233565851448));
#9716=CARTESIAN_POINT('',(0.854872764935731,6.00000000001139,1.82018590270487));
#9717=CARTESIAN_POINT('',(0.608675219400748,6.00000000001139,1.92116441291363));
#9718=CARTESIAN_POINT('',(0.093810666305326,6.00000000001139,2.02137217803873));
#9719=CARTESIAN_POINT('',(-0.173956256670377,6.00000000001139,2.02041300818915));
#9720=CARTESIAN_POINT('',(-0.691172214236915,6.00000000001139,1.91525625014075));
#9721=CARTESIAN_POINT('',(-0.93971631905687,6.00000000001139,1.8112293816347));
#9722=CARTESIAN_POINT('',(-1.38000150365303,6.00000000001139,1.51427172103716));
#9723=CARTESIAN_POINT('',(-1.57097084632264,6.00000000001139,1.32184576072004));
#9724=CARTESIAN_POINT('',(-1.86586040185067,6.00000000001139,0.87624384132867));
#9725=CARTESIAN_POINT('',(-1.96926017617334,6.00000000001139,0.623830752111489));
#9726=CARTESIAN_POINT('',(-2.07174824284898,6.00000000001139,0.0960764907483708));
#9727=CARTESIAN_POINT('',(-2.07064749516192,6.00000000001139,-0.178359426082125));
#9728=CARTESIAN_POINT('',(-1.96266488402777,6.00000000001139,-0.70835657952806));
#9729=CARTESIAN_POINT('',(-1.8559551468054,6.00000000001139,-0.963007873426166));
#9730=CARTESIAN_POINT('',(-1.55149566859506,6.00000000001139,-1.41401999626826));
#9731=CARTESIAN_POINT('',(-1.3542539739247,6.00000000001139,-1.60960499326034));
#9732=CARTESIAN_POINT('',(-0.897616309119669,6.00000000001139,-1.91153421150488));
#9733=CARTESIAN_POINT('',(-0.638987743387506,6.00000000001139,-2.01735543841438));
#9734=CARTESIAN_POINT('',(-0.0983438354252097,6.00000000001139,-2.12212420530629));
#9735=CARTESIAN_POINT('',(0.182761085112783,6.00000000001139,-2.12088207585711));
#9736=CARTESIAN_POINT('',(0.725539528174825,6.00000000001139,-2.01007399622671));
#9737=CARTESIAN_POINT('',(0.986298093691359,6.00000000001139,-1.90068156436601));
#9738=CARTESIAN_POINT('',(1.44803738415447,6.00000000001139,-1.58872058207342));
#9739=CARTESIAN_POINT('',(1.64823817567243,6.00000000001139,-1.38666327991085));
#9740=CARTESIAN_POINT('',(1.95720738235856,6.00000000001139,-0.918990067892534));
#9741=CARTESIAN_POINT('',(2.06545023663876,6.00000000001139,-0.654146088048698));
#9742=CARTESIAN_POINT('',(2.17250007358736,6.00000000001139,-0.100612590931648));
#9743=CARTESIAN_POINT('',(2.17111674433796,6.00000000001139,0.187161342352531));
#9744=CARTESIAN_POINT('',(2.05748355324722,6.00000000001139,0.742721161819852));
#9745=CARTESIAN_POINT('',(1.94540858841006,6.00000000001139,1.00958707549553));
#9746=CARTESIAN_POINT('',(1.6259463933217,6.00000000001139,1.48205374641128));
#9747=CARTESIAN_POINT('',(1.41907360157532,6.00000000001139,1.6868704626168));
#9748=CARTESIAN_POINT('',(0.940365026665089,6.00000000001139,2.00287996025436));
#9749=CARTESIAN_POINT('',(0.669305690789621,6.00000000001139,2.11354460429473));
#9750=CARTESIAN_POINT('',(0.102882658113986,6.00000000001139,2.22287585502799));
#9751=CARTESIAN_POINT('',(-0.191560296226563,6.00000000001139,2.22135149515072));
#9752=CARTESIAN_POINT('',(-0.759901572610533,6.00000000001139,2.10489352465191));
#9753=CARTESIAN_POINT('',(-1.0328749055537,6.00000000001139,1.99013617723792));
#9754=CARTESIAN_POINT('',(-1.51606915476399,6.00000000001139,1.66317304045223));
#9755=CARTESIAN_POINT('',(-1.72550191671337,6.00000000001139,1.45148486890058));
#9756=CARTESIAN_POINT('',(-2.04855198675243,6.00000000001139,0.961741102807473));
#9757=CARTESIAN_POINT('',(-2.16163857169254,6.00000000001139,0.684466465046959));
#9758=CARTESIAN_POINT('',(-2.27325155622842,6.00000000001139,0.105153946896391));
#9759=CARTESIAN_POINT('',(-2.27158632327706,6.00000000001139,-0.195958036157335));
#9760=CARTESIAN_POINT('',(-2.15230388271693,6.00000000001139,-0.777080844282151));
#9761=CARTESIAN_POINT('',(-2.03486429288588,6.00000000001139,-1.05616166267119));
#9762=CARTESIAN_POINT('',(-1.70040046713694,6.00000000001139,-1.55008367440302));
#9763=CARTESIAN_POINT('',(-1.48389701815927,6.00000000001139,-1.76413259487758));
#9764=CARTESIAN_POINT('',(-0.983118221105108,6.00000000001139,-2.09422349961853));
#9765=CARTESIAN_POINT('',(-0.699628332020088,6.00000000001139,-2.2097321663639));
#9766=CARTESIAN_POINT('',(-0.107426375265171,6.00000000001139,-2.32362718314257));
#9767=CARTESIAN_POINT('',(0.200354643570916,6.00000000001139,-2.32182122409181));
#9768=CARTESIAN_POINT('',(0.794259053096273,6.00000000001139,-2.19971460213677));
#9769=CARTESIAN_POINT('',(1.07944741862487,6.00000000001139,-2.07959290071733));
#9770=CARTESIAN_POINT('',(1.58409736471179,6.00000000001139,-1.73762862199667));
#9771=CARTESIAN_POINT('',(1.80276254895532,6.00000000001139,-1.51630999122358));
#9772=CARTESIAN_POINT('',(2.13989453324734,6.00000000001139,-1.00449631294515));
#9773=CARTESIAN_POINT('',(2.25782541337361,6.00000000001139,-0.714791219819689));
#9774=CARTESIAN_POINT('',(2.37400274115407,6.00000000001139,-0.109699868386905));
#9775=CARTESIAN_POINT('',(2.3720561933268,6.00000000001139,0.204750192770967));
#9776=CARTESIAN_POINT('',(2.24712565976553,6.00000000001139,0.81143626865634));
#9777=CARTESIAN_POINT('',(2.12432196906576,6.00000000001139,1.10273223892991));
#9778=CARTESIAN_POINT('',(1.77485745806979,6.00000000001139,1.61811027989876));
#9779=CARTESIAN_POINT('',(1.54872373496354,6.00000000001139,1.84139182627438));
#9780=CARTESIAN_POINT('',(1.02587531560771,6.00000000001139,2.185565119031));
#9781=CARTESIAN_POINT('',(0.729955062726821,6.00000000001139,2.30591833558878));
#9782=CARTESIAN_POINT('',(0.11197435783916,6.00000000001139,2.42437823514352));
#9783=CARTESIAN_POINT('',(-0.209144751700809,6.00000000001139,2.42229122703714));
#9784=CARTESIAN_POINT('',(-0.828612554618712,6.00000000001139,2.29453703439199));
#9785=CARTESIAN_POINT('',(-1.12601618350744,6.00000000001139,2.16905146892347));
#9786=CARTESIAN_POINT('',(-1.65212246954962,6.00000000001139,1.81208693234731));
#9787=CARTESIAN_POINT('',(-1.88002047012664,6.00000000001139,1.58113820072098));
#9788=CARTESIAN_POINT('',(-2.23123528567885,6.00000000001139,1.047255171647));
#9789=CARTESIAN_POINT('',(-2.35401095391546,6.00000000001139,0.745119800544521));
#9790=CARTESIAN_POINT('',(-2.47475366954443,6.00000000001139,0.114249780938612));
#9791=CARTESIAN_POINT('',(-2.47252632157212,6.00000000001139,-0.213538382609786));
#9792=CARTESIAN_POINT('',(-2.34194870654112,6.00000000001139,-0.845787969314512));
#9793=CARTESIAN_POINT('',(-2.21378137366836,6.00000000001139,-1.14929930726955));
#9794=CARTESIAN_POINT('',(-1.84931700536549,6.00000000001139,-1.68613397910933));
#9795=CARTESIAN_POINT('',(-1.61355334384917,6.00000000001139,-1.91864852018949));
#9796=CARTESIAN_POINT('',(-1.06863582834777,6.00000000001139,-2.27690505949805));
#9797=CARTESIAN_POINT('',(-0.760285378029998,6.00000000001139,-2.40210328750398));
#9798=CARTESIAN_POINT('',(-0.116526080151877,6.00000000001139,-2.52512904839333));
#9799=CARTESIAN_POINT('',(0.217931142637178,6.00000000001139,-2.52276147354783));
#9800=CARTESIAN_POINT('',(0.862962566294946,6.00000000001139,-2.38936065830114));
#9801=CARTESIAN_POINT('',(1.1725816606316,6.00000000001139,-2.25851165882333));
#9802=CARTESIAN_POINT('',(1.72014485030554,6.00000000001139,-1.88654764084849));
#9803=CARTESIAN_POINT('',(1.95727601289445,6.00000000001139,-1.64596912330765));
#9804=CARTESIAN_POINT('',(2.32257446464009,6.00000000001139,-1.09001723724884));
#9805=CARTESIAN_POINT('',(2.45019535392895,6.00000000001139,-0.775451744395323));
#9806=CARTESIAN_POINT('',(2.57550437537336,6.00000000001139,-0.118803202576895));
#9807=CARTESIAN_POINT('',(2.57299667982458,6.00000000001139,0.222323084326352));
#9808=CARTESIAN_POINT('',(2.43677287316859,6.00000000001139,0.880136394811072));
#9809=CARTESIAN_POINT('',(2.30324230184544,6.00000000001139,1.19586328996349));
#9810=CARTESIAN_POINT('',(1.92377880539184,6.00000000001139,1.75415512152106));
#9811=CARTESIAN_POINT('',(1.67838550130527,6.00000000001139,1.99590298175288));
#9812=CARTESIAN_POINT('',(1.1113993537221,6.00000000001139,2.36824352331699));
#9813=CARTESIAN_POINT('',(0.790618852866919,6.00000000001139,2.49828716934834));
#9814=CARTESIAN_POINT('',(0.121081099486666,6.00000000001139,2.62587965385161));
#9815=CARTESIAN_POINT('',(-0.226714256077328,6.00000000001139,2.62323193748466));
#9816=CARTESIAN_POINT('',(-0.897309500237093,6.00000000001139,2.48418533591371));
#9817=CARTESIAN_POINT('',(-1.21914423798757,6.00000000001139,2.34797328193704));
#9818=CARTESIAN_POINT('',(-1.78816482812214,6.00000000001139,1.96101046818552));
#9819=CARTESIAN_POINT('',(-2.03452945764242,6.00000000001139,1.71080244298508));
#9820=CARTESIAN_POINT('',(-2.4139122559921,6.00000000001139,1.13278213660121));
#9821=CARTESIAN_POINT('',(-2.54637874864405,6.00000000001139,0.805786660297299));
#9822=CARTESIAN_POINT('',(-2.67625488691137,6.00000000001139,0.123359725924954));
#9823=CARTESIAN_POINT('',(-2.67346724381426,6.00000000001139,-0.231104702547546));
#9824=CARTESIAN_POINT('',(-2.53159803245888,6.00000000001139,-0.914481924443939));
#9825=CARTESIAN_POINT('',(-2.39270457988201,6.00000000001139,-1.24242454412957));
#9826=CARTESIAN_POINT('',(-1.99824260076517,6.00000000001139,-1.82217400274966));
#9827=CARTESIAN_POINT('',(-1.74321991614458,6.00000000001139,-2.073155469062));
#9828=CARTESIAN_POINT('',(-1.15416554785239,6.00000000001139,-2.45958068154788));
#9829=CARTESIAN_POINT('',(-0.820955126819755,6.00000000001139,-2.59447010554362));
#9830=CARTESIAN_POINT('',(-0.125639040348714,6.00000000001139,-2.72663007738293));
#9831=CARTESIAN_POINT('',(0.235494465006547,6.00000000001139,-2.72370259628506));
#9832=CARTESIAN_POINT('',(0.931653706131583,6.00000000001139,-2.57901094977286));
#9833=CARTESIAN_POINT('',(1.26570424483148,6.00000000001139,-2.43743617789676));
#9834=CARTESIAN_POINT('',(1.85618267557611,6.00000000001139,-2.03547517679424));
#9835=CARTESIAN_POINT('',(2.111781042355,6.00000000001139,-1.77563789098887));
#9836=CARTESIAN_POINT('',(2.50524881743701,6.00000000001139,-1.17554955228113));
#9837=CARTESIAN_POINT('',(2.64256125273235,6.00000000001139,-0.836124215542693));
#9838=CARTESIAN_POINT('',(2.77700522786668,6.00000000001139,-0.127919004310092));
#9839=CARTESIAN_POINT('',(2.7739379925395,6.00000000001139,0.239883581651119));
#9840=CARTESIAN_POINT('',(2.62642407577469,6.00000000001139,0.948824881123213));
#9841=CARTESIAN_POINT('',(2.48216805949997,6.00000000001139,1.2889833738279));
#9842=CARTESIAN_POINT('',(2.07270817186844,6.00000000001139,1.89019087453474));
#9843=CARTESIAN_POINT('',(1.80805633990833,6.00000000001139,2.15040620190947));
#9844=CARTESIAN_POINT('',(1.19693411727372,6.00000000001139,2.55091667981487));
#9845=CARTESIAN_POINT('',(0.851293892277321,6.00000000001139,2.69065220194787));
#9846=CARTESIAN_POINT('',(0.130199582173563,6.00000000001139,2.82738034075811));
#9847=CARTESIAN_POINT('',(-0.244272087886667,6.00000000001139,2.82417343037714));
#9848=CARTESIAN_POINT('',(-0.965995482627479,6.00000000001139,2.6738373992483));
#9849=CARTESIAN_POINT('',(-1.31226196239343,6.00000000001139,2.5269002093954));
#9850=CARTESIAN_POINT('',(-1.9241986255234,6.00000000001139,2.10994156334155));
#9851=CARTESIAN_POINT('',(-2.1890309703369,6.00000000001139,1.84047523728296));
#9852=CARTESIAN_POINT('',(-2.59658428365741,6.00000000001139,1.21831921256359));
#9853=CARTESIAN_POINT('',(-2.73874296406915,6.00000000001139,0.866464125294227));
#9854=CARTESIAN_POINT('',(-2.87775541826553,6.00000000001139,0.132480740863297));
#9855=CARTESIAN_POINT('',(-2.87440890774039,6.00000000001139,-0.248660016576919));
#9856=CARTESIAN_POINT('',(-2.72125090976794,6.00000000001139,-0.983165541473239));
#9857=CARTESIAN_POINT('',(-2.57163261336708,6.00000000001139,-1.33554003956228));
#9858=CARTESIAN_POINT('',(-2.14717533017032,6.00000000001139,-1.95820595258695));
#9859=CARTESIAN_POINT('',(-1.87289455930586,6.00000000001139,-2.22765536863129));
#9860=CARTESIAN_POINT('',(-1.23970481002457,6.00000000001139,-2.64225164286649));
#9861=CARTESIAN_POINT('',(-0.881634885106504,6.00000000001139,-2.78683354919207));
#9862=CARTESIAN_POINT('',(-0.134762449637632,6.00000000001139,-2.92813046242919));
#9863=CARTESIAN_POINT('',(0.253047398268029,6.00000000001139,-2.92464442270546));
#9864=CARTESIAN_POINT('',(1.00033508631867,6.00000000001139,-2.76866459762765));
#9865=CARTESIAN_POINT('',(1.35881763232542,6.00000000001139,-2.616365258186));
#9866=CARTESIAN_POINT('',(1.9922128780798,6.00000000001139,-2.18440945277483));
#9867=CARTESIAN_POINT('',(2.26627941630919,6.00000000001139,-1.90531428382596));
#9868=CARTESIAN_POINT('',(2.68791877036642,6.00000000001139,-1.26109088348483));
#9869=CARTESIAN_POINT('',(2.83492396669955,6.00000000001139,-0.896806144274816));
#9870=CARTESIAN_POINT('',(2.97850547513617,6.00000000001139,-0.137044679886513));
#9871=CARTESIAN_POINT('',(2.97487997346948,6.00000000001139,0.25743426138962));
#9872=CARTESIAN_POINT('',(2.81607845378239,6.00000000001139,1.01750414383913));
#9873=CARTESIAN_POINT('',(2.66109813152559,6.00000000001139,1.38209476580789));
#9874=CARTESIAN_POINT('',(2.22164391291346,6.00000000001139,2.02621942281172));
#9875=CARTESIAN_POINT('',(1.9377343902065,6.00000000001139,2.30490313154068));
#9876=CARTESIAN_POINT('',(1.28247740855966,6.00000000001139,2.73358567818532));
#9877=CARTESIAN_POINT('',(0.911977877232921,6.00000000001139,2.88301422532281));
#9878=CARTESIAN_POINT('',(0.139327404949895,6.00000000001139,3.02888045813488));
#9879=CARTESIAN_POINT('',(-0.261820632435138,6.00000000001139,3.02511555834263));
#9880=CARTESIAN_POINT('',(-1.03467273889537,6.00000000001139,2.86349246979137));
#9881=CARTESIAN_POINT('',(-1.40537146342649,6.00000000001139,2.70583122188594));
#9882=CARTESIAN_POINT('',(-2.06022560617913,6.00000000001139,2.25887869357108));
#9883=CARTESIAN_POINT('',(-2.34352653126068,6.00000000001139,1.97015485919693));
#9884=CARTESIAN_POINT('',(-2.77925237753403,6.00000000001139,1.3038643625029));
#9885=CARTESIAN_POINT('',(-2.93110433319697,6.00000000001139,0.927150060130581));
#9886=CARTESIAN_POINT('',(-3.07925541304743,6.00000000001139,0.141610599954587));
#9887=CARTESIAN_POINT('',(-3.07535117573921,6.00000000001139,-0.266206536123362));
#9888=CARTESIAN_POINT('',(-2.91090663776879,6.00000000001139,-1.05184089468551));
#9889=CARTESIAN_POINT('',(-2.75056451852653,6.00000000001139,-1.42864774703275));
#9890=CARTESIAN_POINT('',(-2.29611377885644,6.00000000001139,-2.09423144628344));
#9891=CARTESIAN_POINT('',(-2.00257567282008,6.00000000001139,-2.38214963127343));
#9892=CARTESIAN_POINT('',(-1.32525172406946,6.00000000001139,-2.82491887887337));
#9893=CARTESIAN_POINT('',(-0.942322670691622,6.00000000001139,-2.97919429791167));
#9894=CARTESIAN_POINT('',(-0.143894241666939,6.00000000001139,-3.12963034138029));
#9895=CARTESIAN_POINT('',(0.270591995544731,6.00000000001139,-3.12558682416963));
#9896=CARTESIAN_POINT('',(1.06900863288213,6.00000000001139,-2.95832095033898));
#9897=CARTESIAN_POINT('',(1.45192363704172,6.00000000001139,-2.79529801140325));
#9898=CARTESIAN_POINT('',(2.1282369600369,6.00000000001139,-2.33334915391231));
#9899=CARTESIAN_POINT('',(2.42077244634509,6.00000000001139,-2.03499681426721));
#9900=CARTESIAN_POINT('',(2.87058519197581,6.00000000001139,-1.34663947339515));
#9901=CARTESIAN_POINT('',(3.02728412655523,6.00000000001139,-0.957495688086336));
#9902=CARTESIAN_POINT('',(3.18000524453509,6.00000000001139,-0.146178308359995));
#9903=CARTESIAN_POINT('',(3.1758225022332,6.00000000001139,0.274977032293431));
#9904=CARTESIAN_POINT('',(3.0057354005961,6.00000000001139,1.0861759737548));
#9905=CARTESIAN_POINT('',(2.84003169111413,6.00000000001139,1.47519915254816));
#9906=CARTESIAN_POINT('',(2.37058480483165,6.00000000001139,2.16224216325843));
#9907=CARTESIAN_POINT('',(2.0674182678053,6.00000000001139,2.45939499028718));
#9908=CARTESIAN_POINT('',(1.36802759188574,6.00000000001139,2.91625132598154));
#9909=CARTESIAN_POINT('',(0.97266909281665,6.00000000001139,3.07537382575639));
#9910=CARTESIAN_POINT('',(0.148462779692892,6.00000000001139,3.2303801238165));
#9911=CARTESIAN_POINT('',(-0.279361666586742,6.00000000001139,3.22605820861192));
#9912=CARTESIAN_POINT('',(-1.10334293628229,6.00000000001139,3.05314998206689));
#9913=CARTESIAN_POINT('',(-1.49847431143105,6.00000000001139,2.88476554884811));
#9914=CARTESIAN_POINT('',(-2.19624707076151,6.00000000001139,2.40782071858335));
#9915=CARTESIAN_POINT('',(-2.49801727603386,6.00000000001139,2.09984001869205));
#9916=CARTESIAN_POINT('',(-2.96191728944762,6.00000000001139,1.38941606211702));
#9917=CARTESIAN_POINT('',(-3.12346340171948,6.00000000001139,0.987842866609943));
#9918=CARTESIAN_POINT('',(-3.28075498044192,6.00000000001139,0.150747636602942));
#9919=CARTESIAN_POINT('',(-3.27629394206463,6.00000000001139,-0.283745917372473));
#9920=CARTESIAN_POINT('',(-3.10056468867724,6.00000000001139,-1.12050953825401));
#9921=CARTESIAN_POINT('',(-2.9294995763392,6.00000000001139,-1.52174913044959));
#9922=CARTESIAN_POINT('',(-2.44505688294449,6.00000000001139,-2.23025169643181));
#9923=CARTESIAN_POINT('',(-2.13226205309936,6.00000000001139,-2.53663931570865));
#9924=CARTESIAN_POINT('',(-1.4108048677441,6.00000000001139,-3.00758309039551));
#9925=CARTESIAN_POINT('',(-1.00301699232578,6.00000000001139,-3.17155286025898));
#9926=CARTESIAN_POINT('',(-0.153032861205929,6.00000000001139,-3.3311298155475));
#9927=CARTESIAN_POINT('',(0.288129802427774,6.00000000001139,-3.32652970142082));
#9928=CARTESIAN_POINT('',(1.13767579636084,6.00000000001139,-3.14797951472273));
#9929=CARTESIAN_POINT('',(1.54502362532879,6.00000000001139,-2.97423376582586));
#9930=CARTESIAN_POINT('',(2.26425605329916,6.00000000001139,-2.48229328643808));
#9931=CARTESIAN_POINT('',(2.57526112068779,6.00000000001139,-2.16468435804319));
#9932=CARTESIAN_POINT('',(3.05324873635131,6.00000000001139,-1.43219399341979));
#9933=CARTESIAN_POINT('',(3.21964220682967,6.00000000001139,-1.01819145386842));
#9934=CARTESIAN_POINT('',(3.38150463019475,6.00000000001139,-0.155318436707031));
#9935=CARTESIAN_POINT('',(3.37676548557632,6.00000000001139,0.292513338447708));
#9936=CARTESIAN_POINT('',(3.19539445484016,6.00000000001139,1.15484172627948));
#9937=CARTESIAN_POINT('',(3.01896811001205,6.00000000001139,1.56829781083861));
#9938=CARTESIAN_POINT('',(2.51952991827761,6.00000000001139,2.29826015360247));
#9939=CARTESIAN_POINT('',(2.19710692132041,6.00000000001139,2.61388270165771));
#9940=CARTESIAN_POINT('',(1.45358342471872,6.00000000001139,3.09891423438299));
#9941=CARTESIAN_POINT('',(1.03336623610932,6.00000000001139,3.26773144655313));
#9942=CARTESIAN_POINT('',(0.157604347318401,6.00000000001139,3.43187942537745));
#9943=CARTESIAN_POINT('',(-0.296896541126338,6.00000000001139,3.42700129348861));
#9944=CARTESIAN_POINT('',(-1.17200734274821,6.00000000001139,3.24280950398246));
#9945=CARTESIAN_POINT('',(-1.59157170086494,6.00000000001139,3.06370260203315));
#9946=CARTESIAN_POINT('',(-2.33226400884892,6.00000000001139,2.55676676831583));
#9947=CARTESIAN_POINT('',(-2.6525040686651,6.00000000001139,2.22952973145116));
#9948=CARTESIAN_POINT('',(-3.14457959113575,6.00000000001139,1.47497314806965));
#9949=CARTESIAN_POINT('',(-3.31582058424355,6.00000000001139,1.04854132481472));
#9950=CARTESIAN_POINT('',(-3.4822542020261,6.00000000001139,0.159890578185975));
#9951=CARTESIAN_POINT('',(-3.47723712417288,6.00000000001139,-0.301279425231094));
#9952=CARTESIAN_POINT('',(-3.29022465739576,6.00000000001139,-1.18917265963525));
#9953=CARTESIAN_POINT('',(-3.10843723542597,6.00000000001139,-1.61484530847516));
#9954=CARTESIAN_POINT('',(-2.59400382699685,6.00000000001139,-2.36626762986734));
#9955=CARTESIAN_POINT('',(-2.26195277762528,6.00000000001139,-2.69112523116449));
#9956=CARTESIAN_POINT('',(-1.49636315069336,6.00000000001139,-3.19024481286313));
#9957=CARTESIAN_POINT('',(-1.06371670658124,6.00000000001139,-3.36390962443048));
#9958=CARTESIAN_POINT('',(-0.162177115320132,6.00000000001139,-3.53262896101295));
#9959=CARTESIAN_POINT('',(0.305662004669489,6.00000000001139,-3.5274729766974));
#9960=CARTESIAN_POINT('',(1.20633769000337,6.00000000001139,-3.33763991059876));
#9961=CARTESIAN_POINT('',(1.63811864597696,6.00000000001139,-3.15317200409666));
#9962=CARTESIAN_POINT('',(2.40027102685848,6.00000000001139,-2.63124108531644));
#9963=CARTESIAN_POINT('',(2.72974619806299,6.00000000001139,-2.29437604965525));
#9964=CARTESIAN_POINT('',(3.23590990545348,6.00000000001139,-1.5177534205449));
#9965=CARTESIAN_POINT('',(3.41199857137942,6.00000000001139,-1.07889236877552));
#9966=CARTESIAN_POINT('',(3.58300370315655,6.00000000001139,-0.164463945534635));
#9967=CARTESIAN_POINT('',(3.57770885017956,6.00000000001139,0.310044292551448));
#9968=CARTESIAN_POINT('',(3.38505525936412,6.00000000001139,1.22350244616615));
#9969=CARTESIAN_POINT('',(3.19790673205149,6.00000000001139,1.66139195961431));
#9970=CARTESIAN_POINT('',(2.93319271853893,6.00000000001139,2.04783296720607));
#9971=CARTESIAN_POINT('',(0.248737254658498,5.92145346733225,0.173727362830402));
#9972=CARTESIAN_POINT('',(0.210087283377208,5.92145346733183,0.243618539066317));
#9973=CARTESIAN_POINT('',(0.140602595847613,5.92145346733225,0.300108952422142));
#9974=CARTESIAN_POINT('',(-0.0257816462115982,5.92145346733225,0.346576269826396));
#9975=CARTESIAN_POINT('',(-0.121737235981295,5.92145346733225,0.335873575231826));
#9976=CARTESIAN_POINT('',(-0.282977706028234,5.92145346733225,0.243584271561131));
#9977=CARTESIAN_POINT('',(-0.347050472881447,5.92145346733225,0.162231920215504));
#9978=CARTESIAN_POINT('',(-0.39809481051304,5.92145346733225,-0.029929083978325));
#9979=CARTESIAN_POINT('',(-0.384360498293468,5.92145346733225,-0.139635672903516));
#9980=CARTESIAN_POINT('',(-0.277080685975449,5.92145346733225,-0.322339485454737));
#9981=CARTESIAN_POINT('',(-0.183861247469862,5.92145346733225,-0.393992025609479));
#9982=CARTESIAN_POINT('',(0.0340765246315177,5.92145346733225,-0.449613318930957));
#9983=CARTESIAN_POINT('',(0.15753412694507,5.92145346733225,-0.432847441744319));
#9984=CARTESIAN_POINT('',(0.361701247761908,5.92145346733225,-0.310577080000558));
#9985=CARTESIAN_POINT('',(0.440933600399967,5.92145346733225,-0.205490576603417));
#9986=CARTESIAN_POINT('',(0.501131805286419,5.92145346733225,0.0382239671639084));
#9987=CARTESIAN_POINT('',(0.481334399404545,5.92145346733225,0.175432593008282));
#9988=CARTESIAN_POINT('',(0.344073459816292,5.92145346733225,0.401062998047421));
#9989=CARTESIAN_POINT('',(0.227119907024912,5.92145346733225,0.487875190932241));
#9990=CARTESIAN_POINT('',(-0.0423714109842385,5.92145346733225,0.552650275900094));
#9991=CARTESIAN_POINT('',(-0.193331067833039,5.92145346733225,0.529821367358178));
#9992=CARTESIAN_POINT('',(-0.440424739571389,5.92145346733225,0.377569829338621));
#9993=CARTESIAN_POINT('',(-0.534816793085776,5.92145346733225,0.24874923836571));
#9994=CARTESIAN_POINT('',(-0.604168734892507,5.92145346733225,-0.046518855723871));
#9995=CARTESIAN_POINT('',(-0.578308343004923,5.92145346733225,-0.211229549238448));
#9996=CARTESIAN_POINT('',(-0.411066191167836,5.92145346733225,-0.479786474514704));
#9997=CARTESIAN_POINT('',(-0.270378570384593,5.92145346733225,-0.58175840406075));
#9998=CARTESIAN_POINT('',(0.0506663011415912,5.92145346733225,-0.655687185063483));
#9999=CARTESIAN_POINT('',(0.229128035711101,5.92145346733225,-0.626795324551182));
#10000=CARTESIAN_POINT('',(0.519148204390777,5.92145346733225,-0.444562547097538));
#10001=CARTESIAN_POINT('',(0.628700021888799,5.92145346733225,-0.292007902917421));
#10002=CARTESIAN_POINT('',(0.707205628381383,5.92145346733225,0.0548137470732524));
#10003=CARTESIAN_POINT('',(0.675282310720021,5.92145346733225,0.247026526168036));
#10004=CARTESIAN_POINT('',(0.478058898404659,5.92145346733225,0.558509930282566));
#10005=CARTESIAN_POINT('',(0.313637235848739,5.92145346733225,0.675641645146072));
#10006=CARTESIAN_POINT('',(-0.0589611934034082,5.92145346733225,0.758724066270059));
#10007=CARTESIAN_POINT('',(-0.26492501981408,5.92145346733225,0.723769300577963));
#10008=CARTESIAN_POINT('',(-0.597871652985247,5.92145346733225,0.511555246022678));
#10009=CARTESIAN_POINT('',(-0.722583272777188,5.92145346733225,0.335266569095056));
#10010=CARTESIAN_POINT('',(-0.810242499784891,5.92145346733225,-0.0631086400485571));
#10011=CARTESIAN_POINT('',(-0.77225629342667,5.92145346733225,-0.282823516052283));
#10012=CARTESIAN_POINT('',(-0.545051590649931,5.92145346733225,-0.637233373095769));
#10013=CARTESIAN_POINT('',(-0.356895902594589,5.92145346733225,-0.769524903983507));
#10014=CARTESIAN_POINT('',(0.0672560869469286,5.92145346733225,-0.861760929724522));
#10015=CARTESIAN_POINT('',(0.300722014425776,5.92145346733225,-0.820743288733498));
#10016=CARTESIAN_POINT('',(0.676595091070999,5.92145346733225,-0.578547932819065));
#10017=CARTESIAN_POINT('',(0.816466538149482,5.92145346733225,-0.378525236300627));
#10018=CARTESIAN_POINT('',(0.913279356704495,5.92145346733225,0.0714035340517989));
#10019=CARTESIAN_POINT('',(0.869230286085124,5.92145346733225,0.318620514579087));
#10020=CARTESIAN_POINT('',(0.612044272943398,5.92145346733225,0.715956807266415));
#10021=CARTESIAN_POINT('',(0.400154570177214,5.92145346733225,0.86340817479314));
#10022=CARTESIAN_POINT('',(-0.0755509813272242,5.92145346733225,0.964797781206786));
#10023=CARTESIAN_POINT('',(-0.336519016231403,5.92145346733225,0.917717285155996));
#10024=CARTESIAN_POINT('',(-0.755318521962826,5.92145346733225,0.645540611348484));
#10025=CARTESIAN_POINT('',(-0.910349813531667,5.92145346733225,0.421783904196279));
#10026=CARTESIAN_POINT('',(-1.01631620361421,5.92145346733225,-0.0796984287451207));
#10027=CARTESIAN_POINT('',(-0.966202612199076,5.92145346733225,-0.35441560655582));
#10028=CARTESIAN_POINT('',(-0.750829619385794,5.92145346733225,-0.684615512629303));
#10029=CARTESIAN_POINT('',(-0.656687734181797,5.92145346733225,-0.781056354200927));
#10030=CARTESIAN_POINT('',(-0.437033842947513,5.92145346733225,-0.931246906287645));
#10031=CARTESIAN_POINT('',(-0.311599315371091,5.92145346733225,-0.984926956100428));
#10032=CARTESIAN_POINT('',(-0.0479680466812288,5.92145346733225,-1.0401991221914));
#10033=CARTESIAN_POINT('',(0.0901281021722283,5.92145346733225,-1.04175690807713));
#10034=CARTESIAN_POINT('',(0.358039139313752,5.92145346733225,-0.991229914596005));
#10035=CARTESIAN_POINT('',(0.487746695636953,5.92145346733225,-0.939152188924444));
#10036=CARTESIAN_POINT('',(0.71861127525472,5.92145346733225,-0.788072382531961));
#10037=CARTESIAN_POINT('',(0.819670778377864,5.92145346733225,-0.689118629470012));
#10038=CARTESIAN_POINT('',(0.976907689004511,5.92145346733225,-0.458433139030002));
#10039=CARTESIAN_POINT('',(1.03301279861318,5.92145346733225,-0.326784455348587));
#10040=CARTESIAN_POINT('',(1.0905733408246,5.92145346733225,-0.0502647933049014));
#10041=CARTESIAN_POINT('',(1.09199353528812,5.92145346733225,0.094500517437216));
#10042=CARTESIAN_POINT('',(1.03864855101632,5.92145346733225,0.375194600978476));
#10043=CARTESIAN_POINT('',(0.983891529715459,5.92145346733225,0.511011005572288));
#10044=CARTESIAN_POINT('',(0.825316379216905,5.92145346733225,0.752607181668112));
#10045=CARTESIAN_POINT('',(0.721549524743741,5.92145346733225,0.858285202693568));
#10046=CARTESIAN_POINT('',(0.479832435126985,5.92145346733225,1.0225684715826));
#10047=CARTESIAN_POINT('',(0.341969595261775,5.92145346733225,1.08109864124409));
#10048=CARTESIAN_POINT('',(0.0525615399928739,5.92145346733225,1.14094755933963));
#10049=CARTESIAN_POINT('',(-0.0988729328032527,5.92145346733225,1.14223016258062));
#10050=CARTESIAN_POINT('',(-0.392350062542145,5.92145346733225,1.08606718735512));
#10051=CARTESIAN_POINT('',(-0.534275315627861,5.92145346733225,1.02863087054167));
#10052=CARTESIAN_POINT('',(-0.786603087961268,5.92145346733225,0.862560375866651));
#10053=CARTESIAN_POINT('',(-0.896899627129525,5.92145346733225,0.753980420004278));
#10054=CARTESIAN_POINT('',(-1.06822925404045,5.92145346733225,0.501231731237152));
#10055=CARTESIAN_POINT('',(-1.12918448397745,5.92145346733225,0.357154735118641));
#10056=CARTESIAN_POINT('',(-1.19132177775222,5.92145346733225,0.0548582867371771));
#10057=CARTESIAN_POINT('',(-1.19246678994357,5.92145346733225,-0.103245348257512));
#10058=CARTESIAN_POINT('',(-1.13348582362348,5.92145346733225,-0.409505524017598));
#10059=CARTESIAN_POINT('',(-1.07337021139808,5.92145346733225,-0.557539625788301));
#10060=CARTESIAN_POINT('',(-0.899804372486209,5.92145346733225,-0.820598994149549));
#10061=CARTESIAN_POINT('',(-0.78641131525286,5.92145346733225,-0.93551405167033));
#10062=CARTESIAN_POINT('',(-0.522631027359281,5.92145346733225,-1.11389003639344));
#10063=CARTESIAN_POINT('',(-0.372339874925898,5.92145346733225,-1.17727032680002));
#10064=CARTESIAN_POINT('',(-0.0571550335310815,5.92145346733225,-1.2416959960756));
#10065=CARTESIAN_POINT('',(0.107617763789221,5.92145346733225,-1.24270341736781));
#10066=CARTESIAN_POINT('',(0.426660985415594,5.92145346733225,-1.18090445983054));
#10067=CARTESIAN_POINT('',(0.580803936040748,5.92145346733225,-1.1181095522805));
#10068=CARTESIAN_POINT('',(0.854594900245822,5.92145346733225,-0.937048369079752));
#10069=CARTESIAN_POINT('',(0.974128476303136,5.92145346733225,-0.818842210490507));
#10070=CARTESIAN_POINT('',(1.15955081865444,5.92145346733225,-0.544030323492339));
#10071=CARTESIAN_POINT('',(1.22535616970082,5.92145346733225,-0.387525014689232));
#10072=CARTESIAN_POINT('',(1.29207021432075,5.92145346733225,-0.0594517803689162));
#10073=CARTESIAN_POINT('',(1.29294004484573,5.92145346733225,0.111990179389315));
#10074=CARTESIAN_POINT('',(1.22832309598392,5.92145346733225,0.443816446745214));
#10075=CARTESIAN_POINT('',(1.16284889318556,5.92145346733225,0.604068246374374));
#10076=CARTESIAN_POINT('',(0.974292365650648,5.92145346733225,0.888590806260925));
#10077=CARTESIAN_POINT('',(0.851273105718252,5.92145346733225,1.01274290101703));
#10078=CARTESIAN_POINT('',(0.565429619635306,5.92145346733225,1.20521160083435));
#10079=CARTESIAN_POINT('',(0.402710154413494,5.92145346733225,1.27344201267049));
#10080=CARTESIAN_POINT('',(0.0617485272458245,5.92145346733225,1.34244443249703));
#10081=CARTESIAN_POINT('',(-0.116362595050069,5.92145346733225,1.3431766723709));
#10082=CARTESIAN_POINT('',(-0.460971908014172,5.92145346733225,1.27574173209005));
#10083=CARTESIAN_POINT('',(-0.627332556779941,5.92145346733225,1.20758823411032));
#10084=CARTESIAN_POINT('',(-0.922586712204087,5.92145346733225,1.01153636220184));
#10085=CARTESIAN_POINT('',(-1.0513573258027,5.92145346733225,0.883704000936888));
#10086=CARTESIAN_POINT('',(-1.25087238294248,5.92145346733225,0.586828915787375));
#10087=CARTESIAN_POINT('',(-1.32152785570127,5.92145346733225,0.417895294102837));
#10088=CARTESIAN_POINT('',(-1.39281865061219,5.92145346733225,0.0640452741576415));
#10089=CARTESIAN_POINT('',(-1.39341329993779,5.92145346733225,-0.120735010764896));
#10090=CARTESIAN_POINT('',(-1.32316036815446,5.92145346733225,-0.478127369229041));
#10091=CARTESIAN_POINT('',(-1.25232757505243,5.92145346733225,-0.650596867249625));
#10092=CARTESIAN_POINT('',(-1.0487803587357,5.92145346733225,-0.956582618083116));
#10093=CARTESIAN_POINT('',(-0.91613489614721,5.92145346733225,-1.08997175065244));
#10094=CARTESIAN_POINT('',(-0.608228211947755,5.92145346733225,-1.29653316498655));
#10095=CARTESIAN_POINT('',(-0.433080433760861,5.92145346733225,-1.36961369878643));
#10096=CARTESIAN_POINT('',(-0.066342021100777,5.92145346733225,-1.44319286867298));
#10097=CARTESIAN_POINT('',(0.125107426528133,5.92145346733225,-1.44364992754192));
#10098=CARTESIAN_POINT('',(0.495282830395518,5.92145346733225,-1.37057900418164));
#10099=CARTESIAN_POINT('',(0.673861177776608,5.92145346733225,-1.29706691600988));
#10100=CARTESIAN_POINT('',(0.990578523904861,5.92145346733225,-1.08602435525421));
#10101=CARTESIAN_POINT('',(1.12858617555946,5.92145346733225,-0.948565791349963));
#10102=CARTESIAN_POINT('',(1.34219394697332,5.92145346733225,-0.629627508115724));
#10103=CARTESIAN_POINT('',(1.41769954192015,5.92145346733225,-0.448265573390688));
#10104=CARTESIAN_POINT('',(1.49356708668521,5.92145346733225,-0.0686387680721104));
#10105=CARTESIAN_POINT('',(1.49388655517911,5.92145346733225,0.129479842334852));
#10106=CARTESIAN_POINT('',(1.41799764017575,5.92145346733225,0.512438291518512));
#10107=CARTESIAN_POINT('',(1.34180625698095,5.92145346733225,0.697125488355116));
#10108=CARTESIAN_POINT('',(1.12326835175909,5.92145346733225,1.02457442967508));
#10109=CARTESIAN_POINT('',(0.980996686545668,5.92145346733225,1.16720060051773));
#10110=CARTESIAN_POINT('',(0.651026804290722,5.92145346733225,1.38785472890885));
#10111=CARTESIAN_POINT('',(0.463450712995028,5.92145346733225,1.46578538509755));
#10112=CARTESIAN_POINT('',(0.0709355150689509,5.92145346733225,1.54394130465376));
#10113=CARTESIAN_POINT('',(-0.133852258180812,5.92145346733225,1.54412318284615));
#10114=CARTESIAN_POINT('',(-0.529593752602266,5.92145346733225,1.46541627614001));
#10115=CARTESIAN_POINT('',(-0.720389798980029,5.92145346733225,1.38654559796415));
#10116=CARTESIAN_POINT('',(-1.0585703353989,5.92145346733225,1.16051234825186));
#10117=CARTESIAN_POINT('',(-1.20581502552246,5.92145346733225,1.01342758173492));
#10118=CARTESIAN_POINT('',(-1.43351551079792,5.92145346733225,0.672426100472176));
#10119=CARTESIAN_POINT('',(-1.5138712283142,5.92145346733225,0.478635852576238));
#10120=CARTESIAN_POINT('',(-1.59431552258306,5.92145346733225,0.0732322620889003));
#10121=CARTESIAN_POINT('',(-1.59435981053982,5.92145346733225,-0.138224674062249));
#10122=CARTESIAN_POINT('',(-1.51283491207765,5.92145346733225,-0.546749213650522));
#10123=CARTESIAN_POINT('',(-1.43128493895811,5.92145346733225,-0.74365410964692));
#10124=CARTESIAN_POINT('',(-1.19775634473385,5.92145346733225,-1.09256624108074));
#10125=CARTESIAN_POINT('',(-1.04585847691824,5.92145346733225,-1.244429450569));
#10126=CARTESIAN_POINT('',(-0.693825396659557,5.92145346733225,-1.47917629264519));
#10127=CARTESIAN_POINT('',(-0.493820992136456,5.92145346733225,-1.56195707156634));
#10128=CARTESIAN_POINT('',(-0.0755290091298413,5.92145346733225,-1.64468974047687));
#10129=CARTESIAN_POINT('',(0.14259708997592,5.92145346733225,-1.64459643825771));
#10130=CARTESIAN_POINT('',(0.563904674666565,5.92145346733225,-1.56025354799106));
#10131=CARTESIAN_POINT('',(0.766918420351906,5.92145346733225,-1.47602427996182));
#10132=CARTESIAN_POINT('',(1.12656214672446,5.92145346733225,-1.23500034120612));
#10133=CARTESIAN_POINT('',(1.28304387565346,5.92145346733225,-1.07828937209613));
#10134=CARTESIAN_POINT('',(1.52483707445452,5.92145346733225,-0.71522469285239));
#10135=CARTESIAN_POINT('',(1.61004291485073,5.92145346733225,-0.509006131677484));
#10136=CARTESIAN_POINT('',(1.69506395833844,5.92145346733225,-0.0778257561899724));
#10137=CARTESIAN_POINT('',(1.69483306599752,5.92145346733225,0.146969505918946));
#10138=CARTESIAN_POINT('',(1.60767218388256,5.92145346733225,0.581060135653253));
#10139=CARTESIAN_POINT('',(1.52076362097427,5.92145346733225,0.790182731091579));
#10140=CARTESIAN_POINT('',(1.27224433766962,5.92145346733225,1.16055805233352));
#10141=CARTESIAN_POINT('',(1.11072026726887,5.92145346733225,1.32165830077264));
#10142=CARTESIAN_POINT('',(0.736623989050351,5.92145346733225,1.57049785622914));
#10143=CARTESIAN_POINT('',(0.524191271201021,5.92145346733225,1.65812875816442));
#10144=CARTESIAN_POINT('',(0.0801225032676194,5.92145346733225,1.74543817617069));
#10145=CARTESIAN_POINT('',(-0.151341921888795,5.92145346733225,1.7450696937572));
#10146=CARTESIAN_POINT('',(-0.598215596613119,5.92145346733225,1.65509081975418));
#10147=CARTESIAN_POINT('',(-0.813447041862934,5.92145346733225,1.56550296199459));
#10148=CARTESIAN_POINT('',(-1.19455395791089,5.92145346733225,1.30948833412526));
#10149=CARTESIAN_POINT('',(-1.36027272592332,5.92145346733225,1.1431511624369));
#10150=CARTESIAN_POINT('',(-1.61615863797227,5.92145346733225,0.758023285253028));
#10151=CARTESIAN_POINT('',(-1.7062146015049,5.92145346733225,0.539376410708449));
#10152=CARTESIAN_POINT('',(-1.79581239397616,5.92145346733225,0.0824192503613499));
#10153=CARTESIAN_POINT('',(-1.79530632153498,5.92145346733225,-0.15571433788316));
#10154=CARTESIAN_POINT('',(-1.7025094556077,5.92145346733225,-0.615371057548444));
#10155=CARTESIAN_POINT('',(-1.61024230302226,5.92145346733225,-0.836711352663181));
#10156=CARTESIAN_POINT('',(-1.34673233057356,5.92145346733225,-1.22854986345935));
#10157=CARTESIAN_POINT('',(-1.17558205760061,5.92145346733225,-1.39888715110285));
#10158=CARTESIAN_POINT('',(-0.779422581460015,5.92145346733225,-1.66181941968654));
#10159=CARTESIAN_POINT('',(-0.554561550201098,5.92145346733225,-1.75430044486978));
#10160=CARTESIAN_POINT('',(-0.0847159974698602,5.92145346733225,-1.84618661175723));
#10161=CARTESIAN_POINT('',(0.160086753900068,5.92145346733225,-1.8455429493294));
#10162=CARTESIAN_POINT('',(0.632526518461251,5.92145346733225,-1.74992809144459));
#10163=CARTESIAN_POINT('',(0.859975663490111,5.92145346733225,-1.65498164405638));
#10164=CARTESIAN_POINT('',(1.26254576898115,5.92145346733225,-1.3839763270154));
#10165=CARTESIAN_POINT('',(1.43750157630892,5.92145346733225,-1.20801295276024));
#10166=CARTESIAN_POINT('',(1.70748020137427,5.92145346733225,-0.800821877671116));
#10167=CARTESIAN_POINT('',(1.80238628825716,5.92145346733225,-0.569746689680117));
#10168=CARTESIAN_POINT('',(1.89656082951579,5.92145346733225,-0.0870127445919983));
#10169=CARTESIAN_POINT('',(1.89577957713893,5.92145346733225,0.164459169937734));
#10170=CARTESIAN_POINT('',(1.79734672726636,5.92145346733225,0.6496819793533));
#10171=CARTESIAN_POINT('',(1.69972098509644,5.92145346733225,0.883239974341448));
#10172=CARTESIAN_POINT('',(1.42122032345129,5.92145346733225,1.29654167447855));
#10173=CARTESIAN_POINT('',(1.24044384791613,5.92145346733225,1.47611600153925));
#10174=CARTESIAN_POINT('',(0.822221173885925,5.92145346733225,1.75314098303774));
#10175=CARTESIAN_POINT('',(0.584931829146615,5.92145346733225,1.85047213166511));
#10176=CARTESIAN_POINT('',(0.0893094917266865,5.92145346733225,1.94693504725379));
#10177=CARTESIAN_POINT('',(-0.16883158599449,5.92145346733225,1.94601620496247));
#10178=CARTESIAN_POINT('',(-0.66683744022626,5.92145346733225,1.84476536307412));
#10179=CARTESIAN_POINT('',(-0.906504285215348,5.92145346733225,1.74446032614187));
#10180=CARTESIAN_POINT('',(-1.33053757995338,5.92145346733225,1.45846431988182));
#10181=CARTESIAN_POINT('',(-1.5147304267922,5.92145346733225,1.27287474306836));
#10182=CARTESIAN_POINT('',(-1.79880176467859,5.92145346733225,0.843620470104394));
#10183=CARTESIAN_POINT('',(-1.8985579750921,5.92145346733225,0.600116968601443));
#10184=CARTESIAN_POINT('',(-1.99730926497275,5.92145346733225,0.0916062388730159));
#10185=CARTESIAN_POINT('',(-1.99625283279883,5.92145346733225,-0.173204002068932));
#10186=CARTESIAN_POINT('',(-1.89218399886906,5.92145346733225,-0.683992901081506));
#10187=CARTESIAN_POINT('',(-1.78919966719247,5.92145346733225,-0.929768596110021));
#10188=CARTESIAN_POINT('',(-1.49570831630717,5.92145346733225,-1.36453348540744));
#10189=CARTESIAN_POINT('',(-1.30530563821742,5.92145346733225,-1.55334485206578));
#10190=CARTESIAN_POINT('',(-0.865019766326044,5.92145346733225,-1.84446254629882));
#10191=CARTESIAN_POINT('',(-0.615302108045509,5.92145346733225,-1.94664381853664));
#10192=CARTESIAN_POINT('',(-0.0939029860301087,5.92145346733225,-2.04768348267416));
#10193=CARTESIAN_POINT('',(0.177576418159747,5.92145346733225,-2.04648946064713));
#10194=CARTESIAN_POINT('',(0.701148361920407,5.92145346733225,-1.93960263465207));
#10195=CARTESIAN_POINT('',(0.95303290702409,5.92145346733225,-1.83393900824756));
#10196=CARTESIAN_POINT('',(1.39852939084207,5.92145346733225,-1.53295231272806));
#10197=CARTESIAN_POINT('',(1.59195927735858,5.92145346733225,-1.33773653336332));
#10198=CARTESIAN_POINT('',(1.8901233278998,5.92145346733225,-0.886419062550868));
#10199=CARTESIAN_POINT('',(1.99472966199734,5.92145346733225,-0.63048724747954));
#10200=CARTESIAN_POINT('',(2.09805770035941,5.92145346733225,-0.0961997331972357));
#10201=CARTESIAN_POINT('',(2.09672608850616,5.92145346733225,0.181948834265741));
#10202=CARTESIAN_POINT('',(1.98702127042434,5.92145346733225,0.718303822744129));
#10203=CARTESIAN_POINT('',(1.87867834930693,5.92145346733225,0.97629721795602));
#10204=CARTESIAN_POINT('',(1.57019630914465,5.92145346733225,1.43252529625887));
#10205=CARTESIAN_POINT('',(1.37016742850637,5.92145346733225,1.63057370266931));
#10206=CARTESIAN_POINT('',(0.907818358778516,5.92145346733225,1.93578410948288));
#10207=CARTESIAN_POINT('',(0.645672386904278,5.92145346733225,2.04281550547317));
#10208=CARTESIAN_POINT('',(0.0984964803736845,5.92145346733225,2.14843191802953));
#10209=CARTESIAN_POINT('',(-0.186321250385858,5.92145346733225,2.14696271637543));
#10210=CARTESIAN_POINT('',(-0.735459283553728,5.92145346733225,2.03443990618637));
#10211=CARTESIAN_POINT('',(-0.999561528904543,5.92145346733225,1.9234176903702));
#10212=CARTESIAN_POINT('',(-1.46652120165908,5.92145346733225,1.60744030555734));
#10213=CARTESIAN_POINT('',(-1.66918812799645,5.92145346733225,1.4025983236467));
#10214=CARTESIAN_POINT('',(-1.98144489104955,5.92145346733225,0.929217655008886));
#10215=CARTESIAN_POINT('',(-2.09090134896306,5.92145346733225,0.66085752632031));
#10216=CARTESIAN_POINT('',(-2.19880613568558,5.92145346733225,0.100793227558811));
#10217=CARTESIAN_POINT('',(-2.19719934425435,5.92145346733225,-0.190693666519109));
#10218=CARTESIAN_POINT('',(-2.08185854193876,5.92145346733225,-0.752614744350162));
#10219=CARTESIAN_POINT('',(-1.96815703143699,5.92145346733225,-1.0228258398685));
#10220=CARTESIAN_POINT('',(-1.64468430196652,5.92145346733225,-1.50051710704383));
#10221=CARTESIAN_POINT('',(-1.43502921878446,5.92145346733225,-1.70780255333894));
#10222=CARTESIAN_POINT('',(-0.950616951241834,5.92145346733225,-2.02710567260086));
#10223=CARTESIAN_POINT('',(-0.676042665728239,5.92145346733225,-2.13898719246596));
#10224=CARTESIAN_POINT('',(-0.103089974752039,5.92145346733225,-2.24918035332864));
#10225=CARTESIAN_POINT('',(0.195066082664615,5.92145346733225,-2.24743597214185));
#10226=CARTESIAN_POINT('',(0.769770205134373,5.92145346733225,-2.12927717768257));
#10227=CARTESIAN_POINT('',(1.04609015084685,5.92145346733225,-2.01289637250718));
#10228=CARTESIAN_POINT('',(1.53451301241421,5.92145346733225,-1.68192829837228));
#10229=CARTESIAN_POINT('',(1.74641697869591,5.92145346733225,-1.46746011391984));
#10230=CARTESIAN_POINT('',(2.07276645413768,5.92145346733225,-0.972016247477179));
#10231=CARTESIAN_POINT('',(2.187073035981,5.92145346733225,-0.691227805128595));
#10232=CARTESIAN_POINT('',(2.29955457095956,5.92145346733225,-0.105386721952841));
#10233=CARTESIAN_POINT('',(2.29767260003756,5.92145346733225,0.199438498821577));
#10234=CARTESIAN_POINT('',(2.17669581341815,5.92145346733225,0.786925665907127));
#10235=CARTESIAN_POINT('',(2.05763571358049,5.92145346733225,1.06935446183872));
#10236=CARTESIAN_POINT('',(1.71917229477493,5.92145346733225,1.56850891777107));
#10237=CARTESIAN_POINT('',(1.49989100905297,5.92145346733225,1.78503140406628));
#10238=CARTESIAN_POINT('',(0.99341554371475,5.92145346733225,2.11842723566112));
#10239=CARTESIAN_POINT('',(0.70641294452184,5.92145346733225,2.23515887950725));
#10240=CARTESIAN_POINT('',(0.107683469160784,5.92145346733225,2.34992878857924));
#10241=CARTESIAN_POINT('',(-0.203810914989217,5.92145346733225,2.34790922794076));
#10242=CARTESIAN_POINT('',(-0.804081126669172,5.92145346733225,2.22411444914626));
#10243=CARTESIAN_POINT('',(-1.09261877284327,5.92145346733225,2.10237505465665));
#10244=CARTESIAN_POINT('',(-1.60250482311522,5.92145346733225,1.75641629117474));
#10245=CARTESIAN_POINT('',(-1.82364582944899,5.92145346733225,1.53232190418396));
#10246=CARTESIAN_POINT('',(-2.16408801717219,5.92145346733225,1.01481483995449));
#10247=CARTESIAN_POINT('',(-2.28324472304401,5.92145346733225,0.721598083908418));
#10248=CARTESIAN_POINT('',(-2.40030300618844,5.92145346733225,0.10998021637533));
#10249=CARTESIAN_POINT('',(-2.39814585585128,5.92145346733225,-0.208183331166976));
#10250=CARTESIAN_POINT('',(-2.27153308486703,5.92145346733225,-0.821236587421162));
#10251=CARTESIAN_POINT('',(-2.14711439573558,5.92145346733225,-1.1158830838596));
#10252=CARTESIAN_POINT('',(-1.79366028757175,5.92145346733225,-1.63650072844766));
#10253=CARTESIAN_POINT('',(-1.56475279931294,5.92145346733225,-1.86226025484365));
#10254=CARTESIAN_POINT('',(-1.03621413619618,5.92145346733225,-2.20974879867136));
#10255=CARTESIAN_POINT('',(-0.736783223288813,5.92145346733225,-2.3313305665909));
#10256=CARTESIAN_POINT('',(-0.112276963596125,5.92145346733225,-2.4506772237875));
#10257=CARTESIAN_POINT('',(0.212555747354064,5.92145346733225,-2.44838248376821));
#10258=CARTESIAN_POINT('',(0.838392048163757,5.92145346733225,-2.31895172058142));
#10259=CARTESIAN_POINT('',(1.13914739488694,5.92145346733225,-2.19185373681683));
#10260=CARTESIAN_POINT('',(1.67049663376901,5.92145346733225,-1.83090428396648));
#10261=CARTESIAN_POINT('',(1.90087468024946,5.92145346733225,-1.59718369444001));
#10262=CARTESIAN_POINT('',(2.25540958015933,5.92145346733225,-1.05761343243984));
#10263=CARTESIAN_POINT('',(2.37941641014714,5.92145346733225,-0.751968362663304));
#10264=CARTESIAN_POINT('',(2.5010514413772,5.92145346733225,-0.114573710822825));
#10265=CARTESIAN_POINT('',(2.49861911169173,5.92145346733225,0.216928163550063));
#10266=CARTESIAN_POINT('',(2.3663703562892,5.92145346733225,0.855547508897441));
#10267=CARTESIAN_POINT('',(2.23659307790063,5.92145346733225,1.16241170592466));
#10268=CARTESIAN_POINT('',(1.86814828035865,5.92145346733225,1.70449253907999));
#10269=CARTESIAN_POINT('',(1.62961458956537,5.92145346733225,1.9394891056654));
#10270=CARTESIAN_POINT('',(1.07901272868515,5.92145346733225,2.30107036163722));
#10271=CARTESIAN_POINT('',(0.767153502032218,5.92145346733225,2.42750225371181));
#10272=CARTESIAN_POINT('',(0.116870458055032,5.92145346733225,2.55142565895848));
#10273=CARTESIAN_POINT('',(-0.221300579754372,5.92145346733225,2.54885573962072));
#10274=CARTESIAN_POINT('',(-0.872702969622884,5.92145346733225,2.41378899199151));
#10275=CARTESIAN_POINT('',(-1.18567601697232,5.92145346733225,2.28133241898654));
#10276=CARTESIAN_POINT('',(-1.7384884443811,5.92145346733225,1.90539227674868));
#10277=CARTESIAN_POINT('',(-1.97810353109092,5.92145346733225,1.66204548468906));
#10278=CARTESIAN_POINT('',(-2.34673114310548,5.92145346733225,1.1004120249322));
#10279=CARTESIAN_POINT('',(-2.47558809728499,5.92145346733225,0.782338641396011));
#10280=CARTESIAN_POINT('',(-2.60179987653125,5.92145346733225,0.119167205292432));
#10281=CARTESIAN_POINT('',(-2.59909236755553,5.92145346733225,-0.225672995966483));
#10282=CARTESIAN_POINT('',(-2.461207627688,5.92145346733225,-0.889858430340455));
#10283=CARTESIAN_POINT('',(-2.32607176007447,5.92145346733225,-1.20894032802909));
#10284=CARTESIAN_POINT('',(-1.94263627313673,5.92145346733225,-1.77248434967303));
#10285=CARTESIAN_POINT('',(-1.69447637981092,5.92145346733225,-2.01671795652574));
#10286=CARTESIAN_POINT('',(-1.12181132118106,5.92145346733225,-2.39239192456445));
#10287=CARTESIAN_POINT('',(-0.797523780754827,5.92145346733225,-2.52367394086569));
#10288=CARTESIAN_POINT('',(-0.121463952534808,5.92145346733225,-2.65217409409649));
#10289=CARTESIAN_POINT('',(0.230045412186062,5.92145346733225,-2.64932899549542));
#10290=CARTESIAN_POINT('',(0.907013891050629,5.92145346733225,-2.50862626337941));
#10291=CARTESIAN_POINT('',(1.23220463909449,5.92145346733225,-2.37081110116443));
#10292=CARTESIAN_POINT('',(1.8064802549564,5.92145346733225,-1.9798802695227));
#10293=CARTESIAN_POINT('',(2.0553323819694,5.92145346733225,-1.72690727493147));
#10294=CARTESIAN_POINT('',(2.43805270601462,5.92145346733225,-1.14321061743119));
#10295=CARTESIAN_POINT('',(2.57175978445399,5.92145346733225,-0.812708920108983));
#10296=CARTESIAN_POINT('',(2.70254831165415,5.92145346733225,-0.123760699781772));
#10297=CARTESIAN_POINT('',(2.69956562344012,5.92145346733225,0.234417828412495));
#10298=CARTESIAN_POINT('',(2.55604489906602,5.92145346733225,0.924169351753879));
#10299=CARTESIAN_POINT('',(2.41555044225611,5.92145346733225,1.25546895016809));
#10300=CARTESIAN_POINT('',(2.017124265907,5.92145346733225,1.84047616023149));
#10301=CARTESIAN_POINT('',(1.7593381700505,5.92145346733225,2.09394680742095));
#10302=CARTESIAN_POINT('',(1.16460991368289,5.92145346733225,2.48371348745685));
#10303=CARTESIAN_POINT('',(0.827894059458778,5.92145346733225,2.61984562804875));
#10304=CARTESIAN_POINT('',(0.12605744703317,5.92145346733225,2.75292252920534));
#10305=CARTESIAN_POINT('',(-0.238790244645558,5.92145346733225,2.74980225138967));
#10306=CARTESIAN_POINT('',(-0.941324812450495,5.92145346733225,2.60346353474778));
#10307=CARTESIAN_POINT('',(-1.27873326124943,5.92145346733225,2.46028978334949));
#10308=CARTESIAN_POINT('',(-1.87447206549886,5.92145346733225,2.0543682622896));
#10309=CARTESIAN_POINT('',(-2.13256123288018,5.92145346733225,1.79176906516814));
#10310=CARTESIAN_POINT('',(-2.5293742688914,5.92145346733225,1.18600920993599));
#10311=CARTESIAN_POINT('',(-2.66793147165022,5.92145346733225,0.843079198804403));
#10312=CARTESIAN_POINT('',(-2.80329674674983,5.92145346733225,0.128354194288662));
#10313=CARTESIAN_POINT('',(-2.80003887934315,5.92145346733225,-0.243162660884961));
#10314=CARTESIAN_POINT('',(-2.65088217042559,5.92145346733225,-0.958480273140848));
#10315=CARTESIAN_POINT('',(-2.50502912444451,5.92145346733225,-1.30199757233822));
#10316=CARTESIAN_POINT('',(-2.09161225867051,5.92145346733225,-1.90846797075883));
#10317=CARTESIAN_POINT('',(-1.82419996028443,5.92145346733225,-2.17117565834706));
#10318=CARTESIAN_POINT('',(-1.20740850619036,5.92145346733225,-2.57503505031835));
#10319=CARTESIAN_POINT('',(-0.858264338146098,5.92145346733225,-2.71601731525778));
#10320=CARTESIAN_POINT('',(-0.130650941548162,5.92145346733225,-2.85367096428821));
#10321=CARTESIAN_POINT('',(0.247535077130186,5.92145346733225,-2.85027550730108));
#10322=CARTESIAN_POINT('',(0.975635733825302,5.92145346733225,-2.69830080609897));
#10323=CARTESIAN_POINT('',(1.32526188343374,5.92145346733225,-2.54976846554106));
#10324=CARTESIAN_POINT('',(1.94246387601201,5.92145346733225,-2.12885625504994));
#10325=CARTESIAN_POINT('',(2.20979008382033,5.92145346733225,-1.8566308553996));
#10326=CARTESIAN_POINT('',(2.62069583173887,5.92145346733225,-1.22880780244592));
#10327=CARTESIAN_POINT('',(2.76410315887118,5.92145346733225,-0.873449477484079));
#10328=CARTESIAN_POINT('',(2.90404518182075,5.92145346733225,-0.132947688811376));
#10329=CARTESIAN_POINT('',(2.90051213526283,5.92145346733225,0.251907493380982));
#10330=CARTESIAN_POINT('',(2.74571944176853,5.92145346733225,0.992791194504184));
#10331=CARTESIAN_POINT('',(2.59450780663904,5.92145346733225,1.34852619453593));
#10332=CARTESIAN_POINT('',(2.16610025142789,5.92145346733225,1.97645978125858));
#10333=CARTESIAN_POINT('',(1.88906175051367,5.92145346733225,2.2484045093004));
#10334=CARTESIAN_POINT('',(1.25020709870252,5.92145346733225,2.66635661315262));
#10335=CARTESIAN_POINT('',(0.888634616818474,5.92145346733225,2.81218900249024));
#10336=CARTESIAN_POINT('',(0.135244436078096,5.92145346733225,2.95441939934764));
#10337=CARTESIAN_POINT('',(-0.256279909637133,5.92145346733225,2.95074876322814));
#10338=CARTESIAN_POINT('',(-1.00994665517779,5.92145346733225,2.79313807743451));
#10339=CARTESIAN_POINT('',(-1.37179050564444,5.92145346733225,2.63924714773818));
#10340=CARTESIAN_POINT('',(-2.01045568649878,5.92145346733225,2.20334424780473));
#10341=CARTESIAN_POINT('',(-2.28701893478668,5.92145346733225,1.92149264562637));
#10342=CARTESIAN_POINT('',(-2.71201739456013,5.92145346733225,1.27160639496055));
#10343=CARTESIAN_POINT('',(-2.8602748461142,5.92145346733225,0.903819756149568));
#10344=CARTESIAN_POINT('',(-3.00479361686963,5.92145346733225,0.137541183348198));
#10345=CARTESIAN_POINT('',(-3.00098539119704,5.92145346733225,-0.260652325898393));
#10346=CARTESIAN_POINT('',(-2.84055671309692,5.92145346733225,-1.02710211584621));
#10347=CARTESIAN_POINT('',(-2.68398648883876,5.92145346733225,-1.39505481675883));
#10348=CARTESIAN_POINT('',(-2.24058824418012,5.92145346733225,-2.04445159173309));
#10349=CARTESIAN_POINT('',(-1.95392354073812,5.92145346733225,-2.32563336027883));
#10350=CARTESIAN_POINT('',(-1.29300569121954,5.92145346733225,-2.75767817596176));
#10351=CARTESIAN_POINT('',(-0.91900489547744,5.92145346733225,-2.9083606897433));
#10352=CARTESIAN_POINT('',(-0.139837930621523,5.92145346733225,-3.05516783438647));
#10353=CARTESIAN_POINT('',(0.265024742164374,5.92145346733225,-3.05122201916919));
#10354=CARTESIAN_POINT('',(1.04425757650999,5.92145346733225,-2.88797534875606));
#10355=CARTESIAN_POINT('',(1.41831912787884,5.92145346733225,-2.72872582994049));
#10356=CARTESIAN_POINT('',(2.07844749696185,5.92145346733225,-2.27783224055432));
#10357=CARTESIAN_POINT('',(2.36424778577649,5.92145346733225,-1.98635443584884));
#10358=CARTESIAN_POINT('',(2.80333895735793,5.92145346733225,-1.31440498747948));
#10359=CARTESIAN_POINT('',(2.95644653337689,5.92145346733225,-0.93419003480218));
#10360=CARTESIAN_POINT('',(3.10554205189885,5.92145346733225,-0.142134677897895));
#10361=CARTESIAN_POINT('',(3.10145864714462,5.92145346733225,0.269397158434871));
#10362=CARTESIAN_POINT('',(2.93539398441194,5.92145346733225,1.06141303716917));
#10363=CARTESIAN_POINT('',(2.77346517104345,5.92145346733225,1.44158343900418));
#10364=CARTESIAN_POINT('',(2.31507623692734,5.92145346733225,2.1124434021852));
#10365=CARTESIAN_POINT('',(2.01878533095854,5.92145346733225,2.40286221127934));
#10366=CARTESIAN_POINT('',(1.33580428374052,5.92145346733225,2.84899973874886));
#10367=CARTESIAN_POINT('',(0.94937517412419,5.92145346733225,3.00453237701523));
#10368=CARTESIAN_POINT('',(0.144431425177083,5.92145346733225,3.15591626940645));
#10369=CARTESIAN_POINT('',(-0.273769574709775,5.92145346733225,3.15169527512276));
#10370=CARTESIAN_POINT('',(-1.07856849782394,5.92145346733225,2.98281262006511));
#10371=CARTESIAN_POINT('',(-1.46484775013463,5.92145346733225,2.81820451214746));
#10372=CARTESIAN_POINT('',(-2.14643930740345,5.92145346733225,2.35232023329932));
#10373=CARTESIAN_POINT('',(-2.44147663678742,5.92145346733225,2.05121622606735));
#10374=CARTESIAN_POINT('',(-2.89466052013457,5.92145346733225,1.35720358000244));
#10375=CARTESIAN_POINT('',(-3.05261822065776,5.92145346733225,0.96456031344323));
#10376=CARTESIAN_POINT('',(-3.20629048690987,5.92145346733225,0.146728172459153));
#10377=CARTESIAN_POINT('',(-3.20193190310401,5.92145346733225,-0.278141990988754));
#10378=CARTESIAN_POINT('',(-3.03023125571515,5.92145346733225,-1.09572395847473));
#10379=CARTESIAN_POINT('',(-2.86294385325257,5.92145346733225,-1.48811206126993));
#10380=CARTESIAN_POINT('',(-2.38956422967013,5.92145346733225,-2.18043521261692));
#10381=CARTESIAN_POINT('',(-2.08364712117534,5.92145346733225,-2.48009106230041));
#10382=CARTESIAN_POINT('',(-1.37860287626511,5.92145346733225,-2.94032130151541));
#10383=CARTESIAN_POINT('',(-0.979745452759776,5.92145346733225,-3.10070406430427));
#10384=CARTESIAN_POINT('',(-0.149024919743806,5.92145346733225,-3.25666470440932));
#10385=CARTESIAN_POINT('',(0.282514407271771,5.92145346733225,-3.25216853108786));
#10386=CARTESIAN_POINT('',(1.11287941912138,5.92145346733225,-3.07764989136262));
#10387=CARTESIAN_POINT('',(1.51137637240977,5.92145346733225,-2.90768319435858));
#10388=CARTESIAN_POINT('',(2.21443111782577,5.92145346733225,-2.4268082260401));
#10389=CARTESIAN_POINT('',(2.51870548781761,5.92145346733225,-2.11607801628242));
#10390=CARTESIAN_POINT('',(2.98598208289199,5.92145346733225,-1.40000217252877));
#10391=CARTESIAN_POINT('',(3.1487899079549,5.92145346733225,-0.994930592073694));
#10392=CARTESIAN_POINT('',(3.30703892190463,5.92145346733225,-0.151321667031088));
#10393=CARTESIAN_POINT('',(3.30240515907416,5.92145346733225,0.286886823558548));
#10394=CARTESIAN_POINT('',(3.12506852700762,5.92145346733225,1.13003487976428));
#10395=CARTESIAN_POINT('',(2.95242253546558,5.92145346733225,1.534640683554));
#10396=CARTESIAN_POINT('',(2.46405222240908,5.92145346733225,2.24842702303024));
#10397=CARTESIAN_POINT('',(2.14850891138865,5.92145346733225,2.55731991333956));
#10398=CARTESIAN_POINT('',(1.4214014687932,5.92145346733225,3.03164286426388));
#10399=CARTESIAN_POINT('',(1.01011573138531,5.92145346733225,3.19687575160912));
#10400=CARTESIAN_POINT('',(0.153618414320583,5.92145346733225,3.35741313939636));
#10401=CARTESIAN_POINT('',(-0.291259239848812,5.92145346733225,3.35264178706301));
#10402=CARTESIAN_POINT('',(-1.14719034040378,5.92145346733225,3.17248716265007));
#10403=CARTESIAN_POINT('',(-1.5579049947026,5.92145346733225,2.99716187657321));
#10404=CARTESIAN_POINT('',(-2.28242292823041,5.92145346733225,2.50129621877738));
#10405=CARTESIAN_POINT('',(-2.5959343388658,5.92145346733225,2.18093980649412));
#10406=CARTESIAN_POINT('',(-3.07730364563141,5.92145346733225,1.44280076505847));
#10407=CARTESIAN_POINT('',(-3.24496159526668,5.92145346733225,1.02530087069457));
#10408=CARTESIAN_POINT('',(-3.40778735688475,5.92145346733225,0.155915161612517));
#10409=CARTESIAN_POINT('',(-3.40287841505427,5.92145346733225,-0.295631656142598));
#10410=CARTESIAN_POINT('',(-3.21990579829012,5.92145346733225,-1.16434580103967));
#10411=CARTESIAN_POINT('',(-3.04190121768207,5.92145346733225,-1.58116930585516));
#10412=CARTESIAN_POINT('',(-2.5385402151445,5.92145346733225,-2.31641883342655));
#10413=CARTESIAN_POINT('',(-2.21337070159866,5.92145346733225,-2.63454876439549));
#10414=CARTESIAN_POINT('',(-1.46420006132467,5.92145346733225,-3.12296442699551));
#10415=CARTESIAN_POINT('',(-1.04048601000164,5.92145346733225,-3.29304743892755));
#10416=CARTESIAN_POINT('',(-0.158211908906651,5.92145346733225,-3.45816157436982));
#10417=CARTESIAN_POINT('',(0.300004072439641,5.92145346733225,-3.45311504304806));
#10418=CARTESIAN_POINT('',(1.18150126167239,5.92145346733225,-3.26732443392761));
#10419=CARTESIAN_POINT('',(1.60443361701148,5.92145346733225,-3.08664055879131));
#10420=CARTESIAN_POINT('',(2.350414738619,5.92145346733225,-2.57578421151118));
#10421=CARTESIAN_POINT('',(2.67316318992939,5.92145346733225,-2.24580159670256));
#10422=CARTESIAN_POINT('',(3.16862520835544,5.92145346733225,-1.48559935759143));
#10423=CARTESIAN_POINT('',(3.34113328259213,5.92145346733225,-1.05567114930652));
#10424=CARTESIAN_POINT('',(3.5085357918512,5.92145346733225,-0.160508656202878));
#10425=CARTESIAN_POINT('',(3.50335167104348,5.92145346733225,0.304376488739855));
#10426=CARTESIAN_POINT('',(3.3147430695635,5.92145346733225,1.19865672230185));
#10427=CARTESIAN_POINT('',(3.13137997814111,5.92145346733225,1.62769780069465));
#10428=CARTESIAN_POINT('',(2.87220405388924,5.92145346733225,2.00605428598959));
#10429=CARTESIAN_POINT('',(3.05987818897997,5.92145346733225,1.69916022452407));
#10430=CARTESIAN_POINT('',(3.39020525937865,5.92836285444154,1.10430131519097));
#10431=CARTESIAN_POINT('',(3.6929127459824,5.94093810514478,-0.271100084552023));
#10432=CARTESIAN_POINT('',(2.93198104532549,5.96074992729786,-2.26078645449793));
#10433=CARTESIAN_POINT('',(1.22107854860496,5.98055147549971,-3.49382379172932));
#10434=CARTESIAN_POINT('',(-0.195014204354352,5.99311168487834,-3.56018851799865));
#10435=CARTESIAN_POINT('',(-0.854829122614814,6.,-3.39400459209023));
#10436=CARTESIAN_POINT('',(-6.,-3.3,-3.5));
#10437=CARTESIAN_POINT('',(0.,7.,0.));
#10438=CARTESIAN_POINT('',(0.,5.8,0.));
#10439=CARTESIAN_POINT('',(0.,0.6,0.));
#10440=CARTESIAN_POINT('',(1.35000000001,0.60000000001,0.95000000001));
#10441=CARTESIAN_POINT('',(1.35,0.6,0.95));
#10442=CARTESIAN_POINT('',(1.35,0.6,-0.95));
#10443=CARTESIAN_POINT('',(-0.937867965654036,0.60000000001,0.95000000001));
#10444=CARTESIAN_POINT('',(-0.937867965650703,0.600000000006667,0.95000000001));
#10445=CARTESIAN_POINT('',(-1.35000000001,0.60000000001,0.537867965654036));
#10446=CARTESIAN_POINT('',(-1.35000000001,0.600000000006667,0.537867965650703));
#10447=CARTESIAN_POINT('',(-1.35000000001,0.60000000001,-0.95000000001));
#10448=CARTESIAN_POINT('',(-1.35,0.6,-0.95));
#10449=CARTESIAN_POINT('',(1.35000000001,0.60000000001,-0.95000000001));
#10450=CARTESIAN_POINT('',(1.35,0.6,0.95));
#10451=CARTESIAN_POINT('',(1.35000000001,0.75000000001,0.95000000001));
#10452=CARTESIAN_POINT('',(1.35,0.75,0.95));
#10453=CARTESIAN_POINT('',(1.35,0.75,-0.95));
#10454=CARTESIAN_POINT('',(1.35000000001,0.60000000001,0.95000000001));
#10455=CARTESIAN_POINT('',(1.35000000001,0.60000000001,-0.95000000001));
#10456=CARTESIAN_POINT('',(-1.35,0.6,0.537867965644036));
#10457=CARTESIAN_POINT('',(-1.35000000001,0.75000000001,0.537867965654036));
#10458=CARTESIAN_POINT('',(-1.35000000001,0.750000000006667,0.537867965650703));
#10459=CARTESIAN_POINT('',(-0.937867965650703,0.750000000006667,0.95000000001));
#10460=CARTESIAN_POINT('',(-1.35000000001,0.60000000001,0.537867965654036));
#10461=CARTESIAN_POINT('',(-0.937867965654036,0.60000000001,0.95000000001));
#10462=CARTESIAN_POINT('',(-1.35,0.6,-0.95));
#10463=CARTESIAN_POINT('',(-1.35000000001,0.75000000001,-0.95000000001));
#10464=CARTESIAN_POINT('',(-1.35,0.75,-0.95));
#10465=CARTESIAN_POINT('',(-1.35000000001,0.60000000001,-0.95000000001));
#10466=CARTESIAN_POINT('',(0.,0.75,0.));
#10467=CARTESIAN_POINT('',(1.35000000001,0.75000000001,-0.95000000001));
#10468=CARTESIAN_POINT('',(-0.937867965654036,0.75000000001,0.95000000001));
#10469=CARTESIAN_POINT('',(-0.937867965644036,0.6,0.95));
#10470=CARTESIAN_POINT('',(1.35,0.6,-0.95));
#10471=CARTESIAN_POINT('',(0.,6.15,0.));
#10472=CARTESIAN_POINT('',(0.,0.,0.25));
#10473=CARTESIAN_POINT('',(3.10000000001,-6.90000000001,0.25000000001));
#10474=CARTESIAN_POINT('',(3.10000000001625,-6.90000000000749,0.250000000012502));
#10475=CARTESIAN_POINT('',(2.89999999999749,-6.9000000000075,0.250000000015002));
#10476=CARTESIAN_POINT('',(2.90000000001001,-10.00000000001,0.25000000001));
#10477=CARTESIAN_POINT('',(2.90000000000668,-10.0000000000067,0.250000000006667));
#10478=CARTESIAN_POINT('',(3.10000000001001,-10.00000000001,0.25000000001));
#10479=CARTESIAN_POINT('',(3.10000000000668,-10.0000000000067,0.250000000006667));
#10480=CARTESIAN_POINT('',(3.10000000001001,-10.00000000001,0.25000000001));
#10481=CARTESIAN_POINT('',(0.,-0.65,0.));
#10482=CARTESIAN_POINT('',(0.,-0.65000000001,0.));
#10483=CARTESIAN_POINT('',(0.,-0.65000000001,-0.5));
#10484=CARTESIAN_POINT('',(0.,0.,0.2));
#10485=CARTESIAN_POINT('',(-1.50000000001,0.10000000001,0.20000000001));
#10486=CARTESIAN_POINT('',(-1.50000000000667,0.100000000006667,0.200000000006667));
#10487=CARTESIAN_POINT('',(-2.80000000000333,0.100000000003329,0.200000000006667));
#10488=CARTESIAN_POINT('',(-2.80000000001,-0.20000000001,0.20000000001));
#10489=CARTESIAN_POINT('',(-3.10000000001,-0.200000000003333,0.200000000006667));
#10490=CARTESIAN_POINT('',(-3.10000000001,0.10000000001,0.20000000001));
#10491=CARTESIAN_POINT('',(-3.09999999998866,-5.7000000000075,0.200000000031351));
#10492=CARTESIAN_POINT('',(0.,-5.70000000001,0.20000000001));
#10493=CARTESIAN_POINT('',(-2.90000000000751,-5.7000000000075,0.2000000000075));
#10494=CARTESIAN_POINT('',(-2.90000000001,-0.10000000001,0.20000000001));
#10495=CARTESIAN_POINT('',(-2.90000000001,-0.200000000003333,0.200000000006667));
#10496=CARTESIAN_POINT('',(-2.80000000001,-0.20000000001,0.20000000001));
#10497=CARTESIAN_POINT('',(-2.80000000000333,-0.100000000009996,0.200000000006667));
#10498=CARTESIAN_POINT('',(-1.50000000001,-0.10000000001,0.20000000001));
#10499=CARTESIAN_POINT('',(-1.50000000000667,-0.100000000006667,0.200000000006667));
#10500=CARTESIAN_POINT('',(-1.50000000001,0.10000000001,0.20000000001));
#10501=CARTESIAN_POINT('',(2.9,-5.7,-0.25));
#10502=CARTESIAN_POINT('',(3.05833333333333,-5.9,-0.216666666666667));
#10503=CARTESIAN_POINT('',(3.375,-6.3,-0.15));
#10504=CARTESIAN_POINT('',(3.19166666666667,-6.7,0.116666666666667));
#10505=CARTESIAN_POINT('',(3.1,-6.9,0.25));
#10506=CARTESIAN_POINT('',(3.1,-5.7,-0.25));
#10507=CARTESIAN_POINT('',(3.19166666666667,-5.9,-0.116666666666667));
#10508=CARTESIAN_POINT('',(3.375,-6.3,0.15));
#10509=CARTESIAN_POINT('',(3.05833333333333,-6.7,0.216666666666667));
#10510=CARTESIAN_POINT('',(2.9,-6.9,0.25));
#10511=CARTESIAN_POINT('',(0.,-5.70000000001,-0.25000000001));
#10512=CARTESIAN_POINT('',(3.10000000000376,-5.7000000000075,-0.2500000000075));
#10513=CARTESIAN_POINT('',(2.9,-5.7,-0.25));
#10514=CARTESIAN_POINT('',(3.10000000001,-5.70000000001,-0.25000000001));
#10515=CARTESIAN_POINT('',(3.19166666667667,-5.90000000001,-0.116666666676667));
#10516=CARTESIAN_POINT('',(3.37500000001,-6.30000000001,0.15000000001));
#10517=CARTESIAN_POINT('',(3.05833333334333,-6.70000000001,0.216666666676667));
#10518=CARTESIAN_POINT('',(2.90000000001,-6.90000000001,0.25000000001));
#10519=CARTESIAN_POINT('',(2.90000000001,-5.70000000001,-0.25000000001));
#10520=CARTESIAN_POINT('',(3.05833333334333,-5.90000000001,-0.216666666676667));
#10521=CARTESIAN_POINT('',(3.37500000001,-6.30000000001,-0.15000000001));
#10522=CARTESIAN_POINT('',(3.19166666667667,-6.70000000001,0.116666666676667));
#10523=CARTESIAN_POINT('',(3.10000000001,-6.90000000000999,0.25000000001));
#10524=CARTESIAN_POINT('',(-2.9,-5.7,-0.2));
#10525=CARTESIAN_POINT('',(-2.83333333333333,-5.91,-0.196666666666666));
#10526=CARTESIAN_POINT('',(-2.76657660518054,-6.31939675189557,-0.126957810854272));
#10527=CARTESIAN_POINT('',(-2.83333333333333,-6.71,0.0700000000000002));
#10528=CARTESIAN_POINT('',(-2.9,-6.9,0.2));
#10529=CARTESIAN_POINT('',(-2.9,-5.7,-0.0666666666666667));
#10530=CARTESIAN_POINT('',(-2.82282282282282,-5.91027027027027,-0.0866666666666666));
#10531=CARTESIAN_POINT('',(-2.75646790415183,-6.31912575139703,-0.0624463388426692));
#10532=CARTESIAN_POINT('',(-2.86726726726727,-6.71027027027027,0.0911111111111112));
#10533=CARTESIAN_POINT('',(-2.96666666666667,-6.9,0.2));
#10534=CARTESIAN_POINT('',(-2.9,-5.7,0.0666666666666667));
#10535=CARTESIAN_POINT('',(-2.81231231231231,-5.91054054054054,0.0233333333333333));
#10536=CARTESIAN_POINT('',(-2.74635920312311,-6.3188547508985,0.00206513316893398));
#10537=CARTESIAN_POINT('',(-2.9012012012012,-6.71054054054054,0.112222222222222));
#10538=CARTESIAN_POINT('',(-3.03333333333333,-6.9,0.2));
#10539=CARTESIAN_POINT('',(-2.9,-5.7,0.2));
#10540=CARTESIAN_POINT('',(-2.8018018018018,-5.91081081081081,0.133333333333333));
#10541=CARTESIAN_POINT('',(-2.7362505020944,-6.31858375039996,0.0665766051805372));
#10542=CARTESIAN_POINT('',(-2.93513513513514,-6.71081081081081,0.133333333333333));
#10543=CARTESIAN_POINT('',(-3.1,-6.9,0.2));
#10544=CARTESIAN_POINT('',(-2.90000000001,-5.70000000001,0.20000000001));
#10545=CARTESIAN_POINT('',(-2.90000000000751,-5.7000000000075,-0.2000000000075));
#10546=CARTESIAN_POINT('',(-2.90000000001,-5.70000000001,0.20000000001));
#10547=CARTESIAN_POINT('',(-2.8018018018118,-5.91081081082081,0.133333333343333));
#10548=CARTESIAN_POINT('',(-2.7362505021044,-6.31858375040996,0.0665766051905372));
#10549=CARTESIAN_POINT('',(-2.93513513514514,-6.71081081082081,0.133333333343333));
#10550=CARTESIAN_POINT('',(-3.10000000001,-6.90000000001001,0.20000000001));
#10551=CARTESIAN_POINT('',(-3.10000000000751,-6.9000000000075,0.2000000000075));
#10552=CARTESIAN_POINT('',(-2.90000000001,-6.90000000001,0.20000000001));
#10553=CARTESIAN_POINT('',(-2.90000000001372,-6.9000000000075,0.200000000006285));
#10554=CARTESIAN_POINT('',(-2.90000000001,-5.70000000001,-0.20000000001));
#10555=CARTESIAN_POINT('',(-2.83333333334333,-5.91000000001,-0.196666666676666));
#10556=CARTESIAN_POINT('',(-2.76657660519054,-6.31939675190557,-0.126957810864272));
#10557=CARTESIAN_POINT('',(-2.83333333334333,-6.71000000001,0.0700000000100002));
#10558=CARTESIAN_POINT('',(-2.90000000001,-6.90000000001,0.20000000001));
#10559=CARTESIAN_POINT('',(1.5,0.75,1.1));
#10560=CARTESIAN_POINT('',(1.50000000001,-0.75000000001,1.10000000001));
#10561=CARTESIAN_POINT('',(-1.00000000000667,-0.750000000006667,1.10000000001));
#10562=CARTESIAN_POINT('',(1.3,-0.75,1.1));
#10563=CARTESIAN_POINT('',(1.30000000001,-0.75000000001,1.10000000001));
#10564=CARTESIAN_POINT('',(1.5,-0.35,1.1));
#10565=CARTESIAN_POINT('',(1.50000000001,0.75000000001,1.10000000001));
#10566=CARTESIAN_POINT('',(1.5,0.75,1.1));
#10567=CARTESIAN_POINT('',(1.50000000001,0.75000000001,1.10000000001));
#10568=CARTESIAN_POINT('',(-1.00000000000667,0.750000000006667,1.10000000001));
#10569=CARTESIAN_POINT('',(-1.00000000001,0.75000000001,1.10000000001));
#10570=CARTESIAN_POINT('',(1.5,-0.1,0.2));
#10571=CARTESIAN_POINT('',(-2.80000000001,-0.10000000001,-0.20000000001));
#10572=CARTESIAN_POINT('',(-2.80000000000333,-0.100000000009996,-0.200000000006667));
#10573=CARTESIAN_POINT('',(-1.50000000001,-0.10000000001,-0.20000000001));
#10574=CARTESIAN_POINT('',(-1.50000000000667,-0.100000000006667,-0.200000000006667));
#10575=CARTESIAN_POINT('',(-1.50000000001,-0.10000000001,0.20000000001));
#10576=CARTESIAN_POINT('',(-3.1,-5.7,-0.2));
#10577=CARTESIAN_POINT('',(-3.1981981981982,-5.91081081081081,-0.133333333333333));
#10578=CARTESIAN_POINT('',(-3.2637494979056,-6.31858375039996,-0.0665766051805374));
#10579=CARTESIAN_POINT('',(-3.06486486486487,-6.71081081081081,-0.133333333333333));
#10580=CARTESIAN_POINT('',(-2.9,-6.9,-0.2));
#10581=CARTESIAN_POINT('',(-3.03333333333333,-5.7,-0.2));
#10582=CARTESIAN_POINT('',(-3.07657657657658,-5.91054054054054,-0.154444444444444));
#10583=CARTESIAN_POINT('',(-3.09802520033058,-6.3188547508985,-0.0867036737384491));
#10584=CARTESIAN_POINT('',(-2.98768768768769,-6.71054054054054,-0.0655555555555554));
#10585=CARTESIAN_POINT('',(-2.9,-6.9,-0.0666666666666667));
#10586=CARTESIAN_POINT('',(-2.96666666666667,-5.7,-0.2));
#10587=CARTESIAN_POINT('',(-2.95495495495496,-5.91027027027027,-0.175555555555555));
#10588=CARTESIAN_POINT('',(-2.93230090275556,-6.31912575139703,-0.106830742296361));
#10589=CARTESIAN_POINT('',(-2.91051051051051,-6.71027027027027,0.00222222222222237));
#10590=CARTESIAN_POINT('',(-2.9,-6.9,0.0666666666666667));
#10591=CARTESIAN_POINT('',(-2.9,-5.7,-0.2));
#10592=CARTESIAN_POINT('',(-2.83333333333333,-5.91,-0.196666666666666));
#10593=CARTESIAN_POINT('',(-2.76657660518054,-6.31939675189557,-0.126957810854272));
#10594=CARTESIAN_POINT('',(-2.83333333333333,-6.71,0.0700000000000002));
#10595=CARTESIAN_POINT('',(-2.9,-6.9,0.2));
#10596=CARTESIAN_POINT('',(0.,-5.70000000001,-0.20000000001));
#10597=CARTESIAN_POINT('',(-3.10000000000751,-5.70000000000749,-0.2000000000075));
#10598=CARTESIAN_POINT('',(-2.90000000001,-6.90000000001,-0.20000000001));
#10599=CARTESIAN_POINT('',(-2.90000000000751,-6.9000000000075,-0.2000000000075));
#10600=CARTESIAN_POINT('',(-3.10000000001,-5.70000000000999,-0.20000000001));
#10601=CARTESIAN_POINT('',(-3.1981981982082,-5.91081081082081,-0.133333333343333));
#10602=CARTESIAN_POINT('',(-3.2637494979156,-6.31858375040996,-0.0665766051905374));
#10603=CARTESIAN_POINT('',(-3.06486486487487,-6.71081081082081,-0.133333333343333));
#10604=CARTESIAN_POINT('',(-2.90000000001,-6.90000000001,-0.20000000001));
#10605=CARTESIAN_POINT('',(2.9,-5.7,0.25));
#10606=CARTESIAN_POINT('',(2.80833333333333,-5.9,0.116666666666667));
#10607=CARTESIAN_POINT('',(2.625,-6.3,-0.15));
#10608=CARTESIAN_POINT('',(2.94166666666667,-6.7,-0.216666666666667));
#10609=CARTESIAN_POINT('',(3.1,-6.9,-0.25));
#10610=CARTESIAN_POINT('',(2.9,-5.7,-0.25));
#10611=CARTESIAN_POINT('',(3.05833333333333,-5.9,-0.216666666666667));
#10612=CARTESIAN_POINT('',(3.375,-6.3,-0.15));
#10613=CARTESIAN_POINT('',(3.19166666666667,-6.7,0.116666666666667));
#10614=CARTESIAN_POINT('',(3.1,-6.9,0.25));
#10615=CARTESIAN_POINT('',(2.90000000001,-5.70000000001,0.20000000001));
#10616=CARTESIAN_POINT('',(2.9,-5.7,0.25));
#10617=CARTESIAN_POINT('',(3.10000000001,-6.90000000001,-0.25000000001));
#10618=CARTESIAN_POINT('',(3.1000000000225,-6.9000000000075,-0.250000000015002));
#10619=CARTESIAN_POINT('',(2.90000000001,-5.70000000001,0.25000000001));
#10620=CARTESIAN_POINT('',(2.80833333334333,-5.90000000001,0.116666666676667));
#10621=CARTESIAN_POINT('',(2.62500000001,-6.30000000001,-0.15000000001));
#10622=CARTESIAN_POINT('',(2.94166666667667,-6.70000000001,-0.216666666676667));
#10623=CARTESIAN_POINT('',(3.10000000001,-6.90000000001,-0.25000000001));
#10624=CARTESIAN_POINT('',(0.,0.,-0.25));
#10625=CARTESIAN_POINT('',(1.50000000001,0.10000000001,-0.25000000001));
#10626=CARTESIAN_POINT('',(1.5,0.1,-0.25));
#10627=CARTESIAN_POINT('',(2.8,0.1,-0.25));
#10628=CARTESIAN_POINT('',(2.80000000001,-0.20000000001,-0.25000000001));
#10629=CARTESIAN_POINT('',(3.10000000001,-0.200000000003333,-0.250000000006667));
#10630=CARTESIAN_POINT('',(3.10000000001,0.10000000001,-0.25000000001));
#10631=CARTESIAN_POINT('',(2.90000000001,-5.70000000001,-0.25000000001));
#10632=CARTESIAN_POINT('',(2.9,-0.2,-0.25));
#10633=CARTESIAN_POINT('',(2.80000000001,-0.20000000001,-0.25000000001));
#10634=CARTESIAN_POINT('',(2.8,-0.1,-0.25));
#10635=CARTESIAN_POINT('',(2.90000000001,-0.10000000001,-0.25000000001));
#10636=CARTESIAN_POINT('',(1.5,-0.1,-0.25));
#10637=CARTESIAN_POINT('',(1.50000000001,-0.10000000001,-0.25000000001));
#10638=CARTESIAN_POINT('',(1.5,0.1,0.2));
#10639=CARTESIAN_POINT('',(3.10000000001,0.10000000001,0.25000000001));
#10640=CARTESIAN_POINT('',(2.8,0.1,0.25));
#10641=CARTESIAN_POINT('',(1.5,0.1,0.25));
#10642=CARTESIAN_POINT('',(2.80000000001,0.10000000001,0.20000000001));
#10643=CARTESIAN_POINT('',(1.50000000001,0.10000000001,0.20000000001));
#10644=CARTESIAN_POINT('',(3.1,-5.7,-0.25));
#10645=CARTESIAN_POINT('',(3.19166666666667,-5.9,-0.116666666666667));
#10646=CARTESIAN_POINT('',(3.375,-6.3,0.15));
#10647=CARTESIAN_POINT('',(3.05833333333333,-6.7,0.216666666666667));
#10648=CARTESIAN_POINT('',(2.9,-6.9,0.25));
#10649=CARTESIAN_POINT('',(3.1,-5.7,0.25));
#10650=CARTESIAN_POINT('',(2.94166666666667,-5.9,0.216666666666667));
#10651=CARTESIAN_POINT('',(2.625,-6.3,0.15));
#10652=CARTESIAN_POINT('',(2.80833333333333,-6.7,-0.116666666666667));
#10653=CARTESIAN_POINT('',(2.9,-6.9,-0.25));
#10654=CARTESIAN_POINT('',(3.10000000001,-5.70000000001,0.20000000001));
#10655=CARTESIAN_POINT('',(3.1000000000225,-5.7000000000075,0.250000000015002));
#10656=CARTESIAN_POINT('',(2.90000000001,-6.90000000001,-0.25000000001));
#10657=CARTESIAN_POINT('',(2.80833333334333,-6.70000000001,-0.116666666676667));
#10658=CARTESIAN_POINT('',(2.62500000001,-6.30000000001,0.15000000001));
#10659=CARTESIAN_POINT('',(2.94166666667667,-5.90000000001,0.216666666676667));
#10660=CARTESIAN_POINT('',(3.10000000001,-5.70000000001,0.25000000001));
#10661=CARTESIAN_POINT('',(2.90000000001624,-6.9000000000075,-0.250000000007499));
#10662=CARTESIAN_POINT('',(2.90000000001,-6.90000000001,0.25000000001));
#10663=CARTESIAN_POINT('',(-3.1,0.1,0.2));
#10664=CARTESIAN_POINT('',(-3.10000000001,-6.90000000001,0.20000000001));
#10665=CARTESIAN_POINT('',(-3.10000000001362,-6.9000000000075,-0.200000000013611));
#10666=CARTESIAN_POINT('',(-3.10000000000999,-9.70000000001001,-0.20000000001));
#10667=CARTESIAN_POINT('',(-3.10000000000666,-9.70000000000668,-0.200000000006667));
#10668=CARTESIAN_POINT('',(-3.10000000000999,-9.70000000001001,0.20000000001));
#10669=CARTESIAN_POINT('',(-3.10000000000666,-9.70000000000668,0.200000000006667));
#10670=CARTESIAN_POINT('',(-3.10000000000999,-9.70000000001001,0.20000000001));
#10671=CARTESIAN_POINT('',(-2.9,-0.1,0.2));
#10672=CARTESIAN_POINT('',(-2.90000000000999,-9.70000000001001,0.20000000001));
#10673=CARTESIAN_POINT('',(-2.90000000000666,-9.70000000000668,0.200000000006667));
#10674=CARTESIAN_POINT('',(-2.90000000000999,-9.70000000001001,-0.20000000001));
#10675=CARTESIAN_POINT('',(-2.90000000000666,-9.70000000000667,-0.200000000006667));
#10676=CARTESIAN_POINT('',(-2.90000000000999,-9.70000000001001,-0.20000000001));
#10677=CARTESIAN_POINT('',(4.31862946408458E-14,-10.,0.));
#10678=CARTESIAN_POINT('',(3.10000000001001,-10.00000000001,-0.25000000001));
#10679=CARTESIAN_POINT('',(3.10000000000668,-10.0000000000067,-0.250000000006667));
#10680=CARTESIAN_POINT('',(2.90000000001001,-10.00000000001,0.25000000001));
#10681=CARTESIAN_POINT('',(2.90000000000668,-10.0000000000067,-0.250000000006667));
#10682=CARTESIAN_POINT('',(2.90000000001001,-10.00000000001,-0.25000000001));
#10683=CARTESIAN_POINT('',(3.1,-5.7,0.25));
#10684=CARTESIAN_POINT('',(2.94166666666667,-5.9,0.216666666666667));
#10685=CARTESIAN_POINT('',(2.625,-6.3,0.15));
#10686=CARTESIAN_POINT('',(2.80833333333333,-6.7,-0.116666666666667));
#10687=CARTESIAN_POINT('',(2.9,-6.9,-0.25));
#10688=CARTESIAN_POINT('',(2.9,-5.7,0.25));
#10689=CARTESIAN_POINT('',(2.80833333333333,-5.9,0.116666666666667));
#10690=CARTESIAN_POINT('',(2.625,-6.3,-0.15));
#10691=CARTESIAN_POINT('',(2.94166666666667,-6.7,-0.216666666666667));
#10692=CARTESIAN_POINT('',(3.1,-6.9,-0.25));
#10693=CARTESIAN_POINT('',(0.,-5.70000000001,0.25000000001));
#10694=CARTESIAN_POINT('',(2.90000000001,-6.90000000001,-0.25000000001));
#10695=CARTESIAN_POINT('',(0.,0.,0.25));
#10696=CARTESIAN_POINT('',(3.10000000001,-5.70000000001,0.25000000001));
#10697=CARTESIAN_POINT('',(3.10000000000998,-0.200000000003333,0.250000000006667));
#10698=CARTESIAN_POINT('',(2.80000000001,-0.20000000001,0.25000000001));
#10699=CARTESIAN_POINT('',(1.50000000001,0.10000000001,0.25000000001));
#10700=CARTESIAN_POINT('',(1.5,-0.1,0.25));
#10701=CARTESIAN_POINT('',(1.50000000001,-0.10000000001,0.25000000001));
#10702=CARTESIAN_POINT('',(2.8,-0.1,0.25));
#10703=CARTESIAN_POINT('',(2.80000000001,-0.20000000001,0.25000000001));
#10704=CARTESIAN_POINT('',(2.9,-0.2,0.25));
#10705=CARTESIAN_POINT('',(2.90000000001,-0.10000000001,0.25000000001));
#10706=CARTESIAN_POINT('',(2.8,-0.2,0.2));
#10707=CARTESIAN_POINT('',(3.10000000001,-0.20000000001,0.20000000001));
#10708=CARTESIAN_POINT('',(-3.1,0.1,0.2));
#10709=CARTESIAN_POINT('',(-3.10000000001,-0.20000000001,0.20000000001));
#10710=CARTESIAN_POINT('',(-3.10000000001,-0.200000000003333,-0.200000000006667));
#10711=CARTESIAN_POINT('',(-3.10000000001,0.10000000001,-0.20000000001));
#10712=CARTESIAN_POINT('',(-3.10000000001,-5.70000000001,0.20000000001));
#10713=CARTESIAN_POINT('',(0.,0.,-0.2));
#10714=CARTESIAN_POINT('',(-2.80000000001,-0.20000000001,-0.20000000001));
#10715=CARTESIAN_POINT('',(-2.80000000000333,0.100000000003329,-0.200000000006667));
#10716=CARTESIAN_POINT('',(-1.50000000001,0.10000000001,-0.20000000001));
#10717=CARTESIAN_POINT('',(-1.50000000000667,0.100000000006667,-0.200000000006667));
#10718=CARTESIAN_POINT('',(-1.50000000001,0.10000000001,-0.20000000001));
#10719=CARTESIAN_POINT('',(-2.80000000001,-0.20000000001,-0.20000000001));
#10720=CARTESIAN_POINT('',(-2.90000000001,-0.200000000003333,-0.200000000006667));
#10721=CARTESIAN_POINT('',(-2.90000000001,-0.10000000001,-0.20000000001));
#10722=CARTESIAN_POINT('',(1.5,0.1,0.2));
#10723=CARTESIAN_POINT('',(-2.80000000001,0.10000000001,0.20000000001));
#10724=CARTESIAN_POINT('',(-1.50000000001,0.10000000001,0.20000000001));
#10725=CARTESIAN_POINT('',(0.,0.,0.2));
#10726=CARTESIAN_POINT('',(-2.90000000000999,-9.70000000001001,0.20000000001));
#10727=CARTESIAN_POINT('',(2.9,-0.1,0.2));
#10728=CARTESIAN_POINT('',(2.90000000001001,-10.00000000001,-0.25000000001));
#10729=CARTESIAN_POINT('',(-2.8,-0.2,0.2));
#10730=CARTESIAN_POINT('',(-1.3,-0.75,-1.1));
#10731=CARTESIAN_POINT('',(-1.50000000001,-0.35000000001,-1.10000000001));
#10732=CARTESIAN_POINT('',(-1.5,-0.35,-1.1));
#10733=CARTESIAN_POINT('',(-1.50000000001,-0.349999999999998,0.60000000001));
#10734=CARTESIAN_POINT('',(-1.30000000001,-0.75000000001,-1.10000000001));
#10735=CARTESIAN_POINT('',(-1.3,-0.75,-1.1));
#10736=CARTESIAN_POINT('',(-1.30000000001,-0.75000000001,-1.10000000001));
#10737=CARTESIAN_POINT('',(-1.300000000005,-0.75000000001,0.800000000015002));
#10738=CARTESIAN_POINT('',(-1.70000000001,0.0500000000099997,0.40000000001));
#10739=CARTESIAN_POINT('',(-2.9,-0.1,0.2));
#10740=CARTESIAN_POINT('',(-2.90000000001,-0.20000000001,0.20000000001));
#10741=CARTESIAN_POINT('',(-2.8,-0.2,0.2));
#10742=CARTESIAN_POINT('',(-2.9,-5.7,0.2));
#10743=CARTESIAN_POINT('',(-2.8018018018018,-5.91081081081081,0.133333333333333));
#10744=CARTESIAN_POINT('',(-2.7362505020944,-6.31858375039996,0.0665766051805372));
#10745=CARTESIAN_POINT('',(-2.93513513513514,-6.71081081081081,0.133333333333333));
#10746=CARTESIAN_POINT('',(-3.1,-6.9,0.2));
#10747=CARTESIAN_POINT('',(-2.96666666666667,-5.7,0.2));
#10748=CARTESIAN_POINT('',(-2.92342342342342,-5.91054054054054,0.154444444444444));
#10749=CARTESIAN_POINT('',(-2.90197479966942,-6.3188547508985,0.086703673738449));
#10750=CARTESIAN_POINT('',(-3.01231231231231,-6.71054054054054,0.0655555555555554));
#10751=CARTESIAN_POINT('',(-3.1,-6.9,0.0666666666666667));
#10752=CARTESIAN_POINT('',(-3.03333333333333,-5.7,0.2));
#10753=CARTESIAN_POINT('',(-3.04504504504505,-5.91027027027027,0.175555555555555));
#10754=CARTESIAN_POINT('',(-3.06769909724444,-6.31912575139703,0.106830742296361));
#10755=CARTESIAN_POINT('',(-3.08948948948949,-6.71027027027027,-0.00222222222222238));
#10756=CARTESIAN_POINT('',(-3.1,-6.9,-0.0666666666666667));
#10757=CARTESIAN_POINT('',(-3.1,-5.7,0.2));
#10758=CARTESIAN_POINT('',(-3.16666666666667,-5.91,0.196666666666666));
#10759=CARTESIAN_POINT('',(-3.23342339481946,-6.31939675189557,0.126957810854273));
#10760=CARTESIAN_POINT('',(-3.16666666666667,-6.71,-0.0700000000000001));
#10761=CARTESIAN_POINT('',(-3.1,-6.9,-0.2));
#10762=CARTESIAN_POINT('',(-3.10000000001,-6.90000000001,-0.20000000001));
#10763=CARTESIAN_POINT('',(-3.16666666667667,-6.71000000001,-0.0700000000100001));
#10764=CARTESIAN_POINT('',(-3.23342339482946,-6.31939675190557,0.126957810864273));
#10765=CARTESIAN_POINT('',(-3.16666666667667,-5.91000000001,0.196666666676666));
#10766=CARTESIAN_POINT('',(-3.10000000001,-5.70000000001,0.200000000010001));
#10767=CARTESIAN_POINT('',(2.8,-0.2,0.2));
#10768=CARTESIAN_POINT('',(2.80000000001,-0.10000000001,0.25000000001));
#10769=CARTESIAN_POINT('',(2.90000000001,-0.20000000001,-0.25000000001));
#10770=CARTESIAN_POINT('',(0.,0.,-0.2));
#10771=CARTESIAN_POINT('',(-3.10000000001,-6.90000000001,-0.20000000001));
#10772=CARTESIAN_POINT('',(-3.10000000000999,-9.70000000001001,-0.20000000001));
#10773=CARTESIAN_POINT('',(4.190284483308E-14,-9.7,0.));
#10774=CARTESIAN_POINT('',(0.,0.,-0.25));
#10775=CARTESIAN_POINT('',(3.10000000001001,-10.00000000001,-0.25000000001));
#10776=CARTESIAN_POINT('',(3.1,0.1,0.2));
#10777=CARTESIAN_POINT('',(2.9,-0.1,0.2));
#10778=CARTESIAN_POINT('',(-1.,0.75,1.1));
#10779=CARTESIAN_POINT('',(-1.50000000001,0.75000000001,0.60000000001));
#10780=CARTESIAN_POINT('',(-1.50000000001,0.750000000006667,0.600000000006667));
#10781=CARTESIAN_POINT('',(-1.00000000001,-0.75000000001,1.10000000001));
#10782=CARTESIAN_POINT('',(-1.00000000001,0.75000000001,1.10000000001));
#10783=CARTESIAN_POINT('',(0.,-0.65,0.));
#10784=CARTESIAN_POINT('',(0.,-0.75000000001,0.));
#10785=CARTESIAN_POINT('',(0.,-0.75000000001,-0.5));
#10786=CARTESIAN_POINT('',(1.5,0.75,-1.1));
#10787=CARTESIAN_POINT('',(1.50000000001,-0.10000000001,0.20000000001));
#10788=CARTESIAN_POINT('',(1.50000000001,-0.35000000001,-1.10000000001));
#10789=CARTESIAN_POINT('',(1.5,-0.35,-1.1));
#10790=CARTESIAN_POINT('',(1.50000000001,0.75000000001,-1.10000000001));
#10791=CARTESIAN_POINT('',(1.5,0.75,-1.1));
#10792=CARTESIAN_POINT('',(1.50000000001,0.75000000001,-1.10000000001));
#10793=CARTESIAN_POINT('',(0.,-0.75,0.));
#10794=CARTESIAN_POINT('',(-1.50000000001,-0.75000000001,-1.10000000001));
#10795=CARTESIAN_POINT('',(1.3,-0.75,-1.1));
#10796=CARTESIAN_POINT('',(1.30000000001,-0.75000000001,-1.10000000001));
#10797=CARTESIAN_POINT('',(-1.5,0.75,0.6));
#10798=CARTESIAN_POINT('',(-1.50000000001,0.75000000001,-1.10000000001));
#10799=CARTESIAN_POINT('',(-1.5,0.75,-1.1));
#10800=CARTESIAN_POINT('',(-1.50000000001,0.75000000001,0.60000000001));
#10801=CARTESIAN_POINT('',(3.1,0.1,0.2));
#10802=CARTESIAN_POINT('',(1.3,-0.75,-1.1));
#10803=CARTESIAN_POINT('',(1.30000000001,-0.75000000001,-1.10000000001));
#10804=CARTESIAN_POINT('',(-1.5,0.75,-1.1));
#10805=CARTESIAN_POINT('',(-1.50000000001,0.75000000001,-1.10000000001));
#10806=CARTESIAN_POINT('',(0.,0.75,0.));
#10807=CARTESIAN_POINT('',(1.5,-0.1,0.2));
#10808=CARTESIAN_POINT('',(-3.1,-5.7,0.2));
#10809=CARTESIAN_POINT('',(-3.16666666666667,-5.91,0.196666666666666));
#10810=CARTESIAN_POINT('',(-3.23342339481946,-6.31939675189557,0.126957810854273));
#10811=CARTESIAN_POINT('',(-3.16666666666667,-6.71,-0.0700000000000001));
#10812=CARTESIAN_POINT('',(-3.1,-6.9,-0.2));
#10813=CARTESIAN_POINT('',(-3.1,-5.7,0.0666666666666667));
#10814=CARTESIAN_POINT('',(-3.17717717717718,-5.91027027027027,0.0866666666666666));
#10815=CARTESIAN_POINT('',(-3.24353209584818,-6.31912575139703,0.0624463388426692));
#10816=CARTESIAN_POINT('',(-3.13273273273273,-6.71027027027027,-0.0911111111111112));
#10817=CARTESIAN_POINT('',(-3.03333333333333,-6.9,-0.2));
#10818=CARTESIAN_POINT('',(-3.1,-5.7,-0.0666666666666667));
#10819=CARTESIAN_POINT('',(-3.18768768768769,-5.91054054054054,-0.0233333333333333));
#10820=CARTESIAN_POINT('',(-3.25364079687689,-6.3188547508985,-0.00206513316893407));
#10821=CARTESIAN_POINT('',(-3.0987987987988,-6.71054054054054,-0.112222222222222));
#10822=CARTESIAN_POINT('',(-2.96666666666667,-6.9,-0.2));
#10823=CARTESIAN_POINT('',(-3.1,-5.7,-0.2));
#10824=CARTESIAN_POINT('',(-3.1981981981982,-5.91081081081081,-0.133333333333333));
#10825=CARTESIAN_POINT('',(-3.2637494979056,-6.31858375039996,-0.0665766051805374));
#10826=CARTESIAN_POINT('',(-3.06486486486487,-6.71081081081081,-0.133333333333333));
#10827=CARTESIAN_POINT('',(-2.9,-6.9,-0.2));
#10828=CARTESIAN_POINT('',(0.,6.15,0.));
#10829=(
GEOMETRIC_REPRESENTATION_CONTEXT(3)
GLOBAL_UNCERTAINTY_ASSIGNED_CONTEXT((#10836))
GLOBAL_UNIT_ASSIGNED_CONTEXT((#10845,#10844,#10843))
REPRESENTATION_CONTEXT('D6RLBUF1LFS','TOP_LEVEL_ASSEMBLY_PART')
);
#10830=(
GEOMETRIC_REPRESENTATION_CONTEXT(3)
GLOBAL_UNCERTAINTY_ASSIGNED_CONTEXT((#10837))
GLOBAL_UNIT_ASSIGNED_CONTEXT((#10845,#10844,#10843))
REPRESENTATION_CONTEXT('D6RLBUF1LFS_PART1','COMPONENT_PART')
);
#10831=(
GEOMETRIC_REPRESENTATION_CONTEXT(3)
GLOBAL_UNCERTAINTY_ASSIGNED_CONTEXT((#10838))
GLOBAL_UNIT_ASSIGNED_CONTEXT((#10845,#10844,#10843))
REPRESENTATION_CONTEXT('D6RLBUF1LFS_PART2','COMPONENT_PART')
);
#10832=(
GEOMETRIC_REPRESENTATION_CONTEXT(3)
GLOBAL_UNCERTAINTY_ASSIGNED_CONTEXT((#10839))
GLOBAL_UNIT_ASSIGNED_CONTEXT((#10845,#10844,#10843))
REPRESENTATION_CONTEXT('D6RLBUF1LFS_PART3','COMPONENT_PART')
);
#10833=(
GEOMETRIC_REPRESENTATION_CONTEXT(3)
GLOBAL_UNCERTAINTY_ASSIGNED_CONTEXT((#10840))
GLOBAL_UNIT_ASSIGNED_CONTEXT((#10845,#10844,#10843))
REPRESENTATION_CONTEXT('D6RLBUF1LFS_PART4','COMPONENT_PART')
);
#10834=(
GEOMETRIC_REPRESENTATION_CONTEXT(3)
GLOBAL_UNCERTAINTY_ASSIGNED_CONTEXT((#10841))
GLOBAL_UNIT_ASSIGNED_CONTEXT((#10845,#10844,#10843))
REPRESENTATION_CONTEXT('D6RLBUF1LFS_PART5','COMPONENT_PART')
);
#10835=(
GEOMETRIC_REPRESENTATION_CONTEXT(3)
GLOBAL_UNCERTAINTY_ASSIGNED_CONTEXT((#10842))
GLOBAL_UNIT_ASSIGNED_CONTEXT((#10845,#10844,#10843))
REPRESENTATION_CONTEXT('D6RLBUF1LFS_PART6','COMPONENT_PART')
);
#10836=UNCERTAINTY_MEASURE_WITH_UNIT(LENGTH_MEASURE(1.E-5),#10845,
'DISTANCE_ACCURACY_VALUE','Maximum Tolerance applied to model');
#10837=UNCERTAINTY_MEASURE_WITH_UNIT(LENGTH_MEASURE(1.E-5),#10845,
'DISTANCE_ACCURACY_VALUE','Maximum Tolerance applied to model');
#10838=UNCERTAINTY_MEASURE_WITH_UNIT(LENGTH_MEASURE(1.E-5),#10845,
'DISTANCE_ACCURACY_VALUE','Maximum Tolerance applied to model');
#10839=UNCERTAINTY_MEASURE_WITH_UNIT(LENGTH_MEASURE(1.E-5),#10845,
'DISTANCE_ACCURACY_VALUE','Maximum Tolerance applied to model');
#10840=UNCERTAINTY_MEASURE_WITH_UNIT(LENGTH_MEASURE(1.E-5),#10845,
'DISTANCE_ACCURACY_VALUE','Maximum Tolerance applied to model');
#10841=UNCERTAINTY_MEASURE_WITH_UNIT(LENGTH_MEASURE(1.E-5),#10845,
'DISTANCE_ACCURACY_VALUE','Maximum Tolerance applied to model');
#10842=UNCERTAINTY_MEASURE_WITH_UNIT(LENGTH_MEASURE(1.E-5),#10845,
'DISTANCE_ACCURACY_VALUE','Maximum Tolerance applied to model');
#10843=(
NAMED_UNIT(*)
SI_UNIT($,.STERADIAN.)
SOLID_ANGLE_UNIT()
);
#10844=(
NAMED_UNIT(*)
PLANE_ANGLE_UNIT()
SI_UNIT($,.RADIAN.)
);
#10845=(
LENGTH_UNIT()
NAMED_UNIT(*)
SI_UNIT(.MILLI.,.METRE.)
);
#10846=PRODUCT_DEFINITION_SHAPE('','',#10859);
#10847=PRODUCT_DEFINITION_SHAPE('','',#10860);
#10848=PRODUCT_DEFINITION_SHAPE(' ','NAUO PRDDFN',#34);
#10849=PRODUCT_DEFINITION_SHAPE('','',#10861);
#10850=PRODUCT_DEFINITION_SHAPE(' ','NAUO PRDDFN',#35);
#10851=PRODUCT_DEFINITION_SHAPE('','',#10862);
#10852=PRODUCT_DEFINITION_SHAPE(' ','NAUO PRDDFN',#36);
#10853=PRODUCT_DEFINITION_SHAPE('','',#10863);
#10854=PRODUCT_DEFINITION_SHAPE(' ','NAUO PRDDFN',#37);
#10855=PRODUCT_DEFINITION_SHAPE('','',#10864);
#10856=PRODUCT_DEFINITION_SHAPE(' ','NAUO PRDDFN',#38);
#10857=PRODUCT_DEFINITION_SHAPE('','',#10865);
#10858=PRODUCT_DEFINITION_SHAPE(' ','NAUO PRDDFN',#39);
#10859=PRODUCT_DEFINITION('','',#10873,#10866);
#10860=PRODUCT_DEFINITION('','',#10874,#10867);
#10861=PRODUCT_DEFINITION('','',#10875,#10868);
#10862=PRODUCT_DEFINITION('','',#10876,#10869);
#10863=PRODUCT_DEFINITION('','',#10877,#10870);
#10864=PRODUCT_DEFINITION('','',#10878,#10871);
#10865=PRODUCT_DEFINITION('','',#10879,#10872);
#10866=DESIGN_CONTEXT('',#10909,'design');
#10867=DESIGN_CONTEXT('',#10909,'design');
#10868=DESIGN_CONTEXT('',#10909,'design');
#10869=DESIGN_CONTEXT('',#10909,'design');
#10870=DESIGN_CONTEXT('',#10909,'design');
#10871=DESIGN_CONTEXT('',#10909,'design');
#10872=DESIGN_CONTEXT('',#10909,'design');
#10873=PRODUCT_DEFINITION_FORMATION_WITH_SPECIFIED_SOURCE('','',#10887,
 .NOT_KNOWN.);
#10874=PRODUCT_DEFINITION_FORMATION_WITH_SPECIFIED_SOURCE('','',#10888,
 .NOT_KNOWN.);
#10875=PRODUCT_DEFINITION_FORMATION_WITH_SPECIFIED_SOURCE('','',#10889,
 .NOT_KNOWN.);
#10876=PRODUCT_DEFINITION_FORMATION_WITH_SPECIFIED_SOURCE('','',#10890,
 .NOT_KNOWN.);
#10877=PRODUCT_DEFINITION_FORMATION_WITH_SPECIFIED_SOURCE('','',#10891,
 .NOT_KNOWN.);
#10878=PRODUCT_DEFINITION_FORMATION_WITH_SPECIFIED_SOURCE('','',#10892,
 .NOT_KNOWN.);
#10879=PRODUCT_DEFINITION_FORMATION_WITH_SPECIFIED_SOURCE('','',#10893,
 .NOT_KNOWN.);
#10880=PRODUCT_RELATED_PRODUCT_CATEGORY('','',(#10887));
#10881=PRODUCT_RELATED_PRODUCT_CATEGORY('','',(#10888));
#10882=PRODUCT_RELATED_PRODUCT_CATEGORY('','',(#10889));
#10883=PRODUCT_RELATED_PRODUCT_CATEGORY('','',(#10890));
#10884=PRODUCT_RELATED_PRODUCT_CATEGORY('','',(#10891));
#10885=PRODUCT_RELATED_PRODUCT_CATEGORY('','',(#10892));
#10886=PRODUCT_RELATED_PRODUCT_CATEGORY('','',(#10893));
#10887=PRODUCT('D6RLBUF1LFS','D6RLBUF1LFS','D6RLBUF1LFS',(#10901));
#10888=PRODUCT('D6RLBUF1LFS_PART1','D6RLBUF1LFS_PART1',
'D6RLBUF1LFS_PART1',(#10902));
#10889=PRODUCT('D6RLBUF1LFS_PART2','D6RLBUF1LFS_PART2',
'D6RLBUF1LFS_PART2',(#10903));
#10890=PRODUCT('D6RLBUF1LFS_PART3','D6RLBUF1LFS_PART3',
'D6RLBUF1LFS_PART3',(#10904));
#10891=PRODUCT('D6RLBUF1LFS_PART4','D6RLBUF1LFS_PART4',
'D6RLBUF1LFS_PART4',(#10905));
#10892=PRODUCT('D6RLBUF1LFS_PART5','D6RLBUF1LFS_PART5',
'D6RLBUF1LFS_PART5',(#10906));
#10893=PRODUCT('D6RLBUF1LFS_PART6','D6RLBUF1LFS_PART6',
'D6RLBUF1LFS_PART6',(#10907));
#10894=PRODUCT_CATEGORY('','');
#10895=PRODUCT_CATEGORY('','');
#10896=PRODUCT_CATEGORY('','');
#10897=PRODUCT_CATEGORY('','');
#10898=PRODUCT_CATEGORY('','');
#10899=PRODUCT_CATEGORY('','');
#10900=PRODUCT_CATEGORY('','');
#10901=MECHANICAL_CONTEXT('',#10909,'mechanical');
#10902=MECHANICAL_CONTEXT('',#10909,'mechanical');
#10903=MECHANICAL_CONTEXT('',#10909,'mechanical');
#10904=MECHANICAL_CONTEXT('',#10909,'mechanical');
#10905=MECHANICAL_CONTEXT('',#10909,'mechanical');
#10906=MECHANICAL_CONTEXT('',#10909,'mechanical');
#10907=MECHANICAL_CONTEXT('',#10909,'mechanical');
#10908=APPLICATION_PROTOCOL_DEFINITION('international standard',
'config_control_design',2010,#10909);
#10909=APPLICATION_CONTEXT(
'configuration controlled 3D designs of mechanical parts and assemblie
s');
ENDSEC;
END-ISO-10303-21;
